implementation,instance,repeat,seed,n_original,n_before_reduction,n_reduced,edges,agents,steps,precision,variant,storage,reduction,early_stopping,objective,target,success,preprocess_s,setup_s,solver_s,reconstruction_s,evaluation_s,total_s,wall_s,reduction_ratio,time_per_step_s,edge_updates_per_s,nnz_solver,coupling_bytes,gpu_memory_bytes
dsb-gpu,WK2000_1,0,12345,2000,2000,2000,1999000,512,1600,fp32,auto->bit,dense,0,0,33335,33337,0,0,0.036312056,0.048149601,0.000146081,0.00237425,0.048295682,0.098169243,0,3.00935006e-05,,0,504000,8960448
dsb-gpu,WK2000_1,1,12346,2000,2000,2000,1999000,512,1600,fp32,auto->bit,dense,0,0,33337,33337,1,0,0.036836507,0.048150528,0.000145952,0.002378378,0.04829648,0.098353148,0,3.009408e-05,,0,504000,8960448
dsb-gpu,WK2000_1,2,12347,2000,2000,2000,1999000,512,1600,fp32,auto->bit,dense,0,0,33337,33337,1,0,0.036584217,0.0481506577,0.000144961,0.002384522,0.0482956187,0.097890874,0,3.0094161e-05,,0,504000,8960448
dsb-gpu,WK2000_1,3,12348,2000,2000,2000,1999000,512,1600,fp32,auto->bit,dense,0,0,33296,33337,0,0,0.037035547,0.0481527367,0.000144865,0.002386954,0.0482976017,0.098315708,0,3.00954604e-05,,0,504000,8960448
dsb-gpu,WK2000_1,4,12349,2000,2000,2000,1999000,512,1600,fp32,auto->bit,dense,0,0,33308,33337,0,0,0.036531865,0.0481550407,0.000146369,0.00246545,0.0483014097,0.097870746,0,3.00969005e-05,,0,504000,8960448
dsb-gpu,WK2000_1,5,12350,2000,2000,2000,1999000,512,1600,fp32,auto->bit,dense,0,0,33308,33337,0,0,0.036645882,0.0481499214,0.000143265,0.002368714,0.0482931864,0.097858106,0,3.00937009e-05,,0,504000,8960448
dsb-gpu,WK2000_1,6,12351,2000,2000,2000,1999000,512,1600,fp32,auto->bit,dense,0,0,33337,33337,1,0,0.036669305,0.0481525764,0.000145313,0.002432043,0.0482978894,0.097939867,0,3.00953603e-05,,0,504000,8960448
dsb-gpu,WK2000_1,7,12352,2000,2000,2000,1999000,512,1600,fp32,auto->bit,dense,0,0,33335,33337,0,0,0.03647884,0.0481535378,0.000144993,0.002392778,0.0482985308,0.097730426,0,3.00959611e-05,,0,504000,8960448
dsb-gpu,WK2000_1,8,12353,2000,2000,2000,1999000,512,1600,fp32,auto->bit,dense,0,0,33308,33337,0,0,0.036551385,0.0481521263,0.000149056,0.00239297,0.0483011823,0.09785833,0,3.00950789e-05,,0,504000,8960448
dsb-gpu,WK2000_1,9,12354,2000,2000,2000,1999000,512,1600,fp32,auto->bit,dense,0,0,33311,33337,0,0,0.03656425,0.0481531525,0.000144353,0.00240785,0.0482975055,0.097850554,0,3.00957203e-05,,0,504000,8960448
dsb-gpu,WK2000_1,10,12355,2000,2000,2000,1999000,512,1600,fp32,auto->bit,dense,0,0,33337,33337,1,0,0.036467001,0.0481589127,0.000161281,0.002358985,0.0483201937,0.097876378,0,3.00993204e-05,,0,504000,8960448
dsb-gpu,WK2000_1,11,12356,2000,2000,2000,1999000,512,1600,fp32,auto->bit,dense,0,0,33335,33337,0,0,0.037909407,0.0481523209,0.000143681,0.002352522,0.0482960019,0.099898947,0,3.00952005e-05,,0,504000,8960448
dsb-gpu,WK2000_1,12,12357,2000,2000,2000,1999000,512,1600,fp32,auto->bit,dense,0,0,33337,33337,1,0,0.036851963,0.0481561584,0.000144289,0.00234545,0.0483004474,0.09833142,0,3.0097599e-05,,0,504000,8960448
dsb-gpu,WK2000_1,13,12358,2000,2000,2000,1999000,512,1600,fp32,auto->bit,dense,0,0,33335,33337,0,0,0.036747706,0.0481606712,0.000144001,0.002359786,0.0483046722,0.098084315,0,3.01004195e-05,,0,504000,8960448
dsb-gpu,WK2000_1,14,12359,2000,2000,2000,1999000,512,1600,fp32,auto->bit,dense,0,0,33335,33337,0,0,0.036645593,0.0481566734,0.000144929,0.002361673,0.0483016024,0.097871962,0,3.00979209e-05,,0,504000,8960448
dsb-gpu,WK2000_1,15,12360,2000,2000,2000,1999000,512,1600,fp32,auto->bit,dense,0,0,33337,33337,1,0,0.036635961,0.0481550407,0.000144352,0.002800364,0.0482993927,0.098347932,0,3.00969005e-05,,0,504000,8960448
dsb-gpu,WK2000_1,16,12361,2000,2000,2000,1999000,512,1600,fp32,auto->bit,dense,0,0,33333,33337,0,0,0.036543705,0.0481561928,0.00014496,0.002395914,0.0483011528,0.097962235,0,3.00976205e-05,,0,504000,8960448
dsb-gpu,WK2000_1,17,12362,2000,2000,2000,1999000,512,1600,fp32,auto->bit,dense,0,0,33294,33337,0,0,0.036489209,0.0481545906,0.000144896,0.002412874,0.0482994866,0.097752409,0,3.00966191e-05,,0,504000,8960448
dsb-gpu,WK2000_1,18,12363,2000,2000,2000,1999000,512,1600,fp32,auto->bit,dense,0,0,33308,33337,0,0,0.036592154,0.0481559982,0.000144929,0.002423722,0.0483009272,0.097869786,0,3.00974989e-05,,0,504000,8960448
dsb-gpu,WK2000_1,19,12364,2000,2000,2000,1999000,512,1600,fp32,auto->bit,dense,0,0,33333,33337,0,0,0.036391896,0.048152607,0.000144161,0.00238929,0.048296768,0.097629241,0,3.00953794e-05,,0,504000,8960448
dsb-gpu,WK2000_1,20,12365,2000,2000,2000,1999000,512,1600,fp32,auto->bit,dense,0,0,33304,33337,0,0,0.036681082,0.0481531181,0.000144256,0.002540843,0.0482973741,0.098072443,0,3.00956988e-05,,0,504000,8960448
dsb-gpu,WK2000_1,21,12366,2000,2000,2000,1999000,512,1600,fp32,auto->bit,dense,0,0,33335,33337,0,0,0.036615386,0.0481558723,0.000142625,0.002429546,0.0482984973,0.097909082,0,3.00974202e-05,,0,504000,8960448
dsb-gpu,WK2000_1,22,12367,2000,2000,2000,1999000,512,1600,fp32,auto->bit,dense,0,0,33304,33337,0,0,0.038838179,0.0481645126,0.000148705,0.002364618,0.0483132176,0.100153667,0,3.01028204e-05,,0,504000,8960448
dsb-gpu,WK2000_1,23,12368,2000,2000,2000,1999000,512,1600,fp32,auto->bit,dense,0,0,33308,33337,0,0,0.037103899,0.0481551056,0.000143169,0.002390314,0.0482982746,0.098511452,0,3.0096941e-05,,0,504000,8960448
dsb-gpu,WK2000_1,24,12369,2000,2000,2000,1999000,512,1600,fp32,auto->bit,dense,0,0,33335,33337,0,0,0.037007419,0.0481561279,0.000143649,0.00235921,0.0482997769,0.098467517,0,3.009758e-05,,0,504000,8960448
dsb-gpu,WK2000_1,25,12370,2000,2000,2000,1999000,512,1600,fp32,auto->bit,dense,0,0,33304,33337,0,0,0.036715193,0.0481496315,0.000141825,0.002355945,0.0482914565,0.097926394,0,3.00935197e-05,,0,504000,8960448
dsb-gpu,WK2000_1,26,12371,2000,2000,2000,1999000,512,1600,fp32,auto->bit,dense,0,0,33311,33337,0,0,0.036528953,0.048151329,0.000144225,0.002382314,0.048295554,0.097785498,0,3.00945807e-05,,0,504000,8960448
dsb-gpu,WK2000_1,27,12372,2000,2000,2000,1999000,512,1600,fp32,auto->bit,dense,0,0,33337,33337,1,0,0.036642905,0.0481522255,0.000140897,0.002385962,0.0482931225,0.097893082,0,3.00951409e-05,,0,504000,8960448
dsb-gpu,WK2000_1,28,12373,2000,2000,2000,1999000,512,1600,fp32,auto->bit,dense,0,0,33303,33337,0,0,0.036659225,0.0481505928,0.000142817,0.002339145,0.0482934098,0.097930618,0,3.00941205e-05,,0,504000,8960448
dsb-gpu,WK2000_1,29,12374,2000,2000,2000,1999000,512,1600,fp32,auto->bit,dense,0,0,33337,33337,1,0,0.036878107,0.0481571198,0.00014336,0.002370058,0.0483004798,0.098096475,0,3.00981998e-05,,0,504000,8960448
dsb-gpu,WK2000_1,30,12375,2000,2000,2000,1999000,512,1600,fp32,auto->bit,dense,0,0,33308,33337,0,0,0.036605337,0.0481576004,0.0001568,0.00277918,0.0483144004,0.098393469,0,3.00985003e-05,,0,504000,8960448
dsb-gpu,WK2000_1,31,12376,2000,2000,2000,1999000,512,1600,fp32,auto->bit,dense,0,0,33305,33337,0,0,0.037621086,0.0481542091,0.000142528,0.002378922,0.0482967371,0.099524609,0,3.00963807e-05,,0,504000,8960448
dsb-gpu,WK2000_1,32,12377,2000,2000,2000,1999000,512,1600,fp32,auto->bit,dense,0,0,33308,33337,0,0,0.036487737,0.048154335,0.000143136,0.002363274,0.048297471,0.097731546,0,3.00964594e-05,,0,504000,8960448
dsb-gpu,WK2000_1,33,12378,2000,2000,2000,1999000,512,1600,fp32,auto->bit,dense,0,0,33304,33337,0,0,0.036506745,0.0481524162,0.000145185,0.002395338,0.0482976012,0.097871611,0,3.00952601e-05,,0,504000,8960448
dsb-gpu,WK2000_1,34,12379,2000,2000,2000,1999000,512,1600,fp32,auto->bit,dense,0,0,33337,33337,1,0,0.036733466,0.0481557426,0.000143681,0.002340874,0.0482994236,0.097959259,0,3.00973392e-05,,0,504000,8960448
dsb-gpu,WK2000_1,35,12380,2000,2000,2000,1999000,512,1600,fp32,auto->bit,dense,0,0,33335,33337,0,0,0.036521241,0.0481546898,0.000144544,0.00233633,0.0482992338,0.097740474,0,3.00966811e-05,,0,504000,8960448
dsb-gpu,WK2000_1,36,12381,2000,2000,2000,1999000,512,1600,fp32,auto->bit,dense,0,0,33308,33337,0,0,0.036857754,0.0481537285,0.000140928,0.00235409,0.0482946565,0.098245756,0,3.00960803e-05,,0,504000,8960448
dsb-gpu,WK2000_1,37,12382,2000,2000,2000,1999000,512,1600,fp32,auto->bit,dense,0,0,33304,33337,0,0,0.036597625,0.0481561928,0.000143905,0.002370409,0.0483000978,0.097832378,0,3.00976205e-05,,0,504000,8960448
dsb-gpu,WK2000_1,38,12383,2000,2000,2000,1999000,512,1600,fp32,auto->bit,dense,0,0,33298,33337,0,0,0.036646361,0.0481520653,0.000144768,0.00243441,0.0482968333,0.097952986,0,3.00950408e-05,,0,504000,8960448
dsb-gpu,WK2000_1,39,12384,2000,2000,2000,1999000,512,1600,fp32,auto->bit,dense,0,0,33303,33337,0,0,0.036582297,0.0481584625,0.000145408,0.002363978,0.0483038705,0.097835866,0,3.00990391e-05,,0,504000,8960448
dsb-gpu,WK2000_1,40,12385,2000,2000,2000,1999000,512,1600,fp32,auto->bit,dense,0,0,33304,33337,0,0,0.036600858,0.0481555519,0.000143361,0.002388202,0.0482989129,0.09785257,0,3.00972199e-05,,0,504000,8960448
dsb-gpu,WK2000_1,41,12386,2000,2000,2000,1999000,512,1600,fp32,auto->bit,dense,0,0,33303,33337,0,0,0.036393592,0.048153183,0.000145312,0.002371658,0.048298495,0.097602137,0,3.00957394e-05,,0,504000,8960448
dsb-gpu,WK2000_1,42,12387,2000,2000,2000,1999000,512,1600,fp32,auto->bit,dense,0,0,33308,33337,0,0,0.036626522,0.0481547203,0.000144704,0.002420074,0.0482994243,0.097962522,0,3.00967002e-05,,0,504000,8960448
dsb-gpu,WK2000_1,43,12388,2000,2000,2000,1999000,512,1600,fp32,auto->bit,dense,0,0,33335,33337,0,0,0.036607418,0.0481553612,0.000145217,0.00242033,0.0483005782,0.097908314,0,3.00971007e-05,,0,504000,8960448
dsb-gpu,WK2000_1,44,12389,2000,2000,2000,1999000,512,1600,fp32,auto->bit,dense,0,0,33337,33337,1,0,0.036436057,0.048155201,0.000144193,0.002349994,0.048299394,0.09766121,0,3.00970006e-05,,0,504000,8960448
dsb-gpu,WK2000_1,45,12390,2000,2000,2000,1999000,512,1600,fp32,auto->bit,dense,0,0,33337,33337,1,0,0.036761914,0.0481543694,0.000142305,0.002407466,0.0482966744,0.098025243,0,3.00964808e-05,,0,504000,8960448
dsb-gpu,WK2000_1,46,12391,2000,2000,2000,1999000,512,1600,fp32,auto->bit,dense,0,0,33311,33337,0,0,0.036575641,0.0481544647,0.000144673,0.002335242,0.0482991377,0.097794362,0,3.00965405e-05,,0,504000,8960448
dsb-gpu,WK2000_1,47,12392,2000,2000,2000,1999000,512,1600,fp32,auto->bit,dense,0,0,33304,33337,0,0,0.036525401,0.0481513939,0.000142049,0.002397771,0.0482934429,0.097789498,0,3.00946212e-05,,0,504000,8960448
dsb-gpu,WK2000_1,48,12393,2000,2000,2000,1999000,512,1600,fp32,auto->bit,dense,0,0,33335,33337,0,0,0.036538457,0.0481551666,0.000142753,0.002363754,0.0482979196,0.09775753,0,3.00969791e-05,,0,504000,8960448
dsb-gpu,WK2000_1,49,12394,2000,2000,2000,1999000,512,1600,fp32,auto->bit,dense,0,0,33335,33337,0,0,0.036653146,0.0481527023,0.000143201,0.002855276,0.0482959033,0.099010047,0,3.0095439e-05,,0,504000,8960448
dsb-gpu,WK2000_1,0,12345,2000,2000,2000,1999000,512,1600,fp32,bit,dense,0,0,33335,33337,0,0,0.036372921,0.0481511345,0.000143265,0.002435178,0.0482943995,0.098186939,0,3.00944591e-05,,0,504000,8960448
dsb-gpu,WK2000_1,1,12346,2000,2000,2000,1999000,512,1600,fp32,bit,dense,0,0,33337,33337,1,0,0.036561401,0.0481537285,0.000144449,0.002388074,0.0482981775,0.097984283,0,3.00960803e-05,,0,504000,8960448
dsb-gpu,WK2000_1,2,12347,2000,2000,2000,1999000,512,1600,fp32,bit,dense,0,0,33337,33337,1,0,0.036423064,0.0481561584,0.000142433,0.00235665,0.0482985914,0.097694362,0,3.0097599e-05,,0,504000,8960448
dsb-gpu,WK2000_1,3,12348,2000,2000,2000,1999000,512,1600,fp32,bit,dense,0,0,33296,33337,0,0,0.036473337,0.048156929,0.000145793,0.002422571,0.048302722,0.097803578,0,3.00980806e-05,,0,504000,8960448
dsb-gpu,WK2000_1,4,12349,2000,2000,2000,1999000,512,1600,fp32,bit,dense,0,0,33308,33337,0,0,0.036517049,0.0481571198,0.000145057,0.00238513,0.0483021768,0.097858714,0,3.00981998e-05,,0,504000,8960448
dsb-gpu,WK2000_1,5,12350,2000,2000,2000,1999000,512,1600,fp32,bit,dense,0,0,33308,33337,0,0,0.036684762,0.0481534729,0.000145057,0.002380714,0.0482985299,0.098012027,0,3.00959206e-05,,0,504000,8960448
dsb-gpu,WK2000_1,6,12351,2000,2000,2000,1999000,512,1600,fp32,bit,dense,0,0,33337,33337,1,0,0.036411257,0.0481529617,0.000144129,0.002355786,0.0482970907,0.097730298,0,3.00956011e-05,,0,504000,8960448
dsb-gpu,WK2000_1,7,12352,2000,2000,2000,1999000,512,1600,fp32,bit,dense,0,0,33335,33337,0,0,0.036669145,0.0481546555,0.000144736,0.00236049,0.0482993915,0.097932218,0,3.00966597e-05,,0,504000,8960448
dsb-gpu,WK2000_1,8,12353,2000,2000,2000,1999000,512,1600,fp32,bit,dense,0,0,33308,33337,0,0,0.036786234,0.048152607,0.000141505,0.002375113,0.048294112,0.098247483,0,3.00953794e-05,,0,504000,8960448
dsb-gpu,WK2000_1,9,12354,2000,2000,2000,1999000,512,1600,fp32,bit,dense,0,0,33311,33337,0,0,0.036549594,0.0481581116,0.000146945,0.002416458,0.0483050566,0.09785801,0,3.00988197e-05,,0,504000,8960448
dsb-gpu,WK2000_1,10,12355,2000,2000,2000,1999000,512,1600,fp32,bit,dense,0,0,33337,33337,1,0,0.036563609,0.0481632004,0.000143905,0.002418795,0.0483071054,0.097985403,0,3.01020002e-05,,0,504000,8960448
dsb-gpu,WK2000_1,11,12356,2000,2000,2000,1999000,512,1600,fp32,bit,dense,0,0,33335,33337,0,0,0.038362881,0.0481885109,0.0001512,0.002345834,0.0483397109,0.100965287,0,3.01178193e-05,,0,504000,8960448
dsb-gpu,WK2000_1,12,12357,2000,2000,2000,1999000,512,1600,fp32,bit,dense,0,0,33337,33337,1,0,0.036448985,0.0481840324,0.00014672,0.002364682,0.0483307524,0.097790938,0,3.01150203e-05,,0,504000,8960448
dsb-gpu,WK2000_1,13,12358,2000,2000,2000,1999000,512,1600,fp32,bit,dense,0,0,33335,33337,0,0,0.036534841,0.0481855049,0.000149313,0.002355081,0.0483348179,0.09785817,0,3.01159406e-05,,0,504000,8960448
dsb-gpu,WK2000_1,14,12359,2000,2000,2000,1999000,512,1600,fp32,bit,dense,0,0,33335,33337,0,0,0.036507513,0.0481817932,0.000144513,0.002400427,0.0483263062,0.097804474,0,3.01136208e-05,,0,504000,8960448
dsb-gpu,WK2000_1,15,12360,2000,2000,2000,1999000,512,1600,fp32,bit,dense,0,0,33337,33337,1,0,0.036578778,0.0481809273,0.000145185,0.002368394,0.0483261123,0.097862362,0,3.01130795e-05,,0,504000,8960448
dsb-gpu,WK2000_1,16,12361,2000,2000,2000,1999000,512,1600,fp32,bit,dense,0,0,33333,33337,0,0,0.037241468,0.0481856308,0.000146144,0.002873516,0.0483317748,0.099061311,0,3.01160192e-05,,0,504000,8960448
dsb-gpu,WK2000_1,17,12362,2000,2000,2000,1999000,512,1600,fp32,bit,dense,0,0,33294,33337,0,0,0.036467032,0.0481838417,0.000144545,0.002395818,0.0483283867,0.098160635,0,3.01149011e-05,,0,504000,8960448
dsb-gpu,WK2000_1,18,12363,2000,2000,2000,1999000,512,1600,fp32,bit,dense,0,0,33308,33337,0,0,0.036344664,0.0481873932,0.000145473,0.002391594,0.0483328662,0.097717562,0,3.01171207e-05,,0,504000,8960448
dsb-gpu,WK2000_1,19,12364,2000,2000,2000,1999000,512,1600,fp32,bit,dense,0,0,33333,33337,0,0,0.036886491,0.0481785583,0.000142272,0.00239857,0.0483208303,0.098384284,0,3.0111599e-05,,0,504000,8960448
dsb-gpu,WK2000_1,20,12365,2000,2000,2000,1999000,512,1600,fp32,bit,dense,0,0,33304,33337,0,0,0.036856603,0.0481908493,0.000143105,0.002386442,0.0483339543,0.098336828,0,3.01192808e-05,,0,504000,8960448
dsb-gpu,WK2000_1,21,12366,2000,2000,2000,1999000,512,1600,fp32,bit,dense,0,0,33335,33337,0,0,0.036492921,0.0481868172,0.000142208,0.002382122,0.0483290252,0.09796985,0,3.01167607e-05,,0,504000,8960448
dsb-gpu,WK2000_1,22,12367,2000,2000,2000,1999000,512,1600,fp32,bit,dense,0,0,33304,33337,0,0,0.037088252,0.048184288,0.000158721,0.002355114,0.048343009,0.098620286,0,3.011518e-05,,0,504000,8960448
dsb-gpu,WK2000_1,23,12368,2000,2000,2000,1999000,512,1600,fp32,bit,dense,0,0,33308,33337,0,0,0.037773598,0.0481844482,0.000145729,0.002373546,0.0483301772,0.099829442,0,3.01152802e-05,,0,504000,8960448
dsb-gpu,WK2000_1,24,12369,2000,2000,2000,1999000,512,1600,fp32,bit,dense,0,0,33335,33337,0,0,0.03677081,0.0481858864,0.000148609,0.002354762,0.0483344954,0.098105179,0,3.0116179e-05,,0,504000,8960448
dsb-gpu,WK2000_1,25,12370,2000,2000,2000,1999000,512,1600,fp32,bit,dense,0,0,33304,33337,0,0,0.036570713,0.0481835823,0.000146048,0.002384874,0.0483296303,0.097904762,0,3.01147389e-05,,0,504000,8960448
dsb-gpu,WK2000_1,26,12371,2000,2000,2000,1999000,512,1600,fp32,bit,dense,0,0,33311,33337,0,0,0.036920699,0.0481890259,0.000145792,0.002378538,0.0483348179,0.0982263,0,3.01181412e-05,,0,504000,8960448
dsb-gpu,WK2000_1,27,12372,2000,2000,2000,1999000,512,1600,fp32,bit,dense,0,0,33337,33337,1,0,0.036912187,0.0481830406,0.000143233,0.002362346,0.0483262736,0.098371005,0,3.01144004e-05,,0,504000,8960448
dsb-gpu,WK2000_1,28,12373,2000,2000,2000,1999000,512,1600,fp32,bit,dense,0,0,33303,33337,0,0,0.036807194,0.0481854706,0.000143265,0.00238465,0.0483287356,0.098283676,0,3.01159191e-05,,0,504000,8960448
dsb-gpu,WK2000_1,29,12374,2000,2000,2000,1999000,512,1600,fp32,bit,dense,0,0,33337,33337,1,0,0.036996027,0.0481791344,0.000145153,0.002379658,0.0483242874,0.098482717,0,3.0111959e-05,,0,504000,8960448
dsb-gpu,WK2000_1,30,12375,2000,2000,2000,1999000,512,1600,fp32,bit,dense,0,0,33308,33337,0,0,0.036502137,0.0481839371,0.000145664,0.00237249,0.0483296011,0.097803386,0,3.01149607e-05,,0,504000,8960448
dsb-gpu,WK2000_1,31,12376,2000,2000,2000,1999000,512,1600,fp32,bit,dense,0,0,33305,33337,0,0,0.037374652,0.048183712,0.000149857,0.002768588,0.048333569,0.099231744,0,3.011482e-05,,0,504000,8960448
dsb-gpu,WK2000_1,32,12377,2000,2000,2000,1999000,512,1600,fp32,bit,dense,0,0,33308,33337,0,0,0.037698078,0.0481799355,0.000143041,0.00240657,0.0483229765,0.099911171,0,3.01124597e-05,,0,504000,8960448
dsb-gpu,WK2000_1,33,12378,2000,2000,2000,1999000,512,1600,fp32,bit,dense,0,0,33304,33337,0,0,0.03675209,0.0481828804,0.000144224,0.002368394,0.0483271044,0.098054459,0,3.01143003e-05,,0,504000,8960448
dsb-gpu,WK2000_1,34,12379,2000,2000,2000,1999000,512,1600,fp32,bit,dense,0,0,33337,33337,1,0,0.037044316,0.0481835213,0.000145825,0.002373194,0.0483293463,0.09860707,0,3.01147008e-05,,0,504000,8960448
dsb-gpu,WK2000_1,35,12380,2000,2000,2000,1999000,512,1600,fp32,bit,dense,0,0,33335,33337,0,0,0.03701238,0.0481829109,0.000143488,0.002382698,0.0483263989,0.098443484,0,3.01143193e-05,,0,504000,8960448
dsb-gpu,WK2000_1,36,12381,2000,2000,2000,1999000,512,1600,fp32,bit,dense,0,0,33308,33337,0,0,0.036950107,0.0481827507,0.000142913,0.002379082,0.0483256637,0.098295227,0,3.01142192e-05,,0,504000,8960448
dsb-gpu,WK2000_1,37,12382,2000,2000,2000,1999000,512,1600,fp32,bit,dense,0,0,33304,33337,0,0,0.036656634,0.048184288,0.000144384,0.002395882,0.048328672,0.09798409,0,3.011518e-05,,0,504000,8960448
dsb-gpu,WK2000_1,38,12383,2000,2000,2000,1999000,512,1600,fp32,bit,dense,0,0,33298,33337,0,0,0.036729626,0.0481839981,0.000146817,0.002357002,0.0483308151,0.09802825,0,3.01149988e-05,,0,504000,8960448
dsb-gpu,WK2000_1,39,12384,2000,2000,2000,1999000,512,1600,fp32,bit,dense,0,0,33303,33337,0,0,0.036559994,0.0481818237,0.000142561,0.002383178,0.0483243847,0.09788361,0,3.01136398e-05,,0,504000,8960448
dsb-gpu,WK2000_1,40,12385,2000,2000,2000,1999000,512,1600,fp32,bit,dense,0,0,33304,33337,0,0,0.036633689,0.0481830063,0.000144609,0.002377641,0.0483276153,0.09796329,0,3.01143789e-05,,0,504000,8960448
dsb-gpu,WK2000_1,41,12386,2000,2000,2000,1999000,512,1600,fp32,bit,dense,0,0,33303,33337,0,0,0.036640122,0.0481799355,0.000144576,0.002383114,0.0483245115,0.09790777,0,3.01124597e-05,,0,504000,8960448
dsb-gpu,WK2000_1,42,12387,2000,2000,2000,1999000,512,1600,fp32,bit,dense,0,0,33308,33337,0,0,0.03658265,0.0481870079,0.000145729,0.002392938,0.0483327369,0.097985467,0,3.01168799e-05,,0,504000,8960448
dsb-gpu,WK2000_1,43,12388,2000,2000,2000,1999000,512,1600,fp32,bit,dense,0,0,33335,33337,0,0,0.03681657,0.0481854706,0.000144064,0.002349258,0.0483295346,0.098079131,0,3.01159191e-05,,0,504000,8960448
dsb-gpu,WK2000_1,44,12389,2000,2000,2000,1999000,512,1600,fp32,bit,dense,0,0,33337,33337,1,0,0.036573625,0.0481836472,0.000144865,0.002368682,0.0483285122,0.097894427,0,3.01147795e-05,,0,504000,8960448
dsb-gpu,WK2000_1,45,12390,2000,2000,2000,1999000,512,1600,fp32,bit,dense,0,0,33337,33337,1,0,0.036736186,0.0481820488,0.000142753,0.002352969,0.0483248018,0.097983706,0,3.01137805e-05,,0,504000,8960448
dsb-gpu,WK2000_1,46,12391,2000,2000,2000,1999000,512,1600,fp32,bit,dense,0,0,33311,33337,0,0,0.037013788,0.0481841583,0.000144097,0.002418922,0.0483282553,0.098527357,0,3.0115099e-05,,0,504000,8960448
dsb-gpu,WK2000_1,47,12392,2000,2000,2000,1999000,512,1600,fp32,bit,dense,0,0,33304,33337,0,0,0.037034107,0.0481840324,0.000143264,0.00234305,0.0483272964,0.098347324,0,3.01150203e-05,,0,504000,8960448
dsb-gpu,WK2000_1,48,12393,2000,2000,2000,1999000,512,1600,fp32,bit,dense,0,0,33335,33337,0,0,0.03680393,0.048181633,0.000142145,0.002378506,0.048323778,0.098133883,0,3.01135206e-05,,0,504000,8960448
dsb-gpu,WK2000_1,49,12394,2000,2000,2000,1999000,512,1600,fp32,bit,dense,0,0,33335,33337,0,0,0.037190524,0.0481841927,0.00014576,0.00235473,0.0483299527,0.098582301,0,3.01151204e-05,,0,504000,8960448
dsb-gpu,WK2000_1,0,12345,2000,2000,2000,1999000,512,1600,fp32,csr-row,csr,0,0,33335,33337,0,0,0.013170552,2.1011416,0.001266693,0.002944717,2.10240829,2.12287168,0,0.0013132135,7.79376696e+11,3998000,31992004,42242500
dsb-gpu,WK2000_1,1,12346,2000,2000,2000,1999000,512,1600,fp32,csr-row,csr,0,0,33304,33337,0,0,0.012721909,2.07394702,0.001263558,0.00286478,2.07521058,2.09508603,0,0.00129621689,7.89596254e+11,3998000,31992004,42242500
dsb-gpu,WK2000_1,2,12347,2000,2000,2000,1999000,512,1600,fp32,csr-row,csr,0,0,33335,33337,0,0,0.01270239,2.07911182,0.001259109,0.002721356,2.08037093,2.09975824,0,0.00129944489,7.87634791e+11,3998000,31992004,42242500
dsb-gpu,WK2000_1,3,12348,2000,2000,2000,1999000,512,1600,fp32,csr-row,csr,0,0,33303,33337,0,0,0.012678389,2.09577246,0.001247109,0.002416938,2.09701957,2.11601901,0,0.00130985779,7.81373375e+11,3998000,31992004,42242500
dsb-gpu,WK2000_1,4,12349,2000,2000,2000,1999000,512,1600,fp32,csr-row,csr,0,0,33337,33337,1,0,0.012304052,2.0768457,0.001255718,0.002813484,2.07810142,2.09633749,0,0.00129802856,7.88494204e+11,3998000,31992004,42242500
dsb-gpu,WK2000_1,5,12350,2000,2000,2000,1999000,512,1600,fp32,csr-row,csr,0,0,33330,33337,0,0,0.012635029,2.07478857,0.00125319,0.002351146,2.07604176,2.09482494,0,0.00129674286,7.89275987e+11,3998000,31992004,42242500
dsb-gpu,WK2000_1,6,12351,2000,2000,2000,1999000,512,1600,fp32,csr-row,csr,0,0,33337,33337,1,0,0.012271379,2.08185034,0.001260773,0.002752524,2.08311111,2.10127815,0,0.00130115646,7.86598713e+11,3998000,31992004,42242500
dsb-gpu,WK2000_1,7,12352,2000,2000,2000,1999000,512,1600,fp32,csr-row,csr,0,0,33293,33337,0,0,0.012545717,2.07341553,0.001254853,0.002360937,2.07467038,2.09336304,0,0.0012958847,7.89798658e+11,3998000,31992004,42242500
dsb-gpu,WK2000_1,8,12353,2000,2000,2000,1999000,512,1600,fp32,csr-row,csr,0,0,33336,33337,0,0,0.01229426,2.07711353,0.001259077,0.002753196,2.0783726,2.09655387,0,0.00129819595,7.88392536e+11,3998000,31992004,42242500
dsb-gpu,WK2000_1,9,12354,2000,2000,2000,1999000,512,1600,fp32,csr-row,csr,0,0,33304,33337,0,0,0.012653077,2.09996045,0.001249253,0.002377674,2.1012097,2.11997356,0,0.00131247528,7.79815068e+11,3998000,31992004,42242500
dsb-gpu,WK2000_1,10,12355,2000,2000,2000,1999000,512,1600,fp32,csr-row,csr,0,0,33300,33337,0,0,0.012280979,2.07925977,0.001247813,0.002368362,2.08050758,2.09823222,0,0.00129953735,7.87578747e+11,3998000,31992004,42242500
dsb-gpu,WK2000_1,11,12356,2000,2000,2000,1999000,512,1600,fp32,csr-row,csr,0,0,33301,33337,0,0,0.012248531,2.07631592,0.001245413,0.002381098,2.07756133,2.09525889,0,0.00129769745,7.88695394e+11,3998000,31992004,42242500
dsb-gpu,WK2000_1,12,12357,2000,2000,2000,1999000,512,1600,fp32,csr-row,csr,0,0,33303,33337,0,0,0.012206323,2.07849951,0.001254182,0.002354474,2.07975369,2.09742783,0,0.00129906219,7.8786682e+11,3998000,31992004,42242500
dsb-gpu,WK2000_1,13,12358,2000,2000,2000,1999000,512,1600,fp32,csr-row,csr,0,0,33308,33337,0,0,0.012583797,2.07999731,0.001241157,0.002348202,2.08123847,2.09957657,0,0.00129999832,7.87299478e+11,3998000,31992004,42242500
dsb-gpu,WK2000_1,14,12359,2000,2000,2000,1999000,512,1600,fp32,csr-row,csr,0,0,33336,33337,0,0,0.012225651,2.10063037,0.001248933,0.002364394,2.1018793,2.11954584,0,0.00131289398,7.79566373e+11,3998000,31992004,42242500
dsb-gpu,WK2000_1,15,12360,2000,2000,2000,1999000,512,1600,fp32,csr-row,csr,0,0,33304,33337,0,0,0.012241779,2.07885425,0.001251334,0.002365866,2.08010558,2.09779494,0,0.00129928391,7.87732378e+11,3998000,31992004,42242500
dsb-gpu,WK2000_1,16,12361,2000,2000,2000,1999000,512,1600,fp32,csr-row,csr,0,0,33302,33337,0,0,0.012238484,2.09496997,0.001246181,0.002353033,2.09621615,2.11389084,0,0.00130935623,7.81672684e+11,3998000,31992004,42242500
dsb-gpu,WK2000_1,17,12362,2000,2000,2000,1999000,512,1600,fp32,csr-row,csr,0,0,33333,33337,0,0,0.012274932,2.07207373,0.00124743,0.002367946,2.07332116,2.09105558,0,0.00129504608,7.90310101e+11,3998000,31992004,42242500
dsb-gpu,WK2000_1,18,12363,2000,2000,2000,1999000,512,1600,fp32,csr-row,csr,0,0,33333,33337,0,0,0.012281939,2.08083862,0.001250117,0.002329706,2.08208874,2.09979392,0,0.00130052414,7.86981163e+11,3998000,31992004,42242500
dsb-gpu,WK2000_1,19,12364,2000,2000,2000,1999000,512,1600,fp32,csr-row,csr,0,0,33335,33337,0,0,0.012272915,2.083177,0.001247941,0.002331626,2.08442494,2.10213822,0,0.00130198563,7.86097772e+11,3998000,31992004,42242500
dsb-gpu,WK2000_1,20,12365,2000,2000,2000,1999000,512,1600,fp32,csr-row,csr,0,0,33337,33337,1,0,0.012252628,2.07832104,0.001248582,0.002324329,2.07956963,2.09726984,0,0.00129895065,7.87934474e+11,3998000,31992004,42242500
dsb-gpu,WK2000_1,21,12366,2000,2000,2000,1999000,512,1600,fp32,csr-row,csr,0,0,33335,33337,0,0,0.01221698,2.08282471,0.001243653,0.002313354,2.08406836,2.10170842,0,0.00130176544,7.86230735e+11,3998000,31992004,42242500
dsb-gpu,WK2000_1,22,12367,2000,2000,2000,1999000,512,1600,fp32,csr-row,csr,0,0,33304,33337,0,0,0.012288756,2.07912964,0.001253893,0.002375242,2.08038353,2.09816146,0,0.00129945602,7.87628039e+11,3998000,31992004,42242500
dsb-gpu,WK2000_1,23,12368,2000,2000,2000,1999000,512,1600,fp32,csr-row,csr,0,0,33337,33337,1,0,0.012293012,2.09980664,0.001246438,0.002362282,2.10105308,2.11885368,0,0.00131237915,7.79872188e+11,3998000,31992004,42242500
dsb-gpu,WK2000_1,24,12369,2000,2000,2000,1999000,512,1600,fp32,csr-row,csr,0,0,33337,33337,1,0,0.012205139,2.07221826,0.001253797,0.002319241,2.07347206,2.09114233,0,0.00129513641,7.9025498e+11,3998000,31992004,42242500
dsb-gpu,WK2000_1,25,12370,2000,2000,2000,1999000,512,1600,fp32,csr-row,csr,0,0,33337,33337,1,0,0.012450516,2.07799561,0.001240933,0.002306506,2.07923654,2.09729593,0,0.00129874725,7.88057874e+11,3998000,31992004,42242500
dsb-gpu,WK2000_1,26,12371,2000,2000,2000,1999000,512,1600,fp32,csr-row,csr,0,0,33337,33337,1,0,0.012213971,2.10032812,0.001242789,0.002317834,2.10157091,2.1192437,0,0.00131270508,7.79678556e+11,3998000,31992004,42242500
dsb-gpu,WK2000_1,27,12372,2000,2000,2000,1999000,512,1600,fp32,csr-row,csr,0,0,33335,33337,0,0,0.012251475,2.07953784,0.001245093,0.002338953,2.08078293,2.09852739,0,0.00129971115,7.87473431e+11,3998000,31992004,42242500
dsb-gpu,WK2000_1,28,12373,2000,2000,2000,1999000,512,1600,fp32,csr-row,csr,0,0,33308,33337,0,0,0.012235411,2.08083667,0.001244229,0.002367818,2.0820809,2.09997302,0,0.00130052292,7.86981902e+11,3998000,31992004,42242500
dsb-gpu,WK2000_1,29,12374,2000,2000,2000,1999000,512,1600,fp32,csr-row,csr,0,0,33308,33337,0,0,0.012215219,2.08110474,0.001240485,0.002328906,2.08234522,2.10004016,0,0.00130069046,7.86880531e+11,3998000,31992004,42242500
dsb-gpu,WK2000_1,30,12375,2000,2000,2000,1999000,512,1600,fp32,csr-row,csr,0,0,33293,33337,0,0,0.012263251,2.07290601,0.001248069,0.002390474,2.07415407,2.0919295,0,0.00129556625,7.8999279e+11,3998000,31992004,42242500
dsb-gpu,WK2000_1,31,12376,2000,2000,2000,1999000,512,1600,fp32,csr-row,csr,0,0,33337,33337,1,0,0.012210291,2.07416406,0.001243397,0.002369578,2.07540746,2.09313821,0,0.00129635254,7.89513631e+11,3998000,31992004,42242500
dsb-gpu,WK2000_1,32,12377,2000,2000,2000,1999000,512,1600,fp32,csr-row,csr,0,0,33335,33337,0,0,0.012194836,2.07704297,0.001252069,0.002353258,2.07829504,2.09599058,0,0.00129815186,7.88419318e+11,3998000,31992004,42242500
dsb-gpu,WK2000_1,33,12378,2000,2000,2000,1999000,512,1600,fp32,csr-row,csr,0,0,33335,33337,0,0,0.012290612,2.08252832,0.001249509,0.002319338,2.08377783,2.10154417,0,0.0013015802,7.86342632e+11,3998000,31992004,42242500
dsb-gpu,WK2000_1,34,12379,2000,2000,2000,1999000,512,1600,fp32,csr-row,csr,0,0,33308,33337,0,0,0.012269748,2.10042871,0.001242629,0.002372905,2.10167134,2.11948287,0,0.00131276794,7.79641219e+11,3998000,31992004,42242500
dsb-gpu,WK2000_1,35,12380,2000,2000,2000,1999000,512,1600,fp32,csr-row,csr,0,0,33302,33337,0,0,0.012271539,2.07189331,0.001243269,0.002338122,2.07313658,2.09091228,0,0.00129493332,7.90378921e+11,3998000,31992004,42242500
dsb-gpu,WK2000_1,36,12381,2000,2000,2000,1999000,512,1600,fp32,csr-row,csr,0,0,33311,33337,0,0,0.012225299,2.07161865,0.001242661,0.002376393,2.07286131,2.09064441,0,0.00129476166,7.90483711e+11,3998000,31992004,42242500
dsb-gpu,WK2000_1,37,12382,2000,2000,2000,1999000,512,1600,fp32,csr-row,csr,0,0,33304,33337,0,0,0.012373684,2.06728467,0.001250629,0.002379018,2.0685353,2.08647245,0,0.00129205292,7.9214093e+11,3998000,31992004,42242500
dsb-gpu,WK2000_1,38,12383,2000,2000,2000,1999000,512,1600,fp32,csr-row,csr,0,0,33337,33337,1,0,0.012239571,2.07977661,0.001245637,0.00237409,2.08102225,2.09881567,0,0.00129986038,7.87383025e+11,3998000,31992004,42242500
dsb-gpu,WK2000_1,39,12384,2000,2000,2000,1999000,512,1600,fp32,csr-row,csr,0,0,33308,33337,0,0,0.012216019,2.08003906,0.001241125,0.002361194,2.08128019,2.09905279,0,0.00130002441,7.87283676e+11,3998000,31992004,42242500
dsb-gpu,WK2000_1,40,12385,2000,2000,2000,1999000,512,1600,fp32,csr-row,csr,0,0,33302,33337,0,0,0.012219603,2.10000659,0.001245541,0.002332202,2.10125213,2.11899262,0,0.00131250412,7.79797933e+11,3998000,31992004,42242500
dsb-gpu,WK2000_1,41,12386,2000,2000,2000,1999000,512,1600,fp32,csr-row,csr,0,0,33337,33337,1,0,0.012207315,2.07597412,0.00124647,0.002779084,2.07722059,2.09539598,0,0.00129748383,7.88825248e+11,3998000,31992004,42242500
dsb-gpu,WK2000_1,42,12387,2000,2000,2000,1999000,512,1600,fp32,csr-row,csr,0,0,33296,33337,0,0,0.012282483,2.0721897,0.001237318,0.002388202,2.07342702,2.09130415,0,0.00129511856,7.90265873e+11,3998000,31992004,42242500
dsb-gpu,WK2000_1,43,12388,2000,2000,2000,1999000,512,1600,fp32,csr-row,csr,0,0,33308,33337,0,0,0.012266932,2.07396533,0.001247717,0.002415082,2.07521305,2.09310877,0,0.00129622833,7.89589283e+11,3998000,31992004,42242500
dsb-gpu,WK2000_1,44,12389,2000,2000,2000,1999000,512,1600,fp32,csr-row,csr,0,0,33335,33337,0,0,0.012237811,2.07980811,0.001246277,0.002424619,2.08105438,2.09892963,0,0.00129988007,7.87371102e+11,3998000,31992004,42242500
dsb-gpu,WK2000_1,45,12390,2000,2000,2000,1999000,512,1600,fp32,csr-row,csr,0,0,33298,33337,0,0,0.012210579,2.07964258,0.001249382,0.002394218,2.08089196,2.09871356,0,0.00129977661,7.87433772e+11,3998000,31992004,42242500
dsb-gpu,WK2000_1,46,12391,2000,2000,2000,1999000,512,1600,fp32,csr-row,csr,0,0,33308,33337,0,0,0.012235796,2.0789209,0.001243333,0.002390538,2.08016423,2.09799839,0,0.00129932556,7.87707123e+11,3998000,31992004,42242500
dsb-gpu,WK2000_1,47,12392,2000,2000,2000,1999000,512,1600,fp32,csr-row,csr,0,0,33302,33337,0,0,0.012188403,2.0768999,0.001239942,0.002378058,2.07813984,2.0959395,0,0.00129806244,7.88473628e+11,3998000,31992004,42242500
dsb-gpu,WK2000_1,48,12393,2000,2000,2000,1999000,512,1600,fp32,csr-row,csr,0,0,33308,33337,0,0,0.012252531,2.10226001,0.00124007,0.002396266,2.10350008,2.12139078,0,0.00131391251,7.78962066e+11,3998000,31992004,42242500
dsb-gpu,WK2000_1,49,12394,2000,2000,2000,1999000,512,1600,fp32,csr-row,csr,0,0,33333,33337,0,0,0.012395892,2.09734253,0.001245893,0.002397482,2.09858842,2.1166017,0,0.00131083908,7.80788439e+11,3998000,31992004,42242500
dsb-gpu,WK2000_1,0,12345,2000,2000,2000,1999000,512,1600,fp32,csr-block,csr,0,0,33335,33337,0,0,0.012334995,20.4365527,0.001264966,0.003039213,20.4378177,20.4577357,0,0.0127728455,8.01299917e+10,3998000,31992004,41218500
dsb-gpu,WK2000_1,1,12346,2000,2000,2000,1999000,512,1600,fp32,csr-block,csr,0,0,33304,33337,0,0,0.012587989,20.4409121,0.001261605,0.002973197,20.4421737,20.4622811,0,0.0127755701,8.01129026e+10,3998000,31992004,41218500
dsb-gpu,WK2000_1,2,12347,2000,2000,2000,1999000,512,1600,fp32,csr-block,csr,0,0,33335,33337,0,0,0.012489749,20.4011953,0.001261733,0.00298734,20.402457,20.4224001,0,0.0127507471,8.02688654e+10,3998000,31992004,41218500
dsb-gpu,WK2000_1,3,12348,2000,2000,2000,1999000,512,1600,fp32,csr-block,csr,0,0,33303,33337,0,0,0.012497716,20.3233828,0.001262373,0.002934444,20.3246452,20.3445274,0,0.0127021143,8.05761922e+10,3998000,31992004,41218500
dsb-gpu,WK2000_1,4,12349,2000,2000,2000,1999000,512,1600,fp32,csr-block,csr,0,0,33337,33337,1,0,0.012475893,20.2772168,0.00126007,0.002991373,20.2784769,20.2984444,0,0.0126732605,8.07596435e+10,3998000,31992004,41218500
dsb-gpu,WK2000_1,5,12350,2000,2000,2000,1999000,512,1600,fp32,csr-block,csr,0,0,33330,33337,0,0,0.012480052,20.2457637,0.001253254,0.002534859,20.2470169,20.2664861,0,0.0126536023,8.08851089e+10,3998000,31992004,41218500
dsb-gpu,WK2000_1,6,12351,2000,2000,2000,1999000,512,1600,fp32,csr-block,csr,0,0,33337,33337,1,0,0.012271923,20.2776367,0.001249061,0.002471242,20.2788858,20.2973972,0,0.0126735229,8.07579711e+10,3998000,31992004,41218500
dsb-gpu,WK2000_1,7,12352,2000,2000,2000,1999000,512,1600,fp32,csr-block,csr,0,0,33293,33337,0,0,0.012281492,20.4445996,0.001265797,0.002976909,20.4458654,20.4650863,0,0.0127778748,8.0098453e+10,3998000,31992004,41218500
dsb-gpu,WK2000_1,8,12353,2000,2000,2000,1999000,512,1600,fp32,csr-block,csr,0,0,33336,33337,0,0,0.012594005,20.349375,0.001275557,0.002994956,20.3506506,20.3708127,0,0.0127183594,8.04732725e+10,3998000,31992004,41218500
dsb-gpu,WK2000_1,9,12354,2000,2000,2000,1999000,512,1600,fp32,csr-block,csr,0,0,33304,33337,0,0,0.012860822,20.2368555,0.001274053,0.002539434,20.2381295,20.2581654,0,0.0126480347,8.09207143e+10,3998000,31992004,41218500
dsb-gpu,WK2000_1,10,12355,2000,2000,2000,1999000,512,1600,fp32,csr-block,csr,0,0,33300,33337,0,0,0.012410996,20.580252,0.001256357,0.002481867,20.5815083,20.6003831,0,0.0128626575,7.95704933e+10,3998000,31992004,41218500
dsb-gpu,WK2000_1,11,12356,2000,2000,2000,1999000,512,1600,fp32,csr-block,csr,0,0,33301,33337,0,0,0.012345364,20.3200371,0.00126503,0.002451403,20.3213021,20.3401455,0,0.0127000232,8.05894591e+10,3998000,31992004,41218500
dsb-gpu,WK2000_1,12,12357,2000,2000,2000,1999000,512,1600,fp32,csr-block,csr,0,0,33303,33337,0,0,0.012368467,20.2782109,0.001268293,0.002452714,20.2794792,20.2982861,0,0.0126738818,8.07556843e+10,3998000,31992004,41218500
dsb-gpu,WK2000_1,13,12358,2000,2000,2000,1999000,512,1600,fp32,csr-block,csr,0,0,33308,33337,0,0,0.012318388,20.4643027,0.001268165,0.002465322,20.4655709,20.4844492,0,0.0127901892,8.00213338e+10,3998000,31992004,41218500
dsb-gpu,WK2000_1,14,12359,2000,2000,2000,1999000,512,1600,fp32,csr-block,csr,0,0,33336,33337,0,0,0.012431317,20.2825684,0.001261062,0.002446922,20.2838294,20.3029171,0,0.0126766052,8.07383351e+10,3998000,31992004,41218500
dsb-gpu,WK2000_1,15,12360,2000,2000,2000,1999000,512,1600,fp32,csr-block,csr,0,0,33304,33337,0,0,0.012354228,20.3307832,0.001251077,0.002450762,20.3320343,20.3508069,0,0.0127067395,8.05468625e+10,3998000,31992004,41218500
dsb-gpu,WK2000_1,16,12361,2000,2000,2000,1999000,512,1600,fp32,csr-block,csr,0,0,33302,33337,0,0,0.012291412,20.2806816,0.001266885,0.002446187,20.2819485,20.3007103,0,0.012675426,8.07458462e+10,3998000,31992004,41218500
dsb-gpu,WK2000_1,17,12362,2000,2000,2000,1999000,512,1600,fp32,csr-block,csr,0,0,33333,33337,0,0,0.012451668,20.465918,0.001271078,0.002467467,20.467189,20.4863456,0,0.0127911987,8.00150183e+10,3998000,31992004,41218500
dsb-gpu,WK2000_1,18,12363,2000,2000,2000,1999000,512,1600,fp32,csr-block,csr,0,0,33333,33337,0,0,0.012278357,20.2732129,0.001258342,0.002439627,20.2744712,20.2931676,0,0.0126707581,8.07755933e+10,3998000,31992004,41218500
dsb-gpu,WK2000_1,19,12364,2000,2000,2000,1999000,512,1600,fp32,csr-block,csr,0,0,33335,33337,0,0,0.012276724,20.2446035,0.001260325,0.00244289,20.2458638,20.2645985,0,0.0126528772,8.08897442e+10,3998000,31992004,41218500
dsb-gpu,WK2000_1,20,12365,2000,2000,2000,1999000,512,1600,fp32,csr-block,csr,0,0,33337,33337,1,0,0.012444757,20.3452305,0.001258437,0.002447626,20.3464889,20.3654175,0,0.012715769,8.04896657e+10,3998000,31992004,41218500
dsb-gpu,WK2000_1,21,12366,2000,2000,2000,1999000,512,1600,fp32,csr-block,csr,0,0,33335,33337,0,0,0.012244948,20.2443691,0.001256677,0.002427755,20.2456258,20.2643073,0,0.0126527307,8.08906807e+10,3998000,31992004,41218500
dsb-gpu,WK2000_1,22,12367,2000,2000,2000,1999000,512,1600,fp32,csr-block,csr,0,0,33304,33337,0,0,0.012288213,20.3943984,0.001252645,0.00248801,20.3956511,20.4144594,0,0.012746499,8.02956167e+10,3998000,31992004,41218500
dsb-gpu,WK2000_1,23,12368,2000,2000,2000,1999000,512,1600,fp32,csr-block,csr,0,0,33337,33337,1,0,0.01228658,20.3131055,0.001260678,0.002435723,20.3143661,20.333092,0,0.0126956909,8.06169595e+10,3998000,31992004,41218500
dsb-gpu,WK2000_1,24,12369,2000,2000,2000,1999000,512,1600,fp32,csr-block,csr,0,0,33337,33337,1,0,0.012312757,20.3495,0.001254662,0.002441578,20.3507547,20.3695167,0,0.0127184375,8.04727782e+10,3998000,31992004,41218500
dsb-gpu,WK2000_1,25,12370,2000,2000,2000,1999000,512,1600,fp32,csr-block,csr,0,0,33337,33337,1,0,0.012245268,20.2520605,0.001250886,0.002409835,20.2533114,20.2719832,0,0.0126575378,8.08599597e+10,3998000,31992004,41218500
dsb-gpu,WK2000_1,26,12371,2000,2000,2000,1999000,512,1600,fp32,csr-block,csr,0,0,33337,33337,1,0,0.012333332,20.2771309,0.001249957,0.002434378,20.2783808,20.2972953,0,0.0126732068,8.07599858e+10,3998000,31992004,41218500
dsb-gpu,WK2000_1,27,12372,2000,2000,2000,1999000,512,1600,fp32,csr-block,csr,0,0,33335,33337,0,0,0.012454646,20.4253848,0.001255269,0.002430122,20.42664,20.4455367,0,0.0127658655,8.01738043e+10,3998000,31992004,41218500
dsb-gpu,WK2000_1,28,12373,2000,2000,2000,1999000,512,1600,fp32,csr-block,csr,0,0,33308,33337,0,0,0.012320788,20.3428398,0.001256101,0.002448106,20.3440959,20.3628423,0,0.0127142749,8.04991246e+10,3998000,31992004,41218500
dsb-gpu,WK2000_1,29,12374,2000,2000,2000,1999000,512,1600,fp32,csr-block,csr,0,0,33308,33337,0,0,0.012366773,20.3166211,0.001264581,0.002462571,20.3178857,20.3368299,0,0.0126978882,8.06030094e+10,3998000,31992004,41218500
dsb-gpu,WK2000_1,30,12375,2000,2000,2000,1999000,512,1600,fp32,csr-block,csr,0,0,33293,33337,0,0,0.012224052,20.2776465,0.001248453,0.002425355,20.2788949,20.2975008,0,0.0126735291,8.07579322e+10,3998000,31992004,41218500
dsb-gpu,WK2000_1,31,12376,2000,2000,2000,1999000,512,1600,fp32,csr-block,csr,0,0,33337,33337,1,0,0.012256724,20.2392148,0.001261637,0.00246833,20.2404765,20.259187,0,0.0126495093,8.0911281e+10,3998000,31992004,41218500
dsb-gpu,WK2000_1,32,12377,2000,2000,2000,1999000,512,1600,fp32,csr-block,csr,0,0,33335,33337,0,0,0.012400116,20.3421973,0.001248933,0.002462122,20.3434462,20.3622784,0,0.0127138733,8.05016675e+10,3998000,31992004,41218500
dsb-gpu,WK2000_1,33,12378,2000,2000,2000,1999000,512,1600,fp32,csr-block,csr,0,0,33335,33337,0,0,0.012314805,20.2345293,0.001258566,0.002457611,20.2357879,20.2545997,0,0.0126465808,8.0930017e+10,3998000,31992004,41218500
dsb-gpu,WK2000_1,34,12379,2000,2000,2000,1999000,512,1600,fp32,csr-block,csr,0,0,33308,33337,0,0,0.012354293,20.3476348,0.001255301,0.002466762,20.3488901,20.3677132,0,0.0127172717,8.0480155e+10,3998000,31992004,41218500
dsb-gpu,WK2000_1,35,12380,2000,2000,2000,1999000,512,1600,fp32,csr-block,csr,0,0,33302,33337,0,0,0.012425525,20.2407363,0.001248741,0.002456011,20.2419851,20.260912,0,0.0126504602,8.0905199e+10,3998000,31992004,41218500
dsb-gpu,WK2000_1,36,12381,2000,2000,2000,1999000,512,1600,fp32,csr-block,csr,0,0,33311,33337,0,0,0.012260309,20.3564785,0.001253477,0.002440042,20.357732,20.376416,0,0.0127227991,8.04451909e+10,3998000,31992004,41218500
dsb-gpu,WK2000_1,37,12382,2000,2000,2000,1999000,512,1600,fp32,csr-block,csr,0,0,33304,33337,0,0,0.0123533,20.3747871,0.001259621,0.002444842,20.3760467,20.3948389,0,0.0127342419,8.03729036e+10,3998000,31992004,41218500
dsb-gpu,WK2000_1,38,12383,2000,2000,2000,1999000,512,1600,fp32,csr-block,csr,0,0,33337,33337,1,0,0.012254516,20.4088105,0.001259429,0.002961709,20.41007,20.4293167,0,0.0127555066,8.02389143e+10,3998000,31992004,41218500
dsb-gpu,WK2000_1,39,12384,2000,2000,2000,1999000,512,1600,fp32,csr-block,csr,0,0,33308,33337,0,0,0.012340021,20.3777266,0.001257829,0.002481098,20.3789844,20.3978486,0,0.0127360791,8.03613099e+10,3998000,31992004,41218500
dsb-gpu,WK2000_1,40,12385,2000,2000,2000,1999000,512,1600,fp32,csr-block,csr,0,0,33302,33337,0,0,0.012305012,20.4693789,0.001252677,0.002442827,20.4706316,20.4893738,0,0.0127933618,8.00014894e+10,3998000,31992004,41218500
dsb-gpu,WK2000_1,41,12386,2000,2000,2000,1999000,512,1600,fp32,csr-block,csr,0,0,33337,33337,1,0,0.012345077,20.38325,0.001256453,0.002422506,20.3845065,20.4032856,0,0.0127395312,8.03395337e+10,3998000,31992004,41218500
dsb-gpu,WK2000_1,42,12387,2000,2000,2000,1999000,512,1600,fp32,csr-block,csr,0,0,33296,33337,0,0,0.012269973,20.3464063,0.001258053,0.002450538,20.3476643,20.3663957,0,0.0127165039,8.04850144e+10,3998000,31992004,41218500
dsb-gpu,WK2000_1,43,12388,2000,2000,2000,1999000,512,1600,fp32,csr-block,csr,0,0,33308,33337,0,0,0.012298772,20.5224277,0.001254502,0.002457963,20.5236822,20.5424785,0,0.0128265173,7.9794692e+10,3998000,31992004,41218500
dsb-gpu,WK2000_1,44,12389,2000,2000,2000,1999000,512,1600,fp32,csr-block,csr,0,0,33335,33337,0,0,0.012409205,20.2825508,0.001249989,0.002415179,20.2838008,20.3026369,0,0.0126765942,8.0738405e+10,3998000,31992004,41218500
dsb-gpu,WK2000_1,45,12390,2000,2000,2000,1999000,512,1600,fp32,csr-block,csr,0,0,33298,33337,0,0,0.012299989,20.4880859,0.001258117,0.002463562,20.4893441,20.5081147,0,0.0128050537,7.99284426e+10,3998000,31992004,41218500
dsb-gpu,WK2000_1,46,12391,2000,2000,2000,1999000,512,1600,fp32,csr-block,csr,0,0,33308,33337,0,0,0.012260436,20.4966016,0.001249189,0.002436618,20.4978508,20.5165533,0,0.012810376,7.98952351e+10,3998000,31992004,41218500
dsb-gpu,WK2000_1,47,12392,2000,2000,2000,1999000,512,1600,fp32,csr-block,csr,0,0,33302,33337,0,0,0.01229234,20.3122617,0.001257414,0.002428843,20.3135191,20.3322401,0,0.0126951636,8.06203082e+10,3998000,31992004,41218500
dsb-gpu,WK2000_1,48,12393,2000,2000,2000,1999000,512,1600,fp32,csr-block,csr,0,0,33308,33337,0,0,0.012259732,20.3456113,0.001256582,0.002425227,20.3468679,20.3655846,0,0.0127160071,8.0488159e+10,3998000,31992004,41218500
dsb-gpu,WK2000_1,49,12394,2000,2000,2000,1999000,512,1600,fp32,csr-block,csr,0,0,33333,33337,0,0,0.012248181,20.4258398,0.001244581,0.002441642,20.4270844,20.4457959,0,0.0127661499,8.0172018e+10,3998000,31992004,41218500
dsb-gpu,WK2000_1,0,12345,2000,2000,2000,1999000,512,1600,fp32,csr-cluster,csr,0,0,33335,33337,0,0,0.012101588,15.7015264,0.001262182,0.003042157,15.7027885,15.7224401,0,0.00981345398,1.0429437e+11,3998000,31992004,41218500
dsb-gpu,WK2000_1,1,12346,2000,2000,2000,1999000,512,1600,fp32,csr-cluster,csr,0,0,33304,33337,0,0,0.012347093,15.7253008,0.001272517,0.003054605,15.7265733,15.7465179,0,0.00982831299,1.04136692e+11,3998000,31992004,41218500
dsb-gpu,WK2000_1,2,12347,2000,2000,2000,1999000,512,1600,fp32,csr-cluster,csr,0,0,33335,33337,0,0,0.012416853,15.8385557,0.001270278,0.003043533,15.8398259,15.8597253,0,0.00989909729,1.03392054e+11,3998000,31992004,41218500
dsb-gpu,WK2000_1,3,12348,2000,2000,2000,1999000,512,1600,fp32,csr-cluster,csr,0,0,33303,33337,0,0,0.012344724,15.8654014,0.001264197,0.003022316,15.8666656,15.8865253,0,0.00991587585,1.03217105e+11,3998000,31992004,41218500
dsb-gpu,WK2000_1,4,12349,2000,2000,2000,1999000,512,1600,fp32,csr-cluster,csr,0,0,33337,33337,1,0,0.012336884,15.6302891,0.001256806,0.002425515,15.6315459,15.6507337,0,0.00976893066,1.04769707e+11,3998000,31992004,41218500
dsb-gpu,WK2000_1,5,12350,2000,2000,2000,1999000,512,1600,fp32,csr-cluster,csr,0,0,33330,33337,0,0,0.012400117,15.9320352,0.001253157,0.002434826,15.9332883,15.9521606,0,0.00995752197,1.02785412e+11,3998000,31992004,41218500
dsb-gpu,WK2000_1,6,12351,2000,2000,2000,1999000,512,1600,fp32,csr-cluster,csr,0,0,33337,33337,1,0,0.012226837,15.5969844,0.001258438,0.002413962,15.5982428,15.6166214,0,0.00974811523,1.04993424e+11,3998000,31992004,41218500
dsb-gpu,WK2000_1,7,12352,2000,2000,2000,1999000,512,1600,fp32,csr-cluster,csr,0,0,33293,33337,0,0,0.012220021,15.683707,0.001255749,0.002463051,15.6849628,15.7034776,0,0.00980231689,1.04412866e+11,3998000,31992004,41218500
dsb-gpu,WK2000_1,8,12353,2000,2000,2000,1999000,512,1600,fp32,csr-cluster,csr,0,0,33336,33337,0,0,0.01219186,15.8722402,0.001253157,0.002439562,15.8734934,15.8919306,0,0.00992015015,1.03172632e+11,3998000,31992004,41218500
dsb-gpu,WK2000_1,9,12354,2000,2000,2000,1999000,512,1600,fp32,csr-cluster,csr,0,0,33304,33337,0,0,0.012443349,15.6846738,0.001263558,0.002467115,15.6859374,15.7049415,0,0.00980292114,1.0440643e+11,3998000,31992004,41218500
dsb-gpu,WK2000_1,10,12355,2000,2000,2000,1999000,512,1600,fp32,csr-cluster,csr,0,0,33300,33337,0,0,0.012402293,15.6442803,0.001255814,0.002454827,15.6455361,15.6642256,0,0.00977767517,1.04676008e+11,3998000,31992004,41218500
dsb-gpu,WK2000_1,11,12356,2000,2000,2000,1999000,512,1600,fp32,csr-cluster,csr,0,0,33301,33337,0,0,0.012301588,15.6874346,0.001254661,0.002453226,15.6886892,15.707271,0,0.00980464661,1.04388056e+11,3998000,31992004,41218500
dsb-gpu,WK2000_1,12,12357,2000,2000,2000,1999000,512,1600,fp32,csr-cluster,csr,0,0,33303,33337,0,0,0.012262933,15.7323105,0.001254342,0.002430154,15.7335649,15.7520897,0,0.00983269409,1.04090292e+11,3998000,31992004,41218500
dsb-gpu,WK2000_1,13,12358,2000,2000,2000,1999000,512,1600,fp32,csr-cluster,csr,0,0,33308,33337,0,0,0.012199476,15.9107344,0.001253861,0.002416938,15.9119882,15.9304509,0,0.00994420898,1.02923018e+11,3998000,31992004,41218500
dsb-gpu,WK2000_1,14,12359,2000,2000,2000,1999000,512,1600,fp32,csr-cluster,csr,0,0,33336,33337,0,0,0.012277844,15.6925391,0.001254598,0.002448075,15.6937937,15.7123853,0,0.00980783691,1.04354101e+11,3998000,31992004,41218500
dsb-gpu,WK2000_1,15,12360,2000,2000,2000,1999000,512,1600,fp32,csr-cluster,csr,0,0,33304,33337,0,0,0.012306996,15.684334,0.001258821,0.00243969,15.6855928,15.7042236,0,0.00980270874,1.04408692e+11,3998000,31992004,41218500
dsb-gpu,WK2000_1,16,12361,2000,2000,2000,1999000,512,1600,fp32,csr-cluster,csr,0,0,33302,33337,0,0,0.012242613,15.6495938,0.001257541,0.003036557,15.6508513,15.6700165,0,0.00978099609,1.04640467e+11,3998000,31992004,41218500
dsb-gpu,WK2000_1,17,12362,2000,2000,2000,1999000,512,1600,fp32,csr-cluster,csr,0,0,33333,33337,0,0,0.012301204,15.7940723,0.001260101,0.002434091,15.7953324,15.8139565,0,0.00987129517,1.03683254e+11,3998000,31992004,41218500
dsb-gpu,WK2000_1,18,12363,2000,2000,2000,1999000,512,1600,fp32,csr-cluster,csr,0,0,33333,33337,0,0,0.012260948,15.653085,0.001259461,0.002420107,15.6543444,15.6728989,0,0.0097831781,1.04617128e+11,3998000,31992004,41218500
dsb-gpu,WK2000_1,19,12364,2000,2000,2000,1999000,512,1600,fp32,csr-cluster,csr,0,0,33335,33337,0,0,0.012267412,15.6938613,0.001259013,0.002435211,15.6951203,15.7137037,0,0.00980866333,1.04345308e+11,3998000,31992004,41218500
dsb-gpu,WK2000_1,20,12365,2000,2000,2000,1999000,512,1600,fp32,csr-cluster,csr,0,0,33337,33337,1,0,0.012374293,15.5698408,0.00125063,0.002419819,15.5710915,15.5897547,0,0.00973115051,1.05176464e+11,3998000,31992004,41218500
dsb-gpu,WK2000_1,21,12366,2000,2000,2000,1999000,512,1600,fp32,csr-cluster,csr,0,0,33335,33337,0,0,0.012393557,15.6169482,0.001255237,0.002441643,15.6182035,15.6369493,0,0.00976059265,1.04859206e+11,3998000,31992004,41218500
dsb-gpu,WK2000_1,22,12367,2000,2000,2000,1999000,512,1600,fp32,csr-cluster,csr,0,0,33304,33337,0,0,0.012264884,15.5614951,0.001254789,0.002445642,15.5627499,15.581343,0,0.00972593445,1.0523287e+11,3998000,31992004,41218500
dsb-gpu,WK2000_1,23,12368,2000,2000,2000,1999000,512,1600,fp32,csr-cluster,csr,0,0,33337,33337,1,0,0.012268052,15.75225,0.001256677,0.002423306,15.7535067,15.7720741,0,0.00984515625,1.03958533e+11,3998000,31992004,41218500
dsb-gpu,WK2000_1,24,12369,2000,2000,2000,1999000,512,1600,fp32,csr-cluster,csr,0,0,33337,33337,1,0,0.01221986,15.8127246,0.001252773,0.002386858,15.8139774,15.8324664,0,0.00988295288,1.03560951e+11,3998000,31992004,41218500
dsb-gpu,WK2000_1,25,12370,2000,2000,2000,1999000,512,1600,fp32,csr-cluster,csr,0,0,33337,33337,1,0,0.012252692,15.6562168,0.001259237,0.002400586,15.657476,15.6760296,0,0.0097851355,1.04596201e+11,3998000,31992004,41218500
dsb-gpu,WK2000_1,26,12371,2000,2000,2000,1999000,512,1600,fp32,csr-cluster,csr,0,0,33337,33337,1,0,0.012415189,15.6830957,0.001258085,0.002448266,15.6843538,15.7031033,0,0.00980193481,1.04416936e+11,3998000,31992004,41218500
dsb-gpu,WK2000_1,27,12372,2000,2000,2000,1999000,512,1600,fp32,csr-cluster,csr,0,0,33335,33337,0,0,0.012391125,15.6156338,0.00126343,0.002987373,15.6168972,15.6361884,0,0.00975977112,1.04868033e+11,3998000,31992004,41218500
dsb-gpu,WK2000_1,28,12373,2000,2000,2000,1999000,512,1600,fp32,csr-cluster,csr,0,0,33308,33337,0,0,0.012354293,15.7253916,0.001255941,0.002453035,15.7266475,15.7460096,0,0.00982836975,1.0413609e+11,3998000,31992004,41218500
dsb-gpu,WK2000_1,29,12374,2000,2000,2000,1999000,512,1600,fp32,csr-cluster,csr,0,0,33308,33337,0,0,0.012263636,15.8090762,0.001262533,0.002399818,15.8103387,15.8289329,0,0.00988067261,1.03584851e+11,3998000,31992004,41218500
dsb-gpu,WK2000_1,30,12375,2000,2000,2000,1999000,512,1600,fp32,csr-cluster,csr,0,0,33293,33337,0,0,0.012366677,15.6453525,0.001257221,0.002441354,15.6466098,15.6655632,0,0.00977834534,1.04668834e+11,3998000,31992004,41218500
dsb-gpu,WK2000_1,31,12376,2000,2000,2000,1999000,512,1600,fp32,csr-cluster,csr,0,0,33337,33337,1,0,0.01223858,15.5621201,0.001255461,0.002403882,15.5633756,15.5818578,0,0.00972632507,1.05228644e+11,3998000,31992004,41218500
dsb-gpu,WK2000_1,32,12377,2000,2000,2000,1999000,512,1600,fp32,csr-cluster,csr,0,0,33335,33337,0,0,0.012253844,15.7520664,0.001244645,0.002413066,15.7533111,15.7718885,0,0.0098450415,1.03959745e+11,3998000,31992004,41218500
dsb-gpu,WK2000_1,33,12378,2000,2000,2000,1999000,512,1600,fp32,csr-cluster,csr,0,0,33335,33337,0,0,0.012378773,15.8181416,0.001253989,0.002401194,15.8193956,15.838018,0,0.0098863385,1.03525486e+11,3998000,31992004,41218500
dsb-gpu,WK2000_1,34,12379,2000,2000,2000,1999000,512,1600,fp32,csr-cluster,csr,0,0,33308,33337,0,0,0.012256724,15.6084707,0.001253413,0.002411531,15.6097241,15.6282766,0,0.00975529419,1.04916159e+11,3998000,31992004,41218500
dsb-gpu,WK2000_1,35,12380,2000,2000,2000,1999000,512,1600,fp32,csr-cluster,csr,0,0,33302,33337,0,0,0.012272628,15.6451074,0.00126327,0.00240321,15.6463707,15.6649739,0,0.00977819214,1.04670473e+11,3998000,31992004,41218500
dsb-gpu,WK2000_1,36,12381,2000,2000,2000,1999000,512,1600,fp32,csr-cluster,csr,0,0,33311,33337,0,0,0.012273172,15.6878887,0.001252133,0.002407115,15.6891408,15.707963,0,0.00980493042,1.04385034e+11,3998000,31992004,41218500
dsb-gpu,WK2000_1,37,12382,2000,2000,2000,1999000,512,1600,fp32,csr-cluster,csr,0,0,33304,33337,0,0,0.01227074,15.7770645,0.001258086,0.002404203,15.7783225,15.7968596,0,0.00986066528,1.03795025e+11,3998000,31992004,41218500
dsb-gpu,WK2000_1,38,12383,2000,2000,2000,1999000,512,1600,fp32,csr-cluster,csr,0,0,33337,33337,1,0,0.012266708,15.6757412,0.001255685,0.002406634,15.6769969,15.6955628,0,0.00979733826,1.04465925e+11,3998000,31992004,41218500
dsb-gpu,WK2000_1,39,12384,2000,2000,2000,1999000,512,1600,fp32,csr-cluster,csr,0,0,33308,33337,0,0,0.01227602,15.6133633,0.001259205,0.002410923,15.6146225,15.6331927,0,0.00975835205,1.04883283e+11,3998000,31992004,41218500
dsb-gpu,WK2000_1,40,12385,2000,2000,2000,1999000,512,1600,fp32,csr-cluster,csr,0,0,33302,33337,0,0,0.012311861,15.6789492,0.001259557,0.002408106,15.6802088,15.6988488,0,0.00979934326,1.0444455e+11,3998000,31992004,41218500
dsb-gpu,WK2000_1,41,12386,2000,2000,2000,1999000,512,1600,fp32,csr-cluster,csr,0,0,33337,33337,1,0,0.012430965,15.649417,0.001272709,0.002456394,15.6506897,15.6695247,0,0.00978088562,1.04641649e+11,3998000,31992004,41218500
dsb-gpu,WK2000_1,42,12387,2000,2000,2000,1999000,512,1600,fp32,csr-cluster,csr,0,0,33296,33337,0,0,0.012252853,15.7398408,0.00125927,0.002408554,15.7411001,15.759658,0,0.00983740051,1.04040493e+11,3998000,31992004,41218500
dsb-gpu,WK2000_1,43,12388,2000,2000,2000,1999000,512,1600,fp32,csr-cluster,csr,0,0,33308,33337,0,0,0.012248245,15.6862656,0.001247398,0.002427659,15.687513,15.7061048,0,0.00980391602,1.04395835e+11,3998000,31992004,41218500
dsb-gpu,WK2000_1,44,12389,2000,2000,2000,1999000,512,1600,fp32,csr-cluster,csr,0,0,33335,33337,0,0,0.012259988,15.6827148,0.001244518,0.002428394,15.6839594,15.7025253,0,0.00980169678,1.04419472e+11,3998000,31992004,41218500
dsb-gpu,WK2000_1,45,12390,2000,2000,2000,1999000,512,1600,fp32,csr-cluster,csr,0,0,33298,33337,0,0,0.01236434,15.5625967,0.001256901,0.002407306,15.5638536,15.5825203,0,0.00972662292,1.05225422e+11,3998000,31992004,41218500
dsb-gpu,WK2000_1,46,12391,2000,2000,2000,1999000,512,1600,fp32,csr-cluster,csr,0,0,33308,33337,0,0,0.012196468,15.6458281,0.001251846,0.002389834,15.64708,15.6655427,0,0.00977864258,1.04665652e+11,3998000,31992004,41218500
dsb-gpu,WK2000_1,47,12392,2000,2000,2000,1999000,512,1600,fp32,csr-cluster,csr,0,0,33302,33337,0,0,0.012180404,15.7276807,0.001256005,0.002391914,15.7289367,15.7474216,0,0.00982980042,1.04120934e+11,3998000,31992004,41218500
dsb-gpu,WK2000_1,48,12393,2000,2000,2000,1999000,512,1600,fp32,csr-cluster,csr,0,0,33308,33337,0,0,0.01224466,15.7030889,0.001265093,0.002965964,15.704354,15.723457,0,0.00981443054,1.04283992e+11,3998000,31992004,41218500
dsb-gpu,WK2000_1,49,12394,2000,2000,2000,1999000,512,1600,fp32,csr-cluster,csr,0,0,33333,33337,0,0,0.012247764,15.6272891,0.001265893,0.00242017,15.628555,15.6471782,0,0.00976705566,1.04789819e+11,3998000,31992004,41218500
dsb-gpu,WK2000_1,0,12345,2000,2000,2000,1999000,512,1600,fp32,block,dense,0,0,33335,33337,0,0,0.01972834,1.23358765,0.000838052,0.003047245,1.2344257,1.27037858,0,0.000770992279,,0,16000000,24198400
dsb-gpu,WK2000_1,1,12346,2000,2000,2000,1999000,512,1600,fp32,block,dense,0,0,33337,33337,1,0,0.019899637,1.22097681,0.000807811,0.002847436,1.22178462,1.25819046,0,0.000763110504,,0,16000000,24198400
dsb-gpu,WK2000_1,2,12347,2000,2000,2000,1999000,512,1600,fp32,block,dense,0,0,33337,33337,1,0,0.019777492,1.22739209,0.000814691,0.002455722,1.22820678,1.26386399,0,0.000767120056,,0,16000000,24198400
dsb-gpu,WK2000_1,3,12348,2000,2000,2000,1999000,512,1600,fp32,block,dense,0,0,33296,33337,0,0,0.01966546,1.23484326,0.000799107,0.002941549,1.23564237,1.27143484,0,0.000771777039,,0,16000000,24198400
dsb-gpu,WK2000_1,4,12349,2000,2000,2000,1999000,512,1600,fp32,block,dense,0,0,33308,33337,0,0,0.019699988,1.20327173,0.000803332,0.002512778,1.20407506,1.23989985,0,0.00075204483,,0,16000000,24198400
dsb-gpu,WK2000_1,5,12350,2000,2000,2000,1999000,512,1600,fp32,block,dense,0,0,33308,33337,0,0,0.019972373,1.23759314,0.000801731,0.002966861,1.23839487,1.27430304,0,0.000773495712,,0,16000000,24198400
dsb-gpu,WK2000_1,6,12351,2000,2000,2000,1999000,512,1600,fp32,block,dense,0,0,33337,33337,1,0,0.019491219,1.23674182,0.000803203,0.002450154,1.23754502,1.27285577,0,0.000772963638,,0,16000000,24198400
dsb-gpu,WK2000_1,7,12352,2000,2000,2000,1999000,512,1600,fp32,block,dense,0,0,33335,33337,0,0,0.019309298,1.21833801,0.000807683,0.002882572,1.2191457,1.25442609,0,0.000761461258,,0,16000000,24198400
dsb-gpu,WK2000_1,8,12353,2000,2000,2000,1999000,512,1600,fp32,block,dense,0,0,33308,33337,0,0,0.019304627,1.23999841,0.000792803,0.002472843,1.24079122,1.27567005,0,0.000774999008,,0,16000000,24198400
dsb-gpu,WK2000_1,9,12354,2000,2000,2000,1999000,512,1600,fp32,block,dense,0,0,33311,33337,0,0,0.019822485,1.21484241,0.000808484,0.002436458,1.21565089,1.2509079,0,0.000759276505,,0,16000000,24198400
dsb-gpu,WK2000_1,10,12355,2000,2000,2000,1999000,512,1600,fp32,block,dense,0,0,33337,33337,1,0,0.019979157,1.2185293,0.000798851,0.002414442,1.21932815,1.25481886,0,0.000761580811,,0,16000000,24198400
dsb-gpu,WK2000_1,11,12356,2000,2000,2000,1999000,512,1600,fp32,block,dense,0,0,33335,33337,0,0,0.019284274,1.23934277,0.000797252,0.002921132,1.24014003,1.27539473,0,0.000774589233,,0,16000000,24198400
dsb-gpu,WK2000_1,12,12357,2000,2000,2000,1999000,512,1600,fp32,block,dense,0,0,33337,33337,1,0,0.019808469,1.24227954,0.000796227,0.002443242,1.24307577,1.27855004,0,0.000776424713,,0,16000000,24198400
dsb-gpu,WK2000_1,13,12358,2000,2000,2000,1999000,512,1600,fp32,block,dense,0,0,33335,33337,0,0,0.019185682,1.23454883,0.000797283,0.002391562,1.23534611,1.26984091,0,0.000771593018,,0,16000000,24198400
dsb-gpu,WK2000_1,14,12359,2000,2000,2000,1999000,512,1600,fp32,block,dense,0,0,33335,33337,0,0,0.019817492,1.23875342,0.000800803,0.002426891,1.23955422,1.2745921,0,0.000774220886,,0,16000000,24198400
dsb-gpu,WK2000_1,15,12360,2000,2000,2000,1999000,512,1600,fp32,block,dense,0,0,33337,33337,1,0,0.019150322,1.20002148,0.000798851,0.002891277,1.20082034,1.23552243,0,0.000750013428,,0,16000000,24198400
dsb-gpu,WK2000_1,16,12361,2000,2000,2000,1999000,512,1600,fp32,block,dense,0,0,33333,33337,0,0,0.019223026,1.20207361,0.000807172,0.00243569,1.20288078,1.2377986,0,0.000751296005,,0,16000000,24198400
dsb-gpu,WK2000_1,17,12362,2000,2000,2000,1999000,512,1600,fp32,block,dense,0,0,33294,33337,0,0,0.019217459,1.23861487,0.000794947,0.002454347,1.23940982,1.27394963,0,0.000774134293,,0,16000000,24198400
dsb-gpu,WK2000_1,18,12363,2000,2000,2000,1999000,512,1600,fp32,block,dense,0,0,33308,33337,0,0,0.019774869,1.23570569,0.000799652,0.002444458,1.23650534,1.27147858,0,0.000772316055,,0,16000000,24198400
dsb-gpu,WK2000_1,19,12364,2000,2000,2000,1999000,512,1600,fp32,block,dense,0,0,33333,33337,0,0,0.019278194,1.23702454,0.00079242,0.002438602,1.23781696,1.27233769,0,0.000773140335,,0,16000000,24198400
dsb-gpu,WK2000_1,20,12365,2000,2000,2000,1999000,512,1600,fp32,block,dense,0,0,33304,33337,0,0,0.019736244,1.22350073,0.000791907,0.002462731,1.22429264,1.25931318,0,0.000764687958,,0,16000000,24198400
dsb-gpu,WK2000_1,21,12366,2000,2000,2000,1999000,512,1600,fp32,block,dense,0,0,33335,33337,0,0,0.019441427,1.23588855,0.000798436,0.002456906,1.23668699,1.27136988,0,0.000772430344,,0,16000000,24198400
dsb-gpu,WK2000_1,22,12367,2000,2000,2000,1999000,512,1600,fp32,block,dense,0,0,33304,33337,0,0,0.019426547,1.23769348,0.000798851,0.002448395,1.23849233,1.27311811,0,0.000773558426,,0,16000000,24198400
dsb-gpu,WK2000_1,23,12368,2000,2000,2000,1999000,512,1600,fp32,block,dense,0,0,33308,33337,0,0,0.019423283,1.22642334,0.000799491,0.00245969,1.22722283,1.26205784,0,0.000766514587,,0,16000000,24198400
dsb-gpu,WK2000_1,24,12369,2000,2000,2000,1999000,512,1600,fp32,block,dense,0,0,33335,33337,0,0,0.019232178,1.236422,0.00079994,0.002477834,1.23722194,1.27185218,0,0.000772763748,,0,16000000,24198400
dsb-gpu,WK2000_1,25,12370,2000,2000,2000,1999000,512,1600,fp32,block,dense,0,0,33304,33337,0,0,0.019163378,1.20630542,0.000795011,0.002452811,1.20710043,1.24149199,0,0.000753940887,,0,16000000,24198400
dsb-gpu,WK2000_1,26,12371,2000,2000,2000,1999000,512,1600,fp32,block,dense,0,0,33311,33337,0,0,0.019990709,1.2312439,0.000796099,0.002451499,1.23204,1.26759572,0,0.000769527435,,0,16000000,24198400
dsb-gpu,WK2000_1,27,12372,2000,2000,2000,1999000,512,1600,fp32,block,dense,0,0,33337,33337,1,0,0.01936373,1.22615576,0.000807555,0.002426827,1.22696332,1.26150388,0,0.000766347351,,0,16000000,24198400
dsb-gpu,WK2000_1,28,12373,2000,2000,2000,1999000,512,1600,fp32,block,dense,0,0,33303,33337,0,0,0.01931461,1.20730786,0.000798627,0.00245169,1.20810649,1.24260239,0,0.000754567413,,0,16000000,24198400
dsb-gpu,WK2000_1,29,12374,2000,2000,2000,1999000,512,1600,fp32,block,dense,0,0,33337,33337,1,0,0.019424019,1.23827478,0.000818596,0.002425674,1.23909338,1.27396304,0,0.000773921738,,0,16000000,24198400
dsb-gpu,WK2000_1,30,12375,2000,2000,2000,1999000,512,1600,fp32,block,dense,0,0,33308,33337,0,0,0.019879541,1.23471069,0.000813316,0.002477642,1.23552401,1.27069951,0,0.000771694183,,0,16000000,24198400
dsb-gpu,WK2000_1,31,12376,2000,2000,2000,1999000,512,1600,fp32,block,dense,0,0,33305,33337,0,0,0.019165426,1.23461169,0.000804963,0.002499563,1.23541666,1.26985384,0,0.000771632309,,0,16000000,24198400
dsb-gpu,WK2000_1,32,12377,2000,2000,2000,1999000,512,1600,fp32,block,dense,0,0,33308,33337,0,0,0.019112273,1.20611084,0.000801027,0.002474539,1.20691187,1.24130332,0,0.000753819275,,0,16000000,24198400
dsb-gpu,WK2000_1,33,12378,2000,2000,2000,1999000,512,1600,fp32,block,dense,0,0,33304,33337,0,0,0.019471763,1.21832153,0.000797924,0.002418922,1.21911946,1.25408078,0,0.000761450958,,0,16000000,24198400
dsb-gpu,WK2000_1,34,12379,2000,2000,2000,1999000,512,1600,fp32,block,dense,0,0,33337,33337,1,0,0.019251442,1.22714734,0.000815555,0.002475723,1.22796289,1.26236101,0,0.000766967087,,0,16000000,24198400
dsb-gpu,WK2000_1,35,12380,2000,2000,2000,1999000,512,1600,fp32,block,dense,0,0,33335,33337,0,0,0.019165234,1.21229895,0.000800484,0.002421194,1.21309943,1.24761704,0,0.000757686844,,0,16000000,24198400
dsb-gpu,WK2000_1,36,12381,2000,2000,2000,1999000,512,1600,fp32,block,dense,0,0,33308,33337,0,0,0.020113302,1.20921057,0.000801156,0.002476234,1.21001173,1.2455922,0,0.000755756607,,0,16000000,24198400
dsb-gpu,WK2000_1,37,12382,2000,2000,2000,1999000,512,1600,fp32,block,dense,0,0,33304,33337,0,0,0.019857909,1.23576538,0.000797572,0.00245681,1.23656295,1.27174153,0,0.000772353363,,0,16000000,24198400
dsb-gpu,WK2000_1,38,12383,2000,2000,2000,1999000,512,1600,fp32,block,dense,0,0,33298,33337,0,0,0.019270386,1.24131494,0.000800068,0.002441578,1.24211501,1.2767436,0,0.000775821838,,0,16000000,24198400
dsb-gpu,WK2000_1,39,12384,2000,2000,2000,1999000,512,1600,fp32,block,dense,0,0,33303,33337,0,0,0.019258834,1.24239429,0.000800067,0.002410122,1.24319435,1.27773541,0,0.000776496429,,0,16000000,24198400
dsb-gpu,WK2000_1,40,12385,2000,2000,2000,1999000,512,1600,fp32,block,dense,0,0,33304,33337,0,0,0.019671188,1.21601953,0.000800387,0.002427818,1.21681992,1.25190055,0,0.000760012207,,0,16000000,24198400
dsb-gpu,WK2000_1,41,12386,2000,2000,2000,1999000,512,1600,fp32,block,dense,0,0,33303,33337,0,0,0.019369779,1.23733582,0.000810916,0.002406282,1.23814673,1.27275343,0,0.000773334885,,0,16000000,24198400
dsb-gpu,WK2000_1,42,12387,2000,2000,2000,1999000,512,1600,fp32,block,dense,0,0,33308,33337,0,0,0.019411379,1.2362124,0.000807812,0.00241025,1.23702021,1.27176594,0,0.000772632751,,0,16000000,24198400
dsb-gpu,WK2000_1,43,12388,2000,2000,2000,1999000,512,1600,fp32,block,dense,0,0,33335,33337,0,0,0.019399379,1.22171521,0.000797731,0.002466187,1.22251294,1.25718585,0,0.000763572006,,0,16000000,24198400
dsb-gpu,WK2000_1,44,12389,2000,2000,2000,1999000,512,1600,fp32,block,dense,0,0,33337,33337,1,0,0.019415379,1.23850977,0.000797315,0.002428074,1.23930708,1.2741871,0,0.000774068604,,0,16000000,24198400
dsb-gpu,WK2000_1,45,12390,2000,2000,2000,1999000,512,1600,fp32,block,dense,0,0,33337,33337,1,0,0.019396083,1.23495154,0.000792131,0.002418634,1.23574367,1.27065135,0,0.000771844711,,0,16000000,24198400
dsb-gpu,WK2000_1,46,12391,2000,2000,2000,1999000,512,1600,fp32,block,dense,0,0,33311,33337,0,0,0.019704116,1.2288551,0.000805347,0.002459723,1.22966045,1.2647431,0,0.000768034439,,0,16000000,24198400
dsb-gpu,WK2000_1,47,12392,2000,2000,2000,1999000,512,1600,fp32,block,dense,0,0,33304,33337,0,0,0.019176274,1.22310205,0.000794499,0.002443755,1.22389655,1.25821561,0,0.000764438782,,0,16000000,24198400
dsb-gpu,WK2000_1,48,12393,2000,2000,2000,1999000,512,1600,fp32,block,dense,0,0,33335,33337,0,0,0.019334291,1.23461487,0.000797027,0.002477834,1.2354119,1.27027554,0,0.000771634293,,0,16000000,24198400
dsb-gpu,WK2000_1,49,12394,2000,2000,2000,1999000,512,1600,fp32,block,dense,0,0,33335,33337,0,0,0.019896437,1.20993201,0.000795588,0.002438826,1.21072759,1.24608663,0,0.000756207504,,0,16000000,24198400
dsb-gpu,WK2000_1,0,12345,2000,2000,2000,1999000,512,1600,fp32,cluster,dense,0,0,33335,33337,0,0,0.019126258,3.34754272,0.000823395,0.003044333,3.34836612,3.38364504,0,0.0020922142,,0,16000000,24198400
dsb-gpu,WK2000_1,1,12346,2000,2000,2000,1999000,512,1600,fp32,cluster,dense,0,0,33337,33337,1,0,0.019304627,3.3432002,0.000828643,0.002842028,3.34402884,3.37936438,0,0.00208950012,,0,16000000,24198400
dsb-gpu,WK2000_1,2,12347,2000,2000,2000,1999000,512,1600,fp32,cluster,dense,0,0,33337,33337,1,0,0.019858005,3.34533203,0.000808419,0.002943149,3.34614045,3.38211886,0,0.00209083252,,0,16000000,24198400
dsb-gpu,WK2000_1,3,12348,2000,2000,2000,1999000,512,1600,fp32,cluster,dense,0,0,33296,33337,0,0,0.019909909,3.31901001,0.000810212,0.002807564,3.31982022,3.35583497,0,0.00207438126,,0,16000000,24198400
dsb-gpu,WK2000_1,4,12349,2000,2000,2000,1999000,512,1600,fp32,cluster,dense,0,0,33308,33337,0,0,0.018947953,3.34616455,0.000809188,0.00251345,3.34697374,3.38177047,0,0.00209135284,,0,16000000,24198400
dsb-gpu,WK2000_1,5,12350,2000,2000,2000,1999000,512,1600,fp32,cluster,dense,0,0,33308,33337,0,0,0.019159185,3.34444336,0.000807587,0.00287438,3.34525095,3.38007526,0,0.0020902771,,0,16000000,24198400
dsb-gpu,WK2000_1,6,12351,2000,2000,2000,1999000,512,1600,fp32,cluster,dense,0,0,33337,33337,1,0,0.019210226,3.33969312,0.000810819,0.002498795,3.34050393,3.37559649,0,0.0020873082,,0,16000000,24198400
dsb-gpu,WK2000_1,7,12352,2000,2000,2000,1999000,512,1600,fp32,cluster,dense,0,0,33335,33337,0,0,0.019140689,3.3401792,0.000806307,0.00242257,3.34098551,3.37536993,0,0.002087612,,0,16000000,24198400
dsb-gpu,WK2000_1,8,12353,2000,2000,2000,1999000,512,1600,fp32,cluster,dense,0,0,33308,33337,0,0,0.019111474,3.34805225,0.000798404,0.002471466,3.34885065,3.38326632,0,0.00209253265,,0,16000000,24198400
dsb-gpu,WK2000_1,9,12354,2000,2000,2000,1999000,512,1600,fp32,cluster,dense,0,0,33311,33337,0,0,0.019023153,3.32032715,0.000802659,0.002449162,3.32112981,3.35555938,0,0.00207520447,,0,16000000,24198400
dsb-gpu,WK2000_1,10,12355,2000,2000,2000,1999000,512,1600,fp32,cluster,dense,0,0,33337,33337,1,0,0.019108786,3.34638843,0.000800995,0.002426794,3.34718942,3.38158222,0,0.00209149277,,0,16000000,24198400
dsb-gpu,WK2000_1,11,12356,2000,2000,2000,1999000,512,1600,fp32,cluster,dense,0,0,33335,33337,0,0,0.019810996,3.32056909,0.00080122,0.002417898,3.32137031,3.35637542,0,0.00207535568,,0,16000000,24198400
dsb-gpu,WK2000_1,12,12357,2000,2000,2000,1999000,512,1600,fp32,cluster,dense,0,0,33337,33337,1,0,0.019826645,3.34047266,0.000799523,0.002418443,3.34127218,3.37635439,0,0.00208779541,,0,16000000,24198400
dsb-gpu,WK2000_1,13,12358,2000,2000,2000,1999000,512,1600,fp32,cluster,dense,0,0,33335,33337,0,0,0.019131634,3.33700732,0.000798404,0.002395434,3.33780573,3.37230166,0,0.00208562958,,0,16000000,24198400
dsb-gpu,WK2000_1,14,12359,2000,2000,2000,1999000,512,1600,fp32,cluster,dense,0,0,33335,33337,0,0,0.019103154,3.34006396,0.00080362,0.002399018,3.34086758,3.37532894,0,0.00208753998,,0,16000000,24198400
dsb-gpu,WK2000_1,15,12360,2000,2000,2000,1999000,512,1600,fp32,cluster,dense,0,0,33337,33337,1,0,0.019147665,3.31904028,0.000802051,0.002397067,3.31984233,3.35439548,0,0.00207440018,,0,16000000,24198400
dsb-gpu,WK2000_1,16,12361,2000,2000,2000,1999000,512,1600,fp32,cluster,dense,0,0,33333,33337,0,0,0.01968386,3.34859106,0.000821827,0.002389674,3.34941289,3.38451084,0,0.00209286942,,0,16000000,24198400
dsb-gpu,WK2000_1,17,12362,2000,2000,2000,1999000,512,1600,fp32,cluster,dense,0,0,33294,33337,0,0,0.019156178,3.32009375,0.000799587,0.002421003,3.32089334,3.35549411,0,0.00207505859,,0,16000000,24198400
dsb-gpu,WK2000_1,18,12363,2000,2000,2000,1999000,512,1600,fp32,cluster,dense,0,0,33308,33337,0,0,0.018951825,3.3469353,0.000805731,0.002444939,3.34774103,3.38210513,0,0.00209183456,,0,16000000,24198400
dsb-gpu,WK2000_1,19,12364,2000,2000,2000,1999000,512,1600,fp32,cluster,dense,0,0,33333,33337,0,0,0.01915365,3.34397192,0.0008009,0.00244257,3.34477282,3.37917958,0,0.00208998245,,0,16000000,24198400
dsb-gpu,WK2000_1,20,12365,2000,2000,2000,1999000,512,1600,fp32,cluster,dense,0,0,33304,33337,0,0,0.019187026,3.34560254,0.000797251,0.00244785,3.34639979,3.38089748,0,0.00209100159,,0,16000000,24198400
dsb-gpu,WK2000_1,21,12366,2000,2000,2000,1999000,512,1600,fp32,cluster,dense,0,0,33335,33337,0,0,0.019544371,3.31915479,0.000804035,0.002490187,3.31995882,3.35481353,0,0.00207447174,,0,16000000,24198400
dsb-gpu,WK2000_1,22,12367,2000,2000,2000,1999000,512,1600,fp32,cluster,dense,0,0,33304,33337,0,0,0.019088785,3.34715674,0.000806211,0.002488811,3.34796295,3.38260232,0,0.00209197296,,0,16000000,24198400
dsb-gpu,WK2000_1,23,12368,2000,2000,2000,1999000,512,1600,fp32,cluster,dense,0,0,33308,33337,0,0,0.019272242,3.33963403,0.000803747,0.002427723,3.34043778,3.37499892,0,0.00208727127,,0,16000000,24198400
dsb-gpu,WK2000_1,24,12369,2000,2000,2000,1999000,512,1600,fp32,cluster,dense,0,0,33335,33337,0,0,0.019114898,3.33999512,0.000803139,0.002418666,3.34079826,3.37512046,0,0.00208749695,,0,16000000,24198400
dsb-gpu,WK2000_1,25,12370,2000,2000,2000,1999000,512,1600,fp32,cluster,dense,0,0,33304,33337,0,0,0.019059505,3.33898291,0.000799715,0.002875373,3.33978263,3.37452398,0,0.00208686432,,0,16000000,24198400
dsb-gpu,WK2000_1,26,12371,2000,2000,2000,1999000,512,1600,fp32,cluster,dense,0,0,33311,33337,0,0,0.019094033,3.34757739,0.000808707,0.002416298,3.3483861,3.3828572,0,0.00209223587,,0,16000000,24198400
dsb-gpu,WK2000_1,27,12372,2000,2000,2000,1999000,512,1600,fp32,cluster,dense,0,0,33337,33337,1,0,0.019249874,3.34596045,0.000800164,0.002435242,3.34676061,3.38145006,0,0.00209122528,,0,16000000,24198400
dsb-gpu,WK2000_1,28,12373,2000,2000,2000,1999000,512,1600,fp32,cluster,dense,0,0,33303,33337,0,0,0.019031281,3.34700562,0.000813124,0.002471851,3.34781874,3.38217614,0,0.00209187851,,0,16000000,24198400
dsb-gpu,WK2000_1,29,12374,2000,2000,2000,1999000,512,1600,fp32,cluster,dense,0,0,33337,33337,1,0,0.019235091,3.34632642,0.000803491,0.002471915,3.34712991,3.38168193,0,0.00209145401,,0,16000000,24198400
dsb-gpu,WK2000_1,30,12375,2000,2000,2000,1999000,512,1600,fp32,cluster,dense,0,0,33308,33337,0,0,0.019090321,3.34668945,0.000813219,0.002465003,3.34750267,3.38207755,0,0.00209168091,,0,16000000,24198400
dsb-gpu,WK2000_1,31,12376,2000,2000,2000,1999000,512,1600,fp32,cluster,dense,0,0,33305,33337,0,0,0.019181394,3.32107544,0.000805828,0.002428522,3.32188127,3.35644217,0,0.00207567215,,0,16000000,24198400
dsb-gpu,WK2000_1,32,12377,2000,2000,2000,1999000,512,1600,fp32,cluster,dense,0,0,33308,33337,0,0,0.019078898,3.34915039,0.000804803,0.002470923,3.34995519,3.38438556,0,0.00209321899,,0,16000000,24198400
dsb-gpu,WK2000_1,33,12378,2000,2000,2000,1999000,512,1600,fp32,cluster,dense,0,0,33304,33337,0,0,0.019721524,3.34542285,0.00080538,0.002414218,3.34622823,3.38124369,0,0.00209088928,,0,16000000,24198400
dsb-gpu,WK2000_1,34,12379,2000,2000,2000,1999000,512,1600,fp32,cluster,dense,0,0,33337,33337,1,0,0.019642484,3.34209961,0.000816228,0.002475626,3.34291584,3.37789807,0,0.00208881226,,0,16000000,24198400
dsb-gpu,WK2000_1,35,12380,2000,2000,2000,1999000,512,1600,fp32,cluster,dense,0,0,33335,33337,0,0,0.018995057,3.34632422,0.00079658,0.00242817,3.3471208,3.381341,0,0.00209145264,,0,16000000,24198400
dsb-gpu,WK2000_1,36,12381,2000,2000,2000,1999000,512,1600,fp32,cluster,dense,0,0,33308,33337,0,0,0.019924373,3.34498218,0.000821123,0.002447531,3.3458033,3.38127642,0,0.00209061386,,0,16000000,24198400
dsb-gpu,WK2000_1,37,12382,2000,2000,2000,1999000,512,1600,fp32,cluster,dense,0,0,33304,33337,0,0,0.019159826,3.33829883,0.000800868,0.002475018,3.3390997,3.37351168,0,0.00208643677,,0,16000000,24198400
dsb-gpu,WK2000_1,38,12383,2000,2000,2000,1999000,512,1600,fp32,cluster,dense,0,0,33298,33337,0,0,0.019169362,3.34716406,0.000813764,0.002467851,3.34797783,3.38258014,0,0.00209197754,,0,16000000,24198400
dsb-gpu,WK2000_1,39,12384,2000,2000,2000,1999000,512,1600,fp32,cluster,dense,0,0,33303,33337,0,0,0.01908501,3.34642383,0.0008041,0.002445354,3.34722793,3.38157293,0,0.00209151489,,0,16000000,24198400
dsb-gpu,WK2000_1,40,12385,2000,2000,2000,1999000,512,1600,fp32,cluster,dense,0,0,33304,33337,0,0,0.019781172,3.34086548,0.0008057,0.002435978,3.34167118,3.37673627,0,0.00208804092,,0,16000000,24198400
dsb-gpu,WK2000_1,41,12386,2000,2000,2000,1999000,512,1600,fp32,cluster,dense,0,0,33303,33337,0,0,0.01964018,3.33694238,0.000816548,0.002395754,3.33775893,3.37258423,0,0.00208558899,,0,16000000,24198400
dsb-gpu,WK2000_1,42,12387,2000,2000,2000,1999000,512,1600,fp32,cluster,dense,0,0,33308,33337,0,0,0.019272498,3.3444707,0.000810532,0.002424939,3.34528124,3.3799248,0,0.00209029419,,0,16000000,24198400
dsb-gpu,WK2000_1,43,12388,2000,2000,2000,1999000,512,1600,fp32,cluster,dense,0,0,33335,33337,0,0,0.019968022,3.32010986,0.000809059,0.002980621,3.32091892,3.35670598,0,0.00207506866,,0,16000000,24198400
dsb-gpu,WK2000_1,44,12389,2000,2000,2000,1999000,512,1600,fp32,cluster,dense,0,0,33337,33337,1,0,0.019873397,3.34824878,0.000803332,0.002395306,3.34905211,3.38441359,0,0.00209265549,,0,16000000,24198400
dsb-gpu,WK2000_1,45,12390,2000,2000,2000,1999000,512,1600,fp32,cluster,dense,0,0,33337,33337,1,0,0.01922421,3.34548047,0.000809635,0.002434187,3.3462901,3.38082666,0,0.00209092529,,0,16000000,24198400
dsb-gpu,WK2000_1,46,12391,2000,2000,2000,1999000,512,1600,fp32,cluster,dense,0,0,33311,33337,0,0,0.019167154,3.34027954,0.000804579,0.002464907,3.34108412,3.37555422,0,0.00208767471,,0,16000000,24198400
dsb-gpu,WK2000_1,47,12392,2000,2000,2000,1999000,512,1600,fp32,cluster,dense,0,0,33304,33337,0,0,0.01926037,3.32078735,0.000824643,0.002464491,3.321612,3.35635587,0,0.0020754921,,0,16000000,24198400
dsb-gpu,WK2000_1,48,12393,2000,2000,2000,1999000,512,1600,fp32,cluster,dense,0,0,33335,33337,0,0,0.019021265,3.34684961,0.000798468,0.002449707,3.34764808,3.3819978,0,0.00209178101,,0,16000000,24198400
dsb-gpu,WK2000_1,49,12394,2000,2000,2000,1999000,512,1600,fp32,cluster,dense,0,0,33335,33337,0,0,0.019935894,3.34653125,0.000810595,0.002439051,3.34734184,3.38257572,0,0.00209158203,,0,16000000,24198400
dsb-gpu,WK2000_1,0,12345,2000,2000,2000,1999000,512,1600,fp32,global-sync,dense,0,0,33335,33337,0,0,0.019767988,14.6618887,0.000851843,0.003030061,14.6627405,14.6991174,0,0.00916368042,,0,16000000,28294400
dsb-gpu,WK2000_1,1,12346,2000,2000,2000,1999000,512,1600,fp32,global-sync,dense,0,0,33337,33337,1,0,0.020054101,14.6545586,0.000835876,0.003036014,14.6553945,14.692184,0,0.00915909912,,0,16000000,28294400
dsb-gpu,WK2000_1,2,12347,2000,2000,2000,1999000,512,1600,fp32,global-sync,dense,0,0,33337,33337,1,0,0.020536152,14.6578535,0.000809891,0.002937612,14.6586634,14.6957411,0,0.00916115845,,0,16000000,28294400
dsb-gpu,WK2000_1,3,12348,2000,2000,2000,1999000,512,1600,fp32,global-sync,dense,0,0,33296,33337,0,0,0.019707925,14.6668027,0.000828516,0.00240049,14.6676313,14.703347,0,0.00916675171,,0,16000000,28294400
dsb-gpu,WK2000_1,4,12349,2000,2000,2000,1999000,512,1600,fp32,global-sync,dense,0,0,33308,33337,0,0,0.020228118,14.6566504,0.000816227,0.002479402,14.6574666,14.693744,0,0.00916040649,,0,16000000,28294400
dsb-gpu,WK2000_1,5,12350,2000,2000,2000,1999000,512,1600,fp32,global-sync,dense,0,0,33308,33337,0,0,0.019787989,14.6670898,0.000815619,0.002490314,14.6679055,14.7036773,0,0.00916693115,,0,16000000,28294400
dsb-gpu,WK2000_1,6,12351,2000,2000,2000,1999000,512,1600,fp32,global-sync,dense,0,0,33337,33337,1,0,0.019617812,14.6579668,0.00082602,0.002479114,14.6587928,14.6944921,0,0.00916122925,,0,16000000,28294400
dsb-gpu,WK2000_1,7,12352,2000,2000,2000,1999000,512,1600,fp32,global-sync,dense,0,0,33335,33337,0,0,0.020512727,14.6654121,0.000807811,0.002484395,14.6662199,14.7024491,0,0.00916588257,,0,16000000,28294400
dsb-gpu,WK2000_1,8,12353,2000,2000,2000,1999000,512,1600,fp32,global-sync,dense,0,0,33308,33337,0,0,0.019958037,14.6587061,0.000809988,0.00252097,14.659516,14.6953132,0,0.00916169128,,0,16000000,28294400
dsb-gpu,WK2000_1,9,12354,2000,2000,2000,1999000,512,1600,fp32,global-sync,dense,0,0,33311,33337,0,0,0.01980962,14.659707,0.00082138,0.002404362,14.6605284,14.6961189,0,0.00916231689,,0,16000000,28294400
dsb-gpu,WK2000_1,10,12355,2000,2000,2000,1999000,512,1600,fp32,global-sync,dense,0,0,33337,33337,1,0,0.019902293,14.6574902,0.000805571,0.002467211,14.6582958,14.6940515,0,0.0091609314,,0,16000000,28294400
dsb-gpu,WK2000_1,11,12356,2000,2000,2000,1999000,512,1600,fp32,global-sync,dense,0,0,33335,33337,0,0,0.020535,14.6612598,0.000848996,0.002536235,14.6621088,14.6984363,0,0.00916328735,,0,16000000,28294400
dsb-gpu,WK2000_1,12,12357,2000,2000,2000,1999000,512,1600,fp32,global-sync,dense,0,0,33337,33337,1,0,0.020392567,14.6580986,0.000808771,0.00248481,14.6589074,14.6951038,0,0.00916131165,,0,16000000,28294400
dsb-gpu,WK2000_1,13,12358,2000,2000,2000,1999000,512,1600,fp32,global-sync,dense,0,0,33335,33337,0,0,0.020124054,14.666833,0.000816644,0.002520427,14.6676497,14.7036235,0,0.00916677063,,0,16000000,28294400
dsb-gpu,WK2000_1,14,12359,2000,2000,2000,1999000,512,1600,fp32,global-sync,dense,0,0,33335,33337,0,0,0.02062252,14.6566201,0.000822179,0.002471179,14.6574423,14.6937986,0,0.00916038757,,0,16000000,28294400
dsb-gpu,WK2000_1,15,12360,2000,2000,2000,1999000,512,1600,fp32,global-sync,dense,0,0,33337,33337,1,0,0.020714776,14.6581631,0.000825091,0.002487979,14.6589882,14.6955145,0,0.00916135193,,0,16000000,28294400
dsb-gpu,WK2000_1,16,12361,2000,2000,2000,1999000,512,1600,fp32,global-sync,dense,0,0,33333,33337,0,0,0.019924757,14.6573857,0.000806724,0.002506091,14.6581925,14.6939085,0,0.00916086609,,0,16000000,28294400
dsb-gpu,WK2000_1,17,12362,2000,2000,2000,1999000,512,1600,fp32,global-sync,dense,0,0,33294,33337,0,0,0.019898805,14.6580098,0.000819363,0.002552043,14.6588291,14.69453,0,0.0091612561,,0,16000000,28294400
dsb-gpu,WK2000_1,18,12363,2000,2000,2000,1999000,512,1600,fp32,global-sync,dense,0,0,33308,33337,0,0,0.020107638,14.6616846,0.000809764,0.002499498,14.6624943,14.6983711,0,0.00916355286,,0,16000000,28294400
dsb-gpu,WK2000_1,19,12364,2000,2000,2000,1999000,512,1600,fp32,global-sync,dense,0,0,33333,33337,0,0,0.020421239,14.6526973,0.000831139,0.002470058,14.6535284,14.6897023,0,0.00915793579,,0,16000000,28294400
dsb-gpu,WK2000_1,20,12365,2000,2000,2000,1999000,512,1600,fp32,global-sync,dense,0,0,33304,33337,0,0,0.020008565,14.6600928,0.000811908,0.002467275,14.6609047,14.6965893,0,0.00916255798,,0,16000000,28294400
dsb-gpu,WK2000_1,21,12366,2000,2000,2000,1999000,512,1600,fp32,global-sync,dense,0,0,33335,33337,0,0,0.020553591,14.669998,0.000811683,0.002506795,14.6708097,14.7071503,0,0.00916874878,,0,16000000,28294400
dsb-gpu,WK2000_1,22,12367,2000,2000,2000,1999000,512,1600,fp32,global-sync,dense,0,0,33304,33337,0,0,0.020163254,14.6581045,0.000813348,0.00252497,14.6589178,14.6949162,0,0.00916131531,,0,16000000,28294400
dsb-gpu,WK2000_1,23,12368,2000,2000,2000,1999000,512,1600,fp32,global-sync,dense,0,0,33308,33337,0,0,0.020057398,14.6570811,0.000821476,0.002488266,14.6579025,14.6940853,0,0.00916067566,,0,16000000,28294400
dsb-gpu,WK2000_1,24,12369,2000,2000,2000,1999000,512,1600,fp32,global-sync,dense,0,0,33335,33337,0,0,0.020051894,14.6621123,0.000812515,0.002498411,14.6629248,14.6990194,0,0.00916382019,,0,16000000,28294400
dsb-gpu,WK2000_1,25,12370,2000,2000,2000,1999000,512,1600,fp32,global-sync,dense,0,0,33304,33337,0,0,0.020175702,14.6688623,0.000820739,0.00246561,14.669683,14.7055753,0,0.00916803894,,0,16000000,28294400
dsb-gpu,WK2000_1,26,12371,2000,2000,2000,1999000,512,1600,fp32,global-sync,dense,0,0,33311,33337,0,0,0.020669432,14.6583418,0.00080986,0.002490091,14.6591517,14.6955866,0,0.00916146362,,0,16000000,28294400
dsb-gpu,WK2000_1,27,12372,2000,2000,2000,1999000,512,1600,fp32,global-sync,dense,0,0,33337,33337,1,0,0.020077941,14.6682227,0.000823203,0.002462891,14.6690459,14.7051191,0,0.00916763916,,0,16000000,28294400
dsb-gpu,WK2000_1,28,12373,2000,2000,2000,1999000,512,1600,fp32,global-sync,dense,0,0,33303,33337,0,0,0.020801369,14.6555322,0.000815044,0.002428011,14.6563473,14.692948,0,0.00915970764,,0,16000000,28294400
dsb-gpu,WK2000_1,29,12374,2000,2000,2000,1999000,512,1600,fp32,global-sync,dense,0,0,33337,33337,1,0,0.020322615,14.6656074,0.000834467,0.002489866,14.6664419,14.7027359,0,0.00916600464,,0,16000000,28294400
dsb-gpu,WK2000_1,30,12375,2000,2000,2000,1999000,512,1600,fp32,global-sync,dense,0,0,33308,33337,0,0,0.020806937,14.6579443,0.000831491,0.00249233,14.6587758,14.6955111,0,0.00916121521,,0,16000000,28294400
dsb-gpu,WK2000_1,31,12376,2000,2000,2000,1999000,512,1600,fp32,global-sync,dense,0,0,33305,33337,0,0,0.020125462,14.6650791,0.000815876,0.00300526,14.665895,14.7023382,0,0.00916567444,,0,16000000,28294400
dsb-gpu,WK2000_1,32,12377,2000,2000,2000,1999000,512,1600,fp32,global-sync,dense,0,0,33308,33337,0,0,0.020085781,14.658415,0.000806275,0.002490954,14.6592213,14.6950573,0,0.0091615094,,0,16000000,28294400
dsb-gpu,WK2000_1,33,12378,2000,2000,2000,1999000,512,1600,fp32,global-sync,dense,0,0,33304,33337,0,0,0.02014191,14.6586602,0.000821379,0.002447883,14.6594815,14.6955632,0,0.0091616626,,0,16000000,28294400
dsb-gpu,WK2000_1,34,12379,2000,2000,2000,1999000,512,1600,fp32,global-sync,dense,0,0,33337,33337,1,0,0.02012575,14.6642344,0.000814468,0.002450475,14.6650488,14.7010063,0,0.00916514648,,0,16000000,28294400
dsb-gpu,WK2000_1,35,12380,2000,2000,2000,1999000,512,1600,fp32,global-sync,dense,0,0,33335,33337,0,0,0.020155093,14.6554727,0.000830787,0.002451882,14.6563034,14.6923038,0,0.00915967041,,0,16000000,28294400
dsb-gpu,WK2000_1,36,12381,2000,2000,2000,1999000,512,1600,fp32,global-sync,dense,0,0,33308,33337,0,0,0.020176118,14.6588916,0.000808548,0.002454027,14.6597001,14.6958527,0,0.00916180725,,0,16000000,28294400
dsb-gpu,WK2000_1,37,12382,2000,2000,2000,1999000,512,1600,fp32,global-sync,dense,0,0,33304,33337,0,0,0.020289718,14.6569268,0.000819683,0.002440362,14.6577464,14.6939902,0,0.00916057922,,0,16000000,28294400
dsb-gpu,WK2000_1,38,12383,2000,2000,2000,1999000,512,1600,fp32,global-sync,dense,0,0,33298,33337,0,0,0.020244118,14.6569404,0.000816259,0.002454986,14.6577567,14.6938963,0,0.00916058777,,0,16000000,28294400
dsb-gpu,WK2000_1,39,12384,2000,2000,2000,1999000,512,1600,fp32,global-sync,dense,0,0,33303,33337,0,0,0.02020735,14.6563564,0.000818179,0.002462282,14.6571746,14.6933627,0,0.00916022278,,0,16000000,28294400
dsb-gpu,WK2000_1,40,12385,2000,2000,2000,1999000,512,1600,fp32,global-sync,dense,0,0,33304,33337,0,0,0.020710968,14.6593506,0.000809411,0.002358378,14.66016,14.6966477,0,0.00916209412,,0,16000000,28294400
dsb-gpu,WK2000_1,41,12386,2000,2000,2000,1999000,512,1600,fp32,global-sync,dense,0,0,33303,33337,0,0,0.020194614,14.6597812,0.000815331,0.002472811,14.6605966,14.6966153,0,0.00916236328,,0,16000000,28294400
dsb-gpu,WK2000_1,42,12387,2000,2000,2000,1999000,512,1600,fp32,global-sync,dense,0,0,33308,33337,0,0,0.020499511,14.6627773,0.000809412,0.002464842,14.6635868,14.6999839,0,0.00916423584,,0,16000000,28294400
dsb-gpu,WK2000_1,43,12388,2000,2000,2000,1999000,512,1600,fp32,global-sync,dense,0,0,33335,33337,0,0,0.020163862,14.663127,0.000823268,0.002475978,14.6639502,14.7000719,0,0.00916445435,,0,16000000,28294400
dsb-gpu,WK2000_1,44,12389,2000,2000,2000,1999000,512,1600,fp32,global-sync,dense,0,0,33337,33337,1,0,0.020339319,14.659541,0.000817508,0.00247201,14.6603585,14.6966388,0,0.00916221313,,0,16000000,28294400
dsb-gpu,WK2000_1,45,12390,2000,2000,2000,1999000,512,1600,fp32,global-sync,dense,0,0,33337,33337,1,0,0.020392823,14.6587178,0.000820867,0.00245441,14.6595386,14.6958256,0,0.00916169861,,0,16000000,28294400
dsb-gpu,WK2000_1,46,12391,2000,2000,2000,1999000,512,1600,fp32,global-sync,dense,0,0,33311,33337,0,0,0.020816121,14.6595801,0.000810724,0.002454091,14.6603908,14.6970332,0,0.00916223755,,0,16000000,28294400
dsb-gpu,WK2000_1,47,12392,2000,2000,2000,1999000,512,1600,fp32,global-sync,dense,0,0,33304,33337,0,0,0.020894521,14.6554863,0.000816803,0.002457131,14.6563031,14.6931139,0,0.00915967896,,0,16000000,28294400
dsb-gpu,WK2000_1,48,12393,2000,2000,2000,1999000,512,1600,fp32,global-sync,dense,0,0,33335,33337,0,0,0.02056892,14.6621709,0.000845604,0.002459242,14.6630165,14.6995572,0,0.00916385681,,0,16000000,28294400
dsb-gpu,WK2000_1,49,12394,2000,2000,2000,1999000,512,1600,fp32,global-sync,dense,0,0,33335,33337,0,0,0.020379735,14.6565439,0.000816772,0.002479787,14.6573607,14.6937626,0,0.00916033997,,0,16000000,28294400
dsb-gpu,WK2000_1,0,12345,2000,2000,2000,1999000,512,1600,fp32,gemm,dense,0,0,33335,33337,0,0,0.020174966,0.0435771828,0.000814787,0.002378282,0.0443919698,0.104677372,0,2.72357392e-05,,0,16000000,36584704
dsb-gpu,WK2000_1,1,12346,2000,2000,2000,1999000,512,1600,fp32,gemm,dense,0,0,33337,33337,1,0,0.01988914,0.0444207687,0.000816004,0.002375434,0.0452367727,0.104829917,0,2.77629805e-05,,0,16000000,36584704
dsb-gpu,WK2000_1,2,12347,2000,2000,2000,1999000,512,1600,fp32,gemm,dense,0,0,33337,33337,1,0,0.019776052,0.0437257271,0.000822275,0.002360042,0.0445480021,0.103572696,0,2.73285794e-05,,0,16000000,36584704
dsb-gpu,WK2000_1,3,12348,2000,2000,2000,1999000,512,1600,fp32,gemm,dense,0,0,33296,33337,0,0,0.019472146,0.0443635216,0.000796068,0.00238737,0.0451595896,0.104785245,0,2.7727201e-05,,0,16000000,36584704
dsb-gpu,WK2000_1,4,12349,2000,2000,2000,1999000,512,1600,fp32,gemm,dense,0,0,33308,33337,0,0,0.019329778,0.0437869759,0.000798595,0.002387434,0.0445855709,0.10361132,0,2.73668599e-05,,0,16000000,36584704
dsb-gpu,WK2000_1,5,12350,2000,2000,2000,1999000,512,1600,fp32,gemm,dense,0,0,33308,33337,0,0,0.019429875,0.0443524818,0.000802147,0.002352362,0.0451546288,0.10400953,0,2.77203012e-05,,0,16000000,36584704
dsb-gpu,WK2000_1,6,12351,2000,2000,2000,1999000,512,1600,fp32,gemm,dense,0,0,33337,33337,1,0,0.019862516,0.0432974396,0.00079994,0.002404523,0.0440973796,0.103355383,0,2.70608997e-05,,0,16000000,36584704
dsb-gpu,WK2000_1,7,12352,2000,2000,2000,1999000,512,1600,fp32,gemm,dense,0,0,33335,33337,0,0,0.019632883,0.0438652496,0.000813892,0.002366378,0.0446791416,0.105135262,0,2.7415781e-05,,0,16000000,36584704
dsb-gpu,WK2000_1,8,12353,2000,2000,2000,1999000,512,1600,fp32,gemm,dense,0,0,33308,33337,0,0,0.019143601,0.0432436485,0.000797828,0.002368234,0.0440414765,0.103003925,0,2.70272803e-05,,0,16000000,36584704
dsb-gpu,WK2000_1,9,12354,2000,2000,2000,1999000,512,1600,fp32,gemm,dense,0,0,33311,33337,0,0,0.019245713,0.0439246407,0.000789156,0.002394986,0.0447137967,0.10371068,0,2.74529004e-05,,0,16000000,36584704
dsb-gpu,WK2000_1,10,12355,2000,2000,2000,1999000,512,1600,fp32,gemm,dense,0,0,33337,33337,1,0,0.019837877,0.0431783028,0.00082378,0.002793996,0.0440020828,0.103899002,0,2.69864392e-05,,0,16000000,36584704
dsb-gpu,WK2000_1,11,12356,2000,2000,2000,1999000,512,1600,fp32,gemm,dense,0,0,33335,33337,0,0,0.01972066,0.0438335037,0.00079306,0.002347786,0.0446265637,0.104418428,0,2.73959398e-05,,0,16000000,36584704
dsb-gpu,WK2000_1,12,12357,2000,2000,2000,1999000,512,1600,fp32,gemm,dense,0,0,33337,33337,1,0,0.019521779,0.0432217903,0.000789507,0.002377642,0.0440112973,0.10322047,0,2.70136189e-05,,0,16000000,36584704
dsb-gpu,WK2000_1,13,12358,2000,2000,2000,1999000,512,1600,fp32,gemm,dense,0,0,33335,33337,0,0,0.019263346,0.0438735695,0.000799203,0.002372714,0.0446727725,0.103765496,0,2.74209809e-05,,0,16000000,36584704
dsb-gpu,WK2000_1,14,12359,2000,2000,2000,1999000,512,1600,fp32,gemm,dense,0,0,33335,33337,0,0,0.019284818,0.0431675835,0.000798628,0.00233649,0.0439662115,0.102886069,0,2.69797397e-05,,0,16000000,36584704
dsb-gpu,WK2000_1,15,12360,2000,2000,2000,1999000,512,1600,fp32,gemm,dense,0,0,33337,33337,1,0,0.019912757,0.0438187218,0.000797731,0.002405418,0.0446164528,0.10404825,0,2.73867011e-05,,0,16000000,36584704
dsb-gpu,WK2000_1,16,12361,2000,2000,2000,1999000,512,1600,fp32,gemm,dense,0,0,33333,33337,0,0,0.019210161,0.0432059517,0.0007953,0.002345706,0.0440012517,0.102710644,0,2.70037198e-05,,0,16000000,36584704
dsb-gpu,WK2000_1,17,12362,2000,2000,2000,1999000,512,1600,fp32,gemm,dense,0,0,33294,33337,0,0,0.019786772,0.0438252144,0.000791971,0.002376554,0.0446171854,0.103595416,0,2.7390759e-05,,0,16000000,36584704
dsb-gpu,WK2000_1,18,12363,2000,2000,2000,1999000,512,1600,fp32,gemm,dense,0,0,33308,33337,0,0,0.019141938,0.0431875191,0.000801667,0.002389898,0.0439891861,0.10270386,0,2.69921994e-05,,0,16000000,36584704
dsb-gpu,WK2000_1,19,12364,2000,2000,2000,1999000,512,1600,fp32,gemm,dense,0,0,33333,33337,0,0,0.019368307,0.0438421135,0.000794883,0.0028131,0.0446369965,0.105676641,0,2.74013209e-05,,0,16000000,36584704
dsb-gpu,WK2000_1,20,12365,2000,2000,2000,1999000,512,1600,fp32,gemm,dense,0,0,33304,33337,0,0,0.019900436,0.0432361298,0.000799587,0.002379466,0.0440357168,0.103602136,0,2.70225811e-05,,0,16000000,36584704
dsb-gpu,WK2000_1,21,12366,2000,2000,2000,1999000,512,1600,fp32,gemm,dense,0,0,33335,33337,0,0,0.019202417,0.0438079376,0.000805379,0.002380106,0.0446133166,0.103441655,0,2.7379961e-05,,0,16000000,36584704
dsb-gpu,WK2000_1,22,12367,2000,2000,2000,1999000,512,1600,fp32,gemm,dense,0,0,33304,33337,0,0,0.019302962,0.0431459846,0.000809092,0.002382314,0.0439550766,0.102774869,0,2.69662404e-05,,0,16000000,36584704
dsb-gpu,WK2000_1,23,12368,2000,2000,2000,1999000,512,1600,fp32,gemm,dense,0,0,33308,33337,0,0,0.01927285,0.0437852478,0.000792708,0.002393066,0.0445779558,0.103488888,0,2.73657799e-05,,0,16000000,36584704
dsb-gpu,WK2000_1,24,12369,2000,2000,2000,1999000,512,1600,fp32,gemm,dense,0,0,33335,33337,0,0,0.019660852,0.0431800652,0.000793188,0.002387818,0.0439732532,0.103143414,0,2.69875407e-05,,0,16000000,36584704
dsb-gpu,WK2000_1,25,12370,2000,2000,2000,1999000,512,1600,fp32,gemm,dense,0,0,33304,33337,0,0,0.019311026,0.0437773132,0.000796868,0.002371018,0.0445741812,0.103525495,0,2.73608208e-05,,0,16000000,36584704
dsb-gpu,WK2000_1,26,12371,2000,2000,2000,1999000,512,1600,fp32,gemm,dense,0,0,33311,33337,0,0,0.019233681,0.0432288322,0.000792931,0.002377994,0.0440217632,0.102782292,0,2.70180202e-05,,0,16000000,36584704
dsb-gpu,WK2000_1,27,12372,2000,2000,2000,1999000,512,1600,fp32,gemm,dense,0,0,33337,33337,1,0,0.019981749,0.0438149109,0.000802628,0.002368042,0.0446175389,0.104070906,0,2.73843193e-05,,0,16000000,36584704
dsb-gpu,WK2000_1,28,12373,2000,2000,2000,1999000,512,1600,fp32,gemm,dense,0,0,33303,33337,0,0,0.019208689,0.0431958389,0.000798051,0.002407754,0.0439938899,0.102512051,0,2.69973993e-05,,0,16000000,36584704
dsb-gpu,WK2000_1,29,12374,2000,2000,2000,1999000,512,1600,fp32,gemm,dense,0,0,33337,33337,1,0,0.019898037,0.0438382072,0.000786883,0.002390154,0.0446250902,0.103908985,0,2.73988795e-05,,0,16000000,36584704
dsb-gpu,WK2000_1,30,12375,2000,2000,2000,1999000,512,1600,fp32,gemm,dense,0,0,33308,33337,0,0,0.019308626,0.0432303352,0.000803012,0.002404554,0.0440333472,0.102901141,0,2.70189595e-05,,0,16000000,36584704
dsb-gpu,WK2000_1,31,12376,2000,2000,2000,1999000,512,1600,fp32,gemm,dense,0,0,33305,33337,0,0,0.019922997,0.0438029442,0.000798787,0.002397802,0.0446017312,0.103837081,0,2.73768401e-05,,0,16000000,36584704
dsb-gpu,WK2000_1,32,12377,2000,2000,2000,1999000,512,1600,fp32,gemm,dense,0,0,33308,33337,0,0,0.019235377,0.0431946259,0.000818148,0.002371818,0.0440127739,0.102838261,0,2.69966412e-05,,0,16000000,36584704
dsb-gpu,WK2000_1,33,12378,2000,2000,2000,1999000,512,1600,fp32,gemm,dense,0,0,33304,33337,0,0,0.019885588,0.0438436165,0.000796163,0.002372202,0.0446397795,0.10400713,0,2.74022603e-05,,0,16000000,36584704
dsb-gpu,WK2000_1,34,12379,2000,2000,2000,1999000,512,1600,fp32,gemm,dense,0,0,33337,33337,1,0,0.019522867,0.0432188492,0.000812324,0.002382538,0.0440311732,0.102795349,0,2.70117807e-05,,0,16000000,36584704
dsb-gpu,WK2000_1,35,12380,2000,2000,2000,1999000,512,1600,fp32,gemm,dense,0,0,33335,33337,0,0,0.019393587,0.043853569,0.000792099,0.002367242,0.044645668,0.103446456,0,2.74084806e-05,,0,16000000,36584704
dsb-gpu,WK2000_1,36,12381,2000,2000,2000,1999000,512,1600,fp32,gemm,dense,0,0,33308,33337,0,0,0.019384306,0.0431783676,0.000806019,0.002391819,0.0439843866,0.10303647,0,2.69864798e-05,,0,16000000,36584704
dsb-gpu,WK2000_1,37,12382,2000,2000,2000,1999000,512,1600,fp32,gemm,dense,0,0,33304,33337,0,0,0.019451923,0.0438431053,0.000788579,0.002361226,0.0446316843,0.103653112,0,2.74019408e-05,,0,16000000,36584704
dsb-gpu,WK2000_1,38,12383,2000,2000,2000,1999000,512,1600,fp32,gemm,dense,0,0,33298,33337,0,0,0.020178933,0.043101696,0.000791716,0.002837356,0.043893412,0.103856857,0,2.693856e-05,,0,16000000,36584704
dsb-gpu,WK2000_1,39,12384,2000,2000,2000,1999000,512,1600,fp32,gemm,dense,0,0,33303,33337,0,0,0.01981394,0.0437167358,0.000789251,0.002377002,0.0445059868,0.104015866,0,2.73229599e-05,,0,16000000,36584704
dsb-gpu,WK2000_1,40,12385,2000,2000,2000,1999000,512,1600,fp32,gemm,dense,0,0,33304,33337,0,0,0.019200018,0.0430780144,0.000794659,0.002370314,0.0438726734,0.102637076,0,2.6923759e-05,,0,16000000,36584704
dsb-gpu,WK2000_1,41,12386,2000,2000,2000,1999000,512,1600,fp32,gemm,dense,0,0,33303,33337,0,0,0.019207378,0.0436960335,0.0007993,0.00237761,0.0444953335,0.103251542,0,2.73100209e-05,,0,16000000,36584704
dsb-gpu,WK2000_1,42,12387,2000,2000,2000,1999000,512,1600,fp32,gemm,dense,0,0,33308,33337,0,0,0.019256018,0.0433139839,0.000793731,0.002342282,0.0441077149,0.103524984,0,2.70712399e-05,,0,16000000,36584704
dsb-gpu,WK2000_1,43,12388,2000,2000,2000,1999000,512,1600,fp32,gemm,dense,0,0,33335,33337,0,0,0.019864533,0.0439202881,0.000808323,0.002372042,0.0447286111,0.103993722,0,2.74501801e-05,,0,16000000,36584704
dsb-gpu,WK2000_1,44,12389,2000,2000,2000,1999000,512,1600,fp32,gemm,dense,0,0,33337,33337,1,0,0.019204113,0.0432558708,0.000795587,0.002386122,0.0440514578,0.102581428,0,2.70349193e-05,,0,16000000,36584704
dsb-gpu,WK2000_1,45,12390,2000,2000,2000,1999000,512,1600,fp32,gemm,dense,0,0,33337,33337,1,0,0.019971797,0.0438693428,0.000804643,0.00234561,0.0446739858,0.103729785,0,2.74183393e-05,,0,16000000,36584704
dsb-gpu,WK2000_1,46,12391,2000,2000,2000,1999000,512,1600,fp32,gemm,dense,0,0,33311,33337,0,0,0.019176338,0.0432293129,0.00080906,0.00235377,0.0440383729,0.102547252,0,2.70183206e-05,,0,16000000,36584704
dsb-gpu,WK2000_1,47,12392,2000,2000,2000,1999000,512,1600,fp32,gemm,dense,0,0,33304,33337,0,0,0.019817428,0.0438251534,0.000799427,0.002379818,0.0446245804,0.104075546,0,2.73907208e-05,,0,16000000,36584704
dsb-gpu,WK2000_1,48,12393,2000,2000,2000,1999000,512,1600,fp32,gemm,dense,0,0,33335,33337,0,0,0.01942053,0.0432418251,0.000811652,0.002382218,0.0440534771,0.103258806,0,2.70261407e-05,,0,16000000,36584704
dsb-gpu,WK2000_1,49,12394,2000,2000,2000,1999000,512,1600,fp32,gemm,dense,0,0,33335,33337,0,0,0.019101201,0.0438247032,0.00079242,0.002360267,0.0446171232,0.103792185,0,2.73904395e-05,,0,16000000,36584704
dsb-gpu,WK2000_1,0,12345,2000,2000,2000,1999000,512,1600,fp32,gemm-notf32,dense,0,0,33335,33337,0,0,0.019221074,0.176829117,0.000806756,0.002377802,0.177635873,0.234103554,0,0.000110518198,,0,16000000,36584704
dsb-gpu,WK2000_1,1,12346,2000,2000,2000,1999000,512,1600,fp32,gemm-notf32,dense,0,0,33337,33337,1,0,0.018965713,0.178233917,0.000793283,0.002456971,0.1790272,0.234245635,0,0.000111396198,,0,16000000,36584704
dsb-gpu,WK2000_1,2,12347,2000,2000,2000,1999000,512,1600,fp32,gemm-notf32,dense,0,0,33337,33337,1,0,0.019264241,0.176704742,0.000816611,0.002346825,0.177521353,0.233172958,0,0.000110440464,,0,16000000,36584704
dsb-gpu,WK2000_1,3,12348,2000,2000,2000,1999000,512,1600,fp32,gemm-notf32,dense,0,0,33296,33337,0,0,0.019497747,0.178220383,0.000794723,0.002409482,0.179015106,0.235212487,0,0.000111387739,,0,16000000,36584704
dsb-gpu,WK2000_1,4,12349,2000,2000,2000,1999000,512,1600,fp32,gemm-notf32,dense,0,0,33308,33337,0,0,0.019233394,0.176725861,0.000801091,0.002384875,0.177526952,0.233142879,0,0.000110453663,,0,16000000,36584704
dsb-gpu,WK2000_1,5,12350,2000,2000,2000,1999000,512,1600,fp32,gemm-notf32,dense,0,0,33308,33337,0,0,0.019218577,0.178272003,0.000793795,0.002761932,0.179065798,0.235139783,0,0.000111420002,,0,16000000,36584704
dsb-gpu,WK2000_1,6,12351,2000,2000,2000,1999000,512,1600,fp32,gemm-notf32,dense,0,0,33337,33337,1,0,0.019500915,0.176678009,0.000798627,0.002414891,0.177476636,0.233683169,0,0.000110423756,,0,16000000,36584704
dsb-gpu,WK2000_1,7,12352,2000,2000,2000,1999000,512,1600,fp32,gemm-notf32,dense,0,0,33335,33337,0,0,0.019230577,0.178079453,0.000796899,0.002386379,0.178876352,0.234641061,0,0.000111299658,,0,16000000,36584704
dsb-gpu,WK2000_1,8,12353,2000,2000,2000,1999000,512,1600,fp32,gemm-notf32,dense,0,0,33308,33337,0,0,0.019320722,0.176694046,0.000800932,0.002465066,0.177494978,0.233625728,0,0.000110433779,,0,16000000,36584704
dsb-gpu,WK2000_1,9,12354,2000,2000,2000,1999000,512,1600,fp32,gemm-notf32,dense,0,0,33311,33337,0,0,0.019174226,0.178115494,0.000825667,0.0027875,0.178941161,0.235123143,0,0.000111322184,,0,16000000,36584704
dsb-gpu,WK2000_1,10,12355,2000,2000,2000,1999000,512,1600,fp32,gemm-notf32,dense,0,0,33337,33337,1,0,0.019163953,0.17661235,0.000806403,0.002395146,0.177418753,0.233583872,0,0.000110382719,,0,16000000,36584704
dsb-gpu,WK2000_1,11,12356,2000,2000,2000,1999000,512,1600,fp32,gemm-notf32,dense,0,0,33335,33337,0,0,0.020042966,0.177959518,0.000815332,0.002361962,0.17877485,0.235503113,0,0.000111224699,,0,16000000,36584704
dsb-gpu,WK2000_1,12,12357,2000,2000,2000,1999000,512,1600,fp32,gemm-notf32,dense,0,0,33337,33337,1,0,0.019373682,0.176530853,0.000810403,0.002351722,0.177341256,0.233025886,0,0.000110331783,,0,16000000,36584704
dsb-gpu,WK2000_1,13,12358,2000,2000,2000,1999000,512,1600,fp32,gemm-notf32,dense,0,0,33335,33337,0,0,0.019264338,0.178092636,0.000788644,0.00236561,0.17888128,0.234892358,0,0.000111307898,,0,16000000,36584704
dsb-gpu,WK2000_1,14,12359,2000,2000,2000,1999000,512,1600,fp32,gemm-notf32,dense,0,0,33335,33337,0,0,0.01930597,0.176457245,0.0007905,0.002420682,0.177247745,0.233281503,0,0.000110285778,,0,16000000,36584704
dsb-gpu,WK2000_1,15,12360,2000,2000,2000,1999000,512,1600,fp32,gemm-notf32,dense,0,0,33337,33337,1,0,0.019720692,0.177848709,0.000797668,0.002327946,0.178646377,0.234837254,0,0.000111155443,,0,16000000,36584704
dsb-gpu,WK2000_1,16,12361,2000,2000,2000,1999000,512,1600,fp32,gemm-notf32,dense,0,0,33333,33337,0,0,0.019940309,0.176427994,0.000802499,0.002336586,0.177230493,0.2335424,0,0.000110267496,,0,16000000,36584704
dsb-gpu,WK2000_1,17,12362,2000,2000,2000,1999000,512,1600,fp32,gemm-notf32,dense,0,0,33294,33337,0,0,0.019376722,0.177927322,0.000805124,0.002920556,0.178732446,0.234943238,0,0.000111204576,,0,16000000,36584704
dsb-gpu,WK2000_1,18,12363,2000,2000,2000,1999000,512,1600,fp32,gemm-notf32,dense,0,0,33308,33337,0,0,0.019315314,0.17625975,0.000796387,0.00236673,0.177056137,0.23321731,0,0.000110162344,,0,16000000,36584704
dsb-gpu,WK2000_1,19,12364,2000,2000,2000,1999000,512,1600,fp32,gemm-notf32,dense,0,0,33333,33337,0,0,0.020007125,0.177857605,0.000795012,0.00234977,0.178652617,0.234929349,0,0.000111161003,,0,16000000,36584704
dsb-gpu,WK2000_1,20,12365,2000,2000,2000,1999000,512,1600,fp32,gemm-notf32,dense,0,0,33304,33337,0,0,0.019814004,0.176296997,0.000800068,0.002369098,0.177097065,0.23310819,0,0.000110185623,,0,16000000,36584704
dsb-gpu,WK2000_1,21,12366,2000,2000,2000,1999000,512,1600,fp32,gemm-notf32,dense,0,0,33335,33337,0,0,0.019518419,0.177872986,0.000799363,0.00236641,0.178672349,0.234580581,0,0.000111170616,,0,16000000,36584704
dsb-gpu,WK2000_1,22,12367,2000,2000,2000,1999000,512,1600,fp32,gemm-notf32,dense,0,0,33304,33337,0,0,0.019210225,0.176186111,0.000791844,0.00238401,0.176977955,0.232783133,0,0.00011011632,,0,16000000,36584704
dsb-gpu,WK2000_1,23,12368,2000,2000,2000,1999000,512,1600,fp32,gemm-notf32,dense,0,0,33308,33337,0,0,0.01935733,0.177796677,0.000803939,0.002343978,0.178600616,0.2344737,0,0.000111122923,,0,16000000,36584704
dsb-gpu,WK2000_1,24,12369,2000,2000,2000,1999000,512,1600,fp32,gemm-notf32,dense,0,0,33335,33337,0,0,0.019291506,0.17618576,0.000795556,0.002372138,0.176981316,0.232746812,0,0.0001101161,,0,16000000,36584704
dsb-gpu,WK2000_1,25,12370,2000,2000,2000,1999000,512,1600,fp32,gemm-notf32,dense,0,0,33304,33337,0,0,0.019418387,0.177725693,0.000798052,0.002366186,0.178523745,0.234079619,0,0.000111078558,,0,16000000,36584704
dsb-gpu,WK2000_1,26,12371,2000,2000,2000,1999000,512,1600,fp32,gemm-notf32,dense,0,0,33311,33337,0,0,0.019853268,0.176149017,0.000793507,0.00238065,0.176942524,0.233205823,0,0.000110093136,,0,16000000,36584704
dsb-gpu,WK2000_1,27,12372,2000,2000,2000,1999000,512,1600,fp32,gemm-notf32,dense,0,0,33337,33337,1,0,0.019492787,0.177699142,0.000791812,0.002350538,0.178490954,0.234226531,0,0.000111061964,,0,16000000,36584704
dsb-gpu,WK2000_1,28,12373,2000,2000,2000,1999000,512,1600,fp32,gemm-notf32,dense,0,0,33303,33337,0,0,0.019188114,0.176103012,0.000802052,0.002873932,0.176905064,0.234256035,0,0.000110064383,,0,16000000,36584704
dsb-gpu,WK2000_1,29,12374,2000,2000,2000,1999000,512,1600,fp32,gemm-notf32,dense,0,0,33337,33337,1,0,0.019943508,0.177636581,0.000794627,0.002365546,0.178431208,0.234990694,0,0.000111022863,,0,16000000,36584704
dsb-gpu,WK2000_1,30,12375,2000,2000,2000,1999000,512,1600,fp32,gemm-notf32,dense,0,0,33308,33337,0,0,0.019358098,0.176709442,0.000791715,0.002377802,0.177501157,0.233621696,0,0.000110443401,,0,16000000,36584704
dsb-gpu,WK2000_1,31,12376,2000,2000,2000,1999000,512,1600,fp32,gemm-notf32,dense,0,0,33305,33337,0,0,0.019310514,0.178244034,0.000790628,0.002372107,0.179034662,0.234448548,0,0.000111402521,,0,16000000,36584704
dsb-gpu,WK2000_1,32,12377,2000,2000,2000,1999000,512,1600,fp32,gemm-notf32,dense,0,0,33308,33337,0,0,0.019299058,0.176796036,0.000807203,0.002381258,0.177603239,0.233731553,0,0.000110497522,,0,16000000,36584704
dsb-gpu,WK2000_1,33,12378,2000,2000,2000,1999000,512,1600,fp32,gemm-notf32,dense,0,0,33304,33337,0,0,0.019336114,0.178166077,0.00080954,0.00244481,0.178975617,0.235271303,0,0.000111353798,,0,16000000,36584704
dsb-gpu,WK2000_1,34,12379,2000,2000,2000,1999000,512,1600,fp32,gemm-notf32,dense,0,0,33337,33337,1,0,0.019420979,0.176727905,0.000806595,0.002370346,0.1775345,0.233431007,0,0.000110454941,,0,16000000,36584704
dsb-gpu,WK2000_1,35,12380,2000,2000,2000,1999000,512,1600,fp32,gemm-notf32,dense,0,0,33335,33337,0,0,0.019807957,0.178148254,0.000790692,0.00236625,0.178938946,0.234766726,0,0.000111342659,,0,16000000,36584704
dsb-gpu,WK2000_1,36,12381,2000,2000,2000,1999000,512,1600,fp32,gemm-notf32,dense,0,0,33308,33337,0,0,0.019484275,0.176630142,0.000791267,0.002391146,0.177421409,0.233722433,0,0.000110393839,,0,16000000,36584704
dsb-gpu,WK2000_1,37,12382,2000,2000,2000,1999000,512,1600,fp32,gemm-notf32,dense,0,0,33304,33337,0,0,0.019285234,0.178160645,0.000795299,0.002392938,0.178955944,0.23455098,0,0.000111350403,,0,16000000,36584704
dsb-gpu,WK2000_1,38,12383,2000,2000,2000,1999000,512,1600,fp32,gemm-notf32,dense,0,0,33298,33337,0,0,0.019449746,0.176509308,0.000793091,0.00239137,0.177302399,0.233079294,0,0.000110318317,,0,16000000,36584704
dsb-gpu,WK2000_1,39,12384,2000,2000,2000,1999000,512,1600,fp32,gemm-notf32,dense,0,0,33303,33337,0,0,0.019956597,0.178055161,0.000795075,0.00234545,0.178850236,0.23491095,0,0.000111284475,,0,16000000,36584704
dsb-gpu,WK2000_1,40,12385,2000,2000,2000,1999000,512,1600,fp32,gemm-notf32,dense,0,0,33304,33337,0,0,0.019362098,0.176515549,0.00079578,0.00235409,0.177311329,0.233026206,0,0.000110322218,,0,16000000,36584704
dsb-gpu,WK2000_1,41,12386,2000,2000,2000,1999000,512,1600,fp32,gemm-notf32,dense,0,0,33303,33337,0,0,0.01928117,0.178071365,0.000804868,0.0028339,0.178876233,0.235351656,0,0.000111294603,,0,16000000,36584704
dsb-gpu,WK2000_1,42,12387,2000,2000,2000,1999000,512,1600,fp32,gemm-notf32,dense,0,0,33308,33337,0,0,0.019358514,0.176464539,0.000793923,0.002414187,0.177258462,0.233849922,0,0.000110290337,,0,16000000,36584704
dsb-gpu,WK2000_1,43,12388,2000,2000,2000,1999000,512,1600,fp32,gemm-notf32,dense,0,0,33335,33337,0,0,0.019363602,0.177876801,0.000799555,0.002399243,0.178676356,0.234863558,0,0.000111173,,0,16000000,36584704
dsb-gpu,WK2000_1,44,12389,2000,2000,2000,1999000,512,1600,fp32,gemm-notf32,dense,0,0,33337,33337,1,0,0.019264721,0.176445023,0.000798883,0.00235489,0.177243906,0.233217214,0,0.000110278139,,0,16000000,36584704
dsb-gpu,WK2000_1,45,12390,2000,2000,2000,1999000,512,1600,fp32,gemm-notf32,dense,0,0,33337,33337,1,0,0.019292466,0.177918137,0.000792868,0.002337834,0.178711005,0.235020966,0,0.000111198835,,0,16000000,36584704
dsb-gpu,WK2000_1,46,12391,2000,2000,2000,1999000,512,1600,fp32,gemm-notf32,dense,0,0,33311,33337,0,0,0.019432882,0.176385849,0.000797219,0.002365418,0.177183068,0.233062878,0,0.000110241156,,0,16000000,36584704
dsb-gpu,WK2000_1,47,12392,2000,2000,2000,1999000,512,1600,fp32,gemm-notf32,dense,0,0,33304,33337,0,0,0.019400146,0.177943161,0.000790179,0.002377738,0.17873334,0.234483876,0,0.000111214476,,0,16000000,36584704
dsb-gpu,WK2000_1,48,12393,2000,2000,2000,1999000,512,1600,fp32,gemm-notf32,dense,0,0,33335,33337,0,0,0.019912117,0.176307007,0.000791587,0.002373706,0.177098594,0.233798145,0,0.000110191879,,0,16000000,36584704
dsb-gpu,WK2000_1,49,12394,2000,2000,2000,1999000,512,1600,fp32,gemm-notf32,dense,0,0,33335,33337,0,0,0.0198005,0.177912933,0.000789444,0.002427658,0.178702377,0.234658341,0,0.000111195583,,0,16000000,36584704
dsb-gpu,WK2000_1,0,12345,2000,2000,2000,1999000,512,1600,int8,gemm,dense,0,0,33335,33337,0,0,0.057535956,0.0258410873,0.000145057,0.00238193,0.0259861443,0.123974894,0,1.61506796e-05,,0,4000000,22016704
dsb-gpu,WK2000_1,1,12346,2000,2000,2000,1999000,512,1600,int8,gemm,dense,0,0,33337,33337,1,0,0.057489556,0.0262200966,0.000144769,0.00236657,0.0263648656,0.124066895,0,1.63875604e-05,,0,4000000,22016704
dsb-gpu,WK2000_1,2,12347,2000,2000,2000,1999000,512,1600,int8,gemm,dense,0,0,33337,33337,1,0,0.057715701,0.026091713,0.000145185,0.00239073,0.026236898,0.123861838,0,1.63073206e-05,,0,4000000,22016704
dsb-gpu,WK2000_1,3,12348,2000,2000,2000,1999000,512,1600,int8,gemm,dense,0,0,33296,33337,0,0,0.057659637,0.0260892162,0.000145601,0.00238017,0.0262348172,0.124923026,0,1.63057601e-05,,0,4000000,22016704
dsb-gpu,WK2000_1,4,12349,2000,2000,2000,1999000,512,1600,int8,gemm,dense,0,0,33308,33337,0,0,0.05819756,0.0261674881,0.000144449,0.002409514,0.0263119371,0.124676401,0,1.63546801e-05,,0,4000000,22016704
dsb-gpu,WK2000_1,5,12350,2000,2000,2000,1999000,512,1600,int8,gemm,dense,0,0,33308,33337,0,0,0.05777183,0.0261984005,0.000144513,0.002373162,0.0263429135,0.123721038,0,1.63740003e-05,,0,4000000,22016704
dsb-gpu,WK2000_1,6,12351,2000,2000,2000,1999000,512,1600,int8,gemm,dense,0,0,33337,33337,1,0,0.05743922,0.0256717758,0.000144672,0.002369098,0.0258164478,0.123246572,0,1.60448599e-05,,0,4000000,22016704
dsb-gpu,WK2000_1,7,12352,2000,2000,2000,1999000,512,1600,int8,gemm,dense,0,0,33335,33337,0,0,0.057258387,0.0256384964,0.000144641,0.002383242,0.0257831374,0.123743854,0,1.60240602e-05,,0,4000000,22016704
dsb-gpu,WK2000_1,8,12353,2000,2000,2000,1999000,512,1600,int8,gemm,dense,0,0,33308,33337,0,0,0.058519992,0.0256238728,0.000147424,0.002379274,0.0257712968,0.125527125,0,1.60149205e-05,,0,4000000,22016704
dsb-gpu,WK2000_1,9,12354,2000,2000,2000,1999000,512,1600,int8,gemm,dense,0,0,33311,33337,0,0,0.05803423,0.0257056961,0.000144737,0.002371754,0.0258504331,0.123888974,0,1.60660601e-05,,0,4000000,22016704
dsb-gpu,WK2000_1,10,12355,2000,2000,2000,1999000,512,1600,int8,gemm,dense,0,0,33337,33337,1,0,0.057717013,0.0254957447,0.000141792,0.002382538,0.0256375367,0.124760626,0,1.59348404e-05,,0,4000000,22016704
dsb-gpu,WK2000_1,11,12356,2000,2000,2000,1999000,512,1600,int8,gemm,dense,0,0,33335,33337,0,0,0.057863254,0.0255220165,0.000141921,0.002385354,0.0256639375,0.123229452,0,1.59512603e-05,,0,4000000,22016704
dsb-gpu,WK2000_1,12,12357,2000,2000,2000,1999000,512,1600,int8,gemm,dense,0,0,33337,33337,1,0,0.057667509,0.0254922237,0.000143681,0.002832684,0.0256359047,0.124397424,0,1.59326398e-05,,0,4000000,22016704
dsb-gpu,WK2000_1,13,12358,2000,2000,2000,1999000,512,1600,int8,gemm,dense,0,0,33335,33337,0,0,0.05718341,0.0255396156,0.000145153,0.002393354,0.0256847686,0.123658573,0,1.59622598e-05,,0,4000000,22016704
dsb-gpu,WK2000_1,14,12359,2000,2000,2000,1999000,512,1600,int8,gemm,dense,0,0,33335,33337,0,0,0.057380116,0.0255486717,0.000143521,0.002456362,0.0256921927,0.123853742,0,1.59679198e-05,,0,4000000,22016704
dsb-gpu,WK2000_1,15,12360,2000,2000,2000,1999000,512,1600,int8,gemm,dense,0,0,33337,33337,1,0,0.057552436,0.0255928326,0.000144352,0.002381258,0.0257371846,0.123593133,0,1.59955204e-05,,0,4000000,22016704
dsb-gpu,WK2000_1,16,12361,2000,2000,2000,1999000,512,1600,int8,gemm,dense,0,0,33333,33337,0,0,0.057768661,0.0255583992,0.000144864,0.00238321,0.0257032632,0.124046863,0,1.59739995e-05,,0,4000000,22016704
dsb-gpu,WK2000_1,17,12362,2000,2000,2000,1999000,512,1600,int8,gemm,dense,0,0,33294,33337,0,0,0.057138674,0.0255962887,0.000145185,0.002378762,0.0257414737,0.123524301,0,1.59976804e-05,,0,4000000,22016704
dsb-gpu,WK2000_1,18,12363,2000,2000,2000,1999000,512,1600,int8,gemm,dense,0,0,33308,33337,0,0,0.058058935,0.0255491524,0.000145057,0.002370923,0.0256942094,0.123885103,0,1.59682202e-05,,0,4000000,22016704
dsb-gpu,WK2000_1,19,12364,2000,2000,2000,1999000,512,1600,int8,gemm,dense,0,0,33333,33337,0,0,0.057816117,0.0255760632,0.000144288,0.002371211,0.0257203512,0.123531469,0,1.59850395e-05,,0,4000000,22016704
dsb-gpu,WK2000_1,20,12365,2000,2000,2000,1999000,512,1600,int8,gemm,dense,0,0,33304,33337,0,0,0.057489204,0.0255385914,0.000143425,0.00247889,0.0256820164,0.123996398,0,1.59616196e-05,,0,4000000,22016704
dsb-gpu,WK2000_1,21,12366,2000,2000,2000,1999000,512,1600,int8,gemm,dense,0,0,33335,33337,0,0,0.057952886,0.0256268806,0.000146561,0.00237937,0.0257734416,0.124065455,0,1.60168004e-05,,0,4000000,22016704
dsb-gpu,WK2000_1,22,12367,2000,2000,2000,1999000,512,1600,int8,gemm,dense,0,0,33304,33337,0,0,0.057539477,0.025467968,0.00014432,0.002383306,0.025612288,0.123972015,0,1.591748e-05,,0,4000000,22016704
dsb-gpu,WK2000_1,23,12368,2000,2000,2000,1999000,512,1600,int8,gemm,dense,0,0,33308,33337,0,0,0.057458804,0.0254955845,0.000145537,0.00236689,0.0256411215,0.123546509,0,1.59347403e-05,,0,4000000,22016704
dsb-gpu,WK2000_1,24,12369,2000,2000,2000,1999000,512,1600,int8,gemm,dense,0,0,33335,33337,0,0,0.057343316,0.0255077114,0.000146977,0.002805964,0.0256546884,0.124274832,0,1.59423196e-05,,0,4000000,22016704
dsb-gpu,WK2000_1,25,12370,2000,2000,2000,1999000,512,1600,int8,gemm,dense,0,0,33304,33337,0,0,0.057874646,0.0255558071,0.000146017,0.002369834,0.0257018241,0.123903471,0,1.59723794e-05,,0,4000000,22016704
dsb-gpu,WK2000_1,26,12371,2000,2000,2000,1999000,512,1600,int8,gemm,dense,0,0,33311,33337,0,0,0.057417812,0.0255442238,0.000144993,0.00241457,0.0256892168,0.123062667,0,1.59651399e-05,,0,4000000,22016704
dsb-gpu,WK2000_1,27,12372,2000,2000,2000,1999000,512,1600,int8,gemm,dense,0,0,33337,33337,1,0,0.05745922,0.0255895042,0.000144353,0.002389674,0.0257338572,0.123822574,0,1.59934402e-05,,0,4000000,22016704
dsb-gpu,WK2000_1,28,12373,2000,2000,2000,1999000,512,1600,int8,gemm,dense,0,0,33303,33337,0,0,0.057379155,0.0255191994,0.000146273,0.00238129,0.0256654724,0.122862186,0,1.59494996e-05,,0,4000000,22016704
dsb-gpu,WK2000_1,29,12374,2000,2000,2000,1999000,512,1600,int8,gemm,dense,0,0,33337,33337,1,0,0.05750706,0.0255718403,0.000145184,0.002370218,0.0257170243,0.123537068,0,1.59824002e-05,,0,4000000,22016704
dsb-gpu,WK2000_1,30,12375,2000,2000,2000,1999000,512,1600,int8,gemm,dense,0,0,33308,33337,0,0,0.057663029,0.0255319366,0.000144512,0.002384458,0.0256764486,0.124195279,0,1.59574604e-05,,0,4000000,22016704
dsb-gpu,WK2000_1,31,12376,2000,2000,2000,1999000,512,1600,int8,gemm,dense,0,0,33305,33337,0,0,0.05747154,0.0256346569,0.00014608,0.002435659,0.0257807369,0.123838158,0,1.60216606e-05,,0,4000000,22016704
dsb-gpu,WK2000_1,32,12377,2000,2000,2000,1999000,512,1600,int8,gemm,dense,0,0,33308,33337,0,0,0.057575956,0.0254943352,0.000145344,0.002407146,0.0256396792,0.123376012,0,1.59339595e-05,,0,4000000,22016704
dsb-gpu,WK2000_1,33,12378,2000,2000,2000,1999000,512,1600,int8,gemm,dense,0,0,33304,33337,0,0,0.057560917,0.0255380478,0.000144832,0.002380746,0.0256828798,0.124177104,0,1.59612799e-05,,0,4000000,22016704
dsb-gpu,WK2000_1,34,12379,2000,2000,2000,1999000,512,1600,int8,gemm,dense,0,0,33337,33337,1,0,0.057477684,0.0254983044,0.000144801,0.002385066,0.0256431054,0.123467948,0,1.59364402e-05,,0,4000000,22016704
dsb-gpu,WK2000_1,35,12380,2000,2000,2000,1999000,512,1600,int8,gemm,dense,0,0,33335,33337,0,0,0.0575413,0.0255356808,0.000143201,0.002455403,0.0256788818,0.123287564,0,1.59598005e-05,,0,4000000,22016704
dsb-gpu,WK2000_1,36,12381,2000,2000,2000,1999000,512,1600,int8,gemm,dense,0,0,33308,33337,0,0,0.057783253,0.0255010567,0.000145569,0.00240321,0.0256466257,0.123523116,0,1.59381604e-05,,0,4000000,22016704
dsb-gpu,WK2000_1,37,12382,2000,2000,2000,1999000,512,1600,int8,gemm,dense,0,0,33304,33337,0,0,0.057865878,0.0255523205,0.000144288,0.002411819,0.0256966085,0.1233099,0,1.59702003e-05,,0,4000000,22016704
dsb-gpu,WK2000_1,38,12383,2000,2000,2000,1999000,512,1600,int8,gemm,dense,0,0,33298,33337,0,0,0.057393684,0.0253980808,0.000144161,0.002390091,0.0255422418,0.123756782,0,1.58738005e-05,,0,4000000,22016704
dsb-gpu,WK2000_1,39,12384,2000,2000,2000,1999000,512,1600,int8,gemm,dense,0,0,33303,33337,0,0,0.057775061,0.0254940166,0.000144032,0.002403114,0.0256380486,0.123509068,0,1.59337604e-05,,0,4000000,22016704
dsb-gpu,WK2000_1,40,12385,2000,2000,2000,1999000,512,1600,int8,gemm,dense,0,0,33304,33337,0,0,0.05796031,0.0254487991,0.00014352,0.002389642,0.0255923191,0.123594349,0,1.59054995e-05,,0,4000000,22016704
dsb-gpu,WK2000_1,41,12386,2000,2000,2000,1999000,512,1600,int8,gemm,dense,0,0,33303,33337,0,0,0.05792255,0.0254843521,0.000145761,0.002383626,0.0256301131,0.123325516,0,1.59277201e-05,,0,4000000,22016704
dsb-gpu,WK2000_1,42,12387,2000,2000,2000,1999000,512,1600,int8,gemm,dense,0,0,33308,33337,0,0,0.057697013,0.0256101437,0.000144545,0.002397834,0.0257546887,0.123720878,0,1.60063398e-05,,0,4000000,22016704
dsb-gpu,WK2000_1,43,12388,2000,2000,2000,1999000,512,1600,int8,gemm,dense,0,0,33335,33337,0,0,0.058188631,0.0256644802,0.000143841,0.002405258,0.0258083212,0.123539757,0,1.60403001e-05,,0,4000000,22016704
dsb-gpu,WK2000_1,44,12389,2000,2000,2000,1999000,512,1600,int8,gemm,dense,0,0,33337,33337,1,0,0.0573957,0.0256266232,0.000143905,0.00238417,0.0257705282,0.123388396,0,1.60166395e-05,,0,4000000,22016704
dsb-gpu,WK2000_1,45,12390,2000,2000,2000,1999000,512,1600,int8,gemm,dense,0,0,33337,33337,1,0,0.058090135,0.0255970249,0.000143584,0.002371242,0.0257406089,0.124097551,0,1.59981406e-05,,0,4000000,22016704
dsb-gpu,WK2000_1,46,12391,2000,2000,2000,1999000,512,1600,int8,gemm,dense,0,0,33311,33337,0,0,0.057961974,0.0255142403,0.000144448,0.002398538,0.0256586883,0.123895342,0,1.59464002e-05,,0,4000000,22016704
dsb-gpu,WK2000_1,47,12392,2000,2000,2000,1999000,512,1600,int8,gemm,dense,0,0,33304,33337,0,0,0.057842422,0.0255231361,0.000160161,0.002829836,0.0256832971,0.124375408,0,1.59519601e-05,,0,4000000,22016704
dsb-gpu,WK2000_1,48,12393,2000,2000,2000,1999000,512,1600,int8,gemm,dense,0,0,33335,33337,0,0,0.058028278,0.0255433922,0.000147233,0.00239505,0.0256906252,0.123945199,0,1.59646201e-05,,0,4000000,22016704
dsb-gpu,WK2000_1,49,12394,2000,2000,2000,1999000,512,1600,int8,gemm,dense,0,0,33335,33337,0,0,0.057590677,0.0255966072,0.000144897,0.002387946,0.0257415042,0.123554989,0,1.59978795e-05,,0,4000000,22016704
dsb-gpu,WK2000_1,0,12345,2000,2000,2000,1999000,512,1600,fp16,block,dense,0,0,33335,33337,0,0,0.032517803,1.04102307,0.000728227,0.002994349,1.0417513,1.0906813,0,0.00065063942,,0,8000000,12102400
dsb-gpu,WK2000_1,1,12346,2000,2000,2000,1999000,512,1600,fp16,block,dense,0,0,33337,33337,1,0,0.033206317,1.03996179,0.000717187,0.00279038,1.04067898,1.09020082,0,0.00064997612,,0,8000000,12102400
dsb-gpu,WK2000_1,2,12347,2000,2000,2000,1999000,512,1600,fp16,block,dense,0,0,33337,33337,1,0,0.032810315,1.04102112,0.000720451,0.002368811,1.04174157,1.09048991,0,0.000650638199,,0,8000000,12102400
dsb-gpu,WK2000_1,3,12348,2000,2000,2000,1999000,512,1600,fp16,block,dense,0,0,33296,33337,0,0,0.033020204,1.0403158,0.000718723,0.002928652,1.04103452,1.09009343,0,0.000650197372,,0,8000000,12102400
dsb-gpu,WK2000_1,4,12349,2000,2000,2000,1999000,512,1600,fp16,block,dense,0,0,33308,33337,0,0,0.03327563,1.04099927,0.000716579,0.002478635,1.04171585,1.09097414,0,0.000650624542,,0,8000000,12102400
dsb-gpu,WK2000_1,5,12350,2000,2000,2000,1999000,512,1600,fp16,block,dense,0,0,33308,33337,0,0,0.032920428,1.04029224,0.000713987,0.002415946,1.04100622,1.08963573,0,0.000650182648,,0,8000000,12102400
dsb-gpu,WK2000_1,6,12351,2000,2000,2000,1999000,512,1600,fp16,block,dense,0,0,33337,33337,1,0,0.033222765,1.04095129,0.000719491,0.002950284,1.04167078,1.09105766,0,0.000650594559,,0,8000000,12102400
dsb-gpu,WK2000_1,7,12352,2000,2000,2000,1999000,512,1600,fp16,block,dense,0,0,33335,33337,0,0,0.032857772,1.04038892,0.000717699,0.002464331,1.04110662,1.08986108,0,0.000650243073,,0,8000000,12102400
dsb-gpu,WK2000_1,8,12353,2000,2000,2000,1999000,512,1600,fp16,block,dense,0,0,33308,33337,0,0,0.033178637,1.04093994,0.000718147,0.002464586,1.04165809,1.09052841,0,0.000650587463,,0,8000000,12102400
dsb-gpu,WK2000_1,9,12354,2000,2000,2000,1999000,512,1600,fp16,block,dense,0,0,33311,33337,0,0,0.033092429,1.04036755,0.000718563,0.003010989,1.04108612,1.09047014,0,0.000650229721,,0,8000000,12102400
dsb-gpu,WK2000_1,10,12355,2000,2000,2000,1999000,512,1600,fp16,block,dense,0,0,33337,33337,1,0,0.032776491,1.04102234,0.000715331,0.002423242,1.04173767,1.09044844,0,0.000650638962,,0,8000000,12102400
dsb-gpu,WK2000_1,11,12356,2000,2000,2000,1999000,512,1600,fp16,block,dense,0,0,33335,33337,0,0,0.033062252,1.04037231,0.000716292,0.002461354,1.04108861,1.08979484,0,0.000650232697,,0,8000000,12102400
dsb-gpu,WK2000_1,12,12357,2000,2000,2000,1999000,512,1600,fp16,block,dense,0,0,33337,33337,1,0,0.032960204,1.04102588,0.000717027,0.00294942,1.04174291,1.09085951,0,0.000650641174,,0,8000000,12102400
dsb-gpu,WK2000_1,13,12358,2000,2000,2000,1999000,512,1600,fp16,block,dense,0,0,33335,33337,0,0,0.032839468,1.04019788,0.000715139,0.002460682,1.04091301,1.0898517,0,0.000650123672,,0,8000000,12102400
dsb-gpu,WK2000_1,14,12359,2000,2000,2000,1999000,512,1600,fp16,block,dense,0,0,33335,33337,0,0,0.033263821,1.04109961,0.000713251,0.002419082,1.04181286,1.09069622,0,0.000650687256,,0,8000000,12102400
dsb-gpu,WK2000_1,15,12360,2000,2000,2000,1999000,512,1600,fp16,block,dense,0,0,33337,33337,1,0,0.032870924,1.04013293,0.000718243,0.002423466,1.04085118,1.08938095,0,0.000650083084,,0,8000000,12102400
dsb-gpu,WK2000_1,16,12361,2000,2000,2000,1999000,512,1600,fp16,block,dense,0,0,33333,33337,0,0,0.032845516,1.04095593,0.000716355,0.002479083,1.04167229,1.09029273,0,0.000650597458,,0,8000000,12102400
dsb-gpu,WK2000_1,17,12362,2000,2000,2000,1999000,512,1600,fp16,block,dense,0,0,33294,33337,0,0,0.032920811,1.04028271,0.000712163,0.002431338,1.04099488,1.08958178,0,0.000650176697,,0,8000000,12102400
dsb-gpu,WK2000_1,18,12363,2000,2000,2000,1999000,512,1600,fp16,block,dense,0,0,33308,33337,0,0,0.032775051,1.04090076,0.000717347,0.002919596,1.0416181,1.09053746,0,0.000650562973,,0,8000000,12102400
dsb-gpu,WK2000_1,19,12364,2000,2000,2000,1999000,512,1600,fp16,block,dense,0,0,33333,33337,0,0,0.03259121,1.04045374,0.000715427,0.002453226,1.04116916,1.08973986,0,0.000650283585,,0,8000000,12102400
dsb-gpu,WK2000_1,20,12365,2000,2000,2000,1999000,512,1600,fp16,block,dense,0,0,33304,33337,0,0,0.03298846,1.04079138,0.000716867,0.002462314,1.04150825,1.09036905,0,0.000650494614,,0,8000000,12102400
dsb-gpu,WK2000_1,21,12366,2000,2000,2000,1999000,512,1600,fp16,block,dense,0,0,33335,33337,0,0,0.032819531,1.04029028,0.000712451,0.002457162,1.04100273,1.08945986,0,0.000650181427,,0,8000000,12102400
dsb-gpu,WK2000_1,22,12367,2000,2000,2000,1999000,512,1600,fp16,block,dense,0,0,33304,33337,0,0,0.032890955,1.04099255,0.000715587,0.002457322,1.04170814,1.09022911,0,0.000650620346,,0,8000000,12102400
dsb-gpu,WK2000_1,23,12368,2000,2000,2000,1999000,512,1600,fp16,block,dense,0,0,33308,33337,0,0,0.032614763,1.04007288,0.000716771,0.002443979,1.04078965,1.08910968,0,0.000650045547,,0,8000000,12102400
dsb-gpu,WK2000_1,24,12369,2000,2000,2000,1999000,512,1600,fp16,block,dense,0,0,33335,33337,0,0,0.032919084,1.04094861,0.000718723,0.002451179,1.04166733,1.09039042,0,0.00065059288,,0,8000000,12102400
dsb-gpu,WK2000_1,25,12370,2000,2000,2000,1999000,512,1600,fp16,block,dense,0,0,33304,33337,0,0,0.032776203,1.04031458,0.000715619,0.002465258,1.04103019,1.08953352,0,0.000650196609,,0,8000000,12102400
dsb-gpu,WK2000_1,26,12371,2000,2000,2000,1999000,512,1600,fp16,block,dense,0,0,33311,33337,0,0,0.032701483,1.04090027,0.000714595,0.00244577,1.04161486,1.09009292,0,0.000650562668,,0,8000000,12102400
dsb-gpu,WK2000_1,27,12372,2000,2000,2000,1999000,512,1600,fp16,block,dense,0,0,33337,33337,1,0,0.033318126,1.04009595,0.000714243,0.002425579,1.04081019,1.08988457,0,0.000650059967,,0,8000000,12102400
dsb-gpu,WK2000_1,28,12373,2000,2000,2000,1999000,512,1600,fp16,block,dense,0,0,33303,33337,0,0,0.033039596,1.04101001,0.000715651,0.002473707,1.04172566,1.09041884,0,0.000650631256,,0,8000000,12102400
dsb-gpu,WK2000_1,29,12374,2000,2000,2000,1999000,512,1600,fp16,block,dense,0,0,33337,33337,1,0,0.032798859,1.04024707,0.000711267,0.00245857,1.04095834,1.08939349,0,0.000650154419,,0,8000000,12102400
dsb-gpu,WK2000_1,30,12375,2000,2000,2000,1999000,512,1600,fp16,block,dense,0,0,33308,33337,0,0,0.032893228,1.04087219,0.000715395,0.002473386,1.04158759,1.09014053,0,0.00065054512,,0,8000000,12102400
dsb-gpu,WK2000_1,31,12376,2000,2000,2000,1999000,512,1600,fp16,block,dense,0,0,33305,33337,0,0,0.033151629,1.04038428,0.000719011,0.002462346,1.04110329,1.09008389,0,0.000650240173,,0,8000000,12102400
dsb-gpu,WK2000_1,32,12377,2000,2000,2000,1999000,512,1600,fp16,block,dense,0,0,33308,33337,0,0,0.032919052,1.04089502,0.000719492,0.002472459,1.04161451,1.09030905,0,0.000650559387,,0,8000000,12102400
dsb-gpu,WK2000_1,33,12378,2000,2000,2000,1999000,512,1600,fp16,block,dense,0,0,33304,33337,0,0,0.033174797,1.04044238,0.000716451,0.002419786,1.04115883,1.08991356,0,0.000650276489,,0,8000000,12102400
dsb-gpu,WK2000_1,34,12379,2000,2000,2000,1999000,512,1600,fp16,block,dense,0,0,33337,33337,1,0,0.033013421,1.0408927,0.000716227,0.002437002,1.04160893,1.09021138,0,0.000650557938,,0,8000000,12102400
dsb-gpu,WK2000_1,35,12380,2000,2000,2000,1999000,512,1600,fp16,block,dense,0,0,33335,33337,0,0,0.03301694,1.0403772,0.000718243,0.002441642,1.04109544,1.08995717,0,0.000650235748,,0,8000000,12102400
dsb-gpu,WK2000_1,36,12381,2000,2000,2000,1999000,512,1600,fp16,block,dense,0,0,33308,33337,0,0,0.033306254,1.0407428,0.000715619,0.002454571,1.04145842,1.09048095,0,0.000650464249,,0,8000000,12102400
dsb-gpu,WK2000_1,37,12382,2000,2000,2000,1999000,512,1600,fp16,block,dense,0,0,33304,33337,0,0,0.033161773,1.04028223,0.000717251,0.002444106,1.04099948,1.08988367,0,0.000650176392,,0,8000000,12102400
dsb-gpu,WK2000_1,38,12383,2000,2000,2000,1999000,512,1600,fp16,block,dense,0,0,33298,33337,0,0,0.032700971,1.04095667,0.000716195,0.002451402,1.04167286,1.09016117,0,0.000650597916,,0,8000000,12102400
dsb-gpu,WK2000_1,39,12384,2000,2000,2000,1999000,512,1600,fp16,block,dense,0,0,33303,33337,0,0,0.033218381,1.04035632,0.000719395,0.002434987,1.04107572,1.08998271,0,0.000650222702,,0,8000000,12102400
dsb-gpu,WK2000_1,40,12385,2000,2000,2000,1999000,512,1600,fp16,block,dense,0,0,33304,33337,0,0,0.03294878,1.04098608,0.000714179,0.002434538,1.04170026,1.09023346,0,0.000650616302,,0,8000000,12102400
dsb-gpu,WK2000_1,41,12386,2000,2000,2000,1999000,512,1600,fp16,block,dense,0,0,33303,33337,0,0,0.033054637,1.0402063,0.000716195,0.002429098,1.04092249,1.08956328,0,0.000650128937,,0,8000000,12102400
dsb-gpu,WK2000_1,42,12387,2000,2000,2000,1999000,512,1600,fp16,block,dense,0,0,33308,33337,0,0,0.0327827,1.04094385,0.000716259,0.002420522,1.04166011,1.09014767,0,0.000650589905,,0,8000000,12102400
dsb-gpu,WK2000_1,43,12388,2000,2000,2000,1999000,512,1600,fp16,block,dense,0,0,33335,33337,0,0,0.03350795,1.04025708,0.000715267,0.002469675,1.04097235,1.09026809,0,0.000650160675,,0,8000000,12102400
dsb-gpu,WK2000_1,44,12389,2000,2000,2000,1999000,512,1600,fp16,block,dense,0,0,33337,33337,1,0,0.032913132,1.04090588,0.000721635,0.002414443,1.04162752,1.09010284,0,0.000650566177,,0,8000000,12102400
dsb-gpu,WK2000_1,45,12390,2000,2000,2000,1999000,512,1600,fp16,block,dense,0,0,33337,33337,1,0,0.032916267,1.04007581,0.000722403,0.002398475,1.04079821,1.08945964,0,0.000650047379,,0,8000000,12102400
dsb-gpu,WK2000_1,46,12391,2000,2000,2000,1999000,512,1600,fp16,block,dense,0,0,33311,33337,0,0,0.033260365,1.04096545,0.000719555,0.002540715,1.04168501,1.09093404,0,0.000650603409,,0,8000000,12102400
dsb-gpu,WK2000_1,47,12392,2000,2000,2000,1999000,512,1600,fp16,block,dense,0,0,33304,33337,0,0,0.032850795,1.04006982,0.000716451,0.00246849,1.04078628,1.08932229,0,0.00065004364,,0,8000000,12102400
dsb-gpu,WK2000_1,48,12393,2000,2000,2000,1999000,512,1600,fp16,block,dense,0,0,33335,33337,0,0,0.032817963,1.04098352,0.000718083,0.002466218,1.0417016,1.0901614,0,0.0006506147,,0,8000000,12102400
dsb-gpu,WK2000_1,49,12394,2000,2000,2000,1999000,512,1600,fp16,block,dense,0,0,33335,33337,0,0,0.033095277,1.04042432,0.000716611,0.00242097,1.04114093,1.08999103,0,0.000650265198,,0,8000000,12102400
dsb-gpu,WK2000_1,0,12345,2000,2000,2000,1999000,512,1600,fp16,cluster,dense,0,0,33335,33337,0,0,0.033453518,5.40116602,0.000740515,0.003058541,5.40190653,5.45236767,0,0.00337572876,,0,8000000,12102400
dsb-gpu,WK2000_1,1,12346,2000,2000,2000,1999000,512,1600,fp16,cluster,dense,0,0,33337,33337,1,0,0.033256045,5.40170654,0.000748963,0.003027053,5.40245551,5.45271743,0,0.00337606659,,0,8000000,12102400
dsb-gpu,WK2000_1,2,12347,2000,2000,2000,1999000,512,1600,fp16,cluster,dense,0,0,33337,33337,1,0,0.033368301,5.40055029,0.000741443,0.002846125,5.40129174,5.45136664,0,0.00337534393,,0,8000000,12102400
dsb-gpu,WK2000_1,3,12348,2000,2000,2000,1999000,512,1600,fp16,cluster,dense,0,0,33296,33337,0,0,0.033078605,5.40046094,0.000724388,0.002459402,5.40118533,5.45052552,0,0.00337528809,,0,8000000,12102400
dsb-gpu,WK2000_1,4,12349,2000,2000,2000,1999000,512,1600,fp16,cluster,dense,0,0,33308,33337,0,0,0.03299518,5.39940381,0.000728451,0.002425226,5.40013226,5.44915822,0,0.00337462738,,0,8000000,12102400
dsb-gpu,WK2000_1,5,12350,2000,2000,2000,1999000,512,1600,fp16,cluster,dense,0,0,33308,33337,0,0,0.033094477,5.40094727,0.000724387,0.002438506,5.40167165,5.4508532,0,0.00337559204,,0,8000000,12102400
dsb-gpu,WK2000_1,6,12351,2000,2000,2000,1999000,512,1600,fp16,cluster,dense,0,0,33337,33337,1,0,0.03299374,5.39965234,0.000721603,0.002508363,5.40037395,5.44951694,0,0.00337478271,,0,8000000,12102400
dsb-gpu,WK2000_1,7,12352,2000,2000,2000,1999000,512,1600,fp16,cluster,dense,0,0,33335,33337,0,0,0.033555887,5.40096924,0.000723715,0.002471755,5.40169295,5.45129605,0,0.00337560577,,0,8000000,12102400
dsb-gpu,WK2000_1,8,12353,2000,2000,2000,1999000,512,1600,fp16,cluster,dense,0,0,33308,33337,0,0,0.033137229,5.3997373,0.000724579,0.002481291,5.40046188,5.44972116,0,0.00337483582,,0,8000000,12102400
dsb-gpu,WK2000_1,9,12354,2000,2000,2000,1999000,512,1600,fp16,cluster,dense,0,0,33311,33337,0,0,0.0330891,5.40075293,0.000724643,0.00250337,5.40147757,5.45071931,0,0.00337547058,,0,8000000,12102400
dsb-gpu,WK2000_1,10,12355,2000,2000,2000,1999000,512,1600,fp16,cluster,dense,0,0,33337,33337,1,0,0.033182285,5.40050244,0.000724259,0.002476107,5.4012267,5.45042315,0,0.00337531403,,0,8000000,12102400
dsb-gpu,WK2000_1,11,12356,2000,2000,2000,1999000,512,1600,fp16,cluster,dense,0,0,33335,33337,0,0,0.033105133,5.4010625,0.000724611,0.002468395,5.40178711,5.45128581,0,0.00337566406,,0,8000000,12102400
dsb-gpu,WK2000_1,12,12357,2000,2000,2000,1999000,512,1600,fp16,cluster,dense,0,0,33337,33337,1,0,0.03335627,5.39976465,0.000724163,0.00243777,5.40048881,5.44985624,0,0.00337485291,,0,8000000,12102400
dsb-gpu,WK2000_1,13,12358,2000,2000,2000,1999000,512,1600,fp16,cluster,dense,0,0,33335,33337,0,0,0.033101933,5.40230273,0.000723043,0.002497739,5.40302578,5.45228018,0,0.00337643921,,0,8000000,12102400
dsb-gpu,WK2000_1,14,12359,2000,2000,2000,1999000,512,1600,fp16,cluster,dense,0,0,33335,33337,0,0,0.032916075,5.40020117,0.000722947,0.002464459,5.40092412,5.44998603,0,0.00337512573,,0,8000000,12102400
dsb-gpu,WK2000_1,15,12360,2000,2000,2000,1999000,512,1600,fp16,cluster,dense,0,0,33337,33337,1,0,0.033410094,5.40157178,0.000722627,0.003019437,5.4022944,5.45228364,0,0.00337598236,,0,8000000,12102400
dsb-gpu,WK2000_1,16,12361,2000,2000,2000,1999000,512,1600,fp16,cluster,dense,0,0,33333,33337,0,0,0.033045196,5.40067578,0.000728451,0.002446187,5.40140423,5.45053813,0,0.00337542236,,0,8000000,12102400
dsb-gpu,WK2000_1,17,12362,2000,2000,2000,1999000,512,1600,fp16,cluster,dense,0,0,33294,33337,0,0,0.033513966,5.40073828,0.000726851,0.002479914,5.40146513,5.45111768,0,0.00337546143,,0,8000000,12102400
dsb-gpu,WK2000_1,18,12363,2000,2000,2000,1999000,512,1600,fp16,cluster,dense,0,0,33308,33337,0,0,0.033371406,5.4008457,0.000721507,0.002477643,5.40156721,5.45098808,0,0.00337552856,,0,8000000,12102400
dsb-gpu,WK2000_1,19,12364,2000,2000,2000,1999000,512,1600,fp16,cluster,dense,0,0,33333,33337,0,0,0.033378158,5.40252783,0.00074618,0.002537771,5.40327401,5.45301116,0,0.0033765799,,0,8000000,12102400
dsb-gpu,WK2000_1,20,12365,2000,2000,2000,1999000,512,1600,fp16,cluster,dense,0,0,33304,33337,0,0,0.033326286,5.40208447,0.000727267,0.002491978,5.40281174,5.45252121,0,0.0033763028,,0,8000000,12102400
dsb-gpu,WK2000_1,21,12366,2000,2000,2000,1999000,512,1600,fp16,cluster,dense,0,0,33335,33337,0,0,0.033459278,5.40034326,0.000743459,0.002518251,5.40108672,5.45094946,0,0.00337521454,,0,8000000,12102400
dsb-gpu,WK2000_1,22,12367,2000,2000,2000,1999000,512,1600,fp16,cluster,dense,0,0,33304,33337,0,0,0.033556622,5.40195361,0.000730883,0.002492394,5.4026845,5.45256626,0,0.00337622101,,0,8000000,12102400
dsb-gpu,WK2000_1,23,12368,2000,2000,2000,1999000,512,1600,fp16,cluster,dense,0,0,33308,33337,0,0,0.032912556,5.40112549,0.000725059,0.00244993,5.40185055,5.45082667,0,0.00337570343,,0,8000000,12102400
dsb-gpu,WK2000_1,24,12369,2000,2000,2000,1999000,512,1600,fp16,cluster,dense,0,0,33335,33337,0,0,0.033121517,5.39938428,0.000721603,0.002495051,5.40010588,5.44937134,0,0.00337461517,,0,8000000,12102400
dsb-gpu,WK2000_1,25,12370,2000,2000,2000,1999000,512,1600,fp16,cluster,dense,0,0,33304,33337,0,0,0.033534735,5.40132129,0.000728739,0.002473515,5.40205003,5.45176761,0,0.00337582581,,0,8000000,12102400
dsb-gpu,WK2000_1,26,12371,2000,2000,2000,1999000,512,1600,fp16,cluster,dense,0,0,33311,33337,0,0,0.033076236,5.40355371,0.000728547,0.003031341,5.40428226,5.45402006,0,0.00337722107,,0,8000000,12102400
dsb-gpu,WK2000_1,27,12372,2000,2000,2000,1999000,512,1600,fp16,cluster,dense,0,0,33337,33337,1,0,0.033040012,5.40209326,0.000723491,0.002476939,5.40281675,5.45231705,0,0.00337630829,,0,8000000,12102400
dsb-gpu,WK2000_1,28,12373,2000,2000,2000,1999000,512,1600,fp16,cluster,dense,0,0,33303,33337,0,0,0.033167981,5.40102783,0.000727587,0.002497003,5.40175542,5.45101503,0,0.0033756424,,0,8000000,12102400
dsb-gpu,WK2000_1,29,12374,2000,2000,2000,1999000,512,1600,fp16,cluster,dense,0,0,33337,33337,1,0,0.033212301,5.40167871,0.000723715,0.002465291,5.40240243,5.45177861,0,0.00337604919,,0,8000000,12102400
dsb-gpu,WK2000_1,30,12375,2000,2000,2000,1999000,512,1600,fp16,cluster,dense,0,0,33308,33337,0,0,0.03323227,5.4010625,0.000726083,0.002510667,5.40178858,5.4510709,0,0.00337566406,,0,8000000,12102400
dsb-gpu,WK2000_1,31,12376,2000,2000,2000,1999000,512,1600,fp16,cluster,dense,0,0,33305,33337,0,0,0.03346395,5.39999756,0.000724707,0.002510059,5.40072227,5.45034379,0,0.00337499847,,0,8000000,12102400
dsb-gpu,WK2000_1,32,12377,2000,2000,2000,1999000,512,1600,fp16,cluster,dense,0,0,33308,33337,0,0,0.033336942,5.40093896,0.000723363,0.002493227,5.40166233,5.45109144,0,0.00337558685,,0,8000000,12102400
dsb-gpu,WK2000_1,33,12378,2000,2000,2000,1999000,512,1600,fp16,cluster,dense,0,0,33304,33337,0,0,0.03336203,5.40176709,0.000744771,0.002473227,5.40251186,5.45216892,0,0.00337610443,,0,8000000,12102400
dsb-gpu,WK2000_1,34,12379,2000,2000,2000,1999000,512,1600,fp16,cluster,dense,0,0,33337,33337,1,0,0.033604367,5.39986133,0.000724323,0.002505322,5.40058565,5.45051752,0,0.00337491333,,0,8000000,12102400
dsb-gpu,WK2000_1,35,12380,2000,2000,2000,1999000,512,1600,fp16,cluster,dense,0,0,33335,33337,0,0,0.033053677,5.40057422,0.000722147,0.002450635,5.40129637,5.4504867,0,0.00337535889,,0,8000000,12102400
dsb-gpu,WK2000_1,36,12381,2000,2000,2000,1999000,512,1600,fp16,cluster,dense,0,0,33308,33337,0,0,0.033214765,5.40025732,0.000723523,0.002502603,5.40098085,5.45037662,0,0.00337516083,,0,8000000,12102400
dsb-gpu,WK2000_1,37,12382,2000,2000,2000,1999000,512,1600,fp16,cluster,dense,0,0,33304,33337,0,0,0.033343694,5.40189355,0.000726531,0.002448074,5.40262009,5.45203631,0,0.00337618347,,0,8000000,12102400
dsb-gpu,WK2000_1,38,12383,2000,2000,2000,1999000,512,1600,fp16,cluster,dense,0,0,33298,33337,0,0,0.033133773,5.3996748,0.000725251,0.002487626,5.40040006,5.44967172,0,0.00337479675,,0,8000000,12102400
dsb-gpu,WK2000_1,39,12384,2000,2000,2000,1999000,512,1600,fp16,cluster,dense,0,0,33303,33337,0,0,0.033650927,5.39973242,0.000726339,0.002483691,5.40045876,5.45028667,0,0.00337483276,,0,8000000,12102400
dsb-gpu,WK2000_1,40,12385,2000,2000,2000,1999000,512,1600,fp16,cluster,dense,0,0,33304,33337,0,0,0.033411854,5.3999248,0.000727427,0.00246353,5.40065223,5.45042514,0,0.003374953,,0,8000000,12102400
dsb-gpu,WK2000_1,41,12386,2000,2000,2000,1999000,512,1600,fp16,cluster,dense,0,0,33303,33337,0,0,0.033164717,5.40077344,0.000723331,0.002485323,5.40149677,5.45102485,0,0.0033754834,,0,8000000,12102400
dsb-gpu,WK2000_1,42,12387,2000,2000,2000,1999000,512,1600,fp16,cluster,dense,0,0,33308,33337,0,0,0.033353677,5.40269482,0.000727939,0.002484554,5.40342276,5.45282015,0,0.00337668427,,0,8000000,12102400
dsb-gpu,WK2000_1,43,12388,2000,2000,2000,1999000,512,1600,fp16,cluster,dense,0,0,33335,33337,0,0,0.033504399,5.40155762,0.000723011,0.002482731,5.40228063,5.45188802,0,0.00337597351,,0,8000000,12102400
dsb-gpu,WK2000_1,44,12389,2000,2000,2000,1999000,512,1600,fp16,cluster,dense,0,0,33337,33337,1,0,0.033250542,5.40076904,0.000722499,0.002472682,5.40149154,5.45078232,0,0.00337548065,,0,8000000,12102400
dsb-gpu,WK2000_1,45,12390,2000,2000,2000,1999000,512,1600,fp16,cluster,dense,0,0,33337,33337,1,0,0.033353165,5.40103955,0.000741123,0.002472426,5.40178067,5.45150248,0,0.00337564972,,0,8000000,12102400
dsb-gpu,WK2000_1,46,12391,2000,2000,2000,1999000,512,1600,fp16,cluster,dense,0,0,33311,33337,0,0,0.03347499,5.40050977,0.000728899,0.00247729,5.40123866,5.45106523,0,0.0033753186,,0,8000000,12102400
dsb-gpu,WK2000_1,47,12392,2000,2000,2000,1999000,512,1600,fp16,cluster,dense,0,0,33304,33337,0,0,0.033286925,5.40077002,0.000720739,0.003061197,5.40149076,5.45153871,0,0.00337548126,,0,8000000,12102400
dsb-gpu,WK2000_1,48,12393,2000,2000,2000,1999000,512,1600,fp16,cluster,dense,0,0,33335,33337,0,0,0.033086541,5.40153809,0.000725603,0.002478667,5.40226369,5.45145279,0,0.0033759613,,0,8000000,12102400
dsb-gpu,WK2000_1,49,12394,2000,2000,2000,1999000,512,1600,fp16,cluster,dense,0,0,33335,33337,0,0,0.033341166,5.40146973,0.000724803,0.002448362,5.40219453,5.45166351,0,0.00337591858,,0,8000000,12102400
dsb-gpu,WK2000_1,0,12345,2000,2000,2000,1999000,512,1600,fp16,global-sync,dense,0,0,33296,33337,0,0,0.033542191,15.2155234,0.000760868,0.002845676,15.2162843,15.2670484,0,0.00950970215,,0,8000000,14150400
dsb-gpu,WK2000_1,1,12346,2000,2000,2000,1999000,512,1600,fp16,global-sync,dense,0,0,33335,33337,0,0,0.033545038,15.2798867,0.000761507,0.00314811,15.2806482,15.3315544,0,0.0095499292,,0,8000000,14150400
dsb-gpu,WK2000_1,2,12347,2000,2000,2000,1999000,512,1600,fp16,global-sync,dense,0,0,33308,33337,0,0,0.03351227,15.2473994,0.00074554,0.002978221,15.248145,15.2989362,0,0.00952962463,,0,8000000,14150400
dsb-gpu,WK2000_1,3,12348,2000,2000,2000,1999000,512,1600,fp16,global-sync,dense,0,0,33304,33337,0,0,0.033568846,15.2775615,0.000743747,0.003088013,15.2783053,15.3291519,0,0.00954847595,,0,8000000,14150400
dsb-gpu,WK2000_1,4,12349,2000,2000,2000,1999000,512,1600,fp16,global-sync,dense,0,0,33300,33337,0,0,0.033432558,15.2473809,0.000738723,0.002411659,15.2481196,15.2982352,0,0.00952961304,,0,8000000,14150400
dsb-gpu,WK2000_1,5,12350,2000,2000,2000,1999000,512,1600,fp16,global-sync,dense,0,0,33308,33337,0,0,0.033811312,15.2300937,0.000743523,0.002520075,15.2308373,15.2810546,0,0.00951880859,,0,8000000,14150400
dsb-gpu,WK2000_1,6,12351,2000,2000,2000,1999000,512,1600,fp16,global-sync,dense,0,0,33330,33337,0,0,0.033535822,15.2606299,0.000737539,0.002504523,15.2613674,15.3111852,0,0.00953789368,,0,8000000,14150400
dsb-gpu,WK2000_1,7,12352,2000,2000,2000,1999000,512,1600,fp16,global-sync,dense,0,0,33308,33337,0,0,0.033743983,15.2373916,0.000737923,0.002473483,15.2381295,15.2882429,0,0.00952336975,,0,8000000,14150400
dsb-gpu,WK2000_1,8,12353,2000,2000,2000,1999000,512,1600,fp16,global-sync,dense,0,0,33301,33337,0,0,0.033606511,15.2482715,0.000737219,0.002490154,15.2490087,15.2990153,0,0.00953016968,,0,8000000,14150400
dsb-gpu,WK2000_1,9,12354,2000,2000,2000,1999000,512,1600,fp16,global-sync,dense,0,0,33337,33337,1,0,0.033460046,15.2324873,0.000743715,0.002482795,15.233231,15.2832772,0,0.00952030457,,0,8000000,14150400
dsb-gpu,WK2000_1,10,12355,2000,2000,2000,1999000,512,1600,fp16,global-sync,dense,0,0,33332,33337,0,0,0.033473134,15.2473516,0.00073786,0.003075661,15.2480894,15.2984899,0,0.00952959473,,0,8000000,14150400
dsb-gpu,WK2000_1,11,12356,2000,2000,2000,1999000,512,1600,fp16,global-sync,dense,0,0,33308,33337,0,0,0.033582798,15.2807051,0.000735715,0.002487914,15.2814408,15.3313941,0,0.00955044067,,0,8000000,14150400
dsb-gpu,WK2000_1,12,12357,2000,2000,2000,1999000,512,1600,fp16,global-sync,dense,0,0,33308,33337,0,0,0.033472878,15.2379941,0.000741155,0.002489482,15.2387353,15.2886692,0,0.00952374634,,0,8000000,14150400
dsb-gpu,WK2000_1,13,12358,2000,2000,2000,1999000,512,1600,fp16,global-sync,dense,0,0,33296,33337,0,0,0.033692719,15.2542793,0.000738595,0.002502443,15.2550179,15.3051472,0,0.00953392456,,0,8000000,14150400
dsb-gpu,WK2000_1,14,12359,2000,2000,2000,1999000,512,1600,fp16,global-sync,dense,0,0,33308,33337,0,0,0.034113713,15.2281318,0.000734819,0.002494251,15.2288667,15.2794861,0,0.0095175824,,0,8000000,14150400
dsb-gpu,WK2000_1,15,12360,2000,2000,2000,1999000,512,1600,fp16,global-sync,dense,0,0,33335,33337,0,0,0.03392968,15.2393223,0.000735491,0.002469514,15.2400578,15.2903644,0,0.00952457642,,0,8000000,14150400
dsb-gpu,WK2000_1,16,12361,2000,2000,2000,1999000,512,1600,fp16,global-sync,dense,0,0,33300,33337,0,0,0.033900112,15.243083,0.000736611,0.002474666,15.2438196,15.2941374,0,0.00952692688,,0,8000000,14150400
dsb-gpu,WK2000_1,17,12362,2000,2000,2000,1999000,512,1600,fp16,global-sync,dense,0,0,33337,33337,1,0,0.033811376,15.2533008,0.000737315,0.002450283,15.2540381,15.304254,0,0.00953331299,,0,8000000,14150400
dsb-gpu,WK2000_1,18,12363,2000,2000,2000,1999000,512,1600,fp16,global-sync,dense,0,0,33335,33337,0,0,0.033539278,15.2602842,0.00073546,0.002449259,15.2610196,15.3110274,0,0.00953767761,,0,8000000,14150400
dsb-gpu,WK2000_1,19,12364,2000,2000,2000,1999000,512,1600,fp16,global-sync,dense,0,0,33301,33337,0,0,0.033735695,15.2455,0.000737059,0.002491114,15.2462371,15.2964787,0,0.0095284375,,0,8000000,14150400
dsb-gpu,WK2000_1,20,12365,2000,2000,2000,1999000,512,1600,fp16,global-sync,dense,0,0,33332,33337,0,0,0.033619663,15.2466875,0.000739683,0.002466507,15.2474272,15.297571,0,0.00952917969,,0,8000000,14150400
dsb-gpu,WK2000_1,21,12366,2000,2000,2000,1999000,512,1600,fp16,global-sync,dense,0,0,33335,33337,0,0,0.033735375,15.2452227,0.000743331,0.003075533,15.245966,15.2967965,0,0.00952826416,,0,8000000,14150400
dsb-gpu,WK2000_1,22,12367,2000,2000,2000,1999000,512,1600,fp16,global-sync,dense,0,0,33296,33337,0,0,0.033758704,15.2167676,0.000736196,0.002453194,15.2175038,15.2679376,0,0.00951047974,,0,8000000,14150400
dsb-gpu,WK2000_1,23,12368,2000,2000,2000,1999000,512,1600,fp16,global-sync,dense,0,0,33337,33337,1,0,0.033764784,15.2489023,0.000734531,0.002482699,15.2496369,15.2999193,0,0.00953056396,,0,8000000,14150400
dsb-gpu,WK2000_1,24,12369,2000,2000,2000,1999000,512,1600,fp16,global-sync,dense,0,0,33304,33337,0,0,0.033584047,15.2146719,0.000740579,0.002504779,15.2154125,15.2655384,0,0.00950916992,,0,8000000,14150400
dsb-gpu,WK2000_1,25,12370,2000,2000,2000,1999000,512,1600,fp16,global-sync,dense,0,0,33302,33337,0,0,0.033452142,15.2293555,0.000739107,0.002488651,15.2300946,15.2800175,0,0.00951834717,,0,8000000,14150400
dsb-gpu,WK2000_1,26,12371,2000,2000,2000,1999000,512,1600,fp16,global-sync,dense,0,0,33308,33337,0,0,0.03344795,15.2433779,0.000737731,0.002460971,15.2441157,15.2941593,0,0.00952711121,,0,8000000,14150400
dsb-gpu,WK2000_1,27,12372,2000,2000,2000,1999000,512,1600,fp16,global-sync,dense,0,0,33308,33337,0,0,0.033502703,15.2288662,0.000737731,0.00248593,15.2296039,15.2796805,0,0.00951804138,,0,8000000,14150400
dsb-gpu,WK2000_1,28,12373,2000,2000,2000,1999000,512,1600,fp16,global-sync,dense,0,0,33308,33337,0,0,0.033563087,15.2448105,0.000734404,0.002481291,15.245545,15.2956893,0,0.00952800659,,0,8000000,14150400
dsb-gpu,WK2000_1,29,12374,2000,2000,2000,1999000,512,1600,fp16,global-sync,dense,0,0,33335,33337,0,0,0.033722544,15.2422959,0.000738531,0.002463114,15.2430344,15.2933308,0,0.00952643494,,0,8000000,14150400
dsb-gpu,WK2000_1,30,12375,2000,2000,2000,1999000,512,1600,fp16,global-sync,dense,0,0,33308,33337,0,0,0.033348591,15.2423984,0.000738531,0.002474123,15.243137,15.2930412,0,0.00952649902,,0,8000000,14150400
dsb-gpu,WK2000_1,31,12376,2000,2000,2000,1999000,512,1600,fp16,global-sync,dense,0,0,33337,33337,1,0,0.033406607,15.241542,0.000735363,0.002457866,15.2422774,15.2921998,0,0.00952596375,,0,8000000,14150400
dsb-gpu,WK2000_1,32,12377,2000,2000,2000,1999000,512,1600,fp16,global-sync,dense,0,0,33335,33337,0,0,0.033680879,15.2450791,0.000743139,0.002485866,15.2458222,15.2962894,0,0.00952817444,,0,8000000,14150400
dsb-gpu,WK2000_1,33,12378,2000,2000,2000,1999000,512,1600,fp16,global-sync,dense,0,0,33296,33337,0,0,0.034111441,15.2294199,0.000735587,0.002472298,15.2301555,15.2808729,0,0.00951838745,,0,8000000,14150400
dsb-gpu,WK2000_1,34,12379,2000,2000,2000,1999000,512,1600,fp16,global-sync,dense,0,0,33337,33337,1,0,0.033572079,15.2165146,0.000736131,0.002446091,15.2172508,15.2673593,0,0.00951032166,,0,8000000,14150400
dsb-gpu,WK2000_1,35,12380,2000,2000,2000,1999000,512,1600,fp16,global-sync,dense,0,0,33333,33337,0,0,0.033797968,15.2435469,0.000733796,0.00246033,15.2442807,15.2946015,0,0.0095272168,,0,8000000,14150400
dsb-gpu,WK2000_1,36,12381,2000,2000,2000,1999000,512,1600,fp16,global-sync,dense,0,0,33333,33337,0,0,0.033607439,15.2474746,0.000735843,0.002449194,15.2482105,15.2983777,0,0.00952967163,,0,8000000,14150400
dsb-gpu,WK2000_1,37,12382,2000,2000,2000,1999000,512,1600,fp16,global-sync,dense,0,0,33300,33337,0,0,0.033907184,15.2424463,0.000733763,0.002458251,15.2431801,15.2936705,0,0.00952652893,,0,8000000,14150400
dsb-gpu,WK2000_1,38,12383,2000,2000,2000,1999000,512,1600,fp16,global-sync,dense,0,0,33304,33337,0,0,0.033742896,15.259999,0.00073866,0.002467819,15.2607377,15.3110414,0,0.00953749939,,0,8000000,14150400
dsb-gpu,WK2000_1,39,12384,2000,2000,2000,1999000,512,1600,fp16,global-sync,dense,0,0,33333,33337,0,0,0.033780688,15.2465635,0.000739523,0.002472746,15.247303,15.2976943,0,0.00952910217,,0,8000000,14150400
dsb-gpu,WK2000_1,40,12385,2000,2000,2000,1999000,512,1600,fp16,global-sync,dense,0,0,33335,33337,0,0,0.033778928,15.2402207,0.000738307,0.002462858,15.240959,15.2915719,0,0.00952513794,,0,8000000,14150400
dsb-gpu,WK2000_1,41,12386,2000,2000,2000,1999000,512,1600,fp16,global-sync,dense,0,0,33336,33337,0,0,0.0337188,15.2282861,0.000736707,0.002444875,15.2290228,15.2793388,0,0.00951767883,,0,8000000,14150400
dsb-gpu,WK2000_1,42,12387,2000,2000,2000,1999000,512,1600,fp16,global-sync,dense,0,0,33336,33337,0,0,0.033747888,15.2170244,0.000749475,0.002429931,15.2177739,15.2681805,0,0.00951064026,,0,8000000,14150400
dsb-gpu,WK2000_1,43,12388,2000,2000,2000,1999000,512,1600,fp16,global-sync,dense,0,0,33329,33337,0,0,0.034220305,15.2298877,0.000741091,0.003062317,15.2306288,15.2821074,0,0.00951867981,,0,8000000,14150400
dsb-gpu,WK2000_1,44,12389,2000,2000,2000,1999000,512,1600,fp16,global-sync,dense,0,0,33337,33337,1,0,0.033657648,15.2429053,0.000740323,0.002448778,15.2436456,15.2938612,0,0.0095268158,,0,8000000,14150400
dsb-gpu,WK2000_1,45,12390,2000,2000,2000,1999000,512,1600,fp16,global-sync,dense,0,0,33311,33337,0,0,0.033967601,15.2437246,0.000739747,0.002448523,15.2444644,15.2950149,0,0.00952732788,,0,8000000,14150400
dsb-gpu,WK2000_1,46,12391,2000,2000,2000,1999000,512,1600,fp16,global-sync,dense,0,0,33333,33337,0,0,0.033956241,15.2624385,0.000739043,0.002449963,15.2631775,15.3136907,0,0.00953902405,,0,8000000,14150400
dsb-gpu,WK2000_1,47,12392,2000,2000,2000,1999000,512,1600,fp16,global-sync,dense,0,0,33308,33337,0,0,0.034104786,15.2404561,0.000739492,0.002455339,15.2411955,15.2918231,0,0.00952528503,,0,8000000,14150400
dsb-gpu,WK2000_1,48,12393,2000,2000,2000,1999000,512,1600,fp16,global-sync,dense,0,0,33337,33337,1,0,0.033670512,15.2376602,0.000741827,0.00246049,15.238402,15.288696,0,0.0095235376,,0,8000000,14150400
dsb-gpu,WK2000_1,49,12394,2000,2000,2000,1999000,512,1600,fp16,global-sync,dense,0,0,33308,33337,0,0,0.033566767,15.2298535,0.000743459,0.00249153,15.230597,15.2806457,0,0.00951865845,,0,8000000,14150400
dsb-gpu,WK2000_1,0,12345,2000,2000,2000,1999000,512,1600,fp16,gemm,dense,0,0,33296,33337,0,0,0.033503726,0.0203016319,0.000718755,0.002356138,0.0210203869,0.092095497,0,1.268852e-05,,0,8000000,22440704
dsb-gpu,WK2000_1,1,12346,2000,2000,2000,1999000,512,1600,fp16,gemm,dense,0,0,33335,33337,0,0,0.032945644,0.0203770885,0.000717667,0.002389003,0.0210947555,0.092089353,0,1.27356803e-05,,0,8000000,22440704
dsb-gpu,WK2000_1,2,12347,2000,2000,2000,1999000,512,1600,fp16,gemm,dense,0,0,33308,33337,0,0,0.033228109,0.0204173126,0.000717156,0.002364234,0.0211344686,0.091745351,0,1.27608204e-05,,0,8000000,22440704
dsb-gpu,WK2000_1,3,12348,2000,2000,2000,1999000,512,1600,fp16,gemm,dense,0,0,33304,33337,0,0,0.033434254,0.0204119682,0.000715875,0.002359018,0.0211278432,0.091627495,0,1.27574801e-05,,0,8000000,22440704
dsb-gpu,WK2000_1,4,12349,2000,2000,2000,1999000,512,1600,fp16,gemm,dense,0,0,33300,33337,0,0,0.033171118,0.0204594555,0.000716995,0.00236945,0.0211764505,0.091264133,0,1.27871597e-05,,0,8000000,22440704
dsb-gpu,WK2000_1,5,12350,2000,2000,2000,1999000,512,1600,fp16,gemm,dense,0,0,33308,33337,0,0,0.033303502,0.0203437443,0.000714019,0.00236145,0.0210577633,0.09097258,0,1.27148402e-05,,0,8000000,22440704
dsb-gpu,WK2000_1,6,12351,2000,2000,2000,1999000,512,1600,fp16,gemm,dense,0,0,33330,33337,0,0,0.033001773,0.0200435848,0.000716099,0.002357898,0.0207596838,0.090405313,0,1.25272405e-05,,0,8000000,22440704
dsb-gpu,WK2000_1,7,12352,2000,2000,2000,1999000,512,1600,fp16,gemm,dense,0,0,33308,33337,0,0,0.033360366,0.0200425282,0.000711971,0.00236193,0.0207544992,0.090970531,0,1.25265801e-05,,0,8000000,22440704
dsb-gpu,WK2000_1,8,12353,2000,2000,2000,1999000,512,1600,fp16,gemm,dense,0,0,33301,33337,0,0,0.034485491,0.0200352325,0.000717539,0.00239985,0.0207527715,0.092646282,0,1.25220203e-05,,0,8000000,22440704
dsb-gpu,WK2000_1,9,12354,2000,2000,2000,1999000,512,1600,fp16,gemm,dense,0,0,33337,33337,1,0,0.033024813,0.0201275845,0.000715107,0.002374762,0.0208426915,0.090376801,0,1.25797403e-05,,0,8000000,22440704
dsb-gpu,WK2000_1,10,12355,2000,2000,2000,1999000,512,1600,fp16,gemm,dense,0,0,33332,33337,0,0,0.033087693,0.0199512329,0.000712579,0.00235825,0.0206638119,0.090045792,0,1.24695206e-05,,0,8000000,22440704
dsb-gpu,WK2000_1,11,12356,2000,2000,2000,1999000,512,1600,fp16,gemm,dense,0,0,33308,33337,0,0,0.033363694,0.0200191994,0.000715171,0.002810028,0.0207343704,0.092000264,0,1.25119996e-05,,0,8000000,22440704
dsb-gpu,WK2000_1,12,12357,2000,2000,2000,1999000,512,1600,fp16,gemm,dense,0,0,33308,33337,0,0,0.033280462,0.0200036793,0.000714275,0.00235921,0.0207179543,0.0911665,0,1.25022995e-05,,0,8000000,22440704
dsb-gpu,WK2000_1,13,12358,2000,2000,2000,1999000,512,1600,fp16,gemm,dense,0,0,33296,33337,0,0,0.032876492,0.0200150089,0.000716707,0.002473578,0.0207317159,0.090302273,0,1.25093806e-05,,0,8000000,22440704
dsb-gpu,WK2000_1,14,12359,2000,2000,2000,1999000,512,1600,fp16,gemm,dense,0,0,33308,33337,0,0,0.032738603,0.0199924793,0.000712099,0.002369099,0.0207045783,0.090329026,0,1.24952996e-05,,0,8000000,22440704
dsb-gpu,WK2000_1,15,12360,2000,2000,2000,1999000,512,1600,fp16,gemm,dense,0,0,33335,33337,0,0,0.033141453,0.0200475845,0.000718307,0.002361642,0.0207658915,0.09057149,0,1.25297403e-05,,0,8000000,22440704
dsb-gpu,WK2000_1,16,12361,2000,2000,2000,1999000,512,1600,fp16,gemm,dense,0,0,33300,33337,0,0,0.033047084,0.0199423676,0.000712739,0.002460138,0.0206551066,0.090370817,0,1.24639797e-05,,0,8000000,22440704
dsb-gpu,WK2000_1,17,12362,2000,2000,2000,1999000,512,1600,fp16,gemm,dense,0,0,33337,33337,1,0,0.032953932,0.0199909115,0.000714147,0.00237105,0.0207050585,0.090258465,0,1.24943197e-05,,0,8000000,22440704
dsb-gpu,WK2000_1,18,12363,2000,2000,2000,1999000,512,1600,fp16,gemm,dense,0,0,33335,33337,0,0,0.03324459,0.0199893761,0.000714275,0.002359627,0.0207036511,0.090602883,0,1.249336e-05,,0,8000000,22440704
dsb-gpu,WK2000_1,19,12364,2000,2000,2000,1999000,512,1600,fp16,gemm,dense,0,0,33301,33337,0,0,0.032920268,0.0200442238,0.000715747,0.002366058,0.0207599708,0.091196964,0,1.25276399e-05,,0,8000000,22440704
dsb-gpu,WK2000_1,20,12365,2000,2000,2000,1999000,512,1600,fp16,gemm,dense,0,0,33332,33337,0,0,0.033069421,0.0199318085,0.000712483,0.002358954,0.0206442915,0.090438945,0,1.24573803e-05,,0,8000000,22440704
dsb-gpu,WK2000_1,21,12366,2000,2000,2000,1999000,512,1600,fp16,gemm,dense,0,0,33335,33337,0,0,0.033138701,0.020001152,0.000713283,0.002370314,0.020714435,0.09044013,0,1.250072e-05,,0,8000000,22440704
dsb-gpu,WK2000_1,22,12367,2000,2000,2000,1999000,512,1600,fp16,gemm,dense,0,0,33296,33337,0,0,0.033337102,0.0199403191,0.000719235,0.002819244,0.0206595541,0.092024648,0,1.24626994e-05,,0,8000000,22440704
dsb-gpu,WK2000_1,23,12368,2000,2000,2000,1999000,512,1600,fp16,gemm,dense,0,0,33337,33337,1,0,0.033087309,0.0199661751,0.000717635,0.002359274,0.0206838101,0.090723778,0,1.24788594e-05,,0,8000000,22440704
dsb-gpu,WK2000_1,24,12369,2000,2000,2000,1999000,512,1600,fp16,gemm,dense,0,0,33304,33337,0,0,0.033292526,0.0200046711,0.000716835,0.002392746,0.0207215061,0.090767971,0,1.25029194e-05,,0,8000000,22440704
dsb-gpu,WK2000_1,25,12370,2000,2000,2000,1999000,512,1600,fp16,gemm,dense,0,0,33302,33337,0,0,0.03336955,0.0199025593,0.000712963,0.002353898,0.0206155223,0.090660098,0,1.24390996e-05,,0,8000000,22440704
dsb-gpu,WK2000_1,26,12371,2000,2000,2000,1999000,512,1600,fp16,gemm,dense,0,0,33308,33337,0,0,0.033068972,0.0199895992,0.000712388,0.00238145,0.0207019872,0.090996516,0,1.24934995e-05,,0,8000000,22440704
dsb-gpu,WK2000_1,27,12372,2000,2000,2000,1999000,512,1600,fp16,gemm,dense,0,0,33308,33337,0,0,0.033512815,0.0199769592,0.000719331,0.002352074,0.0206962902,0.090816163,0,1.24855995e-05,,0,8000000,22440704
dsb-gpu,WK2000_1,28,12373,2000,2000,2000,1999000,512,1600,fp16,gemm,dense,0,0,33308,33337,0,0,0.033352078,0.0200474567,0.000715171,0.002351562,0.0207626277,0.091468998,0,1.25296605e-05,,0,8000000,22440704
dsb-gpu,WK2000_1,29,12374,2000,2000,2000,1999000,512,1600,fp16,gemm,dense,0,0,33335,33337,0,0,0.033145421,0.0199515514,0.000713187,0.002403915,0.0206647384,0.091487526,0,1.24697196e-05,,0,8000000,22440704
dsb-gpu,WK2000_1,30,12375,2000,2000,2000,1999000,512,1600,fp16,gemm,dense,0,0,33308,33337,0,0,0.033234414,0.0198259201,0.000712099,0.002374058,0.0205380191,0.090919331,0,1.23912001e-05,,0,8000000,22440704
dsb-gpu,WK2000_1,31,12376,2000,2000,2000,1999000,512,1600,fp16,gemm,dense,0,0,33337,33337,1,0,0.033227694,0.0198805122,0.000714211,0.002367114,0.0205947232,0.091225252,0,1.24253201e-05,,0,8000000,22440704
dsb-gpu,WK2000_1,32,12377,2000,2000,2000,1999000,512,1600,fp16,gemm,dense,0,0,33335,33337,0,0,0.033415214,0.0198678722,0.000714852,0.002465994,0.0205827242,0.090921379,0,1.24174201e-05,,0,8000000,22440704
dsb-gpu,WK2000_1,33,12378,2000,2000,2000,1999000,512,1600,fp16,gemm,dense,0,0,33296,33337,0,0,0.033210797,0.0199177284,0.000717763,0.002393323,0.0206354914,0.090588035,0,1.24485803e-05,,0,8000000,22440704
dsb-gpu,WK2000_1,34,12379,2000,2000,2000,1999000,512,1600,fp16,gemm,dense,0,0,33337,33337,1,0,0.033132685,0.0200121918,0.000716451,0.002383402,0.0207286428,0.090369761,0,1.25076199e-05,,0,8000000,22440704
dsb-gpu,WK2000_1,35,12380,2000,2000,2000,1999000,512,1600,fp16,gemm,dense,0,0,33333,33337,0,0,0.032894604,0.0199488316,0.000712995,0.00236993,0.0206618266,0.09060701,0,1.24680197e-05,,0,8000000,22440704
dsb-gpu,WK2000_1,36,12381,2000,2000,2000,1999000,512,1600,fp16,gemm,dense,0,0,33333,33337,0,0,0.032956748,0.0199780807,0.000715107,0.002359274,0.0206931877,0.09053293,0,1.24863005e-05,,0,8000000,22440704
dsb-gpu,WK2000_1,37,12382,2000,2000,2000,1999000,512,1600,fp16,gemm,dense,0,0,33300,33337,0,0,0.033589487,0.0199906559,0.000715619,0.002399626,0.0207062749,0.091021444,0,1.24941599e-05,,0,8000000,22440704
dsb-gpu,WK2000_1,38,12383,2000,2000,2000,1999000,512,1600,fp16,gemm,dense,0,0,33304,33337,0,0,0.033078285,0.0198708153,0.000717123,0.002367402,0.0205879383,0.090327713,0,1.24192595e-05,,0,8000000,22440704
dsb-gpu,WK2000_1,39,12384,2000,2000,2000,1999000,512,1600,fp16,gemm,dense,0,0,33333,33337,0,0,0.033144589,0.0197579193,0.000714467,0.002368298,0.0204723863,0.090052288,0,1.23486996e-05,,0,8000000,22440704
dsb-gpu,WK2000_1,40,12385,2000,2000,2000,1999000,512,1600,fp16,gemm,dense,0,0,33335,33337,0,0,0.033080077,0.0198151035,0.000712387,0.002365002,0.0205274905,0.090358465,0,1.23844397e-05,,0,8000000,22440704
dsb-gpu,WK2000_1,41,12386,2000,2000,2000,1999000,512,1600,fp16,gemm,dense,0,0,33336,33337,0,0,0.032848684,0.0198240967,0.000714435,0.002355595,0.0205385317,0.089821567,0,1.23900604e-05,,0,8000000,22440704
dsb-gpu,WK2000_1,42,12387,2000,2000,2000,1999000,512,1600,fp16,gemm,dense,0,0,33336,33337,0,0,0.032986413,0.0200219517,0.000716771,0.002360874,0.0207387227,0.091144996,0,1.25137198e-05,,0,8000000,22440704
dsb-gpu,WK2000_1,43,12388,2000,2000,2000,1999000,512,1600,fp16,gemm,dense,0,0,33329,33337,0,0,0.032999692,0.0199271049,0.000712771,0.002811692,0.0206398759,0.091318693,0,1.24544406e-05,,0,8000000,22440704
dsb-gpu,WK2000_1,44,12389,2000,2000,2000,1999000,512,1600,fp16,gemm,dense,0,0,33337,33337,1,0,0.033107597,0.0199573765,0.0007153,0.002370026,0.0206726765,0.090830307,0,1.24733603e-05,,0,8000000,22440704
dsb-gpu,WK2000_1,45,12390,2000,2000,2000,1999000,512,1600,fp16,gemm,dense,0,0,33311,33337,0,0,0.032963756,0.0199934082,0.000714435,0.002349546,0.0207078432,0.091035684,0,1.24958801e-05,,0,8000000,22440704
dsb-gpu,WK2000_1,46,12391,2000,2000,2000,1999000,512,1600,fp16,gemm,dense,0,0,33333,33337,0,0,0.033279598,0.0197688007,0.000713379,0.002378378,0.0204821797,0.090477953,0,1.23555005e-05,,0,8000000,22440704
dsb-gpu,WK2000_1,47,12392,2000,2000,2000,1999000,512,1600,fp16,gemm,dense,0,0,33308,33337,0,0,0.033152077,0.0198272953,0.000715331,0.002372778,0.0205426263,0.090506498,0,1.23920596e-05,,0,8000000,22440704
dsb-gpu,WK2000_1,48,12393,2000,2000,2000,1999000,512,1600,fp16,gemm,dense,0,0,33337,33337,1,0,0.033225837,0.0197335033,0.000712932,0.002378282,0.0204464353,0.090400865,0,1.23334396e-05,,0,8000000,22440704
dsb-gpu,WK2000_1,49,12394,2000,2000,2000,1999000,512,1600,fp16,gemm,dense,0,0,33308,33337,0,0,0.032962861,0.0197879047,0.000718659,0.002381898,0.0205065637,0.090319489,0,1.23674405e-05,,0,8000000,22440704
