implementation,instance,repeat,seed,n_original,n_before_reduction,n_reduced,edges,agents,steps,precision,variant,storage,reduction,early_stopping,objective,target,success,preprocess_s,setup_s,solver_s,reconstruction_s,evaluation_s,total_s,wall_s,reduction_ratio,time_per_step_s,edge_updates_per_s,nnz_solver,coupling_bytes,gpu_memory_bytes
dsb-gpu,WK2000_1,0,12345,2000,2000,2000,1999000,512,400,fp32,auto->bit,dense,0,0,33257,33337,0,0,0.036326587,0.0120596476,0.000147297,0.002388426,0.0122069446,0.062251946,0,3.01491189e-05,,0,504000,8955648
dsb-gpu,WK2000_1,1,12346,2000,2000,2000,1999000,512,400,fp32,auto->bit,dense,0,0,33236,33337,0,0,0.036298075,0.0120582399,0.000144449,0.002420394,0.0122026889,0.061671591,0,3.01455998e-05,,0,504000,8955648
dsb-gpu,WK2000_1,2,12347,2000,2000,2000,1999000,512,400,fp32,auto->bit,dense,0,0,33258,33337,0,0,0.036739645,0.0120618238,0.000145025,0.002357258,0.0122068488,0.061998025,0,3.01545596e-05,,0,504000,8955648
dsb-gpu,WK2000_1,3,12348,2000,2000,2000,1999000,512,400,fp32,auto->bit,dense,0,0,33262,33337,0,0,0.036737277,0.0120604162,0.000143168,0.002359402,0.0122035842,0.062010697,0,3.01510406e-05,,0,504000,8955648
dsb-gpu,WK2000_1,4,12349,2000,2000,2000,1999000,512,400,fp32,auto->bit,dense,0,0,33247,33337,0,0,0.036683484,0.0120625601,0.00014528,0.002378827,0.0122078401,0.061956137,0,3.01564002e-05,,0,504000,8955648
dsb-gpu,WK2000_1,5,12350,2000,2000,2000,1999000,512,400,fp32,auto->bit,dense,0,0,33230,33337,0,0,0.036734461,0.0120601597,0.000146689,0.00236417,0.0122068487,0.061921097,0,3.01503992e-05,,0,504000,8955648
dsb-gpu,WK2000_1,6,12351,2000,2000,2000,1999000,512,400,fp32,auto->bit,dense,0,0,33248,33337,0,0,0.036583004,0.0120589762,0.000143585,0.002381867,0.0122025612,0.061823336,0,3.01474404e-05,,0,504000,8955648
dsb-gpu,WK2000_1,7,12352,2000,2000,2000,1999000,512,400,fp32,auto->bit,dense,0,0,33244,33337,0,0,0.036161563,0.0120584641,0.000145281,0.002368362,0.0122037451,0.061409959,0,3.01461601e-05,,0,504000,8955648
dsb-gpu,WK2000_1,8,12353,2000,2000,2000,1999000,512,400,fp32,auto->bit,dense,0,0,33251,33337,0,0,0.036508796,0.0120572157,0.000144161,0.002408746,0.0122013767,0.061732616,0,3.01430392e-05,,0,504000,8955648
dsb-gpu,WK2000_1,9,12354,2000,2000,2000,1999000,512,400,fp32,auto->bit,dense,0,0,33275,33337,0,0,0.036624221,0.0120575037,0.000142913,0.002378122,0.0122004167,0.061809512,0,3.01437593e-05,,0,504000,8955648
dsb-gpu,WK2000_1,10,12355,2000,2000,2000,1999000,512,400,fp32,auto->bit,dense,0,0,33236,33337,0,0,0.036432699,0.0120592957,0.000144192,0.002432587,0.0122034877,0.061628136,0,3.01482391e-05,,0,504000,8955648
dsb-gpu,WK2000_1,11,12356,2000,2000,2000,1999000,512,400,fp32,auto->bit,dense,0,0,33279,33337,0,0,0.03647638,0.0120600643,0.000145665,0.00241233,0.0122057293,0.061670919,0,3.01501608e-05,,0,504000,8955648
dsb-gpu,WK2000_1,12,12357,2000,2000,2000,1999000,512,400,fp32,auto->bit,dense,0,0,33252,33337,0,0,0.036540892,0.0120580158,0.000143936,0.002398282,0.0122019518,0.061720199,0,3.01450396e-05,,0,504000,8955648
dsb-gpu,WK2000_1,13,12358,2000,2000,2000,1999000,512,400,fp32,auto->bit,dense,0,0,33250,33337,0,0,0.036924926,0.0120584002,0.000142817,0.002402026,0.0122012172,0.062283466,0,3.01460004e-05,,0,504000,8955648
dsb-gpu,WK2000_1,14,12359,2000,2000,2000,1999000,512,400,fp32,auto->bit,dense,0,0,33277,33337,0,0,0.036627261,0.0120587196,0.000146145,0.002375114,0.0122048646,0.061855688,0,3.01467991e-05,,0,504000,8955648
dsb-gpu,WK2000_1,15,12360,2000,2000,2000,1999000,512,400,fp32,auto->bit,dense,0,0,33280,33337,0,0,0.036606044,0.0120583038,0.000142464,0.002398474,0.0122007678,0.061775783,0,3.01457596e-05,,0,504000,8955648
dsb-gpu,WK2000_1,16,12361,2000,2000,2000,1999000,512,400,fp32,auto->bit,dense,0,0,33252,33337,0,0,0.036570076,0.0120566721,0.000141857,0.002396714,0.0121985291,0.06175236,0,3.01416802e-05,,0,504000,8955648
dsb-gpu,WK2000_1,17,12362,2000,2000,2000,1999000,512,400,fp32,auto->bit,dense,0,0,33257,33337,0,0,0.038065155,0.0120613117,0.000148417,0.002353962,0.0122097287,0.063315694,0,3.01532793e-05,,0,504000,8955648
dsb-gpu,WK2000_1,18,12363,2000,2000,2000,1999000,512,400,fp32,auto->bit,dense,0,0,33252,33337,0,0,0.036479932,0.0120606403,0.000145312,0.002389354,0.0122059523,0.061683495,0,3.01516008e-05,,0,504000,8955648
dsb-gpu,WK2000_1,19,12364,2000,2000,2000,1999000,512,400,fp32,auto->bit,dense,0,0,33262,33337,0,0,0.036501628,0.0120618877,0.000145024,0.002373034,0.0122069117,0.061695495,0,3.01547194e-05,,0,504000,8955648
dsb-gpu,WK2000_1,20,12365,2000,2000,2000,1999000,512,400,fp32,auto->bit,dense,0,0,33251,33337,0,0,0.03663302,0.0120572796,0.000140128,0.002363018,0.0121974076,0.06181012,0,3.0143199e-05,,0,504000,8955648
dsb-gpu,WK2000_1,21,12366,2000,2000,2000,1999000,512,400,fp32,auto->bit,dense,0,0,33257,33337,0,0,0.036340091,0.0120585279,0.000147905,0.002359498,0.0122064329,0.061477094,0,3.01463199e-05,,0,504000,8955648
dsb-gpu,WK2000_1,22,12367,2000,2000,2000,1999000,512,400,fp32,auto->bit,dense,0,0,33253,33337,0,0,0.036548508,0.0120658236,0.000142049,0.002376138,0.0122078726,0.061715688,0,3.01645589e-05,,0,504000,8955648
dsb-gpu,WK2000_1,23,12368,2000,2000,2000,1999000,512,400,fp32,auto->bit,dense,0,0,33260,33337,0,0,0.036856061,0.0120565758,0.000144033,0.002337386,0.0122006088,0.062139817,0,3.01414394e-05,,0,504000,8955648
dsb-gpu,WK2000_1,24,12369,2000,2000,2000,1999000,512,400,fp32,auto->bit,dense,0,0,33282,33337,0,0,0.036484092,0.0120559683,0.000146176,0.002355562,0.0122021443,0.061695367,0,3.01399207e-05,,0,504000,8955648
dsb-gpu,WK2000_1,25,12370,2000,2000,2000,1999000,512,400,fp32,auto->bit,dense,0,0,33243,33337,0,0,0.037031359,0.0120579205,0.000145409,0.002848204,0.0122033295,0.062691596,0,3.01448011e-05,,0,504000,8955648
dsb-gpu,WK2000_1,26,12371,2000,2000,2000,1999000,512,400,fp32,auto->bit,dense,0,0,33245,33337,0,0,0.037103903,0.012058816,0.000144161,0.002404778,0.012202977,0.062493963,0,3.01470399e-05,,0,504000,8955648
dsb-gpu,WK2000_1,27,12372,2000,2000,2000,1999000,512,400,fp32,auto->bit,dense,0,0,33243,33337,0,0,0.036986014,0.0120610561,0.000145537,0.002353002,0.0122065931,0.062319626,0,3.01526403e-05,,0,504000,8955648
dsb-gpu,WK2000_1,28,12373,2000,2000,2000,1999000,512,400,fp32,auto->bit,dense,0,0,33264,33337,0,0,0.036754941,0.0120590401,0.000145729,0.002344394,0.0122047691,0.062066378,0,3.01476002e-05,,0,504000,8955648
dsb-gpu,WK2000_1,29,12374,2000,2000,2000,1999000,512,400,fp32,auto->bit,dense,0,0,33247,33337,0,0,0.037026047,0.0120579844,0.000144416,0.002350602,0.0122024004,0.062303914,0,3.01449609e-05,,0,504000,8955648
dsb-gpu,WK2000_1,30,12375,2000,2000,2000,1999000,512,400,fp32,auto->bit,dense,0,0,33233,33337,0,0,0.036922942,0.0120584965,0.000143456,0.002358314,0.0122019525,0.062257418,0,3.01462412e-05,,0,504000,8955648
dsb-gpu,WK2000_1,31,12376,2000,2000,2000,1999000,512,400,fp32,auto->bit,dense,0,0,33239,33337,0,0,0.037057119,0.0120600319,0.000144289,0.002356298,0.0122043209,0.062208874,0,3.01500797e-05,,0,504000,8955648
dsb-gpu,WK2000_1,32,12377,2000,2000,2000,1999000,512,400,fp32,auto->bit,dense,0,0,33270,33337,0,0,0.036763421,0.0120577602,0.000143201,0.002361194,0.0122009612,0.062058505,0,3.01444006e-05,,0,504000,8955648
dsb-gpu,WK2000_1,33,12378,2000,2000,2000,1999000,512,400,fp32,auto->bit,dense,0,0,33270,33337,0,0,0.037093214,0.0120596161,0.000143137,0.00236209,0.0122027531,0.062419019,0,3.01490402e-05,,0,504000,8955648
dsb-gpu,WK2000_1,34,12379,2000,2000,2000,1999000,512,400,fp32,auto->bit,dense,0,0,33242,33337,0,0,0.036840989,0.0120577917,0.000142689,0.002357258,0.0122004807,0.062151786,0,3.01444793e-05,,0,504000,8955648
dsb-gpu,WK2000_1,35,12380,2000,2000,2000,1999000,512,400,fp32,auto->bit,dense,0,0,33260,33337,0,0,0.038585957,0.0120630722,0.000148609,0.002358346,0.0122116812,0.06374472,0,3.01576805e-05,,0,504000,8955648
dsb-gpu,WK2000_1,36,12381,2000,2000,2000,1999000,512,400,fp32,auto->bit,dense,0,0,33224,33337,0,0,0.036475036,0.0120594883,0.000144608,0.00234625,0.0122040963,0.061759655,0,3.01487207e-05,,0,504000,8955648
dsb-gpu,WK2000_1,37,12382,2000,2000,2000,1999000,512,400,fp32,auto->bit,dense,0,0,33271,33337,0,0,0.036652797,0.0120607357,0.000144481,0.00240545,0.0122052167,0.061890408,0,3.01518393e-05,,0,504000,8955648
dsb-gpu,WK2000_1,38,12383,2000,2000,2000,1999000,512,400,fp32,auto->bit,dense,0,0,33237,33337,0,0,0.03640998,0.0120606079,0.000142721,0.002397578,0.0122033289,0.06175508,0,3.01515198e-05,,0,504000,8955648
dsb-gpu,WK2000_1,39,12384,2000,2000,2000,1999000,512,400,fp32,auto->bit,dense,0,0,33252,33337,0,0,0.036404539,0.0120584002,0.000145473,0.002373258,0.0122038732,0.061583111,0,3.01460004e-05,,0,504000,8955648
dsb-gpu,WK2000_1,40,12385,2000,2000,2000,1999000,512,400,fp32,auto->bit,dense,0,0,33255,33337,0,0,0.036461916,0.0120574722,0.000143809,0.002368074,0.0122012812,0.061653768,0,3.01436806e-05,,0,504000,8955648
dsb-gpu,WK2000_1,41,12386,2000,2000,2000,1999000,512,400,fp32,auto->bit,dense,0,0,33232,33337,0,0,0.036439643,0.0120585604,0.000143681,0.002355307,0.0122022414,0.06158324,0,3.01464009e-05,,0,504000,8955648
dsb-gpu,WK2000_1,42,12387,2000,2000,2000,1999000,512,400,fp32,auto->bit,dense,0,0,33244,33337,0,0,0.036485851,0.0120586243,0.000144897,0.002348298,0.0122035213,0.06167156,0,3.01465607e-05,,0,504000,8955648
dsb-gpu,WK2000_1,43,12388,2000,2000,2000,1999000,512,400,fp32,auto->bit,dense,0,0,33265,33337,0,0,0.037018238,0.0120577278,0.000142881,0.00237105,0.0122006088,0.062419051,0,3.01443195e-05,,0,504000,8955648
dsb-gpu,WK2000_1,44,12389,2000,2000,2000,1999000,512,400,fp32,auto->bit,dense,0,0,33233,33337,0,0,0.037004542,0.0120568962,0.000145824,0.002371594,0.0122027202,0.062404138,0,3.01422405e-05,,0,504000,8955648
dsb-gpu,WK2000_1,45,12390,2000,2000,2000,1999000,512,400,fp32,auto->bit,dense,0,0,33247,33337,0,0,0.036597916,0.0120587196,0.000144033,0.002404298,0.0122027526,0.061890696,0,3.01467991e-05,,0,504000,8955648
dsb-gpu,WK2000_1,46,12391,2000,2000,2000,1999000,512,400,fp32,auto->bit,dense,0,0,33276,33337,0,0,0.036551805,0.0120581121,0.00014448,0.00233985,0.0122025921,0.06190692,0,3.01452804e-05,,0,504000,8955648
dsb-gpu,WK2000_1,47,12392,2000,2000,2000,1999000,512,400,fp32,auto->bit,dense,0,0,33274,33337,0,0,0.036994622,0.0120582399,0.000143904,0.002367978,0.0122021439,0.062553195,0,3.01455998e-05,,0,504000,8955648
dsb-gpu,WK2000_1,48,12393,2000,2000,2000,1999000,512,400,fp32,auto->bit,dense,0,0,33247,33337,0,0,0.038379396,0.0120634241,0.000148353,0.00279486,0.0122117771,0.06414917,0,3.01585603e-05,,0,504000,8955648
dsb-gpu,WK2000_1,49,12394,2000,2000,2000,1999000,512,400,fp32,auto->bit,dense,0,0,33236,33337,0,0,0.036815101,0.0120582399,0.000143713,0.002358282,0.0122019529,0.062299018,0,3.01455998e-05,,0,504000,8955648
dsb-gpu,WK2000_1,0,12345,2000,2000,2000,1999000,512,400,fp32,bit,dense,0,0,33257,33337,0,0,0.03605849,0.0120586557,0.000144481,0.002378474,0.0122031367,0.061814664,0,3.01466393e-05,,0,504000,8955648
dsb-gpu,WK2000_1,1,12346,2000,2000,2000,1999000,512,400,fp32,bit,dense,0,0,33236,33337,0,0,0.036629149,0.0120584965,0.000143616,0.002392971,0.0122021125,0.062056905,0,3.01462412e-05,,0,504000,8955648
dsb-gpu,WK2000_1,2,12347,2000,2000,2000,1999000,512,400,fp32,bit,dense,0,0,33258,33337,0,0,0.036583741,0.0120600958,0.000145185,0.00238097,0.0122052808,0.061813128,0,3.01502395e-05,,0,504000,8955648
dsb-gpu,WK2000_1,3,12348,2000,2000,2000,1999000,512,400,fp32,bit,dense,0,0,33262,33337,0,0,0.03665734,0.0120615358,0.000143905,0.002379339,0.0122054408,0.061919913,0,3.01538396e-05,,0,504000,8955648
dsb-gpu,WK2000_1,4,12349,2000,2000,2000,1999000,512,400,fp32,bit,dense,0,0,33247,33337,0,0,0.036696925,0.0120592003,0.000145505,0.00238641,0.0122047053,0.062073961,0,3.01480007e-05,,0,504000,8955648
dsb-gpu,WK2000_1,5,12350,2000,2000,2000,1999000,512,400,fp32,bit,dense,0,0,33230,33337,0,0,0.036720669,0.0120572796,0.000143553,0.002341482,0.0122008326,0.062104201,0,3.0143199e-05,,0,504000,8955648
dsb-gpu,WK2000_1,6,12351,2000,2000,2000,1999000,512,400,fp32,bit,dense,0,0,33248,33337,0,0,0.036488444,0.0120572157,0.000145441,0.002446986,0.0122026567,0.061943144,0,3.01430392e-05,,0,504000,8955648
dsb-gpu,WK2000_1,7,12352,2000,2000,2000,1999000,512,400,fp32,bit,dense,0,0,33244,33337,0,0,0.036560316,0.0120623684,0.000146145,0.002374635,0.0122085134,0.061829929,0,3.0155921e-05,,0,504000,8955648
dsb-gpu,WK2000_1,8,12353,2000,2000,2000,1999000,512,400,fp32,bit,dense,0,0,33251,33337,0,0,0.036479036,0.0120588484,0.000142944,0.002393035,0.0122017924,0.061766504,0,3.0147121e-05,,0,504000,8955648
dsb-gpu,WK2000_1,9,12354,2000,2000,2000,1999000,512,400,fp32,bit,dense,0,0,33275,33337,0,0,0.036867069,0.0120592957,0.000142209,0.002370666,0.0122015047,0.062264394,0,3.01482391e-05,,0,504000,8955648
dsb-gpu,WK2000_1,10,12355,2000,2000,2000,1999000,512,400,fp32,bit,dense,0,0,33236,33337,0,0,0.036454908,0.0120601921,0.000144353,0.002390603,0.0122045451,0.06170756,0,3.01504803e-05,,0,504000,8955648
dsb-gpu,WK2000_1,11,12356,2000,2000,2000,1999000,512,400,fp32,bit,dense,0,0,33279,33337,0,0,0.036474044,0.0120598078,0.000143808,0.002404971,0.0122036158,0.061711112,0,3.01495194e-05,,0,504000,8955648
dsb-gpu,WK2000_1,12,12357,2000,2000,2000,1999000,512,400,fp32,bit,dense,0,0,33252,33337,0,0,0.036473052,0.0120587835,0.000142944,0.002391658,0.0122017275,0.061699687,0,3.01469588e-05,,0,504000,8955648
dsb-gpu,WK2000_1,13,12358,2000,2000,2000,1999000,512,400,fp32,bit,dense,0,0,33250,33337,0,0,0.036529052,0.0120579844,0.000145376,0.002341002,0.0122033604,0.061792839,0,3.01449609e-05,,0,504000,8955648
dsb-gpu,WK2000_1,14,12359,2000,2000,2000,1999000,512,400,fp32,bit,dense,0,0,33277,33337,0,0,0.0365567,0.0120609922,0.000142881,0.002377898,0.0122038732,0.061838856,0,3.01524806e-05,,0,504000,8955648
dsb-gpu,WK2000_1,15,12360,2000,2000,2000,1999000,512,400,fp32,bit,dense,0,0,33280,33337,0,0,0.036393115,0.0120600958,0.000145664,0.002373738,0.0122057598,0.061657895,0,3.01502395e-05,,0,504000,8955648
dsb-gpu,WK2000_1,16,12361,2000,2000,2000,1999000,512,400,fp32,bit,dense,0,0,33252,33337,0,0,0.036557724,0.0120610876,0.000144481,0.002390923,0.0122055686,0.06178868,0,3.0152719e-05,,0,504000,8955648
dsb-gpu,WK2000_1,17,12362,2000,2000,2000,1999000,512,400,fp32,bit,dense,0,0,33257,33337,0,0,0.036404283,0.0120581121,0.000143137,0.002384074,0.0122012491,0.061811464,0,3.01452804e-05,,0,504000,8955648
dsb-gpu,WK2000_1,18,12363,2000,2000,2000,1999000,512,400,fp32,bit,dense,0,0,33252,33337,0,0,0.038132931,0.0120642242,0.000149345,0.00236033,0.0122135692,0.06459106,0,3.01605606e-05,,0,504000,8955648
dsb-gpu,WK2000_1,19,12364,2000,2000,2000,1999000,512,400,fp32,bit,dense,0,0,33262,33337,0,0,0.036359163,0.0120616322,0.000144512,0.002363658,0.0122061442,0.061594823,0,3.01540804e-05,,0,504000,8955648
dsb-gpu,WK2000_1,20,12365,2000,2000,2000,1999000,512,400,fp32,bit,dense,0,0,33251,33337,0,0,0.036546716,0.0120595198,0.0001432,0.00241041,0.0122027198,0.061781607,0,3.01487994e-05,,0,504000,8955648
dsb-gpu,WK2000_1,21,12366,2000,2000,2000,1999000,512,400,fp32,bit,dense,0,0,33257,33337,0,0,0.03648118,0.0120595837,0.000143584,0.002379178,0.0122031677,0.061709415,0,3.01489592e-05,,0,504000,8955648
dsb-gpu,WK2000_1,22,12367,2000,2000,2000,1999000,512,400,fp32,bit,dense,0,0,33253,33337,0,0,0.036552348,0.0120604162,0.000142657,0.002358346,0.0122030732,0.061770759,0,3.01510406e-05,,0,504000,8955648
dsb-gpu,WK2000_1,23,12368,2000,2000,2000,1999000,512,400,fp32,bit,dense,0,0,33260,33337,0,0,0.036509116,0.0120612803,0.000143872,0.002340426,0.0122051523,0.061704103,0,3.01532006e-05,,0,504000,8955648
dsb-gpu,WK2000_1,24,12369,2000,2000,2000,1999000,512,400,fp32,bit,dense,0,0,33282,33337,0,0,0.036457372,0.0120618877,0.000142849,0.00237937,0.0122047367,0.061711528,0,3.01547194e-05,,0,504000,8955648
dsb-gpu,WK2000_1,25,12370,2000,2000,2000,1999000,512,400,fp32,bit,dense,0,0,33243,33337,0,0,0.037083998,0.0120619841,0.0001448,0.002346058,0.0122067841,0.062442091,0,3.01549602e-05,,0,504000,8955648
dsb-gpu,WK2000_1,26,12371,2000,2000,2000,1999000,512,400,fp32,bit,dense,0,0,33245,33337,0,0,0.03709395,0.0120611839,0.0001464,0.002912237,0.0122075839,0.062862477,0,3.01529598e-05,,0,504000,8955648
dsb-gpu,WK2000_1,27,12372,2000,2000,2000,1999000,512,400,fp32,bit,dense,0,0,33243,33337,0,0,0.036548124,0.0120607042,0.000144384,0.002348714,0.0122050882,0.062094857,0,3.01517606e-05,,0,504000,8955648
dsb-gpu,WK2000_1,28,12373,2000,2000,2000,1999000,512,400,fp32,bit,dense,0,0,33264,33337,0,0,0.036573756,0.0120601921,0.000146112,0.002345514,0.0122063041,0.061703847,0,3.01504803e-05,,0,504000,8955648
dsb-gpu,WK2000_1,29,12374,2000,2000,2000,1999000,512,400,fp32,bit,dense,0,0,33247,33337,0,0,0.036307003,0.0120606079,0.000143552,0.002362314,0.0122041599,0.061514471,0,3.01515198e-05,,0,504000,8955648
dsb-gpu,WK2000_1,30,12375,2000,2000,2000,1999000,512,400,fp32,bit,dense,0,0,33233,33337,0,0,0.036547196,0.0120606718,0.000143264,0.002349802,0.0122039358,0.0617682,0,3.01516795e-05,,0,504000,8955648
dsb-gpu,WK2000_1,31,12376,2000,2000,2000,1999000,512,400,fp32,bit,dense,0,0,33239,33337,0,0,0.036389723,0.0120615997,0.000142592,0.00236353,0.0122041917,0.061556935,0,3.01539993e-05,,0,504000,8955648
dsb-gpu,WK2000_1,32,12377,2000,2000,2000,1999000,512,400,fp32,bit,dense,0,0,33270,33337,0,0,0.036440508,0.0120606718,0.000144545,0.002398922,0.0122052168,0.061728935,0,3.01516795e-05,,0,504000,8955648
dsb-gpu,WK2000_1,33,12378,2000,2000,2000,1999000,512,400,fp32,bit,dense,0,0,33270,33337,0,0,0.03649606,0.0120589123,0.000146401,0.00235409,0.0122053133,0.061664071,0,3.01472807e-05,,0,504000,8955648
dsb-gpu,WK2000_1,34,12379,2000,2000,2000,1999000,512,400,fp32,bit,dense,0,0,33242,33337,0,0,0.036458268,0.0120601921,0.000144257,0.002364682,0.0122044491,0.061660744,0,3.01504803e-05,,0,504000,8955648
dsb-gpu,WK2000_1,35,12380,2000,2000,2000,1999000,512,400,fp32,bit,dense,0,0,33260,33337,0,0,0.036596764,0.012061408,0.000145313,0.002355082,0.012206721,0.061791752,0,3.01535201e-05,,0,504000,8955648
dsb-gpu,WK2000_1,36,12381,2000,2000,2000,1999000,512,400,fp32,bit,dense,0,0,33224,33337,0,0,0.036656124,0.0120613117,0.000159841,0.002356458,0.0122211527,0.061996233,0,3.01532793e-05,,0,504000,8955648
dsb-gpu,WK2000_1,37,12382,2000,2000,2000,1999000,512,400,fp32,bit,dense,0,0,33271,33337,0,0,0.037448288,0.0120632324,0.000144545,0.002365226,0.0122077774,0.063552432,0,3.01580811e-05,,0,504000,8955648
dsb-gpu,WK2000_1,38,12383,2000,2000,2000,1999000,512,400,fp32,bit,dense,0,0,33237,33337,0,0,0.036596925,0.0120603838,0.000146305,0.002372778,0.0122066888,0.061787464,0,3.01509595e-05,,0,504000,8955648
dsb-gpu,WK2000_1,39,12384,2000,2000,2000,1999000,512,400,fp32,bit,dense,0,0,33252,33337,0,0,0.036304827,0.0120575676,0.000145121,0.002397706,0.0122026886,0.061512327,0,3.0143919e-05,,0,504000,8955648
dsb-gpu,WK2000_1,40,12385,2000,2000,2000,1999000,512,400,fp32,bit,dense,0,0,33255,33337,0,0,0.03645142,0.0120607681,0.000147297,0.002358251,0.0122080651,0.061636488,0,3.01519203e-05,,0,504000,8955648
dsb-gpu,WK2000_1,41,12386,2000,2000,2000,1999000,512,400,fp32,bit,dense,0,0,33232,33337,0,0,0.037089087,0.0120588484,0.000145664,0.002377194,0.0122045124,0.062427402,0,3.0147121e-05,,0,504000,8955648
dsb-gpu,WK2000_1,42,12387,2000,2000,2000,1999000,512,400,fp32,bit,dense,0,0,33244,33337,0,0,0.03692435,0.0120567999,0.000142977,0.002387306,0.0121997769,0.06227441,0,3.01419997e-05,,0,504000,8955648
dsb-gpu,WK2000_1,43,12388,2000,2000,2000,1999000,512,400,fp32,bit,dense,0,0,33265,33337,0,0,0.036346876,0.0120590715,0.000148801,0.002439307,0.0122078725,0.061561607,0,3.01476789e-05,,0,504000,8955648
dsb-gpu,WK2000_1,44,12389,2000,2000,2000,1999000,512,400,fp32,bit,dense,0,0,33233,33337,0,0,0.036491644,0.012058176,0.000143424,0.002396554,0.0122016,0.061647591,0,3.01454401e-05,,0,504000,8955648
dsb-gpu,WK2000_1,45,12390,2000,2000,2000,1999000,512,400,fp32,bit,dense,0,0,33247,33337,0,0,0.036980862,0.0120584002,0.000143777,0.002409098,0.0122021772,0.062306122,0,3.01460004e-05,,0,504000,8955648
dsb-gpu,WK2000_1,46,12391,2000,2000,2000,1999000,512,400,fp32,bit,dense,0,0,33276,33337,0,0,0.036455291,0.0120586557,0.00014624,0.00239985,0.0122048957,0.061652647,0,3.01466393e-05,,0,504000,8955648
dsb-gpu,WK2000_1,47,12392,2000,2000,2000,1999000,512,400,fp32,bit,dense,0,0,33274,33337,0,0,0.035859257,0.0120589437,0.00014448,0.002345034,0.0122034237,0.06103898,0,3.01473594e-05,,0,504000,8955648
dsb-gpu,WK2000_1,48,12393,2000,2000,2000,1999000,512,400,fp32,bit,dense,0,0,33247,33337,0,0,0.036195803,0.0120599356,0.000147233,0.002440394,0.0122071686,0.061434182,0,3.01498389e-05,,0,504000,8955648
dsb-gpu,WK2000_1,49,12394,2000,2000,2000,1999000,512,400,fp32,bit,dense,0,0,33236,33337,0,0,0.036249595,0.0120598717,0.000144896,0.002371083,0.0122047677,0.061616456,0,3.01496792e-05,,0,504000,8955648
dsb-gpu,WK2000_1,0,12345,2000,2000,2000,1999000,512,400,fp32,csr-row,csr,0,0,33224,33337,0,0,0.012670902,0.52171228,0.001240805,0.002428138,0.522953085,0.541792554,0,0.0013042807,7.84714517e+11,3998000,31992004,42237700
dsb-gpu,WK2000_1,1,12346,2000,2000,2000,1999000,512,400,fp32,csr-row,csr,0,0,33236,33337,0,0,0.012437717,0.522576477,0.001250693,0.002380267,0.52382717,0.542422413,0,0.00130644119,7.83416816e+11,3998000,31992004,42237700
dsb-gpu,WK2000_1,2,12347,2000,2000,2000,1999000,512,400,fp32,csr-row,csr,0,0,33262,33337,0,0,0.012902712,0.52600946,0.001249702,0.002766156,0.527259162,0.547122785,0,0.00131502365,7.78303872e+11,3998000,31992004,42237700
dsb-gpu,WK2000_1,3,12348,2000,2000,2000,1999000,512,400,fp32,csr-row,csr,0,0,33232,33337,0,0,0.012455541,0.523381592,0.001259878,0.002585451,0.52464147,0.543452561,0,0.00130845398,7.82211691e+11,3998000,31992004,42237700
dsb-gpu,WK2000_1,4,12349,2000,2000,2000,1999000,512,400,fp32,csr-row,csr,0,0,33244,33337,0,0,0.012851799,0.521358887,0.001254021,0.002922061,0.522612908,0.542167276,0,0.00130339722,7.85246421e+11,3998000,31992004,42237700
dsb-gpu,WK2000_1,5,12350,2000,2000,2000,1999000,512,400,fp32,csr-row,csr,0,0,33234,33337,0,0,0.012852279,0.521848694,0.001241701,0.002639499,0.523090395,0.542411725,0,0.00130462173,7.84509389e+11,3998000,31992004,42237700
dsb-gpu,WK2000_1,6,12351,2000,2000,2000,1999000,512,400,fp32,csr-row,csr,0,0,33236,33337,0,0,0.012347285,0.522421753,0.001251014,0.002871052,0.523672767,0.541971947,0,0.00130605438,7.83648839e+11,3998000,31992004,42237700
dsb-gpu,WK2000_1,7,12352,2000,2000,2000,1999000,512,400,fp32,csr-row,csr,0,0,33263,33337,0,0,0.01217378,0.526196838,0.001249573,0.002874956,0.527446411,0.545596218,0,0.0013154921,7.7802672e+11,3998000,31992004,42237700
dsb-gpu,WK2000_1,8,12353,2000,2000,2000,1999000,512,400,fp32,csr-row,csr,0,0,33278,33337,0,0,0.01230914,0.52154303,0.001246885,0.003606416,0.522789915,0.541816586,0,0.00130385757,7.84969172e+11,3998000,31992004,42237700
dsb-gpu,WK2000_1,9,12354,2000,2000,2000,1999000,512,400,fp32,csr-row,csr,0,0,33264,33337,0,0,0.01266623,0.522226929,0.001245861,0.00278734,0.52347279,0.542751182,0,0.00130556732,7.8394119e+11,3998000,31992004,42237700
dsb-gpu,WK2000_1,10,12355,2000,2000,2000,1999000,512,400,fp32,csr-row,csr,0,0,33251,33337,0,0,0.012411029,0.521087097,0.001244997,0.002939757,0.522332094,0.540743462,0,0.00130271774,7.85655992e+11,3998000,31992004,42237700
dsb-gpu,WK2000_1,11,12356,2000,2000,2000,1999000,512,400,fp32,csr-row,csr,0,0,33272,33337,0,0,0.012336053,0.517390808,0.001242277,0.003037773,0.518633085,0.53705951,0,0.00129347702,7.91268793e+11,3998000,31992004,42237700
dsb-gpu,WK2000_1,12,12357,2000,2000,2000,1999000,512,400,fp32,csr-row,csr,0,0,33232,33337,0,0,0.012290133,0.522375366,0.001247077,0.002971821,0.523622443,0.541952875,0,0.00130593842,7.83718426e+11,3998000,31992004,42237700
dsb-gpu,WK2000_1,13,12358,2000,2000,2000,1999000,512,400,fp32,csr-row,csr,0,0,33281,33337,0,0,0.012256244,0.52130658,0.001250693,0.003762225,0.522557273,0.54166897,0,0.00130326645,7.85325212e+11,3998000,31992004,42237700
dsb-gpu,WK2000_1,14,12359,2000,2000,2000,1999000,512,400,fp32,csr-row,csr,0,0,33271,33337,0,0,0.012599734,0.526316956,0.001250406,0.00289246,0.527567362,0.546756191,0,0.00131579239,7.77849157e+11,3998000,31992004,42237700
dsb-gpu,WK2000_1,15,12360,2000,2000,2000,1999000,512,400,fp32,csr-row,csr,0,0,33239,33337,0,0,0.012546454,0.51859021,0.001247461,0.002976205,0.519837671,0.538386364,0,0.00129647552,7.89438736e+11,3998000,31992004,42237700
dsb-gpu,WK2000_1,16,12361,2000,2000,2000,1999000,512,400,fp32,csr-row,csr,0,0,33256,33337,0,0,0.012256532,0.521153198,0.001241093,0.002932717,0.522394291,0.540607589,0,0.001302883,7.85556342e+11,3998000,31992004,42237700
dsb-gpu,WK2000_1,17,12362,2000,2000,2000,1999000,512,400,fp32,csr-row,csr,0,0,33264,33337,0,0,0.012284852,0.518205383,0.001237605,0.003039725,0.519442988,0.537795929,0,0.00129551346,7.90024985e+11,3998000,31992004,42237700
dsb-gpu,WK2000_1,18,12363,2000,2000,2000,1999000,512,400,fp32,csr-row,csr,0,0,33251,33337,0,0,0.012259508,0.519308411,0.001244677,0.003151885,0.520553088,0.539002878,0,0.00129827103,7.88346947e+11,3998000,31992004,42237700
dsb-gpu,WK2000_1,19,12364,2000,2000,2000,1999000,512,400,fp32,csr-row,csr,0,0,33270,33337,0,0,0.01221634,0.522317993,0.001255557,0.003893457,0.52357355,0.542748558,0,0.00130579498,7.83804512e+11,3998000,31992004,42237700
dsb-gpu,WK2000_1,20,12365,2000,2000,2000,1999000,512,400,fp32,csr-row,csr,0,0,33250,33337,0,0,0.012620694,0.52126947,0.00124055,0.0029235,0.52251002,0.541812234,0,0.00130317368,7.85381119e+11,3998000,31992004,42237700
dsb-gpu,WK2000_1,21,12366,2000,2000,2000,1999000,512,400,fp32,csr-row,csr,0,0,33248,33337,0,0,0.012413365,0.521007874,0.001240549,0.003175437,0.522248423,0.540865414,0,0.00130251968,7.85775457e+11,3998000,31992004,42237700
dsb-gpu,WK2000_1,22,12367,2000,2000,2000,1999000,512,400,fp32,csr-row,csr,0,0,33249,33337,0,0,0.012306613,0.52253656,0.001244709,0.003019277,0.523781269,0.542143659,0,0.0013063414,7.83476662e+11,3998000,31992004,42237700
dsb-gpu,WK2000_1,23,12368,2000,2000,2000,1999000,512,400,fp32,csr-row,csr,0,0,33242,33337,0,0,0.012312693,0.517648499,0.001241893,0.003223118,0.518890392,0.537462104,0,0.00129412125,7.90874891e+11,3998000,31992004,42237700
dsb-gpu,WK2000_1,24,12369,2000,2000,2000,1999000,512,400,fp32,csr-row,csr,0,0,33247,33337,0,0,0.0122637,0.520275635,0.001244453,0.003202926,0.521520088,0.540032835,0,0.00130068909,7.86881362e+11,3998000,31992004,42237700
dsb-gpu,WK2000_1,25,12370,2000,2000,2000,1999000,512,400,fp32,csr-row,csr,0,0,33240,33337,0,0,0.012340564,0.52622229,0.001243461,0.003337774,0.527465751,0.546201917,0,0.00131555573,7.77989089e+11,3998000,31992004,42237700
dsb-gpu,WK2000_1,26,12371,2000,2000,2000,1999000,512,400,fp32,csr-row,csr,0,0,33269,33337,0,0,0.0122285,0.521582153,0.001239717,0.00316667,0.52282187,0.541282952,0,0.00130395538,7.84910291e+11,3998000,31992004,42237700
dsb-gpu,WK2000_1,27,12372,2000,2000,2000,1999000,512,400,fp32,csr-row,csr,0,0,33251,33337,0,0,0.012349237,0.527553772,0.001248965,0.004028978,0.528802737,0.548255718,0,0.00131888443,7.76025539e+11,3998000,31992004,42237700
dsb-gpu,WK2000_1,28,12373,2000,2000,2000,1999000,512,400,fp32,csr-row,csr,0,0,33246,33337,0,0,0.012592341,0.52893634,0.001241061,0.003019597,0.530177401,0.549499851,0,0.00132234085,7.73997112e+11,3998000,31992004,42237700
dsb-gpu,WK2000_1,29,12374,2000,2000,2000,1999000,512,400,fp32,csr-row,csr,0,0,33283,33337,0,0,0.012234868,0.519105591,0.00124247,0.003240718,0.520348061,0.53885715,0,0.00129776398,7.88654962e+11,3998000,31992004,42237700
dsb-gpu,WK2000_1,30,12375,2000,2000,2000,1999000,512,400,fp32,csr-row,csr,0,0,33265,33337,0,0,0.012264596,0.527121155,0.001249541,0.003195438,0.528370696,0.546874336,0,0.00131780289,7.76662436e+11,3998000,31992004,42237700
dsb-gpu,WK2000_1,31,12376,2000,2000,2000,1999000,512,400,fp32,csr-row,csr,0,0,33262,33337,0,0,0.012246324,0.527676575,0.001245317,0.003281422,0.528921892,0.547489986,0,0.00131919144,7.75844939e+11,3998000,31992004,42237700
dsb-gpu,WK2000_1,32,12377,2000,2000,2000,1999000,512,400,fp32,csr-row,csr,0,0,33249,33337,0,0,0.012299477,0.522263367,0.001247013,0.003310574,0.52351038,0.542159948,0,0.00130565842,7.83886495e+11,3998000,31992004,42237700
dsb-gpu,WK2000_1,33,12378,2000,2000,2000,1999000,512,400,fp32,csr-row,csr,0,0,33274,33337,0,0,0.012308085,0.523671143,0.00124439,0.003102829,0.524915533,0.543374833,0,0.00130917786,7.81779187e+11,3998000,31992004,42237700
dsb-gpu,WK2000_1,34,12379,2000,2000,2000,1999000,512,400,fp32,csr-row,csr,0,0,33250,33337,0,0,0.012397557,0.520800293,0.001238981,0.003358702,0.522039274,0.540859942,0,0.00130200073,7.86088651e+11,3998000,31992004,42237700
dsb-gpu,WK2000_1,35,12380,2000,2000,2000,1999000,512,400,fp32,csr-row,csr,0,0,33275,33337,0,0,0.012209749,0.52246228,0.00124743,0.003246221,0.52370971,0.542216811,0,0.0013061557,7.83588051e+11,3998000,31992004,42237700
dsb-gpu,WK2000_1,36,12381,2000,2000,2000,1999000,512,400,fp32,csr-row,csr,0,0,33250,33337,0,0,0.012318292,0.52870166,0.001246086,0.003325262,0.529947746,0.548669447,0,0.00132175415,7.74340674e+11,3998000,31992004,42237700
dsb-gpu,WK2000_1,37,12382,2000,2000,2000,1999000,512,400,fp32,csr-row,csr,0,0,33238,33337,0,0,0.012317941,0.518569702,0.001252261,0.004036722,0.519821963,0.539280352,0,0.00129642426,7.89469956e+11,3998000,31992004,42237700
dsb-gpu,WK2000_1,38,12383,2000,2000,2000,1999000,512,400,fp32,csr-row,csr,0,0,33247,33337,0,0,0.01261903,0.522667908,0.001240869,0.003259053,0.523908777,0.543579217,0,0.00130666977,7.83279773e+11,3998000,31992004,42237700
dsb-gpu,WK2000_1,39,12384,2000,2000,2000,1999000,512,400,fp32,csr-row,csr,0,0,33241,33337,0,0,0.012398965,0.526350769,0.001241669,0.003305678,0.527592438,0.546310301,0,0.00131587692,7.77799187e+11,3998000,31992004,42237700
dsb-gpu,WK2000_1,40,12385,2000,2000,2000,1999000,512,400,fp32,csr-row,csr,0,0,33238,33337,0,0,0.012226932,0.520913879,0.001248485,0.003011404,0.522162364,0.540413476,0,0.0013022847,7.85917243e+11,3998000,31992004,42237700
dsb-gpu,WK2000_1,41,12386,2000,2000,2000,1999000,512,400,fp32,csr-row,csr,0,0,33219,33337,0,0,0.012181076,0.520987732,0.001240037,0.00316443,0.522227769,0.540620869,0,0.00130246933,7.85805836e+11,3998000,31992004,42237700
dsb-gpu,WK2000_1,42,12387,2000,2000,2000,1999000,512,400,fp32,csr-row,csr,0,0,33266,33337,0,0,0.01223234,0.528895447,0.001242246,0.003278158,0.530137693,0.548685096,0,0.00132223862,7.74056957e+11,3998000,31992004,42237700
dsb-gpu,WK2000_1,43,12388,2000,2000,2000,1999000,512,400,fp32,csr-row,csr,0,0,33258,33337,0,0,0.012357493,0.52276947,0.001247558,0.003339086,0.524017028,0.542777166,0,0.00130692368,7.83127599e+11,3998000,31992004,42237700
dsb-gpu,WK2000_1,44,12389,2000,2000,2000,1999000,512,400,fp32,csr-row,csr,0,0,33284,33337,0,0,0.012302357,0.52399469,0.001242821,0.003414255,0.525237511,0.543995476,0,0.00130998672,7.81296467e+11,3998000,31992004,42237700
dsb-gpu,WK2000_1,45,12390,2000,2000,2000,1999000,512,400,fp32,csr-row,csr,0,0,33244,33337,0,0,0.012244212,0.522131958,0.001249702,0.003464782,0.52338166,0.542152235,0,0.0013053299,7.84083781e+11,3998000,31992004,42237700
dsb-gpu,WK2000_1,46,12391,2000,2000,2000,1999000,512,400,fp32,csr-row,csr,0,0,33230,33337,0,0,0.012257524,0.519908691,0.001240613,0.003426223,0.521149304,0.539884834,0,0.00129977173,7.8743673e+11,3998000,31992004,42237700
dsb-gpu,WK2000_1,47,12392,2000,2000,2000,1999000,512,400,fp32,csr-row,csr,0,0,33265,33337,0,0,0.012227636,0.520878296,0.001249701,0.003424719,0.522127997,0.540865862,0,0.00130219574,7.85970933e+11,3998000,31992004,42237700
dsb-gpu,WK2000_1,48,12393,2000,2000,2000,1999000,512,400,fp32,csr-row,csr,0,0,33261,33337,0,0,0.012324853,0.523058594,0.001243397,0.003367823,0.524301991,0.543110416,0,0.00130764648,7.82694721e+11,3998000,31992004,42237700
dsb-gpu,WK2000_1,49,12394,2000,2000,2000,1999000,512,400,fp32,csr-row,csr,0,0,33233,33337,0,0,0.012278324,0.527303284,0.001247941,0.003357326,0.528551225,0.547257281,0,0.00131825821,7.76394179e+11,3998000,31992004,42237700
dsb-gpu,WK2000_1,0,12345,2000,2000,2000,1999000,512,400,fp32,csr-block,csr,0,0,33224,33337,0,0,0.012662966,5.08033203,0.001259717,0.002913325,5.08159175,5.10158406,0,0.0127008301,8.05843393e+10,3998000,31992004,41213700
dsb-gpu,WK2000_1,1,12346,2000,2000,2000,1999000,512,400,fp32,csr-block,csr,0,0,33236,33337,0,0,0.012704694,5.07984961,0.001255238,0.002869164,5.08110485,5.10100131,0,0.012699624,8.05919922e+10,3998000,31992004,41213700
dsb-gpu,WK2000_1,2,12347,2000,2000,2000,1999000,512,400,fp32,csr-block,csr,0,0,33262,33337,0,0,0.012546997,5.09571924,0.001245222,0.002368202,5.09696446,5.11598764,0,0.0127392981,8.03410041e+10,3998000,31992004,41213700
dsb-gpu,WK2000_1,3,12348,2000,2000,2000,1999000,512,400,fp32,csr-block,csr,0,0,33232,33337,0,0,0.012379573,5.12086572,0.001259973,0.002870892,5.1221257,5.14116721,0,0.0128021643,7.99464821e+10,3998000,31992004,41213700
dsb-gpu,WK2000_1,4,12349,2000,2000,2000,1999000,512,400,fp32,csr-block,csr,0,0,33244,33337,0,0,0.012512918,5.06567578,0.001249862,0.002876556,5.06692564,5.08642694,0,0.0126641895,8.08174896e+10,3998000,31992004,41213700
dsb-gpu,WK2000_1,5,12350,2000,2000,2000,1999000,512,400,fp32,csr-block,csr,0,0,33234,33337,0,0,0.012468758,5.06249658,0.001247141,0.002413643,5.06374372,5.08268597,0,0.0126562415,8.08682423e+10,3998000,31992004,41213700
dsb-gpu,WK2000_1,6,12351,2000,2000,2000,1999000,512,400,fp32,csr-block,csr,0,0,33236,33337,0,0,0.01224754,5.0794541,0.001250693,0.002393418,5.08070479,5.09874744,0,0.0126986353,8.05982674e+10,3998000,31992004,41213700
dsb-gpu,WK2000_1,7,12352,2000,2000,2000,1999000,512,400,fp32,csr-block,csr,0,0,33263,33337,0,0,0.012201076,5.12251611,0.00124439,0.002402282,5.1237605,5.14179751,0,0.0128062903,7.99207247e+10,3998000,31992004,41213700
dsb-gpu,WK2000_1,8,12353,2000,2000,2000,1999000,512,400,fp32,csr-block,csr,0,0,33278,33337,0,0,0.012225332,5.08310889,0.001256901,0.002404586,5.08436579,5.10242803,0,0.0127077722,8.05403168e+10,3998000,31992004,41213700
dsb-gpu,WK2000_1,9,12354,2000,2000,2000,1999000,512,400,fp32,csr-block,csr,0,0,33264,33337,0,0,0.012469909,5.09465576,0.001246661,0.002383978,5.09590242,5.11447717,0,0.0127366394,8.03577747e+10,3998000,31992004,41213700
dsb-gpu,WK2000_1,10,12355,2000,2000,2000,1999000,512,400,fp32,csr-block,csr,0,0,33251,33337,0,0,0.012239028,5.07983838,0.001253798,0.002403978,5.08109218,5.0991428,0,0.0126995959,8.05921704e+10,3998000,31992004,41213700
dsb-gpu,WK2000_1,11,12356,2000,2000,2000,1999000,512,400,fp32,csr-block,csr,0,0,33272,33337,0,0,0.012446325,5.06315039,0.001247525,0.00240193,5.06439792,5.0829131,0,0.012657876,8.08577997e+10,3998000,31992004,41213700
dsb-gpu,WK2000_1,12,12357,2000,2000,2000,1999000,512,400,fp32,csr-block,csr,0,0,33232,33337,0,0,0.012380757,5.06368652,0.001247142,0.002390282,5.06493367,5.08312178,0,0.0126592163,8.08492386e+10,3998000,31992004,41213700
dsb-gpu,WK2000_1,13,12358,2000,2000,2000,1999000,512,400,fp32,csr-block,csr,0,0,33281,33337,0,0,0.012299605,5.06384521,0.001248389,0.002383819,5.0650936,5.08320552,0,0.012659613,8.0846705e+10,3998000,31992004,41213700
dsb-gpu,WK2000_1,14,12359,2000,2000,2000,1999000,512,400,fp32,csr-block,csr,0,0,33271,33337,0,0,0.012225396,5.07602539,0.001247141,0.002406282,5.07727253,5.09535267,0,0.0126900635,8.06527093e+10,3998000,31992004,41213700
dsb-gpu,WK2000_1,15,12360,2000,2000,2000,1999000,512,400,fp32,csr-block,csr,0,0,33239,33337,0,0,0.012361172,5.09547656,0.001248165,0.002387498,5.09672473,5.11492601,0,0.0127386914,8.03448304e+10,3998000,31992004,41213700
dsb-gpu,WK2000_1,16,12361,2000,2000,2000,1999000,512,400,fp32,csr-block,csr,0,0,33256,33337,0,0,0.012201588,5.10032324,0.00124791,0.00236977,5.10157115,5.1195954,0,0.0127508081,8.02684811e+10,3998000,31992004,41213700
dsb-gpu,WK2000_1,17,12362,2000,2000,2000,1999000,512,400,fp32,csr-block,csr,0,0,33264,33337,0,0,0.012210805,5.08064307,0.001244677,0.002380874,5.08188774,5.09994412,0,0.0127016077,8.05794059e+10,3998000,31992004,41213700
dsb-gpu,WK2000_1,18,12363,2000,2000,2000,1999000,512,400,fp32,csr-block,csr,0,0,33251,33337,0,0,0.012202709,5.11818945,0.001258246,0.002352522,5.1194477,5.13749516,0,0.0127954736,7.99882857e+10,3998000,31992004,41213700
dsb-gpu,WK2000_1,19,12364,2000,2000,2000,1999000,512,400,fp32,csr-block,csr,0,0,33270,33337,0,0,0.012450805,5.08109668,0.001248166,0.002384874,5.08234485,5.10085436,0,0.0127027417,8.05722122e+10,3998000,31992004,41213700
dsb-gpu,WK2000_1,20,12365,2000,2000,2000,1999000,512,400,fp32,csr-block,csr,0,0,33250,33337,0,0,0.012185205,5.07997363,0.001252486,0.002392618,5.08122612,5.09923999,0,0.0126999341,8.05900246e+10,3998000,31992004,41213700
dsb-gpu,WK2000_1,21,12366,2000,2000,2000,1999000,512,400,fp32,csr-block,csr,0,0,33248,33337,0,0,0.0121637,5.07867773,0.001240197,0.002371178,5.07991793,5.09788629,0,0.0126966943,8.06105883e+10,3998000,31992004,41213700
dsb-gpu,WK2000_1,22,12367,2000,2000,2000,1999000,512,400,fp32,csr-block,csr,0,0,33249,33337,0,0,0.012256436,5.07969238,0.001245637,0.002377162,5.08093802,5.09901426,0,0.012699231,8.05944867e+10,3998000,31992004,41213700
dsb-gpu,WK2000_1,23,12368,2000,2000,2000,1999000,512,400,fp32,csr-block,csr,0,0,33242,33337,0,0,0.01229442,5.13123926,0.001262757,0.002387402,5.13250201,5.15065582,0,0.0128280981,7.97848589e+10,3998000,31992004,41213700
dsb-gpu,WK2000_1,24,12369,2000,2000,2000,1999000,512,400,fp32,csr-block,csr,0,0,33247,33337,0,0,0.012525653,5.06334912,0.001242405,0.002347178,5.06459153,5.08318926,0,0.0126583728,8.08546261e+10,3998000,31992004,41213700
dsb-gpu,WK2000_1,25,12370,2000,2000,2000,1999000,512,400,fp32,csr-block,csr,0,0,33240,33337,0,0,0.012181364,5.13354297,0.001240742,0.002363114,5.13478371,5.15280914,0,0.0128338574,7.97490549e+10,3998000,31992004,41213700
dsb-gpu,WK2000_1,26,12371,2000,2000,2000,1999000,512,400,fp32,csr-block,csr,0,0,33269,33337,0,0,0.012213332,5.1078418,0.001238246,0.002366058,5.10908004,5.12710439,0,0.0127696045,8.01503289e+10,3998000,31992004,41213700
dsb-gpu,WK2000_1,27,12372,2000,2000,2000,1999000,512,400,fp32,csr-block,csr,0,0,33251,33337,0,0,0.012198196,5.10646582,0.001247269,0.002372906,5.10771309,5.12576564,0,0.0127661646,8.0171926e+10,3998000,31992004,41213700
dsb-gpu,WK2000_1,28,12373,2000,2000,2000,1999000,512,400,fp32,csr-block,csr,0,0,33246,33337,0,0,0.012137588,5.06348779,0.001246949,0.002393194,5.06473474,5.08274472,0,0.0126587195,8.08524118e+10,3998000,31992004,41213700
dsb-gpu,WK2000_1,29,12374,2000,2000,2000,1999000,512,400,fp32,csr-block,csr,0,0,33283,33337,0,0,0.012196629,5.11374756,0.00124279,0.002375786,5.11499035,5.1330352,0,0.0127843689,8.00577649e+10,3998000,31992004,41213700
dsb-gpu,WK2000_1,30,12375,2000,2000,2000,1999000,512,400,fp32,csr-block,csr,0,0,33265,33337,0,0,0.012149428,5.11344482,0.001249862,0.002391978,5.11469469,5.13271719,0,0.0127836121,8.00625046e+10,3998000,31992004,41213700
dsb-gpu,WK2000_1,31,12376,2000,2000,2000,1999000,512,400,fp32,csr-block,csr,0,0,33262,33337,0,0,0.012256404,5.0932959,0.001247845,0.002378986,5.09454374,5.11267729,0,0.0127332397,8.03792295e+10,3998000,31992004,41213700
dsb-gpu,WK2000_1,32,12377,2000,2000,2000,1999000,512,400,fp32,csr-block,csr,0,0,33249,33337,0,0,0.012245621,5.09593115,0.00124599,0.002353066,5.09717714,5.1152671,0,0.0127398279,8.03376631e+10,3998000,31992004,41213700
dsb-gpu,WK2000_1,33,12378,2000,2000,2000,1999000,512,400,fp32,csr-block,csr,0,0,33274,33337,0,0,0.012170228,5.09614453,0.001252582,0.00237153,5.09739711,5.11544143,0,0.0127403613,8.03342993e+10,3998000,31992004,41213700
dsb-gpu,WK2000_1,34,12379,2000,2000,2000,1999000,512,400,fp32,csr-block,csr,0,0,33250,33337,0,0,0.012168884,5.11518115,0.001238533,0.002355338,5.11641969,5.13442635,0,0.0127879529,8.00353277e+10,3998000,31992004,41213700
dsb-gpu,WK2000_1,35,12380,2000,2000,2000,1999000,512,400,fp32,csr-block,csr,0,0,33275,33337,0,0,0.012158132,5.11245361,0.001246022,0.00237185,5.11369964,5.13172288,0,0.012781134,8.00780273e+10,3998000,31992004,41213700
dsb-gpu,WK2000_1,36,12381,2000,2000,2000,1999000,512,400,fp32,csr-block,csr,0,0,33250,33337,0,0,0.012368341,5.0782876,0.001243045,0.002363018,5.07953064,5.09775733,0,0.012695719,8.06167812e+10,3998000,31992004,41213700
dsb-gpu,WK2000_1,37,12382,2000,2000,2000,1999000,512,400,fp32,csr-block,csr,0,0,33238,33337,0,0,0.012246708,5.07613965,0.001240965,0.002361226,5.07738061,5.09565348,0,0.0126903491,8.06508939e+10,3998000,31992004,41213700
dsb-gpu,WK2000_1,38,12383,2000,2000,2000,1999000,512,400,fp32,csr-block,csr,0,0,33247,33337,0,0,0.012311829,5.07989404,0.001244901,0.002404395,5.08113894,5.09935304,0,0.0126997351,8.05912872e+10,3998000,31992004,41213700
dsb-gpu,WK2000_1,39,12384,2000,2000,2000,1999000,512,400,fp32,csr-block,csr,0,0,33241,33337,0,0,0.012225588,5.09874756,0.001248005,0.00236881,5.09999556,5.11810333,0,0.0127468689,8.02932868e+10,3998000,31992004,41213700
dsb-gpu,WK2000_1,40,12385,2000,2000,2000,1999000,512,400,fp32,csr-block,csr,0,0,33238,33337,0,0,0.012139156,5.08054883,0.001247205,0.002355754,5.08179603,5.09981705,0,0.0127013721,8.05809006e+10,3998000,31992004,41213700
dsb-gpu,WK2000_1,41,12386,2000,2000,2000,1999000,512,400,fp32,csr-block,csr,0,0,33219,33337,0,0,0.012175924,5.09292627,0.001248325,0.002362186,5.09417459,5.11222571,0,0.0127323157,8.03850632e+10,3998000,31992004,41213700
dsb-gpu,WK2000_1,42,12387,2000,2000,2000,1999000,512,400,fp32,csr-block,csr,0,0,33266,33337,0,0,0.0121661,5.12628906,0.001242981,0.00236881,5.12753204,5.1457102,0,0.0128157227,7.9861903e+10,3998000,31992004,41213700
dsb-gpu,WK2000_1,43,12388,2000,2000,2000,1999000,512,400,fp32,csr-block,csr,0,0,33258,33337,0,0,0.012205493,5.06107324,0.001250502,0.00236769,5.06232374,5.08039207,0,0.0126526831,8.08909851e+10,3998000,31992004,41213700
dsb-gpu,WK2000_1,44,12389,2000,2000,2000,1999000,512,400,fp32,csr-block,csr,0,0,33284,33337,0,0,0.012283924,5.12690283,0.001240262,0.002345738,5.12814309,5.14627449,0,0.0128172571,7.98523423e+10,3998000,31992004,41213700
dsb-gpu,WK2000_1,45,12390,2000,2000,2000,1999000,512,400,fp32,csr-block,csr,0,0,33244,33337,0,0,0.012163892,5.07742285,0.001248966,0.002353546,5.07867182,5.09671108,0,0.0126935571,8.06305112e+10,3998000,31992004,41213700
dsb-gpu,WK2000_1,46,12391,2000,2000,2000,1999000,512,400,fp32,csr-block,csr,0,0,33230,33337,0,0,0.012153716,5.1605166,0.001243974,0.00236145,5.16176058,5.17976424,0,0.0129012915,7.93322126e+10,3998000,31992004,41213700
dsb-gpu,WK2000_1,47,12392,2000,2000,2000,1999000,512,400,fp32,csr-block,csr,0,0,33265,33337,0,0,0.0121685,5.10515381,0.001243301,0.00237489,5.10639711,5.12445638,0,0.0127628845,8.019253e+10,3998000,31992004,41213700
dsb-gpu,WK2000_1,48,12393,2000,2000,2000,1999000,512,400,fp32,csr-block,csr,0,0,33261,33337,0,0,0.01227202,5.10760693,0.001248869,0.002352234,5.1088558,5.12699694,0,0.0127690173,8.01540145e+10,3998000,31992004,41213700
dsb-gpu,WK2000_1,49,12394,2000,2000,2000,1999000,512,400,fp32,csr-block,csr,0,0,33233,33337,0,0,0.01215106,5.09676123,0.001242214,0.002348106,5.09800344,5.11601558,0,0.0127419031,8.0324579e+10,3998000,31992004,41213700
dsb-gpu,WK2000_1,0,12345,2000,2000,2000,1999000,512,400,fp32,csr-cluster,csr,0,0,33224,33337,0,0,0.012105684,3.91642529,0.001256613,0.002984909,3.91768191,3.93708094,0,0.00979106323,1.04532876e+11,3998000,31992004,41213700
dsb-gpu,WK2000_1,1,12346,2000,2000,2000,1999000,512,400,fp32,csr-cluster,csr,0,0,33236,33337,0,0,0.012387669,3.92874829,0.001252325,0.002976845,3.93000062,3.94963629,0,0.00982187073,1.04204996e+11,3998000,31992004,41213700
dsb-gpu,WK2000_1,2,12347,2000,2000,2000,1999000,512,400,fp32,csr-cluster,csr,0,0,33262,33337,0,0,0.012312213,3.89019727,0.001253541,0.002784684,3.89145081,3.91064678,0,0.00972549316,1.05237645e+11,3998000,31992004,41213700
dsb-gpu,WK2000_1,3,12348,2000,2000,2000,1999000,512,400,fp32,csr-cluster,csr,0,0,33232,33337,0,0,0.012346741,3.92348779,0.001245381,0.002417674,3.92473317,3.94356859,0,0.00980871948,1.04344711e+11,3998000,31992004,41213700
dsb-gpu,WK2000_1,4,12349,2000,2000,2000,1999000,512,400,fp32,csr-cluster,csr,0,0,33244,33337,0,0,0.0122005,3.9405835,0.001253733,0.002888332,3.94183723,3.9603494,0,0.00985145874,1.03892025e+11,3998000,31992004,41213700
dsb-gpu,WK2000_1,5,12350,2000,2000,2000,1999000,512,400,fp32,csr-cluster,csr,0,0,33234,33337,0,0,0.012307861,3.94226025,0.001250117,0.002417259,3.94351037,3.96225091,0,0.00985565063,1.03847837e+11,3998000,31992004,41213700
dsb-gpu,WK2000_1,6,12351,2000,2000,2000,1999000,512,400,fp32,csr-cluster,csr,0,0,33236,33337,0,0,0.012205204,3.92842358,0.001255974,0.00240977,3.92967956,3.94772595,0,0.00982105896,1.04213609e+11,3998000,31992004,41213700
dsb-gpu,WK2000_1,7,12352,2000,2000,2000,1999000,512,400,fp32,csr-cluster,csr,0,0,33263,33337,0,0,0.012349653,3.97470264,0.001256485,0.002381002,3.97595912,3.99434733,0,0.00993675659,1.03000208e+11,3998000,31992004,41213700
dsb-gpu,WK2000_1,8,12353,2000,2000,2000,1999000,512,400,fp32,csr-cluster,csr,0,0,33278,33337,0,0,0.012315509,3.89121338,0.001244869,0.002384011,3.89245825,3.91053222,0,0.00972803345,1.05210165e+11,3998000,31992004,41213700
dsb-gpu,WK2000_1,9,12354,2000,2000,2000,1999000,512,400,fp32,csr-cluster,csr,0,0,33264,33337,0,0,0.012142804,3.89630762,0.001249221,0.002381162,3.89755684,3.91545951,0,0.00974076904,1.05072607e+11,3998000,31992004,41213700
dsb-gpu,WK2000_1,10,12355,2000,2000,2000,1999000,512,400,fp32,csr-cluster,csr,0,0,33251,33337,0,0,0.012223412,3.92219116,0.001243941,0.002382122,3.9234351,3.94141703,0,0.00980547791,1.04379206e+11,3998000,31992004,41213700
dsb-gpu,WK2000_1,11,12356,2000,2000,2000,1999000,512,400,fp32,csr-cluster,csr,0,0,33272,33337,0,0,0.012171412,3.94599268,0.001250021,0.002397355,3.9472427,3.96519306,0,0.00986498169,1.0374961e+11,3998000,31992004,41213700
dsb-gpu,WK2000_1,12,12357,2000,2000,2000,1999000,512,400,fp32,csr-cluster,csr,0,0,33232,33337,0,0,0.0121733,3.94334131,0.001251269,0.00238737,3.94459258,3.96254252,0,0.00985835327,1.03819367e+11,3998000,31992004,41213700
dsb-gpu,WK2000_1,13,12358,2000,2000,2000,1999000,512,400,fp32,csr-cluster,csr,0,0,33281,33337,0,0,0.012262516,3.93628345,0.001243365,0.002357994,3.93752681,3.95574534,0,0.00984070862,1.04005518e+11,3998000,31992004,41213700
dsb-gpu,WK2000_1,14,12359,2000,2000,2000,1999000,512,400,fp32,csr-cluster,csr,0,0,33271,33337,0,0,0.01220386,3.89000195,0.001239077,0.002378027,3.89124103,3.90920639,0,0.00972500488,1.05242929e+11,3998000,31992004,41213700
dsb-gpu,WK2000_1,15,12360,2000,2000,2000,1999000,512,400,fp32,csr-cluster,csr,0,0,33239,33337,0,0,0.012206804,3.9076228,0.001244357,0.002359243,3.90886716,3.9269713,0,0.00976905701,1.04768352e+11,3998000,31992004,41213700
dsb-gpu,WK2000_1,16,12361,2000,2000,2000,1999000,512,400,fp32,csr-cluster,csr,0,0,33256,33337,0,0,0.0121693,3.93655664,0.001240709,0.002388874,3.93779735,3.95569251,0,0.0098413916,1.039983e+11,3998000,31992004,41213700
dsb-gpu,WK2000_1,17,12362,2000,2000,2000,1999000,512,400,fp32,csr-cluster,csr,0,0,33264,33337,0,0,0.012191445,3.92417334,0.00125031,0.002365258,3.92542365,3.94334484,0,0.00981043335,1.04326482e+11,3998000,31992004,41213700
dsb-gpu,WK2000_1,18,12363,2000,2000,2000,1999000,512,400,fp32,csr-cluster,csr,0,0,33251,33337,0,0,0.012210837,3.9152417,0.001244326,0.00237377,3.91648603,3.93445181,0,0.00978810425,1.04564477e+11,3998000,31992004,41213700
dsb-gpu,WK2000_1,19,12364,2000,2000,2000,1999000,512,400,fp32,csr-cluster,csr,0,0,33270,33337,0,0,0.012222997,3.91576636,0.001243397,0.002388202,3.91700975,3.93499201,0,0.00978941589,1.04550467e+11,3998000,31992004,41213700
dsb-gpu,WK2000_1,20,12365,2000,2000,2000,1999000,512,400,fp32,csr-cluster,csr,0,0,33250,33337,0,0,0.01233762,3.91985889,0.001243269,0.002395915,3.92110216,3.93920895,0,0.00979964722,1.04441311e+11,3998000,31992004,41213700
dsb-gpu,WK2000_1,21,12366,2000,2000,2000,1999000,512,400,fp32,csr-cluster,csr,0,0,33248,33337,0,0,0.012179828,3.93552148,0.001248165,0.002796876,3.93676965,3.95512429,0,0.00983880371,1.04025655e+11,3998000,31992004,41213700
dsb-gpu,WK2000_1,22,12367,2000,2000,2000,1999000,512,400,fp32,csr-cluster,csr,0,0,33249,33337,0,0,0.012168756,3.89051294,0.001254149,0.002407019,3.89176709,3.90979132,0,0.00972628235,1.05229106e+11,3998000,31992004,41213700
dsb-gpu,WK2000_1,23,12368,2000,2000,2000,1999000,512,400,fp32,csr-cluster,csr,0,0,33242,33337,0,0,0.012352853,3.92054492,0.001247238,0.002394506,3.92179216,3.93997872,0,0.0098013623,1.04423035e+11,3998000,31992004,41213700
dsb-gpu,WK2000_1,24,12369,2000,2000,2000,1999000,512,400,fp32,csr-cluster,csr,0,0,33247,33337,0,0,0.012140116,3.91800781,0.001244741,0.002396138,3.91925255,3.9373004,0,0.00979501953,1.04490654e+11,3998000,31992004,41213700
dsb-gpu,WK2000_1,25,12370,2000,2000,2000,1999000,512,400,fp32,csr-cluster,csr,0,0,33240,33337,0,0,0.012161908,3.92016382,0.001247109,0.002383563,3.92141093,3.9394807,0,0.00980040955,1.04433187e+11,3998000,31992004,41213700
dsb-gpu,WK2000_1,26,12371,2000,2000,2000,1999000,512,400,fp32,csr-cluster,csr,0,0,33269,33337,0,0,0.012173652,3.92686401,0.001239173,0.002357194,3.92810319,3.94616422,0,0.00981716003,1.04254998e+11,3998000,31992004,41213700
dsb-gpu,WK2000_1,27,12372,2000,2000,2000,1999000,512,400,fp32,csr-cluster,csr,0,0,33251,33337,0,0,0.012212052,3.9209231,0.001245957,0.002376106,3.92216905,3.94031389,0,0.00980230774,1.04412963e+11,3998000,31992004,41213700
dsb-gpu,WK2000_1,28,12373,2000,2000,2000,1999000,512,400,fp32,csr-cluster,csr,0,0,33246,33337,0,0,0.012224692,3.94435327,0.001241637,0.002377034,3.94559491,3.96372272,0,0.00986088318,1.03792731e+11,3998000,31992004,41213700
dsb-gpu,WK2000_1,29,12374,2000,2000,2000,1999000,512,400,fp32,csr-cluster,csr,0,0,33283,33337,0,0,0.012179892,3.92392529,0.001241093,0.002387082,3.92516639,3.94328484,0,0.00980981323,1.04333077e+11,3998000,31992004,41213700
dsb-gpu,WK2000_1,30,12375,2000,2000,2000,1999000,512,400,fp32,csr-cluster,csr,0,0,33265,33337,0,0,0.012187924,3.89477026,0.001245445,0.002373098,3.89601571,3.91412814,0,0.00973692566,1.05114082e+11,3998000,31992004,41213700
dsb-gpu,WK2000_1,31,12376,2000,2000,2000,1999000,512,400,fp32,csr-cluster,csr,0,0,33262,33337,0,0,0.012187732,3.8908042,0.001251813,0.002382122,3.89205601,3.91017721,0,0.0097270105,1.05221229e+11,3998000,31992004,41213700
dsb-gpu,WK2000_1,32,12377,2000,2000,2000,1999000,512,400,fp32,csr-cluster,csr,0,0,33249,33337,0,0,0.012351381,3.93389551,0.001244806,0.00238993,3.93514031,3.95345605,0,0.00983473877,1.04068651e+11,3998000,31992004,41213700
dsb-gpu,WK2000_1,33,12378,2000,2000,2000,1999000,512,400,fp32,csr-cluster,csr,0,0,33274,33337,0,0,0.01219138,3.90574805,0.001246566,0.002370122,3.90699461,3.92511462,0,0.00976437012,1.0481864e+11,3998000,31992004,41213700
dsb-gpu,WK2000_1,34,12379,2000,2000,2000,1999000,512,400,fp32,csr-cluster,csr,0,0,33250,33337,0,0,0.012251636,3.88825586,0.001244101,0.002368267,3.88949996,3.90767036,0,0.00972063965,1.0529019e+11,3998000,31992004,41213700
dsb-gpu,WK2000_1,35,12380,2000,2000,2000,1999000,512,400,fp32,csr-cluster,csr,0,0,33275,33337,0,0,0.012219188,3.94878052,0.001244293,0.002382763,3.95002481,3.96819893,0,0.00987195129,1.03676362e+11,3998000,31992004,41213700
dsb-gpu,WK2000_1,36,12381,2000,2000,2000,1999000,512,400,fp32,csr-cluster,csr,0,0,33250,33337,0,0,0.012186772,3.96803687,0.001244005,0.002365098,3.96928087,3.98739156,0,0.00992009216,1.03173235e+11,3998000,31992004,41213700
dsb-gpu,WK2000_1,37,12382,2000,2000,2000,1999000,512,400,fp32,csr-cluster,csr,0,0,33238,33337,0,0,0.012231092,3.89017725,0.001248229,0.002757484,3.89142548,3.90999568,0,0.00972544312,1.05238187e+11,3998000,31992004,41213700
dsb-gpu,WK2000_1,38,12383,2000,2000,2000,1999000,512,400,fp32,csr-cluster,csr,0,0,33247,33337,0,0,0.012295732,3.94966431,0.001246949,0.002371242,3.95091126,3.96971148,0,0.00987416077,1.03653163e+11,3998000,31992004,41213700
dsb-gpu,WK2000_1,39,12384,2000,2000,2000,1999000,512,400,fp32,csr-cluster,csr,0,0,33241,33337,0,0,0.012192692,3.90950708,0.001243909,0.002391979,3.91075099,3.92879864,0,0.0097737677,1.04717856e+11,3998000,31992004,41213700
dsb-gpu,WK2000_1,40,12385,2000,2000,2000,1999000,512,400,fp32,csr-cluster,csr,0,0,33238,33337,0,0,0.0121701,3.92941064,0.001256517,0.002359498,3.93066716,3.9486808,0,0.00982352661,1.04187431e+11,3998000,31992004,41213700
dsb-gpu,WK2000_1,41,12386,2000,2000,2000,1999000,512,400,fp32,csr-cluster,csr,0,0,33219,33337,0,0,0.012338229,3.91185791,0.001249029,0.00238033,3.91310694,3.93154358,0,0.00977964478,1.04654926e+11,3998000,31992004,41213700
dsb-gpu,WK2000_1,42,12387,2000,2000,2000,1999000,512,400,fp32,csr-cluster,csr,0,0,33266,33337,0,0,0.01218162,3.89926782,0.001243781,0.002375659,3.9005116,3.91848998,0,0.00974816956,1.04992839e+11,3998000,31992004,41213700
dsb-gpu,WK2000_1,43,12388,2000,2000,2000,1999000,512,400,fp32,csr-cluster,csr,0,0,33258,33337,0,0,0.012195572,3.91147607,0.001241925,0.002366123,3.912718,3.93072969,0,0.00977869019,1.04665142e+11,3998000,31992004,41213700
dsb-gpu,WK2000_1,44,12389,2000,2000,2000,1999000,512,400,fp32,csr-cluster,csr,0,0,33284,33337,0,0,0.012311413,3.9274436,0.001245061,0.002376266,3.92868866,3.94683065,0,0.00981860901,1.04239613e+11,3998000,31992004,41213700
dsb-gpu,WK2000_1,45,12390,2000,2000,2000,1999000,512,400,fp32,csr-cluster,csr,0,0,33244,33337,0,0,0.012221812,3.88912891,0.001244357,0.002370634,3.89037326,3.90842437,0,0.00972282227,1.05266555e+11,3998000,31992004,41213700
dsb-gpu,WK2000_1,46,12391,2000,2000,2000,1999000,512,400,fp32,csr-cluster,csr,0,0,33230,33337,0,0,0.012157204,3.93867993,0.001244709,0.00235457,3.93992464,3.95789252,0,0.00984669983,1.03942236e+11,3998000,31992004,41213700
dsb-gpu,WK2000_1,47,12392,2000,2000,2000,1999000,512,400,fp32,csr-cluster,csr,0,0,33265,33337,0,0,0.012145044,3.90252979,0.001243846,0.002408074,3.90377363,3.92179182,0,0.00975632446,1.0490508e+11,3998000,31992004,41213700
dsb-gpu,WK2000_1,48,12393,2000,2000,2000,1999000,512,400,fp32,csr-cluster,csr,0,0,33261,33337,0,0,0.012177748,3.93927979,0.001253574,0.002362858,3.94053336,3.95853924,0,0.00984819946,1.03926408e+11,3998000,31992004,41213700
dsb-gpu,WK2000_1,49,12394,2000,2000,2000,1999000,512,400,fp32,csr-cluster,csr,0,0,33233,33337,0,0,0.012180564,3.9155647,0.001242917,0.002379178,3.91680761,3.93484846,0,0.00978891174,1.04555851e+11,3998000,31992004,41213700
dsb-gpu,WK2000_1,0,12345,2000,2000,2000,1999000,512,400,fp32,block,dense,0,0,33257,33337,0,0,0.019279187,0.305774323,0.000800452,0.002432939,0.306574775,0.341231058,0,0.000764435806,,0,16000000,24193600
dsb-gpu,WK2000_1,1,12346,2000,2000,2000,1999000,512,400,fp32,block,dense,0,0,33236,33337,0,0,0.019937621,0.310667084,0.000794723,0.002437098,0.311461807,0.346491176,0,0.000776667709,,0,16000000,24193600
dsb-gpu,WK2000_1,2,12347,2000,2000,2000,1999000,512,400,fp32,block,dense,0,0,33258,33337,0,0,0.020009654,0.313764862,0.000809091,0.002372234,0.314573953,0.349537141,0,0.000784412155,,0,16000000,24193600
dsb-gpu,WK2000_1,3,12348,2000,2000,2000,1999000,512,400,fp32,block,dense,0,0,33262,33337,0,0,0.019572499,0.312361145,0.000805699,0.002822348,0.313166844,0.348251439,0,0.000780902863,,0,16000000,24193600
dsb-gpu,WK2000_1,4,12349,2000,2000,2000,1999000,512,400,fp32,block,dense,0,0,33247,33337,0,0,0.019364179,0.310478668,0.000797476,0.002427083,0.311276144,0.345916774,0,0.000776196671,,0,16000000,24193600
dsb-gpu,WK2000_1,5,12350,2000,2000,2000,1999000,512,400,fp32,block,dense,0,0,33230,33337,0,0,0.020064629,0.311163208,0.000799716,0.002463915,0.311962924,0.347212683,0,0.00077790802,,0,16000000,24193600
dsb-gpu,WK2000_1,6,12351,2000,2000,2000,1999000,512,400,fp32,block,dense,0,0,33248,33337,0,0,0.019396499,0.311982361,0.000791236,0.002449546,0.312773597,0.347187435,0,0.000779955902,,0,16000000,24193600
dsb-gpu,WK2000_1,7,12352,2000,2000,2000,1999000,512,400,fp32,block,dense,0,0,33244,33337,0,0,0.019934645,0.303960999,0.000800707,0.002456235,0.304761706,0.339811212,0,0.000759902496,,0,16000000,24193600
dsb-gpu,WK2000_1,8,12353,2000,2000,2000,1999000,512,400,fp32,block,dense,0,0,33251,33337,0,0,0.019543315,0.303189636,0.000794115,0.002901164,0.303983751,0.339019944,0,0.000757974091,,0,16000000,24193600
dsb-gpu,WK2000_1,9,12354,2000,2000,2000,1999000,512,400,fp32,block,dense,0,0,33275,33337,0,0,0.019346419,0.309021057,0.000795043,0.00242049,0.3098161,0.344336862,0,0.000772552643,,0,16000000,24193600
dsb-gpu,WK2000_1,10,12355,2000,2000,2000,1999000,512,400,fp32,block,dense,0,0,33236,33337,0,0,0.019943125,0.311849762,0.000791556,0.002426538,0.312641318,0.347555244,0,0.000779624405,,0,16000000,24193600
dsb-gpu,WK2000_1,11,12356,2000,2000,2000,1999000,512,400,fp32,block,dense,0,0,33279,33337,0,0,0.019785109,0.313243011,0.000793092,0.00242833,0.314036103,0.349093587,0,0.000783107529,,0,16000000,24193600
dsb-gpu,WK2000_1,12,12357,2000,2000,2000,1999000,512,400,fp32,block,dense,0,0,33252,33337,0,0,0.019340499,0.311081421,0.000792227,0.002389066,0.311873648,0.346217926,0,0.000777703552,,0,16000000,24193600
dsb-gpu,WK2000_1,13,12358,2000,2000,2000,1999000,512,400,fp32,block,dense,0,0,33250,33337,0,0,0.020071094,0.310725098,0.000806371,0.002827852,0.311531469,0.347100074,0,0.000776812744,,0,16000000,24193600
dsb-gpu,WK2000_1,14,12359,2000,2000,2000,1999000,512,400,fp32,block,dense,0,0,33277,33337,0,0,0.019298066,0.301990387,0.000795715,0.002433227,0.302786102,0.33747581,0,0.000754975967,,0,16000000,24193600
dsb-gpu,WK2000_1,15,12360,2000,2000,2000,1999000,512,400,fp32,block,dense,0,0,33280,33337,0,0,0.019864085,0.308292206,0.000794051,0.002455338,0.309086257,0.343991485,0,0.000770730515,,0,16000000,24193600
dsb-gpu,WK2000_1,16,12361,2000,2000,2000,1999000,512,400,fp32,block,dense,0,0,33252,33337,0,0,0.019547347,0.308845459,0.000793796,0.002431242,0.309639255,0.344123358,0,0.000772113647,,0,16000000,24193600
dsb-gpu,WK2000_1,17,12362,2000,2000,2000,1999000,512,400,fp32,block,dense,0,0,33257,33337,0,0,0.01972194,0.309255676,0.000795875,0.002390954,0.310051551,0.344828961,0,0.000773139191,,0,16000000,24193600
dsb-gpu,WK2000_1,18,12363,2000,2000,2000,1999000,512,400,fp32,block,dense,0,0,33252,33337,0,0,0.019437139,0.312609406,0.000792836,0.002413963,0.313402242,0.347691437,0,0.000781523514,,0,16000000,24193600
dsb-gpu,WK2000_1,19,12364,2000,2000,2000,1999000,512,400,fp32,block,dense,0,0,33262,33337,0,0,0.019350227,0.309256561,0.000795043,0.002415274,0.310051604,0.344486015,0,0.000773141403,,0,16000000,24193600
dsb-gpu,WK2000_1,20,12365,2000,2000,2000,1999000,512,400,fp32,block,dense,0,0,33251,33337,0,0,0.019360339,0.309124634,0.000800548,0.002898284,0.309925182,0.344686432,0,0.000772811584,,0,16000000,24193600
dsb-gpu,WK2000_1,21,12366,2000,2000,2000,1999000,512,400,fp32,block,dense,0,0,33257,33337,0,0,0.01961954,0.310420319,0.000791939,0.002436362,0.311212258,0.346080454,0,0.000776050797,,0,16000000,24193600
dsb-gpu,WK2000_1,22,12367,2000,2000,2000,1999000,512,400,fp32,block,dense,0,0,33253,33337,0,0,0.019780917,0.309468628,0.000800356,0.00242193,0.310268984,0.34525421,0,0.00077367157,,0,16000000,24193600
dsb-gpu,WK2000_1,23,12368,2000,2000,2000,1999000,512,400,fp32,block,dense,0,0,33260,33337,0,0,0.019222259,0.309432556,0.000789828,0.002416235,0.310222384,0.344480863,0,0.00077358139,,0,16000000,24193600
dsb-gpu,WK2000_1,24,12369,2000,2000,2000,1999000,512,400,fp32,block,dense,0,0,33282,33337,0,0,0.019327603,0.301893219,0.000792451,0.002433386,0.30268567,0.337240992,0,0.000754733047,,0,16000000,24193600
dsb-gpu,WK2000_1,25,12370,2000,2000,2000,1999000,512,400,fp32,block,dense,0,0,33243,33337,0,0,0.019417203,0.310750336,0.000811907,0.002419114,0.311562243,0.345892645,0,0.000776875839,,0,16000000,24193600
dsb-gpu,WK2000_1,26,12371,2000,2000,2000,1999000,512,400,fp32,block,dense,0,0,33245,33337,0,0,0.019447187,0.30493689,0.000798179,0.002409514,0.305735069,0.340210317,0,0.000762342224,,0,16000000,24193600
dsb-gpu,WK2000_1,27,12372,2000,2000,2000,1999000,512,400,fp32,block,dense,0,0,33243,33337,0,0,0.019348563,0.307662537,0.000794724,0.002428875,0.308457261,0.342811512,0,0.000769156342,,0,16000000,24193600
dsb-gpu,WK2000_1,28,12373,2000,2000,2000,1999000,512,400,fp32,block,dense,0,0,33264,33337,0,0,0.01928197,0.308208313,0.000795299,0.002435658,0.309003612,0.343266842,0,0.000770520782,,0,16000000,24193600
dsb-gpu,WK2000_1,29,12374,2000,2000,2000,1999000,512,400,fp32,block,dense,0,0,33247,33337,0,0,0.019176338,0.303256653,0.000798948,0.002884013,0.304055601,0.338568198,0,0.000758141632,,0,16000000,24193600
dsb-gpu,WK2000_1,30,12375,2000,2000,2000,1999000,512,400,fp32,block,dense,0,0,33233,33337,0,0,0.019410099,0.309836487,0.000795555,0.002454346,0.310632042,0.345234402,0,0.000774591217,,0,16000000,24193600
dsb-gpu,WK2000_1,31,12376,2000,2000,2000,1999000,512,400,fp32,block,dense,0,0,33239,33337,0,0,0.019388691,0.30856601,0.000789795,0.00248193,0.309355805,0.343894492,0,0.000771415024,,0,16000000,24193600
dsb-gpu,WK2000_1,32,12377,2000,2000,2000,1999000,512,400,fp32,block,dense,0,0,33270,33337,0,0,0.019327891,0.310745911,0.000807939,0.002425035,0.31155385,0.345797925,0,0.000776864777,,0,16000000,24193600
dsb-gpu,WK2000_1,33,12378,2000,2000,2000,1999000,512,400,fp32,block,dense,0,0,33270,33337,0,0,0.019843221,0.308921661,0.000801411,0.002449035,0.309723072,0.344590016,0,0.000772304153,,0,16000000,24193600
dsb-gpu,WK2000_1,34,12379,2000,2000,2000,1999000,512,400,fp32,block,dense,0,0,33242,33337,0,0,0.019359091,0.310531006,0.000795939,0.002442602,0.311326945,0.345838501,0,0.000776327515,,0,16000000,24193600
dsb-gpu,WK2000_1,35,12380,2000,2000,2000,1999000,512,400,fp32,block,dense,0,0,33260,33337,0,0,0.019882837,0.30974231,0.000800899,0.002408458,0.310543209,0.345590948,0,0.000774355774,,0,16000000,24193600
dsb-gpu,WK2000_1,36,12381,2000,2000,2000,1999000,512,400,fp32,block,dense,0,0,33224,33337,0,0,0.0195949,0.31201001,0.000791908,0.002413514,0.312801918,0.347314251,0,0.000780025024,,0,16000000,24193600
dsb-gpu,WK2000_1,37,12382,2000,2000,2000,1999000,512,400,fp32,block,dense,0,0,33271,33337,0,0,0.020000373,0.303132568,0.000799907,0.002425994,0.303932475,0.339001672,0,0.000757831421,,0,16000000,24193600
dsb-gpu,WK2000_1,38,12383,2000,2000,2000,1999000,512,400,fp32,block,dense,0,0,33237,33337,0,0,0.019435507,0.302116486,0.000793603,0.002399978,0.302910089,0.337324832,0,0.000755291214,,0,16000000,24193600
dsb-gpu,WK2000_1,39,12384,2000,2000,2000,1999000,512,400,fp32,block,dense,0,0,33252,33337,0,0,0.019757717,0.312381683,0.000791203,0.002457098,0.313172886,0.348136591,0,0.000780954208,,0,16000000,24193600
dsb-gpu,WK2000_1,40,12385,2000,2000,2000,1999000,512,400,fp32,block,dense,0,0,33255,33337,0,0,0.019343827,0.309882141,0.000793156,0.002440746,0.310675297,0.344949153,0,0.000774705353,,0,16000000,24193600
dsb-gpu,WK2000_1,41,12386,2000,2000,2000,1999000,512,400,fp32,block,dense,0,0,33232,33337,0,0,0.019611379,0.301300751,0.000792899,0.002431563,0.30209365,0.336781503,0,0.000753251877,,0,16000000,24193600
dsb-gpu,WK2000_1,42,12387,2000,2000,2000,1999000,512,400,fp32,block,dense,0,0,33244,33337,0,0,0.019420242,0.310558502,0.000804291,0.002430379,0.311362793,0.345700485,0,0.000776396255,,0,16000000,24193600
dsb-gpu,WK2000_1,43,12388,2000,2000,2000,1999000,512,400,fp32,block,dense,0,0,33265,33337,0,0,0.019325299,0.309944824,0.000794659,0.002444234,0.310739483,0.345032481,0,0.000774862061,,0,16000000,24193600
dsb-gpu,WK2000_1,44,12389,2000,2000,2000,1999000,512,400,fp32,block,dense,0,0,33233,33337,0,0,0.019359987,0.30219635,0.000804644,0.002467722,0.303000994,0.337280256,0,0.000755490875,,0,16000000,24193600
dsb-gpu,WK2000_1,45,12390,2000,2000,2000,1999000,512,400,fp32,block,dense,0,0,33247,33337,0,0,0.019730197,0.302266907,0.000791971,0.002372043,0.303058878,0.337833283,0,0.000755667267,,0,16000000,24193600
dsb-gpu,WK2000_1,46,12391,2000,2000,2000,1999000,512,400,fp32,block,dense,0,0,33276,33337,0,0,0.019444659,0.312448883,0.000794756,0.002442794,0.313243639,0.347854861,0,0.000781122208,,0,16000000,24193600
dsb-gpu,WK2000_1,47,12392,2000,2000,2000,1999000,512,400,fp32,block,dense,0,0,33274,33337,0,0,0.019774325,0.310257599,0.000790051,0.002440875,0.31104765,0.34600647,0,0.000775643997,,0,16000000,24193600
dsb-gpu,WK2000_1,48,12393,2000,2000,2000,1999000,512,400,fp32,block,dense,0,0,33247,33337,0,0,0.019472692,0.31124588,0.000802787,0.002433355,0.312048667,0.346517384,0,0.0007781147,,0,16000000,24193600
dsb-gpu,WK2000_1,49,12394,2000,2000,2000,1999000,512,400,fp32,block,dense,0,0,33236,33337,0,0,0.019231986,0.312432587,0.000794212,0.002427627,0.313226799,0.347405356,0,0.000781081467,,0,16000000,24193600
dsb-gpu,WK2000_1,0,12345,2000,2000,2000,1999000,512,400,fp32,cluster,dense,0,0,33257,33337,0,0,0.019251891,0.834665405,0.000812644,0.002980653,0.835478049,0.870474502,0,0.00208666351,,0,16000000,24193600
dsb-gpu,WK2000_1,1,12346,2000,2000,2000,1999000,512,400,fp32,cluster,dense,0,0,33236,33337,0,0,0.01915413,0.835702026,0.000792355,0.002367658,0.836494381,0.871120233,0,0.00208925507,,0,16000000,24193600
dsb-gpu,WK2000_1,2,12347,2000,2000,2000,1999000,512,400,fp32,cluster,dense,0,0,33258,33337,0,0,0.019043217,0.836082703,0.000796612,0.0028259,0.836879315,0.871581515,0,0.00209020676,,0,16000000,24193600
dsb-gpu,WK2000_1,3,12348,2000,2000,2000,1999000,512,400,fp32,cluster,dense,0,0,33262,33337,0,0,0.018982801,0.834014465,0.000797636,0.002362282,0.834812101,0.868980927,0,0.00208503616,,0,16000000,24193600
dsb-gpu,WK2000_1,4,12349,2000,2000,2000,1999000,512,400,fp32,cluster,dense,0,0,33247,33337,0,0,0.019182898,0.834909485,0.000796643,0.002777356,0.835706128,0.870288741,0,0.00208727371,,0,16000000,24193600
dsb-gpu,WK2000_1,5,12350,2000,2000,2000,1999000,512,400,fp32,cluster,dense,0,0,33230,33337,0,0,0.019090257,0.836184204,0.000792227,0.00236433,0.836976431,0.871365578,0,0.00209046051,,0,16000000,24193600
dsb-gpu,WK2000_1,6,12351,2000,2000,2000,1999000,512,400,fp32,cluster,dense,0,0,33248,33337,0,0,0.019117618,0.836468018,0.000797667,0.002391242,0.837265685,0.871479722,0,0.00209117004,,0,16000000,24193600
dsb-gpu,WK2000_1,7,12352,2000,2000,2000,1999000,512,400,fp32,cluster,dense,0,0,33244,33337,0,0,0.019160593,0.834958618,0.000797699,0.002885676,0.835756317,0.870440901,0,0.00208739655,,0,16000000,24193600
dsb-gpu,WK2000_1,8,12353,2000,2000,2000,1999000,512,400,fp32,cluster,dense,0,0,33251,33337,0,0,0.019230962,0.83394873,0.000790019,0.002381834,0.834738749,0.869216001,0,0.00208487183,,0,16000000,24193600
dsb-gpu,WK2000_1,9,12354,2000,2000,2000,1999000,512,400,fp32,cluster,dense,0,0,33275,33337,0,0,0.019791285,0.834629333,0.000802148,0.002361386,0.835431481,0.870456454,0,0.00208657333,,0,16000000,24193600
dsb-gpu,WK2000_1,10,12355,2000,2000,2000,1999000,512,400,fp32,cluster,dense,0,0,33236,33337,0,0,0.018952433,0.830707703,0.000807651,0.002458667,0.831515354,0.865667762,0,0.00207676926,,0,16000000,24193600
dsb-gpu,WK2000_1,11,12356,2000,2000,2000,1999000,512,400,fp32,cluster,dense,0,0,33279,33337,0,0,0.01909813,0.83665863,0.000800771,0.002870156,0.837459401,0.872192941,0,0.00209164658,,0,16000000,24193600
dsb-gpu,WK2000_1,12,12357,2000,2000,2000,1999000,512,400,fp32,cluster,dense,0,0,33252,33337,0,0,0.019157778,0.836682129,0.000793923,0.002393162,0.837476052,0.871930924,0,0.00209170532,,0,16000000,24193600
dsb-gpu,WK2000_1,13,12358,2000,2000,2000,1999000,512,400,fp32,cluster,dense,0,0,33250,33337,0,0,0.019514324,0.834503235,0.000799619,0.002381482,0.835302854,0.869881891,0,0.00208625809,,0,16000000,24193600
dsb-gpu,WK2000_1,14,12359,2000,2000,2000,1999000,512,400,fp32,cluster,dense,0,0,33277,33337,0,0,0.019075634,0.836296448,0.000813443,0.002407115,0.837109891,0.871176297,0,0.00209074112,,0,16000000,24193600
dsb-gpu,WK2000_1,15,12360,2000,2000,2000,1999000,512,400,fp32,cluster,dense,0,0,33280,33337,0,0,0.020067285,0.834749939,0.000791747,0.002432971,0.835541686,0.870672775,0,0.00208687485,,0,16000000,24193600
dsb-gpu,WK2000_1,16,12361,2000,2000,2000,1999000,512,400,fp32,cluster,dense,0,0,33252,33337,0,0,0.019531827,0.830334473,0.000808835,0.00287854,0.831143308,0.866134515,0,0.00207583618,,0,16000000,24193600
dsb-gpu,WK2000_1,17,12362,2000,2000,2000,1999000,512,400,fp32,cluster,dense,0,0,33257,33337,0,0,0.019665684,0.836596802,0.000795908,0.002381483,0.83739271,0.872397102,0,0.002091492,,0,16000000,24193600
dsb-gpu,WK2000_1,18,12363,2000,2000,2000,1999000,512,400,fp32,cluster,dense,0,0,33252,33337,0,0,0.01923477,0.837007202,0.000799875,0.00238433,0.837807077,0.871988204,0,0.00209251801,,0,16000000,24193600
dsb-gpu,WK2000_1,19,12364,2000,2000,2000,1999000,512,400,fp32,cluster,dense,0,0,33262,33337,0,0,0.019381139,0.834588562,0.000799811,0.00235393,0.835388373,0.869770819,0,0.00208647141,,0,16000000,24193600
dsb-gpu,WK2000_1,20,12365,2000,2000,2000,1999000,512,400,fp32,cluster,dense,0,0,33251,33337,0,0,0.019096017,0.834982971,0.000795299,0.002434699,0.83577827,0.869976964,0,0.00208745743,,0,16000000,24193600
dsb-gpu,WK2000_1,21,12366,2000,2000,2000,1999000,512,400,fp32,cluster,dense,0,0,33257,33337,0,0,0.019075665,0.829972534,0.00080778,0.002426666,0.830780314,0.864900206,0,0.00207493134,,0,16000000,24193600
dsb-gpu,WK2000_1,22,12367,2000,2000,2000,1999000,512,400,fp32,cluster,dense,0,0,33253,33337,0,0,0.019219026,0.834911499,0.000802436,0.002822476,0.835713935,0.870350758,0,0.00208727875,,0,16000000,24193600
dsb-gpu,WK2000_1,23,12368,2000,2000,2000,1999000,512,400,fp32,cluster,dense,0,0,33260,33337,0,0,0.01921173,0.836337036,0.000803172,0.002433098,0.837140208,0.871756075,0,0.00209084259,,0,16000000,24193600
dsb-gpu,WK2000_1,24,12369,2000,2000,2000,1999000,512,400,fp32,cluster,dense,0,0,33282,33337,0,0,0.01935509,0.836405518,0.000798723,0.002428587,0.837204241,0.871666635,0,0.00209101379,,0,16000000,24193600
dsb-gpu,WK2000_1,25,12370,2000,2000,2000,1999000,512,400,fp32,cluster,dense,0,0,33243,33337,0,0,0.019957877,0.835777161,0.000798019,0.002358699,0.83657518,0.871557195,0,0.0020894429,,0,16000000,24193600
dsb-gpu,WK2000_1,26,12371,2000,2000,2000,1999000,512,400,fp32,cluster,dense,0,0,33245,33337,0,0,0.019720021,0.836544128,0.000795939,0.002389418,0.837340067,0.872202957,0,0.00209136032,,0,16000000,24193600
dsb-gpu,WK2000_1,27,12372,2000,2000,2000,1999000,512,400,fp32,cluster,dense,0,0,33243,33337,0,0,0.01973922,0.836147827,0.000800291,0.00241729,0.836948118,0.871607051,0,0.00209036957,,0,16000000,24193600
dsb-gpu,WK2000_1,28,12373,2000,2000,2000,1999000,512,400,fp32,cluster,dense,0,0,33264,33337,0,0,0.01913397,0.834081482,0.000801316,0.002400458,0.834882798,0.86901616,0,0.0020852037,,0,16000000,24193600
dsb-gpu,WK2000_1,29,12374,2000,2000,2000,1999000,512,400,fp32,cluster,dense,0,0,33247,33337,0,0,0.019902837,0.830957275,0.000802339,0.002479947,0.831759614,0.866873431,0,0.00207739319,,0,16000000,24193600
dsb-gpu,WK2000_1,30,12375,2000,2000,2000,1999000,512,400,fp32,cluster,dense,0,0,33233,33337,0,0,0.019081362,0.831298462,0.000800964,0.00246113,0.832099426,0.86620802,0,0.00207824615,,0,16000000,24193600
dsb-gpu,WK2000_1,31,12376,2000,2000,2000,1999000,512,400,fp32,cluster,dense,0,0,33239,33337,0,0,0.019588564,0.83417627,0.000800836,0.00239265,0.834977106,0.869684579,0,0.00208544067,,0,16000000,24193600
dsb-gpu,WK2000_1,32,12377,2000,2000,2000,1999000,512,400,fp32,cluster,dense,0,0,33270,33337,0,0,0.019700404,0.836241821,0.000796675,0.002426155,0.837038496,0.871993293,0,0.00209060455,,0,16000000,24193600
dsb-gpu,WK2000_1,33,12378,2000,2000,2000,1999000,512,400,fp32,cluster,dense,0,0,33270,33337,0,0,0.019053137,0.836917358,0.000791779,0.002466475,0.837709137,0.872109741,0,0.0020922934,,0,16000000,24193600
dsb-gpu,WK2000_1,34,12379,2000,2000,2000,1999000,512,400,fp32,cluster,dense,0,0,33242,33337,0,0,0.019098386,0.836033264,0.000798115,0.002440555,0.836831379,0.871171625,0,0.00209008316,,0,16000000,24193600
dsb-gpu,WK2000_1,35,12380,2000,2000,2000,1999000,512,400,fp32,cluster,dense,0,0,33260,33337,0,0,0.019083185,0.836778687,0.000794436,0.00240065,0.837573123,0.87156157,0,0.00209194672,,0,16000000,24193600
dsb-gpu,WK2000_1,36,12381,2000,2000,2000,1999000,512,400,fp32,cluster,dense,0,0,33224,33337,0,0,0.019823957,0.837885315,0.000796932,0.002431946,0.838682247,0.873597003,0,0.00209471329,,0,16000000,24193600
dsb-gpu,WK2000_1,37,12382,2000,2000,2000,1999000,512,400,fp32,cluster,dense,0,0,33271,33337,0,0,0.019110161,0.83598291,0.000808643,0.002439851,0.836791553,0.870969664,0,0.00208995728,,0,16000000,24193600
dsb-gpu,WK2000_1,38,12383,2000,2000,2000,1999000,512,400,fp32,cluster,dense,0,0,33237,33337,0,0,0.019221042,0.836637329,0.000802116,0.002451338,0.837439445,0.871847459,0,0.00209159332,,0,16000000,24193600
dsb-gpu,WK2000_1,39,12384,2000,2000,2000,1999000,512,400,fp32,cluster,dense,0,0,33252,33337,0,0,0.019068434,0.83680426,0.000792643,0.002468171,0.837596903,0.871806499,0,0.00209201065,,0,16000000,24193600
dsb-gpu,WK2000_1,40,12385,2000,2000,2000,1999000,512,400,fp32,cluster,dense,0,0,33255,33337,0,0,0.019461971,0.836224426,0.00080218,0.002458506,0.837026606,0.87157405,0,0.00209056107,,0,16000000,24193600
dsb-gpu,WK2000_1,41,12386,2000,2000,2000,1999000,512,400,fp32,cluster,dense,0,0,33232,33337,0,0,0.01916821,0.834090332,0.000795011,0.002417803,0.834885343,0.869050552,0,0.00208522583,,0,16000000,24193600
dsb-gpu,WK2000_1,42,12387,2000,2000,2000,1999000,512,400,fp32,cluster,dense,0,0,33244,33337,0,0,0.019902964,0.834543823,0.000792676,0.002416714,0.835336499,0.870355997,0,0.00208635956,,0,16000000,24193600
dsb-gpu,WK2000_1,43,12388,2000,2000,2000,1999000,512,400,fp32,cluster,dense,0,0,33265,33337,0,0,0.019149233,0.834923462,0.000793796,0.002462186,0.835717258,0.869916347,0,0.00208730865,,0,16000000,24193600
dsb-gpu,WK2000_1,44,12389,2000,2000,2000,1999000,512,400,fp32,cluster,dense,0,0,33233,33337,0,0,0.01917253,0.837689453,0.000797635,0.002441098,0.838487088,0.872702663,0,0.00209422363,,0,16000000,24193600
dsb-gpu,WK2000_1,45,12390,2000,2000,2000,1999000,512,400,fp32,cluster,dense,0,0,33247,33337,0,0,0.019946325,0.835039917,0.0007913,0.002403242,0.835831217,0.870839647,0,0.00208759979,,0,16000000,24193600
dsb-gpu,WK2000_1,46,12391,2000,2000,2000,1999000,512,400,fp32,cluster,dense,0,0,33276,33337,0,0,0.019264498,0.836083313,0.000811555,0.002437546,0.836894868,0.871343937,0,0.00209020828,,0,16000000,24193600
dsb-gpu,WK2000_1,47,12392,2000,2000,2000,1999000,512,400,fp32,cluster,dense,0,0,33274,33337,0,0,0.019572851,0.835040344,0.00079994,0.002438186,0.835840284,0.870788607,0,0.00208760086,,0,16000000,24193600
dsb-gpu,WK2000_1,48,12393,2000,2000,2000,1999000,512,400,fp32,cluster,dense,0,0,33247,33337,0,0,0.019502387,0.836373352,0.000788707,0.002435914,0.837162059,0.871790339,0,0.00209093338,,0,16000000,24193600
dsb-gpu,WK2000_1,49,12394,2000,2000,2000,1999000,512,400,fp32,cluster,dense,0,0,33236,33337,0,0,0.019605108,0.837026184,0.000807203,0.002360874,0.837833387,0.872559302,0,0.00209256546,,0,16000000,24193600
dsb-gpu,WK2000_1,0,12345,2000,2000,2000,1999000,512,400,fp32,global-sync,dense,0,0,33257,33337,0,0,0.019619828,3.6653374,0.000816675,0.002992557,3.66615408,3.70177395,0,0.00916334351,,0,16000000,28289600
dsb-gpu,WK2000_1,1,12346,2000,2000,2000,1999000,512,400,fp32,global-sync,dense,0,0,33236,33337,0,0,0.020296311,3.66539795,0.00082074,0.002994829,3.66621869,3.70253488,0,0.00916349487,,0,16000000,28289600
dsb-gpu,WK2000_1,2,12347,2000,2000,2000,1999000,512,400,fp32,global-sync,dense,0,0,33258,33337,0,0,0.01982562,3.6644873,0.000803972,0.002455114,3.66529128,3.70085052,0,0.00916121826,,0,16000000,28289600
dsb-gpu,WK2000_1,3,12348,2000,2000,2000,1999000,512,400,fp32,global-sync,dense,0,0,33262,33337,0,0,0.019556467,3.66587305,0.000825892,0.0028939,3.66669894,3.70197027,0,0.00916468262,,0,16000000,28289600
dsb-gpu,WK2000_1,4,12349,2000,2000,2000,1999000,512,400,fp32,global-sync,dense,0,0,33247,33337,0,0,0.019618964,3.66571826,0.000815203,0.00295998,3.66653346,3.70228336,0,0.00916429565,,0,16000000,28289600
dsb-gpu,WK2000_1,5,12350,2000,2000,2000,1999000,512,400,fp32,global-sync,dense,0,0,33230,33337,0,0,0.019335603,3.66485034,0.000803459,0.002467755,3.6656538,3.70065519,0,0.00916212585,,0,16000000,28289600
dsb-gpu,WK2000_1,6,12351,2000,2000,2000,1999000,512,400,fp32,global-sync,dense,0,0,33248,33337,0,0,0.019824085,3.6639939,0.000814403,0.00247665,3.6648083,3.69995093,0,0.00915998474,,0,16000000,28289600
dsb-gpu,WK2000_1,7,12352,2000,2000,2000,1999000,512,400,fp32,global-sync,dense,0,0,33244,33337,0,0,0.019404211,3.66435034,0.000804708,0.002498667,3.66515505,3.70001314,0,0.00916087585,,0,16000000,28289600
dsb-gpu,WK2000_1,8,12353,2000,2000,2000,1999000,512,400,fp32,global-sync,dense,0,0,33251,33337,0,0,0.020447064,3.66294336,0.00080826,0.00246177,3.66375162,3.69959109,0,0.0091573584,,0,16000000,28289600
dsb-gpu,WK2000_1,9,12354,2000,2000,2000,1999000,512,400,fp32,global-sync,dense,0,0,33275,33337,0,0,0.020318487,3.66555396,0.000804515,0.00244401,3.66635847,3.70216304,0,0.00916388489,,0,16000000,28289600
dsb-gpu,WK2000_1,10,12355,2000,2000,2000,1999000,512,400,fp32,global-sync,dense,0,0,33236,33337,0,0,0.019773108,3.6643606,0.000802595,0.002449578,3.66516319,3.70051916,0,0.00916090149,,0,16000000,28289600
dsb-gpu,WK2000_1,11,12356,2000,2000,2000,1999000,512,400,fp32,global-sync,dense,0,0,33279,33337,0,0,0.019536339,3.66770776,0.000808547,0.00249889,3.66851631,3.70347649,0,0.00916926941,,0,16000000,28289600
dsb-gpu,WK2000_1,12,12357,2000,2000,2000,1999000,512,400,fp32,global-sync,dense,0,0,33252,33337,0,0,0.020065462,3.66435083,0.000805155,0.002438443,3.66515599,3.7004223,0,0.00916087708,,0,16000000,28289600
dsb-gpu,WK2000_1,13,12358,2000,2000,2000,1999000,512,400,fp32,global-sync,dense,0,0,33250,33337,0,0,0.020378935,3.66655566,0.000807107,0.002488074,3.66736277,3.7032833,0,0.00916638916,,0,16000000,28289600
dsb-gpu,WK2000_1,14,12359,2000,2000,2000,1999000,512,400,fp32,global-sync,dense,0,0,33277,33337,0,0,0.019552307,3.66506885,0.000809059,0.00248257,3.66587791,3.70103795,0,0.00916267212,,0,16000000,28289600
dsb-gpu,WK2000_1,15,12360,2000,2000,2000,1999000,512,400,fp32,global-sync,dense,0,0,33280,33337,0,0,0.019813781,3.66684814,0.000809156,0.002496714,3.6676573,3.70274004,0,0.00916712036,,0,16000000,28289600
dsb-gpu,WK2000_1,16,12361,2000,2000,2000,1999000,512,400,fp32,global-sync,dense,0,0,33252,33337,0,0,0.020341526,3.66403979,0.000811427,0.002513259,3.66485122,3.70050998,0,0.00916009949,,0,16000000,28289600
dsb-gpu,WK2000_1,17,12362,2000,2000,2000,1999000,512,400,fp32,global-sync,dense,0,0,33257,33337,0,0,0.019580051,3.66529565,0.000802116,0.002495051,3.66609777,3.70123501,0,0.00916323914,,0,16000000,28289600
dsb-gpu,WK2000_1,18,12363,2000,2000,2000,1999000,512,400,fp32,global-sync,dense,0,0,33252,33337,0,0,0.019587124,3.66666919,0.000801636,0.002502955,3.66747083,3.7024497,0,0.00916667297,,0,16000000,28289600
dsb-gpu,WK2000_1,19,12364,2000,2000,2000,1999000,512,400,fp32,global-sync,dense,0,0,33262,33337,0,0,0.020214198,3.66598071,0.000801444,0.002479115,3.66678216,3.70241821,0,0.00916495178,,0,16000000,28289600
dsb-gpu,WK2000_1,20,12365,2000,2000,2000,1999000,512,400,fp32,global-sync,dense,0,0,33251,33337,0,0,0.020362551,3.66599097,0.000801124,0.002498923,3.66679209,3.7027274,0,0.00916497742,,0,16000000,28289600
dsb-gpu,WK2000_1,21,12366,2000,2000,2000,1999000,512,400,fp32,global-sync,dense,0,0,33257,33337,0,0,0.019475443,3.66495581,0.000800483,0.002491786,3.66575629,3.70066588,0,0.00916238953,,0,16000000,28289600
dsb-gpu,WK2000_1,22,12367,2000,2000,2000,1999000,512,400,fp32,global-sync,dense,0,0,33253,33337,0,0,0.019748724,3.66474805,0.000808483,0.003093101,3.66555653,3.70141878,0,0.00916187012,,0,16000000,28289600
dsb-gpu,WK2000_1,23,12368,2000,2000,2000,1999000,512,400,fp32,global-sync,dense,0,0,33260,33337,0,0,0.019589684,3.66670825,0.000805219,0.002506603,3.66751347,3.70250061,0,0.00916677063,,0,16000000,28289600
dsb-gpu,WK2000_1,24,12369,2000,2000,2000,1999000,512,400,fp32,global-sync,dense,0,0,33282,33337,0,0,0.019747892,3.66385693,0.000806308,0.002501355,3.66466324,3.69985865,0,0.00915964233,,0,16000000,28289600
dsb-gpu,WK2000_1,25,12370,2000,2000,2000,1999000,512,400,fp32,global-sync,dense,0,0,33243,33337,0,0,0.019556531,3.66685767,0.00080938,0.002474795,3.66766705,3.70262976,0,0.00916714417,,0,16000000,28289600
dsb-gpu,WK2000_1,26,12371,2000,2000,2000,1999000,512,400,fp32,global-sync,dense,0,0,33245,33337,0,0,0.019781044,3.66410742,0.000808323,0.002542602,3.66491574,3.70006383,0,0.00916026855,,0,16000000,28289600
dsb-gpu,WK2000_1,27,12372,2000,2000,2000,1999000,512,400,fp32,global-sync,dense,0,0,33243,33337,0,0,0.020223542,3.66620825,0.000808707,0.002558731,3.66701696,3.70259546,0,0.00916552063,,0,16000000,28289600
dsb-gpu,WK2000_1,28,12373,2000,2000,2000,1999000,512,400,fp32,global-sync,dense,0,0,33264,33337,0,0,0.01969298,3.66581177,0.000805219,0.002420747,3.66661699,3.70164438,0,0.00916452942,,0,16000000,28289600
dsb-gpu,WK2000_1,29,12374,2000,2000,2000,1999000,512,400,fp32,global-sync,dense,0,0,33247,33337,0,0,0.019592596,3.66533105,0.000804772,0.002481739,3.66613583,3.70105891,0,0.00916332764,,0,16000000,28289600
dsb-gpu,WK2000_1,30,12375,2000,2000,2000,1999000,512,400,fp32,global-sync,dense,0,0,33233,33337,0,0,0.019666068,3.66620264,0.000804515,0.002530827,3.66700715,3.70203437,0,0.00916550659,,0,16000000,28289600
dsb-gpu,WK2000_1,31,12376,2000,2000,2000,1999000,512,400,fp32,global-sync,dense,0,0,33239,33337,0,0,0.020379958,3.6644751,0.000804163,0.002506506,3.66527926,3.70110073,0,0.00916118774,,0,16000000,28289600
dsb-gpu,WK2000_1,32,12377,2000,2000,2000,1999000,512,400,fp32,global-sync,dense,0,0,33270,33337,0,0,0.019605748,3.66541235,0.000803235,0.00250401,3.66621559,3.70127878,0,0.00916353088,,0,16000000,28289600
dsb-gpu,WK2000_1,33,12378,2000,2000,2000,1999000,512,400,fp32,global-sync,dense,0,0,33270,33337,0,0,0.020617815,3.66644556,0.000805475,0.002546923,3.66725103,3.70325978,0,0.00916611389,,0,16000000,28289600
dsb-gpu,WK2000_1,34,12379,2000,2000,2000,1999000,512,400,fp32,global-sync,dense,0,0,33242,33337,0,0,0.019633524,3.66634424,0.000807683,0.002513642,3.66715192,3.70215386,0,0.0091658606,,0,16000000,28289600
dsb-gpu,WK2000_1,35,12380,2000,2000,2000,1999000,512,400,fp32,global-sync,dense,0,0,33260,33337,0,0,0.020207542,3.66365186,0.000802691,0.002508106,3.66445455,3.70014162,0,0.00915912964,,0,16000000,28289600
dsb-gpu,WK2000_1,36,12381,2000,2000,2000,1999000,512,400,fp32,global-sync,dense,0,0,33224,33337,0,0,0.020350711,3.6659563,0.000802788,0.002523531,3.66675909,3.70253971,0,0.00916489075,,0,16000000,28289600
dsb-gpu,WK2000_1,37,12382,2000,2000,2000,1999000,512,400,fp32,global-sync,dense,0,0,33271,33337,0,0,0.019680692,3.66457837,0.000804547,0.002486666,3.66538292,3.70043215,0,0.00916144592,,0,16000000,28289600
dsb-gpu,WK2000_1,38,12383,2000,2000,2000,1999000,512,400,fp32,global-sync,dense,0,0,33237,33337,0,0,0.019648468,3.6655083,0.000805027,0.003048173,3.66631333,3.70197325,0,0.00916377075,,0,16000000,28289600
dsb-gpu,WK2000_1,39,12384,2000,2000,2000,1999000,512,400,fp32,global-sync,dense,0,0,33252,33337,0,0,0.019541939,3.6655332,0.000805379,0.002515018,3.66633858,3.70159229,0,0.00916383301,,0,16000000,28289600
dsb-gpu,WK2000_1,40,12385,2000,2000,2000,1999000,512,400,fp32,global-sync,dense,0,0,33255,33337,0,0,0.019640436,3.66588037,0.000802179,0.002518666,3.66668255,3.70168179,0,0.00916470093,,0,16000000,28289600
dsb-gpu,WK2000_1,41,12386,2000,2000,2000,1999000,512,400,fp32,global-sync,dense,0,0,33232,33337,0,0,0.019441203,3.66437305,0.000816004,0.002525003,3.66518905,3.69993657,0,0.00916093262,,0,16000000,28289600
dsb-gpu,WK2000_1,42,12387,2000,2000,2000,1999000,512,400,fp32,global-sync,dense,0,0,33244,33337,0,0,0.019930837,3.66375195,0.000812868,0.002509803,3.66456482,3.69993612,0,0.00915937988,,0,16000000,28289600
dsb-gpu,WK2000_1,43,12388,2000,2000,2000,1999000,512,400,fp32,global-sync,dense,0,0,33265,33337,0,0,0.019598388,3.66787207,0.000831428,0.002538955,3.6687035,3.70380321,0,0.00916968018,,0,16000000,28289600
dsb-gpu,WK2000_1,44,12389,2000,2000,2000,1999000,512,400,fp32,global-sync,dense,0,0,33233,33337,0,0,0.019733172,3.66661426,0.000804419,0.00251889,3.66741868,3.70260067,0,0.00916653564,,0,16000000,28289600
dsb-gpu,WK2000_1,45,12390,2000,2000,2000,1999000,512,400,fp32,global-sync,dense,0,0,33247,33337,0,0,0.020303351,3.66532251,0.000799588,0.002538315,3.6661221,3.70183648,0,0.00916330627,,0,16000000,28289600
dsb-gpu,WK2000_1,46,12391,2000,2000,2000,1999000,512,400,fp32,global-sync,dense,0,0,33276,33337,0,0,0.019664148,3.66512744,0.000818403,0.002504554,3.66594584,3.70099932,0,0.0091628186,,0,16000000,28289600
dsb-gpu,WK2000_1,47,12392,2000,2000,2000,1999000,512,400,fp32,global-sync,dense,0,0,33274,33337,0,0,0.019667379,3.66473828,0.000801859,0.00248081,3.66554014,3.70054617,0,0.0091618457,,0,16000000,28289600
dsb-gpu,WK2000_1,48,12393,2000,2000,2000,1999000,512,400,fp32,global-sync,dense,0,0,33247,33337,0,0,0.019568499,3.66436792,0.000796067,0.002477899,3.66516399,3.70017052,0,0.0091609198,,0,16000000,28289600
dsb-gpu,WK2000_1,49,12394,2000,2000,2000,1999000,512,400,fp32,global-sync,dense,0,0,33236,33337,0,0,0.020376535,3.66480933,0.000803524,0.002523115,3.66561285,3.70163136,0,0.00916202332,,0,16000000,28289600
dsb-gpu,WK2000_1,0,12345,2000,2000,2000,1999000,512,400,fp32,gemm,dense,0,0,33257,33337,0,0,0.019152434,0.0110948477,0.000792451,0.002357002,0.0118872987,0.057237683,0,2.77371192e-05,,0,16000000,36579904
dsb-gpu,WK2000_1,1,12346,2000,2000,2000,1999000,512,400,fp32,gemm,dense,0,0,33236,33337,0,0,0.019558483,0.0110286083,0.0008001,0.002373802,0.0118287083,0.057258388,0,2.75715208e-05,,0,16000000,36579904
dsb-gpu,WK2000_1,2,12347,2000,2000,2000,1999000,512,400,fp32,gemm,dense,0,0,33258,33337,0,0,0.019300051,0.0110961924,0.000799427,0.00237937,0.0118956194,0.057545141,0,2.77404809e-05,,0,16000000,36579904
dsb-gpu,WK2000_1,3,12348,2000,2000,2000,1999000,512,400,fp32,gemm,dense,0,0,33262,33337,0,0,0.019318162,0.0110245762,0.000793123,0.002379755,0.0118176992,0.057455125,0,2.75614405e-05,,0,16000000,36579904
dsb-gpu,WK2000_1,4,12349,2000,2000,2000,1999000,512,400,fp32,gemm,dense,0,0,33247,33337,0,0,0.019627572,0.011097888,0.000801635,0.002389002,0.011899523,0.057891126,0,2.774472e-05,,0,16000000,36579904
dsb-gpu,WK2000_1,5,12350,2000,2000,2000,1999000,512,400,fp32,gemm,dense,0,0,33230,33337,0,0,0.019367443,0.0110301762,0.000802243,0.002374283,0.0118324192,0.057461205,0,2.75754404e-05,,0,16000000,36579904
dsb-gpu,WK2000_1,6,12351,2000,2000,2000,1999000,512,400,fp32,gemm,dense,0,0,33248,33337,0,0,0.019368691,0.0110885124,0.000799268,0.002389194,0.0118877804,0.05730066,0,2.77212811e-05,,0,16000000,36579904
dsb-gpu,WK2000_1,7,12352,2000,2000,2000,1999000,512,400,fp32,gemm,dense,0,0,33244,33337,0,0,0.019422355,0.0110349436,0.000804611,0.002377834,0.0118395546,0.057490421,0,2.7587359e-05,,0,16000000,36579904
dsb-gpu,WK2000_1,8,12353,2000,2000,2000,1999000,512,400,fp32,gemm,dense,0,0,33251,33337,0,0,0.020073749,0.0110960636,0.000795267,0.00238113,0.0118913306,0.058031415,0,2.7740159e-05,,0,16000000,36579904
dsb-gpu,WK2000_1,9,12354,2000,2000,2000,1999000,512,400,fp32,gemm,dense,0,0,33275,33337,0,0,0.019523091,0.0110161924,0.000790467,0.002365578,0.0118066594,0.057498997,0,2.75404811e-05,,0,16000000,36579904
dsb-gpu,WK2000_1,10,12355,2000,2000,2000,1999000,512,400,fp32,gemm,dense,0,0,33236,33337,0,0,0.020129493,0.0109498882,0.000797988,0.002404522,0.0117478762,0.057871735,0,2.73747206e-05,,0,16000000,36579904
dsb-gpu,WK2000_1,11,12356,2000,2000,2000,1999000,512,400,fp32,gemm,dense,0,0,33279,33337,0,0,0.019910101,0.0108233604,0.000808739,0.002366826,0.0116320994,0.057800887,0,2.70584011e-05,,0,16000000,36579904
dsb-gpu,WK2000_1,12,12357,2000,2000,2000,1999000,512,400,fp32,gemm,dense,0,0,33252,33337,0,0,0.019454099,0.0109018564,0.00079226,0.002373514,0.0116941164,0.057529557,0,2.72546411e-05,,0,16000000,36579904
dsb-gpu,WK2000_1,13,12358,2000,2000,2000,1999000,512,400,fp32,gemm,dense,0,0,33250,33337,0,0,0.021171995,0.0108216,0.000816643,0.00236289,0.011638243,0.059291773,0,2.70539999e-05,,0,16000000,36579904
dsb-gpu,WK2000_1,14,12359,2000,2000,2000,1999000,512,400,fp32,gemm,dense,0,0,33277,33337,0,0,0.019514675,0.0111397123,0.00080826,0.00237985,0.0119479723,0.057697878,0,2.78492808e-05,,0,16000000,36579904
dsb-gpu,WK2000_1,15,12360,2000,2000,2000,1999000,512,400,fp32,gemm,dense,0,0,33280,33337,0,0,0.019618419,0.0110553598,0.000800612,0.002399722,0.0118559718,0.057891671,0,2.76383996e-05,,0,16000000,36579904
dsb-gpu,WK2000_1,16,12361,2000,2000,2000,1999000,512,400,fp32,gemm,dense,0,0,33252,33337,0,0,0.019499827,0.0111069117,0.000790499,0.002379818,0.0118974107,0.057572278,0,2.77672791e-05,,0,16000000,36579904
dsb-gpu,WK2000_1,17,12362,2000,2000,2000,1999000,512,400,fp32,gemm,dense,0,0,33257,33337,0,0,0.01928853,0.0110569916,0.000792931,0.002372746,0.0118499226,0.057329556,0,2.76424789e-05,,0,16000000,36579904
dsb-gpu,WK2000_1,18,12363,2000,2000,2000,1999000,512,400,fp32,gemm,dense,0,0,33252,33337,0,0,0.019393874,0.0108744001,0.000815684,0.002360554,0.0116900841,0.057172724,0,2.71860003e-05,,0,16000000,36579904
dsb-gpu,WK2000_1,19,12364,2000,2000,2000,1999000,512,400,fp32,gemm,dense,0,0,33262,33337,0,0,0.019572307,0.0108214083,0.000794756,0.002782252,0.0116161643,0.05851337,0,2.70535207e-05,,0,16000000,36579904
dsb-gpu,WK2000_1,20,12365,2000,2000,2000,1999000,512,400,fp32,gemm,dense,0,0,33251,33337,0,0,0.019426931,0.0109243841,0.000799748,0.002381162,0.0117241321,0.057420661,0,2.73109603e-05,,0,16000000,36579904
dsb-gpu,WK2000_1,21,12366,2000,2000,2000,1999000,512,400,fp32,gemm,dense,0,0,33257,33337,0,0,0.019443475,0.010867712,0.000813923,0.002352746,0.011681635,0.057371253,0,2.71692801e-05,,0,16000000,36579904
dsb-gpu,WK2000_1,22,12367,2000,2000,2000,1999000,512,400,fp32,gemm,dense,0,0,33253,33337,0,0,0.020059701,0.0111232004,0.000804995,0.002368075,0.0119281954,0.058111288,0,2.7808001e-05,,0,16000000,36579904
dsb-gpu,WK2000_1,23,12368,2000,2000,2000,1999000,512,400,fp32,gemm,dense,0,0,33260,33337,0,0,0.020181782,0.0110504961,0.000798339,0.002375979,0.0118488351,0.058127416,0,2.76262403e-05,,0,16000000,36579904
dsb-gpu,WK2000_1,24,12369,2000,2000,2000,1999000,512,400,fp32,gemm,dense,0,0,33282,33337,0,0,0.019424595,0.011130496,0.000797508,0.00239617,0.011928004,0.057531189,0,2.78262401e-05,,0,16000000,36579904
dsb-gpu,WK2000_1,25,12370,2000,2000,2000,1999000,512,400,fp32,gemm,dense,0,0,33243,33337,0,0,0.019358963,0.0110533762,0.000793667,0.00236513,0.0118470432,0.057304244,0,2.76334405e-05,,0,16000000,36579904
dsb-gpu,WK2000_1,26,12371,2000,2000,2000,1999000,512,400,fp32,gemm,dense,0,0,33245,33337,0,0,0.019868756,0.0108811522,0.000790915,0.00237073,0.0116720672,0.057945399,0,2.72028804e-05,,0,16000000,36579904
dsb-gpu,WK2000_1,27,12372,2000,2000,2000,1999000,512,400,fp32,gemm,dense,0,0,33243,33337,0,0,0.019987317,0.010810112,0.000791747,0.00237873,0.011601859,0.057906231,0,2.702528e-05,,0,16000000,36579904
dsb-gpu,WK2000_1,28,12373,2000,2000,2000,1999000,512,400,fp32,gemm,dense,0,0,33264,33337,0,0,0.019478739,0.0108568316,0.0007937,0.002391018,0.0116505316,0.057298036,0,2.71420789e-05,,0,16000000,36579904
dsb-gpu,WK2000_1,29,12374,2000,2000,2000,1999000,512,400,fp32,gemm,dense,0,0,33247,33337,0,0,0.019375795,0.0108156481,0.000793539,0.002395434,0.0116091871,0.057093748,0,2.70391202e-05,,0,16000000,36579904
dsb-gpu,WK2000_1,30,12375,2000,2000,2000,1999000,512,400,fp32,gemm,dense,0,0,33233,33337,0,0,0.019618708,0.0111077118,0.000794435,0.002377834,0.0119021468,0.057590613,0,2.77692795e-05,,0,16000000,36579904
dsb-gpu,WK2000_1,31,12376,2000,2000,2000,1999000,512,400,fp32,gemm,dense,0,0,33239,33337,0,0,0.01986066,0.011055584,0.000806852,0.002371978,0.011862436,0.057849398,0,2.76389599e-05,,0,16000000,36579904
dsb-gpu,WK2000_1,32,12377,2000,2000,2000,1999000,512,400,fp32,gemm,dense,0,0,33270,33337,0,0,0.019412851,0.011101408,0.000820227,0.002382379,0.011921635,0.057723254,0,2.775352e-05,,0,16000000,36579904
dsb-gpu,WK2000_1,33,12378,2000,2000,2000,1999000,512,400,fp32,gemm,dense,0,0,33270,33337,0,0,0.019420147,0.0110541124,0.000791363,0.002406091,0.0118454754,0.057444565,0,2.76352811e-05,,0,16000000,36579904
dsb-gpu,WK2000_1,34,12379,2000,2000,2000,1999000,512,400,fp32,gemm,dense,0,0,33242,33337,0,0,0.019514387,0.010940896,0.000799395,0.002400171,0.011740291,0.057439157,0,2.73522401e-05,,0,16000000,36579904
dsb-gpu,WK2000_1,35,12380,2000,2000,2000,1999000,512,400,fp32,gemm,dense,0,0,33260,33337,0,0,0.019585683,0.0108143997,0.000801251,0.00238273,0.0116156507,0.057504853,0,2.70359993e-05,,0,16000000,36579904
dsb-gpu,WK2000_1,36,12381,2000,2000,2000,1999000,512,400,fp32,gemm,dense,0,0,33224,33337,0,0,0.019451187,0.0109313278,0.000802052,0.002863596,0.0117333798,0.058192856,0,2.73283195e-05,,0,16000000,36579904
dsb-gpu,WK2000_1,37,12382,2000,2000,2000,1999000,512,400,fp32,gemm,dense,0,0,33271,33337,0,0,0.019352307,0.0108168964,0.000796996,0.002392234,0.0116138924,0.057402997,0,2.70422411e-05,,0,16000000,36579904
dsb-gpu,WK2000_1,38,12383,2000,2000,2000,1999000,512,400,fp32,gemm,dense,0,0,33237,33337,0,0,0.019534644,0.0108575039,0.00079706,0.002382826,0.0116545639,0.057453429,0,2.71437597e-05,,0,16000000,36579904
dsb-gpu,WK2000_1,39,12384,2000,2000,2000,1999000,512,400,fp32,gemm,dense,0,0,33252,33337,0,0,0.019564115,0.0107943678,0.000792899,0.002386666,0.0115872668,0.057611958,0,2.69859195e-05,,0,16000000,36579904
dsb-gpu,WK2000_1,40,12385,2000,2000,2000,1999000,512,400,fp32,gemm,dense,0,0,33255,33337,0,0,0.019613524,0.0108686724,0.000791651,0.002371882,0.0116603234,0.057538453,0,2.71716809e-05,,0,16000000,36579904
dsb-gpu,WK2000_1,41,12386,2000,2000,2000,1999000,512,400,fp32,gemm,dense,0,0,33232,33337,0,0,0.020196758,0.0108148165,0.000806883,0.002376586,0.0116216995,0.058030231,0,2.70370412e-05,,0,16000000,36579904
dsb-gpu,WK2000_1,42,12387,2000,2000,2000,1999000,512,400,fp32,gemm,dense,0,0,33244,33337,0,0,0.01936437,0.0108989763,0.0007993,0.002393738,0.0116982763,0.057274196,0,2.72474408e-05,,0,16000000,36579904
dsb-gpu,WK2000_1,43,12388,2000,2000,2000,1999000,512,400,fp32,gemm,dense,0,0,33265,33337,0,0,0.019584147,0.0108128643,0.000809315,0.002382346,0.0116221793,0.057534966,0,2.70321608e-05,,0,16000000,36579904
dsb-gpu,WK2000_1,44,12389,2000,2000,2000,1999000,512,400,fp32,gemm,dense,0,0,33233,33337,0,0,0.019977365,0.0108755836,0.00079402,0.002374922,0.0116696036,0.057774966,0,2.71889591e-05,,0,16000000,36579904
dsb-gpu,WK2000_1,45,12390,2000,2000,2000,1999000,512,400,fp32,gemm,dense,0,0,33247,33337,0,0,0.019969525,0.0108187838,0.000813572,0.002391306,0.0116323558,0.05766319,0,2.70469594e-05,,0,16000000,36579904
dsb-gpu,WK2000_1,46,12391,2000,2000,2000,1999000,512,400,fp32,gemm,dense,0,0,33276,33337,0,0,0.019463379,0.0109293756,0.000796484,0.002386986,0.0117258596,0.057437461,0,2.73234391e-05,,0,16000000,36579904
dsb-gpu,WK2000_1,47,12392,2000,2000,2000,1999000,512,400,fp32,gemm,dense,0,0,33274,33337,0,0,0.019408946,0.0108560324,0.000791235,0.002381515,0.0116472674,0.057296021,0,2.71400809e-05,,0,16000000,36579904
dsb-gpu,WK2000_1,48,12393,2000,2000,2000,1999000,512,400,fp32,gemm,dense,0,0,33247,33337,0,0,0.019485267,0.0109106884,0.0007977,0.002364938,0.0117083884,0.057330068,0,2.7276721e-05,,0,16000000,36579904
dsb-gpu,WK2000_1,49,12394,2000,2000,2000,1999000,512,400,fp32,gemm,dense,0,0,33236,33337,0,0,0.019596212,0.0109642878,0.000797604,0.002395498,0.0117618918,0.057407957,0,2.74107194e-05,,0,16000000,36579904
dsb-gpu,WK2000_1,0,12345,2000,2000,2000,1999000,512,400,fp32,gemm-notf32,dense,0,0,33257,33337,0,0,0.019863125,0.0461624641,0.000774531,0.002371146,0.0469369951,0.092340234,0,0.00011540616,,0,16000000,36579904
dsb-gpu,WK2000_1,1,12346,2000,2000,2000,1999000,512,400,fp32,gemm-notf32,dense,0,0,33236,33337,0,0,0.01914021,0.0461218567,0.000767363,0.002368074,0.0468892197,0.09153543,0,0.000115304642,,0,16000000,36579904
dsb-gpu,WK2000_1,2,12347,2000,2000,2000,1999000,512,400,fp32,gemm-notf32,dense,0,0,33258,33337,0,0,0.019409235,0.0461970253,0.000795395,0.002372874,0.0469924203,0.091722535,0,0.000115492563,,0,16000000,36579904
dsb-gpu,WK2000_1,3,12348,2000,2000,2000,1999000,512,400,fp32,gemm-notf32,dense,0,0,33262,33337,0,0,0.019912053,0.0460971184,0.000774404,0.00238161,0.0468715224,0.092327721,0,0.000115242796,,0,16000000,36579904
dsb-gpu,WK2000_1,4,12349,2000,2000,2000,1999000,512,400,fp32,gemm-notf32,dense,0,0,33247,33337,0,0,0.019465555,0.0461780472,0.000773923,0.002415018,0.0469519702,0.091615014,0,0.000115445118,,0,16000000,36579904
dsb-gpu,WK2000_1,5,12350,2000,2000,2000,1999000,512,400,fp32,gemm-notf32,dense,0,0,33230,33337,0,0,0.019443155,0.0461228485,0.000766883,0.002361578,0.0468897315,0.091658983,0,0.000115307121,,0,16000000,36579904
dsb-gpu,WK2000_1,6,12351,2000,2000,2000,1999000,512,400,fp32,gemm-notf32,dense,0,0,33248,33337,0,0,0.019484691,0.0461864319,0.000770051,0.002415146,0.0469564829,0.091699399,0,0.00011546608,,0,16000000,36579904
dsb-gpu,WK2000_1,7,12352,2000,2000,2000,1999000,512,400,fp32,gemm-notf32,dense,0,0,33244,33337,0,0,0.019412083,0.0461280327,0.000768516,0.003061837,0.0468965487,0.092627787,0,0.000115320082,,0,16000000,36579904
dsb-gpu,WK2000_1,8,12353,2000,2000,2000,1999000,512,400,fp32,gemm-notf32,dense,0,0,33251,33337,0,0,0.019982613,0.0461577606,0.000774531,0.002426442,0.0469322916,0.092636651,0,0.000115394402,,0,16000000,36579904
dsb-gpu,WK2000_1,9,12354,2000,2000,2000,1999000,512,400,fp32,gemm-notf32,dense,0,0,33275,33337,0,0,0.019684276,0.0461199379,0.000767843,0.002369002,0.0468877809,0.09197636,0,0.000115299845,,0,16000000,36579904
dsb-gpu,WK2000_1,10,12355,2000,2000,2000,1999000,512,400,fp32,gemm-notf32,dense,0,0,33236,33337,0,0,0.020123734,0.046163681,0.000778276,0.002428362,0.046941957,0.092424202,0,0.000115409203,,0,16000000,36579904
dsb-gpu,WK2000_1,11,12356,2000,2000,2000,1999000,512,400,fp32,gemm-notf32,dense,0,0,33279,33337,0,0,0.019487443,0.0461703987,0.000768803,0.002765195,0.0469392017,0.092405289,0,0.000115425997,,0,16000000,36579904
dsb-gpu,WK2000_1,12,12357,2000,2000,2000,1999000,512,400,fp32,gemm-notf32,dense,0,0,33252,33337,0,0,0.019996597,0.0461422081,0.000769732,0.00241121,0.0469119401,0.092620522,0,0.00011535552,,0,16000000,36579904
dsb-gpu,WK2000_1,13,12358,2000,2000,2000,1999000,512,400,fp32,gemm-notf32,dense,0,0,33250,33337,0,0,0.020106038,0.0460998383,0.000768707,0.002369898,0.0468685453,0.092185832,0,0.000115249596,,0,16000000,36579904
dsb-gpu,WK2000_1,14,12359,2000,2000,2000,1999000,512,400,fp32,gemm-notf32,dense,0,0,33277,33337,0,0,0.019469523,0.0460892792,0.000795907,0.002372874,0.0468851862,0.091466117,0,0.000115223198,,0,16000000,36579904
dsb-gpu,WK2000_1,15,12360,2000,2000,2000,1999000,512,400,fp32,gemm-notf32,dense,0,0,33280,33337,0,0,0.019875348,0.0460575981,0.000775715,0.002374762,0.0468333131,0.092212137,0,0.000115143995,,0,16000000,36579904
dsb-gpu,WK2000_1,16,12361,2000,2000,2000,1999000,512,400,fp32,gemm-notf32,dense,0,0,33252,33337,0,0,0.019625684,0.0460581131,0.000768067,0.002387851,0.0468261801,0.092135337,0,0.000115145283,,0,16000000,36579904
dsb-gpu,WK2000_1,17,12362,2000,2000,2000,1999000,512,400,fp32,gemm-notf32,dense,0,0,33257,33337,0,0,0.020039317,0.0460379829,0.000767779,0.002377706,0.0468057619,0.092013672,0,0.000115094957,,0,16000000,36579904
dsb-gpu,WK2000_1,18,12363,2000,2000,2000,1999000,512,400,fp32,gemm-notf32,dense,0,0,33252,33337,0,0,0.019539411,0.0461782722,0.00077146,0.002385962,0.0469497322,0.091760391,0,0.000115445681,,0,16000000,36579904
dsb-gpu,WK2000_1,19,12364,2000,2000,2000,1999000,512,400,fp32,gemm-notf32,dense,0,0,33262,33337,0,0,0.019935637,0.046141983,0.000767747,0.002376714,0.04690973,0.092271466,0,0.000115354958,,0,16000000,36579904
dsb-gpu,WK2000_1,20,12365,2000,2000,2000,1999000,512,400,fp32,gemm-notf32,dense,0,0,33251,33337,0,0,0.019525492,0.0461885109,0.000773124,0.002375242,0.0469616349,0.091558886,0,0.000115471277,,0,16000000,36579904
dsb-gpu,WK2000_1,21,12366,2000,2000,2000,1999000,512,400,fp32,gemm-notf32,dense,0,0,33257,33337,0,0,0.019515507,0.0461040649,0.000766723,0.002348458,0.0468707879,0.091630951,0,0.000115260162,,0,16000000,36579904
dsb-gpu,WK2000_1,22,12367,2000,2000,2000,1999000,512,400,fp32,gemm-notf32,dense,0,0,33253,33337,0,0,0.019487475,0.0461487999,0.000771684,0.002728459,0.0469204839,0.092075432,0,0.000115372,,0,16000000,36579904
dsb-gpu,WK2000_1,23,12368,2000,2000,2000,1999000,512,400,fp32,gemm-notf32,dense,0,0,33260,33337,0,0,0.019976502,0.0461240005,0.000765763,0.002386378,0.0468897635,0.092996492,0,0.000115310001,,0,16000000,36579904
dsb-gpu,WK2000_1,24,12369,2000,2000,2000,1999000,512,400,fp32,gemm-notf32,dense,0,0,33282,33337,0,0,0.019574259,0.0462197456,0.000784644,0.00236977,0.0470043896,0.091973704,0,0.000115549364,,0,16000000,36579904
dsb-gpu,WK2000_1,25,12370,2000,2000,2000,1999000,512,400,fp32,gemm-notf32,dense,0,0,33243,33337,0,0,0.019424563,0.0461095352,0.000767587,0.002396138,0.0468771222,0.091637767,0,0.000115273838,,0,16000000,36579904
dsb-gpu,WK2000_1,26,12371,2000,2000,2000,1999000,512,400,fp32,gemm-notf32,dense,0,0,33245,33337,0,0,0.019542515,0.0460797424,0.000779523,0.002383434,0.0468592654,0.091894856,0,0.000115199356,,0,16000000,36579904
dsb-gpu,WK2000_1,27,12372,2000,2000,2000,1999000,512,400,fp32,gemm-notf32,dense,0,0,33243,33337,0,0,0.019447027,0.0460152016,0.000767043,0.002436362,0.0467822446,0.092101448,0,0.000115038004,,0,16000000,36579904
dsb-gpu,WK2000_1,28,12373,2000,2000,2000,1999000,512,400,fp32,gemm-notf32,dense,0,0,33264,33337,0,0,0.019483443,0.0460992012,0.000780036,0.002384586,0.0468792372,0.091889479,0,0.000115248003,,0,16000000,36579904
dsb-gpu,WK2000_1,29,12374,2000,2000,2000,1999000,512,400,fp32,gemm-notf32,dense,0,0,33247,33337,0,0,0.019487219,0.0460013771,0.000769763,0.002383498,0.0467711401,0.091585798,0,0.000115003443,,0,16000000,36579904
dsb-gpu,WK2000_1,30,12375,2000,2000,2000,1999000,512,400,fp32,gemm-notf32,dense,0,0,33233,33337,0,0,0.020008341,0.0459800644,0.000774531,0.002386698,0.0467545954,0.092199241,0,0.000114950161,,0,16000000,36579904
dsb-gpu,WK2000_1,31,12376,2000,2000,2000,1999000,512,400,fp32,gemm-notf32,dense,0,0,33239,33337,0,0,0.019475059,0.0459333458,0.000785475,0.002442122,0.0467188208,0.091752455,0,0.000114833364,,0,16000000,36579904
dsb-gpu,WK2000_1,32,12377,2000,2000,2000,1999000,512,400,fp32,gemm-notf32,dense,0,0,33270,33337,0,0,0.019399059,0.0460128975,0.000776707,0.002354314,0.0467896045,0.091596678,0,0.000115032244,,0,16000000,36579904
dsb-gpu,WK2000_1,33,12378,2000,2000,2000,1999000,512,400,fp32,gemm-notf32,dense,0,0,33270,33337,0,0,0.019448147,0.0459502411,0.000772483,0.002378858,0.0467227241,0.09161351,0,0.000114875603,,0,16000000,36579904
dsb-gpu,WK2000_1,34,12379,2000,2000,2000,1999000,512,400,fp32,gemm-notf32,dense,0,0,33242,33337,0,0,0.020134838,0.0461841927,0.000773859,0.002367978,0.0469580517,0.092201769,0,0.000115460482,,0,16000000,36579904
dsb-gpu,WK2000_1,35,12380,2000,2000,2000,1999000,512,400,fp32,gemm-notf32,dense,0,0,33260,33337,0,0,0.019338866,0.0461294098,0.000768867,0.002364458,0.0468982768,0.091743655,0,0.000115323524,,0,16000000,36579904
dsb-gpu,WK2000_1,36,12381,2000,2000,2000,1999000,512,400,fp32,gemm-notf32,dense,0,0,33224,33337,0,0,0.020152566,0.0461640625,0.000779395,0.002371178,0.0469434575,0.092296458,0,0.000115410156,,0,16000000,36579904
dsb-gpu,WK2000_1,37,12382,2000,2000,2000,1999000,512,400,fp32,gemm-notf32,dense,0,0,33271,33337,0,0,0.020119478,0.0461640968,0.000772163,0.002381258,0.0469362598,0.092319913,0,0.000115410242,,0,16000000,36579904
dsb-gpu,WK2000_1,38,12383,2000,2000,2000,1999000,512,400,fp32,gemm-notf32,dense,0,0,33237,33337,0,0,0.0196765,0.0460328636,0.000812612,0.002409034,0.0468454756,0.091677126,0,0.000115082159,,0,16000000,36579904
dsb-gpu,WK2000_1,39,12384,2000,2000,2000,1999000,512,400,fp32,gemm-notf32,dense,0,0,33252,33337,0,0,0.019642324,0.046005249,0.000770979,0.002366347,0.046776228,0.091756648,0,0.000115013123,,0,16000000,36579904
dsb-gpu,WK2000_1,40,12385,2000,2000,2000,1999000,512,400,fp32,gemm-notf32,dense,0,0,33255,33337,0,0,0.019447315,0.0460585938,0.000776675,0.002371882,0.0468352687,0.091620486,0,0.000115146484,,0,16000000,36579904
dsb-gpu,WK2000_1,41,12386,2000,2000,2000,1999000,512,400,fp32,gemm-notf32,dense,0,0,33232,33337,0,0,0.019764084,0.0460537262,0.000783715,0.002394571,0.0468374412,0.092022825,0,0.000115134315,,0,16000000,36579904
dsb-gpu,WK2000_1,42,12387,2000,2000,2000,1999000,512,400,fp32,gemm-notf32,dense,0,0,33244,33337,0,0,0.019421682,0.0460840645,0.000780451,0.002805964,0.0468645155,0.092550506,0,0.000115210161,,0,16000000,36579904
dsb-gpu,WK2000_1,43,12388,2000,2000,2000,1999000,512,400,fp32,gemm-notf32,dense,0,0,33265,33337,0,0,0.019927221,0.0460663033,0.000768324,0.002379722,0.0468346273,0.092407082,0,0.000115165758,,0,16000000,36579904
dsb-gpu,WK2000_1,44,12389,2000,2000,2000,1999000,512,400,fp32,gemm-notf32,dense,0,0,33233,33337,0,0,0.019465907,0.0460968323,0.000784675,0.00238097,0.0468815073,0.091573639,0,0.000115242081,,0,16000000,36579904
dsb-gpu,WK2000_1,45,12390,2000,2000,2000,1999000,512,400,fp32,gemm-notf32,dense,0,0,33247,33337,0,0,0.019521971,0.0460736961,0.000767555,0.00241281,0.0468412511,0.091767495,0,0.00011518424,,0,16000000,36579904
dsb-gpu,WK2000_1,46,12391,2000,2000,2000,1999000,512,400,fp32,gemm-notf32,dense,0,0,33276,33337,0,0,0.019527667,0.0461736946,0.000773411,0.002383051,0.0469471056,0.092072905,0,0.000115434237,,0,16000000,36579904
dsb-gpu,WK2000_1,47,12392,2000,2000,2000,1999000,512,400,fp32,gemm-notf32,dense,0,0,33274,33337,0,0,0.020154357,0.0461095352,0.000770339,0.002384106,0.0468798742,0.092510442,0,0.000115273838,,0,16000000,36579904
dsb-gpu,WK2000_1,48,12393,2000,2000,2000,1999000,512,400,fp32,gemm-notf32,dense,0,0,33247,33337,0,0,0.019826549,0.0461586571,0.000772708,0.002377002,0.0469313651,0.091928712,0,0.000115396643,,0,16000000,36579904
dsb-gpu,WK2000_1,49,12394,2000,2000,2000,1999000,512,400,fp32,gemm-notf32,dense,0,0,33236,33337,0,0,0.0197325,0.0461221123,0.000769699,0.002371914,0.0468918113,0.092082633,0,0.000115305281,,0,16000000,36579904
dsb-gpu,WK2000_1,0,12345,2000,2000,2000,1999000,512,400,int8,gemm,dense,0,0,33257,33337,0,0,0.056573681,0.00662873602,0.000142977,0.002370762,0.00677171302,0.0891199,0,1.657184e-05,,0,4000000,22011904
dsb-gpu,WK2000_1,1,12346,2000,2000,2000,1999000,512,400,int8,gemm,dense,0,0,33236,33337,0,0,0.056939411,0.00669737577,0.0001464,0.002363754,0.00684377577,0.089212124,0,1.67434394e-05,,0,4000000,22011904
dsb-gpu,WK2000_1,2,12347,2000,2000,2000,1999000,512,400,int8,gemm,dense,0,0,33258,33337,0,0,0.056847027,0.00665324783,0.000147776,0.002383882,0.00680102383,0.089108379,0,1.66331196e-05,,0,4000000,22011904
dsb-gpu,WK2000_1,3,12348,2000,2000,2000,1999000,512,400,int8,gemm,dense,0,0,33262,33337,0,0,0.057237172,0.00664784002,0.000144705,0.002385834,0.00679254502,0.090187872,0,1.66196001e-05,,0,4000000,22011904
dsb-gpu,WK2000_1,4,12349,2000,2000,2000,1999000,512,400,int8,gemm,dense,0,0,33247,33337,0,0,0.05685637,0.00663036823,0.000146112,0.002484715,0.00677648023,0.089291101,0,1.65759206e-05,,0,4000000,22011904
dsb-gpu,WK2000_1,5,12350,2000,2000,2000,1999000,512,400,int8,gemm,dense,0,0,33230,33337,0,0,0.056852786,0.00667244816,0.0001456,0.002360554,0.00681804816,0.089469725,0,1.66811204e-05,,0,4000000,22011904
dsb-gpu,WK2000_1,6,12351,2000,2000,2000,1999000,512,400,int8,gemm,dense,0,0,33248,33337,0,0,0.057391637,0.00662576008,0.000143937,0.002381899,0.00676969708,0.089907583,0,1.65644002e-05,,0,4000000,22011904
dsb-gpu,WK2000_1,7,12352,2000,2000,2000,1999000,512,400,int8,gemm,dense,0,0,33244,33337,0,0,0.057152499,0.00668422413,0.000145312,0.002381131,0.00682953613,0.090037248,0,1.67105603e-05,,0,4000000,22011904
dsb-gpu,WK2000_1,8,12353,2000,2000,2000,1999000,512,400,int8,gemm,dense,0,0,33251,33337,0,0,0.056938418,0.00665107203,0.0001472,0.002385674,0.00679827203,0.089521661,0,1.66276801e-05,,0,4000000,22011904
dsb-gpu,WK2000_1,9,12354,2000,2000,2000,1999000,512,400,int8,gemm,dense,0,0,33275,33337,0,0,0.057369044,0.00667772818,0.000144609,0.002363082,0.00682233718,0.089957311,0,1.66943204e-05,,0,4000000,22011904
dsb-gpu,WK2000_1,10,12355,2000,2000,2000,1999000,512,400,int8,gemm,dense,0,0,33236,33337,0,0,0.056935667,0.00644687986,0.000149312,0.002379978,0.00659619186,0.089229692,0,1.61171997e-05,,0,4000000,22011904
dsb-gpu,WK2000_1,11,12356,2000,2000,2000,1999000,512,400,int8,gemm,dense,0,0,33279,33337,0,0,0.057312501,0.00650732803,0.000145761,0.00236529,0.00665308903,0.089896383,0,1.62683201e-05,,0,4000000,22011904
dsb-gpu,WK2000_1,12,12357,2000,2000,2000,1999000,512,400,int8,gemm,dense,0,0,33252,33337,0,0,0.058684122,0.00646713591,0.000148833,0.00239249,0.00661596891,0.091397125,0,1.61678398e-05,,0,4000000,22011904
dsb-gpu,WK2000_1,13,12358,2000,2000,2000,1999000,512,400,int8,gemm,dense,0,0,33250,33337,0,0,0.057384948,0.00648928022,0.000150017,0.002381258,0.00663929722,0.089716254,0,1.62232006e-05,,0,4000000,22011904
dsb-gpu,WK2000_1,14,12359,2000,2000,2000,1999000,512,400,int8,gemm,dense,0,0,33277,33337,0,0,0.056889107,0.00665884781,0.000144512,0.002371626,0.00680335981,0.089413117,0,1.66471195e-05,,0,4000000,22011904
dsb-gpu,WK2000_1,15,12360,2000,2000,2000,1999000,512,400,int8,gemm,dense,0,0,33280,33337,0,0,0.057023955,0.00670643187,0.000142497,0.002388426,0.00684892887,0.089679198,0,1.67660797e-05,,0,4000000,22011904
dsb-gpu,WK2000_1,16,12361,2000,2000,2000,1999000,512,400,int8,gemm,dense,0,0,33252,33337,0,0,0.056670033,0.00663952017,0.000144032,0.002379722,0.00678355217,0.089269788,0,1.65988004e-05,,0,4000000,22011904
dsb-gpu,WK2000_1,17,12362,2000,2000,2000,1999000,512,400,int8,gemm,dense,0,0,33257,33337,0,0,0.057682102,0.00667427206,0.000144641,0.002790956,0.00681891306,0.090689762,0,1.66856802e-05,,0,4000000,22011904
dsb-gpu,WK2000_1,18,12363,2000,2000,2000,1999000,512,400,int8,gemm,dense,0,0,33252,33337,0,0,0.056797779,0.00639798403,0.000143232,0.002370506,0.00654121603,0.089349277,0,1.59949601e-05,,0,4000000,22011904
dsb-gpu,WK2000_1,19,12364,2000,2000,2000,1999000,512,400,int8,gemm,dense,0,0,33262,33337,0,0,0.058251769,0.00645491219,0.000144257,0.002385578,0.00659916919,0.090908068,0,1.61372805e-05,,0,4000000,22011904
dsb-gpu,WK2000_1,20,12365,2000,2000,2000,1999000,512,400,int8,gemm,dense,0,0,33251,33337,0,0,0.056499729,0.00641344023,0.000146081,0.002370314,0.00655952123,0.089164444,0,1.60336006e-05,,0,4000000,22011904
dsb-gpu,WK2000_1,21,12366,2000,2000,2000,1999000,512,400,int8,gemm,dense,0,0,33257,33337,0,0,0.057158836,0.00647225618,0.000144353,0.002370538,0.00661660918,0.089588862,0,1.61806405e-05,,0,4000000,22011904
dsb-gpu,WK2000_1,22,12367,2000,2000,2000,1999000,512,400,int8,gemm,dense,0,0,33253,33337,0,0,0.057135156,0.0066533761,0.000144865,0.002368715,0.0067982411,0.089719679,0,1.66334403e-05,,0,4000000,22011904
dsb-gpu,WK2000_1,23,12368,2000,2000,2000,1999000,512,400,int8,gemm,dense,0,0,33260,33337,0,0,0.05692325,0.00665766382,0.000144353,0.002366762,0.00680201682,0.08964083,0,1.66441596e-05,,0,4000000,22011904
dsb-gpu,WK2000_1,24,12369,2000,2000,2000,1999000,512,400,int8,gemm,dense,0,0,33282,33337,0,0,0.056763602,0.00664396811,0.000144192,0.002394059,0.00678816011,0.089276701,0,1.66099203e-05,,0,4000000,22011904
dsb-gpu,WK2000_1,25,12370,2000,2000,2000,1999000,512,400,int8,gemm,dense,0,0,33243,33337,0,0,0.057272948,0.00668934393,0.000144065,0.002367178,0.00683340893,0.090187552,0,1.67233598e-05,,0,4000000,22011904
dsb-gpu,WK2000_1,26,12371,2000,2000,2000,1999000,512,400,int8,gemm,dense,0,0,33245,33337,0,0,0.056917811,0.00641423988,0.000144065,0.00237889,0.00655830488,0.089238589,0,1.60355997e-05,,0,4000000,22011904
dsb-gpu,WK2000_1,27,12372,2000,2000,2000,1999000,512,400,int8,gemm,dense,0,0,33243,33337,0,0,0.056924306,0.00646771193,0.000146433,0.002372842,0.00661414493,0.08917062,0,1.61692798e-05,,0,4000000,22011904
dsb-gpu,WK2000_1,28,12373,2000,2000,2000,1999000,512,400,int8,gemm,dense,0,0,33264,33337,0,0,0.056734866,0.0064255681,0.000146881,0.002393354,0.0065724491,0.08918534,0,1.60639203e-05,,0,4000000,22011904
dsb-gpu,WK2000_1,29,12374,2000,2000,2000,1999000,512,400,int8,gemm,dense,0,0,33247,33337,0,0,0.056978771,0.00646227217,0.000146977,0.002385418,0.00660924917,0.089237437,0,1.61556804e-05,,0,4000000,22011904
dsb-gpu,WK2000_1,30,12375,2000,2000,2000,1999000,512,400,int8,gemm,dense,0,0,33233,33337,0,0,0.057064788,0.00665372801,0.0001464,0.002384106,0.00680012801,0.089747582,0,1.663432e-05,,0,4000000,22011904
dsb-gpu,WK2000_1,31,12376,2000,2000,2000,1999000,512,400,int8,gemm,dense,0,0,33239,33337,0,0,0.057151988,0.00669875193,0.000145473,0.002380842,0.00684422493,0.089956575,0,1.67468798e-05,,0,4000000,22011904
dsb-gpu,WK2000_1,32,12377,2000,2000,2000,1999000,512,400,int8,gemm,dense,0,0,33270,33337,0,0,0.056411216,0.00667084789,0.000146368,0.002372778,0.00681721589,0.088978171,0,1.66771197e-05,,0,4000000,22011904
dsb-gpu,WK2000_1,33,12378,2000,2000,2000,1999000,512,400,int8,gemm,dense,0,0,33270,33337,0,0,0.057062931,0.00673260784,0.000144833,0.00239729,0.00687744084,0.08964803,0,1.68315196e-05,,0,4000000,22011904
dsb-gpu,WK2000_1,34,12379,2000,2000,2000,1999000,512,400,int8,gemm,dense,0,0,33242,33337,0,0,0.057054931,0.00654217577,0.000147296,0.002831756,0.00668947177,0.089937759,0,1.63554394e-05,,0,4000000,22011904
dsb-gpu,WK2000_1,35,12380,2000,2000,2000,1999000,512,400,int8,gemm,dense,0,0,33260,33337,0,0,0.056713202,0.00657337618,0.000149537,0.002409802,0.00672291318,0.08975059,0,1.64334404e-05,,0,4000000,22011904
dsb-gpu,WK2000_1,36,12381,2000,2000,2000,1999000,512,400,int8,gemm,dense,0,0,33224,33337,0,0,0.056950739,0.00647820807,0.000143712,0.002386794,0.00662192007,0.089225276,0,1.61955202e-05,,0,4000000,22011904
dsb-gpu,WK2000_1,37,12382,2000,2000,2000,1999000,512,400,int8,gemm,dense,0,0,33271,33337,0,0,0.057194035,0.00647420788,0.000145505,0.002378378,0.00661971288,0.089427997,0,1.61855197e-05,,0,4000000,22011904
dsb-gpu,WK2000_1,38,12383,2000,2000,2000,1999000,512,400,int8,gemm,dense,0,0,33237,33337,0,0,0.056640817,0.0063937602,0.000145856,0.002376555,0.0065396162,0.088824283,0,1.59844005e-05,,0,4000000,22011904
dsb-gpu,WK2000_1,39,12384,2000,2000,2000,1999000,512,400,int8,gemm,dense,0,0,33252,33337,0,0,0.056970194,0.00640153599,0.000145248,0.002395499,0.00654678399,0.089334685,0,1.600384e-05,,0,4000000,22011904
dsb-gpu,WK2000_1,40,12385,2000,2000,2000,1999000,512,400,int8,gemm,dense,0,0,33255,33337,0,0,0.057076467,0.00635148811,0.000143585,0.002372298,0.00649507311,0.08924438,0,1.58787203e-05,,0,4000000,22011904
dsb-gpu,WK2000_1,41,12386,2000,2000,2000,1999000,512,400,int8,gemm,dense,0,0,33232,33337,0,0,0.056836466,0.0064069438,0.000143616,0.002375915,0.0065505598,0.089000476,0,1.60173595e-05,,0,4000000,22011904
dsb-gpu,WK2000_1,42,12387,2000,2000,2000,1999000,512,400,int8,gemm,dense,0,0,33244,33337,0,0,0.05644488,0.00643059206,0.000144288,0.00236593,0.00657488006,0.089228828,0,1.60764802e-05,,0,4000000,22011904
dsb-gpu,WK2000_1,43,12388,2000,2000,2000,1999000,512,400,int8,gemm,dense,0,0,33265,33337,0,0,0.057063955,0.00647542381,0.00014752,0.002364138,0.00662294381,0.089655742,0,1.61885595e-05,,0,4000000,22011904
dsb-gpu,WK2000_1,44,12389,2000,2000,2000,1999000,512,400,int8,gemm,dense,0,0,33233,33337,0,0,0.05676181,0.00644390392,0.000144385,0.002378282,0.00658828892,0.089160092,0,1.61097598e-05,,0,4000000,22011904
dsb-gpu,WK2000_1,45,12390,2000,2000,2000,1999000,512,400,int8,gemm,dense,0,0,33247,33337,0,0,0.056940563,0.00646828794,0.000143968,0.002387819,0.00661225594,0.089287869,0,1.61707199e-05,,0,4000000,22011904
dsb-gpu,WK2000_1,46,12391,2000,2000,2000,1999000,512,400,int8,gemm,dense,0,0,33276,33337,0,0,0.056963346,0.00651814413,0.000144064,0.002380427,0.00666220813,0.089321661,0,1.62953603e-05,,0,4000000,22011904
dsb-gpu,WK2000_1,47,12392,2000,2000,2000,1999000,512,400,int8,gemm,dense,0,0,33274,33337,0,0,0.057339637,0.00652694416,0.000143297,0.00236961,0.00667024116,0.089914815,0,1.63173604e-05,,0,4000000,22011904
dsb-gpu,WK2000_1,48,12393,2000,2000,2000,1999000,512,400,int8,gemm,dense,0,0,33247,33337,0,0,0.056831602,0.00650732803,0.000146113,0.002370218,0.00665344103,0.089167516,0,1.62683201e-05,,0,4000000,22011904
dsb-gpu,WK2000_1,49,12394,2000,2000,2000,1999000,512,400,int8,gemm,dense,0,0,33236,33337,0,0,0.057159476,0.00655020809,0.000143936,0.002392587,0.00669414409,0.089458654,0,1.63755202e-05,,0,4000000,22011904
dsb-gpu,WK2000_1,0,12345,2000,2000,2000,1999000,512,400,fp16,block,dense,0,0,33257,33337,0,0,0.032633035,0.260198914,0.000708963,0.002359722,0.260907877,0.309209765,0,0.000650497284,,0,8000000,12097600
dsb-gpu,WK2000_1,1,12346,2000,2000,2000,1999000,512,400,fp16,block,dense,0,0,33236,33337,0,0,0.03288366,0.259981293,0.000710531,0.00244081,0.260691824,0.308924932,0,0.000649953232,,0,8000000,12097600
dsb-gpu,WK2000_1,2,12347,2000,2000,2000,1999000,512,400,fp16,block,dense,0,0,33258,33337,0,0,0.032908684,0.260196686,0.000723811,0.002414794,0.260920497,0.309236869,0,0.000650491714,,0,8000000,12097600
dsb-gpu,WK2000_1,3,12348,2000,2000,2000,1999000,512,400,fp16,block,dense,0,0,33262,33337,0,0,0.03332251,0.260182068,0.000714179,0.002382986,0.260896247,0.309604135,0,0.00065045517,,0,8000000,12097600
dsb-gpu,WK2000_1,4,12349,2000,2000,2000,1999000,512,400,fp16,block,dense,0,0,33247,33337,0,0,0.032895148,0.260249786,0.000711331,0.002920172,0.260961117,0.309793,0,0.000650624466,,0,8000000,12097600
dsb-gpu,WK2000_1,5,12350,2000,2000,2000,1999000,512,400,fp16,block,dense,0,0,33230,33337,0,0,0.032853228,0.260220856,0.00071194,0.002460586,0.260932796,0.309487206,0,0.000650552139,,0,8000000,12097600
dsb-gpu,WK2000_1,6,12351,2000,2000,2000,1999000,512,400,fp16,block,dense,0,0,33248,33337,0,0,0.032706411,0.260068817,0.000716323,0.00246049,0.26078514,0.308983972,0,0.000650172043,,0,8000000,12097600
dsb-gpu,WK2000_1,7,12352,2000,2000,2000,1999000,512,400,fp16,block,dense,0,0,33244,33337,0,0,0.032868428,0.259989655,0.000709827,0.00237681,0.260699482,0.309138309,0,0.000649974136,,0,8000000,12097600
dsb-gpu,WK2000_1,8,12353,2000,2000,2000,1999000,512,400,fp16,block,dense,0,0,33251,33337,0,0,0.032985548,0.260221954,0.000715107,0.002440842,0.260937061,0.309470055,0,0.000650554886,,0,8000000,12097600
dsb-gpu,WK2000_1,9,12354,2000,2000,2000,1999000,512,400,fp16,block,dense,0,0,33275,33337,0,0,0.033288942,0.260096893,0.000714275,0.002933645,0.260811168,0.309933865,0,0.000650242233,,0,8000000,12097600
dsb-gpu,WK2000_1,10,12355,2000,2000,2000,1999000,512,400,fp16,block,dense,0,0,33236,33337,0,0,0.033108941,0.26017099,0.000713955,0.002404299,0.260884945,0.309784841,0,0.000650427475,,0,8000000,12097600
dsb-gpu,WK2000_1,11,12356,2000,2000,2000,1999000,512,400,fp16,block,dense,0,0,33279,33337,0,0,0.032919148,0.260116425,0.000709923,0.002376426,0.260826348,0.309297702,0,0.000650291061,,0,8000000,12097600
dsb-gpu,WK2000_1,12,12357,2000,2000,2000,1999000,512,400,fp16,block,dense,0,0,33252,33337,0,0,0.032743339,0.260303589,0.000711171,0.002443338,0.26101476,0.309332422,0,0.000650758972,,0,8000000,12097600
dsb-gpu,WK2000_1,13,12358,2000,2000,2000,1999000,512,400,fp16,block,dense,0,0,33250,33337,0,0,0.032795436,0.260140686,0.000710467,0.002400042,0.260851153,0.309215878,0,0.000650351715,,0,8000000,12097600
dsb-gpu,WK2000_1,14,12359,2000,2000,2000,1999000,512,400,fp16,block,dense,0,0,33277,33337,0,0,0.032709771,0.260223511,0.000712835,0.002405482,0.260936346,0.309153286,0,0.000650558777,,0,8000000,12097600
dsb-gpu,WK2000_1,15,12360,2000,2000,2000,1999000,512,400,fp16,block,dense,0,0,33280,33337,0,0,0.033257806,0.260261322,0.000718531,0.002926316,0.260979853,0.31019297,0,0.000650653305,,0,8000000,12097600
dsb-gpu,WK2000_1,16,12361,2000,2000,2000,1999000,512,400,fp16,block,dense,0,0,33252,33337,0,0,0.032631179,0.260315918,0.000713027,0.00242481,0.261028945,0.309463079,0,0.000650789795,,0,8000000,12097600
dsb-gpu,WK2000_1,17,12362,2000,2000,2000,1999000,512,400,fp16,block,dense,0,0,33257,33337,0,0,0.0330091,0.260133148,0.000716099,0.002514731,0.260849247,0.309467111,0,0.00065033287,,0,8000000,12097600
dsb-gpu,WK2000_1,18,12363,2000,2000,2000,1999000,512,400,fp16,block,dense,0,0,33252,33337,0,0,0.032772395,0.260237762,0.000711299,0.00236433,0.260949061,0.309109125,0,0.000650594406,,0,8000000,12097600
dsb-gpu,WK2000_1,19,12364,2000,2000,2000,1999000,512,400,fp16,block,dense,0,0,33262,33337,0,0,0.032898796,0.260158661,0.000709091,0.002442891,0.260867752,0.309308166,0,0.000650396652,,0,8000000,12097600
dsb-gpu,WK2000_1,20,12365,2000,2000,2000,1999000,512,400,fp16,block,dense,0,0,33251,33337,0,0,0.032790444,0.260153625,0.00070858,0.002447051,0.260862205,0.309180614,0,0.000650384064,,0,8000000,12097600
dsb-gpu,WK2000_1,21,12366,2000,2000,2000,1999000,512,400,fp16,block,dense,0,0,33257,33337,0,0,0.033092845,0.260147858,0.000714371,0.00237777,0.260862229,0.309381254,0,0.000650369644,,0,8000000,12097600
dsb-gpu,WK2000_1,22,12367,2000,2000,2000,1999000,512,400,fp16,block,dense,0,0,33253,33337,0,0,0.032933836,0.260298157,0.000714403,0.002443178,0.26101256,0.309458214,0,0.000650745392,,0,8000000,12097600
dsb-gpu,WK2000_1,23,12368,2000,2000,2000,1999000,512,400,fp16,block,dense,0,0,33260,33337,0,0,0.033166125,0.260138763,0.000712035,0.002959564,0.260850798,0.310179401,0,0.000650346909,,0,8000000,12097600
dsb-gpu,WK2000_1,24,12369,2000,2000,2000,1999000,512,400,fp16,block,dense,0,0,33282,33337,0,0,0.033012012,0.260193695,0.000716547,0.002405483,0.260910242,0.30978468,0,0.000650484238,,0,8000000,12097600
dsb-gpu,WK2000_1,25,12370,2000,2000,2000,1999000,512,400,fp16,block,dense,0,0,33243,33337,0,0,0.032916012,0.260225861,0.000713411,0.002428746,0.260939272,0.309286758,0,0.000650564651,,0,8000000,12097600
dsb-gpu,WK2000_1,26,12371,2000,2000,2000,1999000,512,400,fp16,block,dense,0,0,33245,33337,0,0,0.033003725,0.260299164,0.000712771,0.002452491,0.261011935,0.309616424,0,0.00065074791,,0,8000000,12097600
dsb-gpu,WK2000_1,27,12372,2000,2000,2000,1999000,512,400,fp16,block,dense,0,0,33243,33337,0,0,0.032927245,0.260128693,0.000712899,0.002444971,0.260841592,0.309273894,0,0.000650321732,,0,8000000,12097600
dsb-gpu,WK2000_1,28,12373,2000,2000,2000,1999000,512,400,fp16,block,dense,0,0,33264,33337,0,0,0.032925581,0.260185822,0.000709155,0.002379562,0.260894977,0.309223174,0,0.000650464554,,0,8000000,12097600
dsb-gpu,WK2000_1,29,12374,2000,2000,2000,1999000,512,400,fp16,block,dense,0,0,33247,33337,0,0,0.033260366,0.26023999,0.000713955,0.002378186,0.260953945,0.309694696,0,0.000650599976,,0,8000000,12097600
dsb-gpu,WK2000_1,30,12375,2000,2000,2000,1999000,512,400,fp16,block,dense,0,0,33233,33337,0,0,0.032693804,0.25999353,0.000709091,0.002440939,0.260702621,0.308985125,0,0.000649983826,,0,8000000,12097600
dsb-gpu,WK2000_1,31,12376,2000,2000,2000,1999000,512,400,fp16,block,dense,0,0,33225,33337,0,0,0.032787596,0.260234772,0.000712867,0.002392843,0.260947639,0.309186662,0,0.000650586929,,0,8000000,12097600
dsb-gpu,WK2000_1,32,12377,2000,2000,2000,1999000,512,400,fp16,block,dense,0,0,33270,33337,0,0,0.032953357,0.259994324,0.000713091,0.002403082,0.260707415,0.309138181,0,0.000649985809,,0,8000000,12097600
dsb-gpu,WK2000_1,33,12378,2000,2000,2000,1999000,512,400,fp16,block,dense,0,0,33270,33337,0,0,0.033436591,0.260258942,0.000709187,0.002397002,0.260968129,0.309918984,0,0.000650647354,,0,8000000,12097600
dsb-gpu,WK2000_1,34,12379,2000,2000,2000,1999000,512,400,fp16,block,dense,0,0,33242,33337,0,0,0.032960236,0.260186462,0.000714435,0.002953485,0.260900897,0.309902473,0,0.000650466156,,0,8000000,12097600
dsb-gpu,WK2000_1,35,12380,2000,2000,2000,1999000,512,400,fp16,block,dense,0,0,33260,33337,0,0,0.033064045,0.260258789,0.000711395,0.002386955,0.260970184,0.309806441,0,0.000650646973,,0,8000000,12097600
dsb-gpu,WK2000_1,36,12381,2000,2000,2000,1999000,512,400,fp16,block,dense,0,0,33224,33337,0,0,0.032872844,0.260233032,0.000709411,0.00243809,0.260942443,0.309433126,0,0.000650582581,,0,8000000,12097600
dsb-gpu,WK2000_1,37,12382,2000,2000,2000,1999000,512,400,fp16,block,dense,0,0,33271,33337,0,0,0.032962349,0.26021524,0.000712003,0.002446858,0.260927243,0.30944855,0,0.000650538101,,0,8000000,12097600
dsb-gpu,WK2000_1,38,12383,2000,2000,2000,1999000,512,400,fp16,block,dense,0,0,33237,33337,0,0,0.032972492,0.260176575,0.000712323,0.002395466,0.260888898,0.309199493,0,0.000650441437,,0,8000000,12097600
dsb-gpu,WK2000_1,39,12384,2000,2000,2000,1999000,512,400,fp16,block,dense,0,0,33252,33337,0,0,0.033047725,0.26020932,0.000708963,0.002419946,0.260918283,0.309502279,0,0.0006505233,,0,8000000,12097600
dsb-gpu,WK2000_1,40,12385,2000,2000,2000,1999000,512,400,fp16,block,dense,0,0,33255,33337,0,0,0.033015533,0.260140198,0.000712739,0.002405386,0.260852937,0.30932103,0,0.000650350494,,0,8000000,12097600
dsb-gpu,WK2000_1,41,12386,2000,2000,2000,1999000,512,400,fp16,block,dense,0,0,33232,33337,0,0,0.032760492,0.260266022,0.000709795,0.002358154,0.260975817,0.309127493,0,0.000650665054,,0,8000000,12097600
dsb-gpu,WK2000_1,42,12387,2000,2000,2000,1999000,512,400,fp16,block,dense,0,0,33244,33337,0,0,0.03296734,0.260128571,0.000711747,0.002371978,0.260840318,0.309290566,0,0.000650321426,,0,8000000,12097600
dsb-gpu,WK2000_1,43,12388,2000,2000,2000,1999000,512,400,fp16,block,dense,0,0,33265,33337,0,0,0.032973965,0.260272522,0.000708803,0.002455274,0.260981325,0.309540999,0,0.000650681305,,0,8000000,12097600
dsb-gpu,WK2000_1,44,12389,2000,2000,2000,1999000,512,400,fp16,block,dense,0,0,33233,33337,0,0,0.033244334,0.260184937,0.000712707,0.00238321,0.260897644,0.309570119,0,0.000650462341,,0,8000000,12097600
dsb-gpu,WK2000_1,45,12390,2000,2000,2000,1999000,512,400,fp16,block,dense,0,0,33247,33337,0,0,0.032965229,0.260249023,0.000712323,0.002410795,0.260961346,0.309287686,0,0.000650622559,,0,8000000,12097600
dsb-gpu,WK2000_1,46,12391,2000,2000,2000,1999000,512,400,fp16,block,dense,0,0,33276,33337,0,0,0.032920461,0.260309875,0.000711843,0.002416362,0.261021718,0.309521831,0,0.000650774689,,0,8000000,12097600
dsb-gpu,WK2000_1,47,12392,2000,2000,2000,1999000,512,400,fp16,block,dense,0,0,33274,33337,0,0,0.033142413,0.260142303,0.000713699,0.002381642,0.260856002,0.309454247,0,0.000650355759,,0,8000000,12097600
dsb-gpu,WK2000_1,48,12393,2000,2000,2000,1999000,512,400,fp16,block,dense,0,0,33247,33337,0,0,0.032881389,0.260303497,0.000713507,0.002935437,0.261017004,0.309937161,0,0.000650758743,,0,8000000,12097600
dsb-gpu,WK2000_1,49,12394,2000,2000,2000,1999000,512,400,fp16,block,dense,0,0,33236,33337,0,0,0.033140845,0.260090668,0.000712003,0.002430154,0.260802671,0.310018121,0,0.000650226669,,0,8000000,12097600
dsb-gpu,WK2000_1,0,12345,2000,2000,2000,1999000,512,400,fp16,cluster,dense,0,0,33257,33337,0,0,0.032947117,1.35039441,0.000728963,0.003015564,1.35112337,1.40025915,0,0.00337598602,,0,8000000,12097600
dsb-gpu,WK2000_1,1,12346,2000,2000,2000,1999000,512,400,fp16,cluster,dense,0,0,33236,33337,0,0,0.033109901,1.35052014,0.000718019,0.002983149,1.35123816,1.40095394,0,0.00337630035,,0,8000000,12097600
dsb-gpu,WK2000_1,2,12347,2000,2000,2000,1999000,512,400,fp16,cluster,dense,0,0,33258,33337,0,0,0.033174702,1.35082483,0.000720067,0.00294798,1.3515449,1.40123435,0,0.00337706207,,0,8000000,12097600
dsb-gpu,WK2000_1,3,12348,2000,2000,2000,1999000,512,400,fp16,cluster,dense,0,0,33262,33337,0,0,0.033012684,1.35051123,0.000718531,0.00242481,1.35122976,1.40015397,0,0.00337627808,,0,8000000,12097600
dsb-gpu,WK2000_1,4,12349,2000,2000,2000,1999000,512,400,fp16,cluster,dense,0,0,33247,33337,0,0,0.032866764,1.35045129,0.000723715,0.002825644,1.35117501,1.40013067,0,0.00337612823,,0,8000000,12097600
dsb-gpu,WK2000_1,5,12350,2000,2000,2000,1999000,512,400,fp16,cluster,dense,0,0,33230,33337,0,0,0.033132429,1.35066248,0.000717988,0.002481387,1.35138046,1.40050411,0,0.00337665619,,0,8000000,12097600
dsb-gpu,WK2000_1,6,12351,2000,2000,2000,1999000,512,400,fp16,cluster,dense,0,0,33248,33337,0,0,0.033246286,1.35073047,0.000718723,0.003019117,1.35144919,1.40094069,0,0.00337682617,,0,8000000,12097600
dsb-gpu,WK2000_1,7,12352,2000,2000,2000,1999000,512,400,fp16,cluster,dense,0,0,33244,33337,0,0,0.032921548,1.35060974,0.000716035,0.002472619,1.35132578,1.40041032,0,0.00337652435,,0,8000000,12097600
dsb-gpu,WK2000_1,8,12353,2000,2000,2000,1999000,512,400,fp16,cluster,dense,0,0,33251,33337,0,0,0.032989101,1.35073499,0.000715939,0.002498954,1.35145092,1.40008168,0,0.00337683746,,0,8000000,12097600
dsb-gpu,WK2000_1,9,12354,2000,2000,2000,1999000,512,400,fp16,cluster,dense,0,0,33275,33337,0,0,0.033357007,1.35022009,0.000717955,0.003007501,1.35093805,1.40060616,0,0.00337555023,,0,8000000,12097600
dsb-gpu,WK2000_1,10,12355,2000,2000,2000,1999000,512,400,fp16,cluster,dense,0,0,33236,33337,0,0,0.033117901,1.35044116,0.000716515,0.002485738,1.35115768,1.4004413,0,0.00337610291,,0,8000000,12097600
dsb-gpu,WK2000_1,11,12356,2000,2000,2000,1999000,512,400,fp16,cluster,dense,0,0,33279,33337,0,0,0.033164718,1.35044556,0.000717251,0.002494539,1.35116281,1.40011409,0,0.00337611389,,0,8000000,12097600
dsb-gpu,WK2000_1,12,12357,2000,2000,2000,1999000,512,400,fp16,cluster,dense,0,0,33252,33337,0,0,0.033165485,1.35119934,0.000717763,0.002480907,1.3519171,1.40080834,0,0.00337799835,,0,8000000,12097600
dsb-gpu,WK2000_1,13,12358,2000,2000,2000,1999000,512,400,fp16,cluster,dense,0,0,33250,33337,0,0,0.033205261,1.35089136,0.000721059,0.002964301,1.35161242,1.40109509,0,0.00337722839,,0,8000000,12097600
dsb-gpu,WK2000_1,14,12359,2000,2000,2000,1999000,512,400,fp16,cluster,dense,0,0,33277,33337,0,0,0.032915692,1.35108374,0.000721379,0.002468683,1.35180512,1.40073576,0,0.00337770935,,0,8000000,12097600
dsb-gpu,WK2000_1,15,12360,2000,2000,2000,1999000,512,400,fp16,cluster,dense,0,0,33280,33337,0,0,0.032953804,1.35075671,0.000716739,0.002500682,1.35147345,1.40027489,0,0.00337689178,,0,8000000,12097600
dsb-gpu,WK2000_1,16,12361,2000,2000,2000,1999000,512,400,fp16,cluster,dense,0,0,33252,33337,0,0,0.03303886,1.35072852,0.000715587,0.002501515,1.3514441,1.40034834,0,0.00337682129,,0,8000000,12097600
dsb-gpu,WK2000_1,17,12362,2000,2000,2000,1999000,512,400,fp16,cluster,dense,0,0,33257,33337,0,0,0.033466799,1.35061316,0.000720611,0.002502347,1.35133377,1.40065381,0,0.0033765329,,0,8000000,12097600
dsb-gpu,WK2000_1,18,12363,2000,2000,2000,1999000,512,400,fp16,cluster,dense,0,0,33252,33337,0,0,0.033143629,1.35044824,0.000720227,0.002499115,1.35116847,1.4001021,0,0.00337612061,,0,8000000,12097600
dsb-gpu,WK2000_1,19,12364,2000,2000,2000,1999000,512,400,fp16,cluster,dense,0,0,33262,33337,0,0,0.032952749,1.35034607,0.000721507,0.002462602,1.35106758,1.39983377,0,0.00337586517,,0,8000000,12097600
dsb-gpu,WK2000_1,20,12365,2000,2000,2000,1999000,512,400,fp16,cluster,dense,0,0,33251,33337,0,0,0.033055916,1.35082886,0.000722563,0.002492555,1.35155142,1.40044494,0,0.00337707214,,0,8000000,12097600
dsb-gpu,WK2000_1,21,12366,2000,2000,2000,1999000,512,400,fp16,cluster,dense,0,0,33257,33337,0,0,0.033136782,1.35083472,0.000716259,0.002479402,1.35155098,1.40056939,0,0.00337708679,,0,8000000,12097600
dsb-gpu,WK2000_1,22,12367,2000,2000,2000,1999000,512,400,fp16,cluster,dense,0,0,33253,33337,0,0,0.032975564,1.30595337,0.000716259,0.002478763,1.30666963,1.35544917,0,0.00326488342,,0,8000000,12097600
dsb-gpu,WK2000_1,23,12368,2000,2000,2000,1999000,512,400,fp16,cluster,dense,0,0,33260,33337,0,0,0.033112045,1.35045776,0.000718115,0.002437802,1.35117588,1.40001323,0,0.00337614441,,0,8000000,12097600
dsb-gpu,WK2000_1,24,12369,2000,2000,2000,1999000,512,400,fp16,cluster,dense,0,0,33282,33337,0,0,0.033224813,1.35056287,0.000717891,0.00247905,1.35128076,1.40046677,0,0.00337640717,,0,8000000,12097600
dsb-gpu,WK2000_1,25,12370,2000,2000,2000,1999000,512,400,fp16,cluster,dense,0,0,33243,33337,0,0,0.033397646,1.35063977,0.000719331,0.002456043,1.3513591,1.40052011,0,0.00337659943,,0,8000000,12097600
dsb-gpu,WK2000_1,26,12371,2000,2000,2000,1999000,512,400,fp16,cluster,dense,0,0,33245,33337,0,0,0.033284846,1.35036169,0.000717411,0.002493099,1.35107911,1.40017499,0,0.00337590424,,0,8000000,12097600
dsb-gpu,WK2000_1,27,12372,2000,2000,2000,1999000,512,400,fp16,cluster,dense,0,0,33243,33337,0,0,0.032949229,1.35088245,0.000714531,0.00247953,1.35159698,1.40033432,0,0.00337720612,,0,8000000,12097600
dsb-gpu,WK2000_1,28,12373,2000,2000,2000,1999000,512,400,fp16,cluster,dense,0,0,33264,33337,0,0,0.033069549,1.35087329,0.000717667,0.002470794,1.35159096,1.40059138,0,0.00337718323,,0,8000000,12097600
dsb-gpu,WK2000_1,29,12374,2000,2000,2000,1999000,512,400,fp16,cluster,dense,0,0,33247,33337,0,0,0.033107341,1.35137122,0.000718371,0.002483787,1.35208959,1.40098239,0,0.00337842804,,0,8000000,12097600
dsb-gpu,WK2000_1,30,12375,2000,2000,2000,1999000,512,400,fp16,cluster,dense,0,0,33233,33337,0,0,0.033172653,1.35101941,0.000717091,0.002479787,1.3517365,1.40065022,0,0.00337754852,,0,8000000,12097600
dsb-gpu,WK2000_1,31,12376,2000,2000,2000,1999000,512,400,fp16,cluster,dense,0,0,33225,33337,0,0,0.033176141,1.35085278,0.000721251,0.002487466,1.35157403,1.40055899,0,0.00337713196,,0,8000000,12097600
dsb-gpu,WK2000_1,32,12377,2000,2000,2000,1999000,512,400,fp16,cluster,dense,0,0,33270,33337,0,0,0.032961069,1.35054297,0.000717923,0.002492299,1.35126089,1.40001621,0,0.00337635742,,0,8000000,12097600
dsb-gpu,WK2000_1,33,12378,2000,2000,2000,1999000,512,400,fp16,cluster,dense,0,0,33270,33337,0,0,0.032958316,1.35082959,0.000717635,0.002464234,1.35154722,1.40046942,0,0.00337707397,,0,8000000,12097600
dsb-gpu,WK2000_1,34,12379,2000,2000,2000,1999000,512,400,fp16,cluster,dense,0,0,33242,33337,0,0,0.03327883,1.35079321,0.000720099,0.002425707,1.35151331,1.40055851,0,0.00337698303,,0,8000000,12097600
dsb-gpu,WK2000_1,35,12380,2000,2000,2000,1999000,512,400,fp16,cluster,dense,0,0,33260,33337,0,0,0.032838956,1.35043799,0.000716643,0.002506315,1.35115463,1.39997057,0,0.00337609497,,0,8000000,12097600
dsb-gpu,WK2000_1,36,12381,2000,2000,2000,1999000,512,400,fp16,cluster,dense,0,0,33224,33337,0,0,0.0328787,1.35086731,0.000721155,0.002466283,1.35158846,1.40042837,0,0.00337716827,,0,8000000,12097600
dsb-gpu,WK2000_1,37,12382,2000,2000,2000,1999000,512,400,fp16,cluster,dense,0,0,33271,33337,0,0,0.033161613,1.35090515,0.000715812,0.002519275,1.35162096,1.40066059,0,0.00337726288,,0,8000000,12097600
dsb-gpu,WK2000_1,38,12383,2000,2000,2000,1999000,512,400,fp16,cluster,dense,0,0,33237,33337,0,0,0.032773708,1.35048047,0.000717316,0.002531275,1.35119778,1.39972321,0,0.00337620117,,0,8000000,12097600
dsb-gpu,WK2000_1,39,12384,2000,2000,2000,1999000,512,400,fp16,cluster,dense,0,0,33252,33337,0,0,0.033137581,1.35095984,0.000718627,0.002491178,1.35167847,1.40075093,0,0.0033773996,,0,8000000,12097600
dsb-gpu,WK2000_1,40,12385,2000,2000,2000,1999000,512,400,fp16,cluster,dense,0,0,33255,33337,0,0,0.032870669,1.3504353,0.000714243,0.002478891,1.35114955,1.3997899,0,0.00337608826,,0,8000000,12097600
dsb-gpu,WK2000_1,41,12386,2000,2000,2000,1999000,512,400,fp16,cluster,dense,0,0,33232,33337,0,0,0.03331163,1.35038293,0.000727139,0.002468875,1.35111007,1.40038664,0,0.00337595734,,0,8000000,12097600
dsb-gpu,WK2000_1,42,12387,2000,2000,2000,1999000,512,400,fp16,cluster,dense,0,0,33244,33337,0,0,0.033018701,1.35047839,0.000719075,0.00250497,1.35119747,1.40008001,0,0.00337619598,,0,8000000,12097600
dsb-gpu,WK2000_1,43,12388,2000,2000,2000,1999000,512,400,fp16,cluster,dense,0,0,33265,33337,0,0,0.033604495,1.35105688,0.000718595,0.00247505,1.35177548,1.40135279,0,0.00337764221,,0,8000000,12097600
dsb-gpu,WK2000_1,44,12389,2000,2000,2000,1999000,512,400,fp16,cluster,dense,0,0,33233,33337,0,0,0.032762476,1.35016602,0.000717411,0.002505291,1.35088343,1.39955326,0,0.00337541504,,0,8000000,12097600
dsb-gpu,WK2000_1,45,12390,2000,2000,2000,1999000,512,400,fp16,cluster,dense,0,0,33247,33337,0,0,0.032963757,1.35051111,0.000716579,0.00248881,1.35122769,1.40009966,0,0.00337627777,,0,8000000,12097600
dsb-gpu,WK2000_1,46,12391,2000,2000,2000,1999000,512,400,fp16,cluster,dense,0,0,33276,33337,0,0,0.032896492,1.35056152,0.000717763,0.002491498,1.35127929,1.40019128,0,0.00337640381,,0,8000000,12097600
dsb-gpu,WK2000_1,47,12392,2000,2000,2000,1999000,512,400,fp16,cluster,dense,0,0,33274,33337,0,0,0.033114989,1.35069861,0.000716323,0.00247201,1.35141493,1.4003772,0,0.00337674652,,0,8000000,12097600
dsb-gpu,WK2000_1,48,12393,2000,2000,2000,1999000,512,400,fp16,cluster,dense,0,0,33247,33337,0,0,0.033528302,1.35068237,0.000720291,0.002499179,1.35140266,1.40076015,0,0.00337670593,,0,8000000,12097600
dsb-gpu,WK2000_1,49,12394,2000,2000,2000,1999000,512,400,fp16,cluster,dense,0,0,33236,33337,0,0,0.033148525,1.35087634,0.000721347,0.002473546,1.35159769,1.40053499,0,0.00337719086,,0,8000000,12097600
dsb-gpu,WK2000_1,0,12345,2000,2000,2000,1999000,512,400,fp16,global-sync,dense,0,0,33246,33337,0,0,0.033105293,3.81461108,0.000743043,0.00286094,3.81535413,3.86523113,0,0.00953652771,,0,8000000,14145600
dsb-gpu,WK2000_1,1,12346,2000,2000,2000,1999000,512,400,fp16,global-sync,dense,0,0,33223,33337,0,0,0.03327787,3.81960083,0.000726691,0.002969261,3.82032752,3.87030385,0,0.00954900208,,0,8000000,14145600
dsb-gpu,WK2000_1,2,12347,2000,2000,2000,1999000,512,400,fp16,global-sync,dense,0,0,33241,33337,0,0,0.033356014,3.81978613,0.000732675,0.002944045,3.82051881,3.87069992,0,0.00954946533,,0,8000000,14145600
dsb-gpu,WK2000_1,3,12348,2000,2000,2000,1999000,512,400,fp16,global-sync,dense,0,0,33254,33337,0,0,0.033284302,3.81492236,0.000723075,0.002489259,3.81564544,3.86539231,0,0.00953730591,,0,8000000,14145600
dsb-gpu,WK2000_1,4,12349,2000,2000,2000,1999000,512,400,fp16,global-sync,dense,0,0,33236,33337,0,0,0.03341163,3.81952783,0.000729571,0.003001421,3.8202574,3.8702234,0,0.00954881958,,0,8000000,14145600
dsb-gpu,WK2000_1,5,12350,2000,2000,2000,1999000,512,400,fp16,global-sync,dense,0,0,33259,33337,0,0,0.033246765,3.81601392,0.000725187,0.002414379,3.8167391,3.86625145,0,0.00954003479,,0,8000000,14145600
dsb-gpu,WK2000_1,6,12351,2000,2000,2000,1999000,512,400,fp16,global-sync,dense,0,0,33222,33337,0,0,0.033625072,3.81728613,0.000732227,0.002506987,3.81801836,3.86771629,0,0.00954321533,,0,8000000,14145600
dsb-gpu,WK2000_1,7,12352,2000,2000,2000,1999000,512,400,fp16,global-sync,dense,0,0,33261,33337,0,0,0.033312494,3.81931689,0.000727939,0.002461642,3.82004483,3.86932244,0,0.00954829224,,0,8000000,14145600
dsb-gpu,WK2000_1,8,12353,2000,2000,2000,1999000,512,400,fp16,global-sync,dense,0,0,33247,33337,0,0,0.034132049,3.81154663,0.000726435,0.002469931,3.81227307,3.8624636,0,0.00952886658,,0,8000000,14145600
dsb-gpu,WK2000_1,9,12354,2000,2000,2000,1999000,512,400,fp16,global-sync,dense,0,0,33267,33337,0,0,0.03334603,3.81527344,0.000725539,0.002484554,3.81599898,3.86540511,0,0.00953818359,,0,8000000,14145600
dsb-gpu,WK2000_1,10,12355,2000,2000,2000,1999000,512,400,fp16,global-sync,dense,0,0,33264,33337,0,0,0.033133389,3.82182861,0.000731203,0.002373994,3.82255982,3.87167435,0,0.00955457153,,0,8000000,14145600
dsb-gpu,WK2000_1,11,12356,2000,2000,2000,1999000,512,400,fp16,global-sync,dense,0,0,33251,33337,0,0,0.033600239,3.81696045,0.000727619,0.002468618,3.81768807,3.86735222,0,0.00954240112,,0,8000000,14145600
dsb-gpu,WK2000_1,12,12357,2000,2000,2000,1999000,512,400,fp16,global-sync,dense,0,0,33244,33337,0,0,0.033399214,3.81496484,0.000724131,0.002370411,3.81568897,3.86487865,0,0.00953741211,,0,8000000,14145600
dsb-gpu,WK2000_1,13,12358,2000,2000,2000,1999000,512,400,fp16,global-sync,dense,0,0,33259,33337,0,0,0.033303374,3.81392578,0.000727971,0.00245857,3.81465375,3.8640525,0,0.00953481445,,0,8000000,14145600
dsb-gpu,WK2000_1,14,12359,2000,2000,2000,1999000,512,400,fp16,global-sync,dense,0,0,33264,33337,0,0,0.033518991,3.81510522,0.000723075,0.002456683,3.8158283,3.86522502,0,0.00953776306,,0,8000000,14145600
dsb-gpu,WK2000_1,15,12360,2000,2000,2000,1999000,512,400,fp16,global-sync,dense,0,0,33257,33337,0,0,0.033264558,3.81798022,0.000726915,0.002504843,3.81870714,3.86797501,0,0.00954495056,,0,8000000,14145600
dsb-gpu,WK2000_1,16,12361,2000,2000,2000,1999000,512,400,fp16,global-sync,dense,0,0,33230,33337,0,0,0.03356792,3.8174812,0.000725604,0.002462346,3.81820681,3.86788138,0,0.009543703,,0,8000000,14145600
dsb-gpu,WK2000_1,17,12362,2000,2000,2000,1999000,512,400,fp16,global-sync,dense,0,0,33257,33337,0,0,0.033814064,3.81648071,0.000723523,0.002471659,3.81720424,3.86688781,0,0.00954120178,,0,8000000,14145600
dsb-gpu,WK2000_1,18,12363,2000,2000,2000,1999000,512,400,fp16,global-sync,dense,0,0,33249,33337,0,0,0.033457999,3.81998999,0.000725603,0.002459339,3.82071559,3.87004705,0,0.00954997498,,0,8000000,14145600
dsb-gpu,WK2000_1,19,12364,2000,2000,2000,1999000,512,400,fp16,global-sync,dense,0,0,33246,33337,0,0,0.033688175,3.81544824,0.000727171,0.002449098,3.81617541,3.86585996,0,0.00953862061,,0,8000000,14145600
dsb-gpu,WK2000_1,20,12365,2000,2000,2000,1999000,512,400,fp16,global-sync,dense,0,0,33245,33337,0,0,0.033609679,3.81936646,0.000723587,0.002393834,3.82009004,3.86958196,0,0.00954841614,,0,8000000,14145600
dsb-gpu,WK2000_1,21,12366,2000,2000,2000,1999000,512,400,fp16,global-sync,dense,0,0,33244,33337,0,0,0.033437775,3.81064185,0.000724355,0.002459115,3.8113662,3.86086477,0,0.00952660461,,0,8000000,14145600
dsb-gpu,WK2000_1,22,12367,2000,2000,2000,1999000,512,400,fp16,global-sync,dense,0,0,33254,33337,0,0,0.033646991,3.81739233,0.000725828,0.002979756,3.81811816,3.86834404,0,0.00954348083,,0,8000000,14145600
dsb-gpu,WK2000_1,23,12368,2000,2000,2000,1999000,512,400,fp16,global-sync,dense,0,0,33247,33337,0,0,0.03372472,3.81746802,0.000728419,0.00247025,3.81819644,3.86781594,0,0.00954367004,,0,8000000,14145600
dsb-gpu,WK2000_1,24,12369,2000,2000,2000,1999000,512,400,fp16,global-sync,dense,0,0,33250,33337,0,0,0.033540751,3.81796924,0.000723139,0.002468202,3.81869238,3.86818055,0,0.0095449231,,0,8000000,14145600
dsb-gpu,WK2000_1,25,12370,2000,2000,2000,1999000,512,400,fp16,global-sync,dense,0,0,33256,33337,0,0,0.03370136,3.81285449,0.000727971,0.002376202,3.81358246,3.86326088,0,0.00953213623,,0,8000000,14145600
dsb-gpu,WK2000_1,26,12371,2000,2000,2000,1999000,512,400,fp16,global-sync,dense,0,0,33268,33337,0,0,0.03372088,3.81559521,0.000726051,0.002460523,3.81632127,3.8659951,0,0.00953898804,,0,8000000,14145600
dsb-gpu,WK2000_1,27,12372,2000,2000,2000,1999000,512,400,fp16,global-sync,dense,0,0,33250,33337,0,0,0.033589839,3.8191499,0.000724931,0.002447371,3.81987483,3.86954852,0,0.00954787476,,0,8000000,14145600
dsb-gpu,WK2000_1,28,12373,2000,2000,2000,1999000,512,400,fp16,global-sync,dense,0,0,33252,33337,0,0,0.033234989,3.81920776,0.000721859,0.002465642,3.81992962,3.86923604,0,0.00954801941,,0,8000000,14145600
dsb-gpu,WK2000_1,29,12374,2000,2000,2000,1999000,512,400,fp16,global-sync,dense,0,0,33271,33337,0,0,0.033562479,3.78782422,0.000727203,0.002464715,3.78855142,3.83823172,0,0.00946956055,,0,8000000,14145600
dsb-gpu,WK2000_1,30,12375,2000,2000,2000,1999000,512,400,fp16,global-sync,dense,0,0,33259,33337,0,0,0.033458383,3.79261719,0.000724579,0.002436683,3.79334177,3.84273078,0,0.00948154297,,0,8000000,14145600
dsb-gpu,WK2000_1,31,12376,2000,2000,2000,1999000,512,400,fp16,global-sync,dense,0,0,33256,33337,0,0,0.033166798,3.78910791,0.000726723,0.002470155,3.78983463,3.83904561,0,0.00947276978,,0,8000000,14145600
dsb-gpu,WK2000_1,32,12377,2000,2000,2000,1999000,512,400,fp16,global-sync,dense,0,0,33250,33337,0,0,0.033459023,3.78697314,0.000724323,0.002460267,3.78769747,3.83736019,0,0.00946743286,,0,8000000,14145600
dsb-gpu,WK2000_1,33,12378,2000,2000,2000,1999000,512,400,fp16,global-sync,dense,0,0,33237,33337,0,0,0.033215181,3.77793286,0.000730595,0.002456043,3.77866346,3.82801558,0,0.00944483215,,0,8000000,14145600
dsb-gpu,WK2000_1,34,12379,2000,2000,2000,1999000,512,400,fp16,global-sync,dense,0,0,33238,33337,0,0,0.03371144,3.78551025,0.000725059,0.002474539,3.78623531,3.83595017,0,0.00946377563,,0,8000000,14145600
dsb-gpu,WK2000_1,35,12380,2000,2000,2000,1999000,512,400,fp16,global-sync,dense,0,0,33238,33337,0,0,0.033180429,3.76616382,0.000722339,0.002440938,3.76688616,3.81617562,0,0.00941540955,,0,8000000,14145600
dsb-gpu,WK2000_1,36,12381,2000,2000,2000,1999000,512,400,fp16,global-sync,dense,0,0,33240,33337,0,0,0.033582063,3.79146191,0.000726947,0.002449962,3.79218886,3.84186248,0,0.00947865479,,0,8000000,14145600
dsb-gpu,WK2000_1,37,12382,2000,2000,2000,1999000,512,400,fp16,global-sync,dense,0,0,33231,33337,0,0,0.03333499,3.78894922,0.000726755,0.00244417,3.78967597,3.83900782,0,0.00947237305,,0,8000000,14145600
dsb-gpu,WK2000_1,38,12383,2000,2000,2000,1999000,512,400,fp16,global-sync,dense,0,0,33251,33337,0,0,0.033702512,3.78646533,0.00072858,0.002988588,3.78719391,3.83748083,0,0.00946616333,,0,8000000,14145600
dsb-gpu,WK2000_1,39,12384,2000,2000,2000,1999000,512,400,fp16,global-sync,dense,0,0,33246,33337,0,0,0.033387951,3.78276245,0.000725251,0.002366986,3.7834877,3.83307192,0,0.00945690613,,0,8000000,14145600
dsb-gpu,WK2000_1,40,12385,2000,2000,2000,1999000,512,400,fp16,global-sync,dense,0,0,33270,33337,0,0,0.033609775,3.7703938,0.000725731,0.002451338,3.77111953,3.8207278,0,0.0094259845,,0,8000000,14145600
dsb-gpu,WK2000_1,41,12386,2000,2000,2000,1999000,512,400,fp16,global-sync,dense,0,0,33249,33337,0,0,0.033532399,3.78197852,0.000735747,0.00236769,3.78271426,3.83215271,0,0.00945494629,,0,8000000,14145600
dsb-gpu,WK2000_1,42,12387,2000,2000,2000,1999000,512,400,fp16,global-sync,dense,0,0,33262,33337,0,0,0.033528207,3.78654785,0.000725219,0.002458667,3.78727307,3.83671856,0,0.00946636963,,0,8000000,14145600
dsb-gpu,WK2000_1,43,12388,2000,2000,2000,1999000,512,400,fp16,global-sync,dense,0,0,33239,33337,0,0,0.033501966,3.78150537,0.000725891,0.002476075,3.78223126,3.83177076,0,0.00945376343,,0,8000000,14145600
dsb-gpu,WK2000_1,44,12389,2000,2000,2000,1999000,512,400,fp16,global-sync,dense,0,0,33239,33337,0,0,0.033330765,3.77023486,0.000728963,0.002482315,3.77096383,3.82021714,0,0.00942558716,,0,8000000,14145600
dsb-gpu,WK2000_1,45,12390,2000,2000,2000,1999000,512,400,fp16,global-sync,dense,0,0,33263,33337,0,0,0.033494607,3.78189697,0.00072698,0.002459499,3.78262395,3.83214129,0,0.00945474243,,0,8000000,14145600
dsb-gpu,WK2000_1,46,12391,2000,2000,2000,1999000,512,400,fp16,global-sync,dense,0,0,33254,33337,0,0,0.033606703,3.78653906,0.000727043,0.002427371,3.78726611,3.83674611,0,0.00946634766,,0,8000000,14145600
dsb-gpu,WK2000_1,47,12392,2000,2000,2000,1999000,512,400,fp16,global-sync,dense,0,0,33241,33337,0,0,0.033335118,3.78256982,0.000730115,0.002444746,3.78329994,3.83270654,0,0.00945642456,,0,8000000,14145600
dsb-gpu,WK2000_1,48,12393,2000,2000,2000,1999000,512,400,fp16,global-sync,dense,0,0,33256,33337,0,0,0.033608399,3.77104321,0.000728867,0.002461163,3.77177208,3.82145913,0,0.00942760803,,0,8000000,14145600
dsb-gpu,WK2000_1,49,12394,2000,2000,2000,1999000,512,400,fp16,global-sync,dense,0,0,33279,33337,0,0,0.033536334,3.76621802,0.000725283,0.00238737,3.7669433,3.81636871,0,0.00941554504,,0,8000000,14145600
dsb-gpu,WK2000_1,0,12345,2000,2000,2000,1999000,512,400,fp16,gemm,dense,0,0,33246,33337,0,0,0.033017292,0.00516870403,0.000712419,0.00233537,0.00588112303,0.064740276,0,1.29217601e-05,,0,8000000,22435904
dsb-gpu,WK2000_1,1,12346,2000,2000,2000,1999000,512,400,fp16,gemm,dense,0,0,33223,33337,0,0,0.032721068,0.00518304014,0.000712707,0.002371978,0.00589574714,0.064255314,0,1.29576004e-05,,0,8000000,22435904
dsb-gpu,WK2000_1,2,12347,2000,2000,2000,1999000,512,400,fp16,gemm,dense,0,0,33241,33337,0,0,0.03286894,0.00517881584,0.000711651,0.00238321,0.00589046684,0.06464018,0,1.29470396e-05,,0,8000000,22435904
dsb-gpu,WK2000_1,3,12348,2000,2000,2000,1999000,512,400,fp16,gemm,dense,0,0,33254,33337,0,0,0.032856908,0.00518287992,0.000714051,0.002377066,0.00589693092,0.064819412,0,1.29571998e-05,,0,8000000,22435904
dsb-gpu,WK2000_1,4,12349,2000,2000,2000,1999000,512,400,fp16,gemm,dense,0,0,33236,33337,0,0,0.032820299,0.00518976021,0.000714211,0.002401194,0.00590397121,0.064447378,0,1.29744005e-05,,0,8000000,22435904
dsb-gpu,WK2000_1,5,12350,2000,2000,2000,1999000,512,400,fp16,gemm,dense,0,0,33259,33337,0,0,0.033139854,0.00520223999,0.000716643,0.002387818,0.00591888299,0.064864213,0,1.30056e-05,,0,8000000,22435904
dsb-gpu,WK2000_1,6,12351,2000,2000,2000,1999000,512,400,fp16,gemm,dense,0,0,33222,33337,0,0,0.03283566,0.00521763182,0.000714659,0.002359722,0.00593229082,0.064669044,0,1.30440795e-05,,0,8000000,22435904
dsb-gpu,WK2000_1,7,12352,2000,2000,2000,1999000,512,400,fp16,gemm,dense,0,0,33261,33337,0,0,0.032828684,0.00519315195,0.000713763,0.00237105,0.00590691495,0.064604723,0,1.29828799e-05,,0,8000000,22435904
dsb-gpu,WK2000_1,8,12353,2000,2000,2000,1999000,512,400,fp16,gemm,dense,0,0,33247,33337,0,0,0.03291326,0.00520572805,0.000712547,0.002377386,0.00591827505,0.064534611,0,1.30143201e-05,,0,8000000,22435904
dsb-gpu,WK2000_1,9,12354,2000,2000,2000,1999000,512,400,fp16,gemm,dense,0,0,33267,33337,0,0,0.033063341,0.00520819187,0.000715075,0.002402058,0.00592326687,0.064902132,0,1.30204797e-05,,0,8000000,22435904
dsb-gpu,WK2000_1,10,12355,2000,2000,2000,1999000,512,400,fp16,gemm,dense,0,0,33264,33337,0,0,0.032826955,0.00513193607,0.000715907,0.002362442,0.00584784307,0.06433365,0,1.28298402e-05,,0,8000000,22435904
dsb-gpu,WK2000_1,11,12356,2000,2000,2000,1999000,512,400,fp16,gemm,dense,0,0,33251,33337,0,0,0.032919692,0.00511977577,0.000713763,0.00235745,0.00583353877,0.065432631,0,1.27994394e-05,,0,8000000,22435904
dsb-gpu,WK2000_1,12,12357,2000,2000,2000,1999000,512,400,fp16,gemm,dense,0,0,33244,33337,0,0,0.03327131,0.00509113598,0.000722371,0.002366954,0.00581350698,0.06521807,0,1.27278399e-05,,0,8000000,22435904
dsb-gpu,WK2000_1,13,12358,2000,2000,2000,1999000,512,400,fp16,gemm,dense,0,0,33259,33337,0,0,0.032919628,0.00506918383,0.000716067,0.002357354,0.00578525083,0.064487251,0,1.26729596e-05,,0,8000000,22435904
dsb-gpu,WK2000_1,14,12359,2000,2000,2000,1999000,512,400,fp16,gemm,dense,0,0,33264,33337,0,0,0.03277966,0.00517196798,0.000718691,0.002406762,0.00589065898,0.064664372,0,1.292992e-05,,0,8000000,22435904
dsb-gpu,WK2000_1,15,12360,2000,2000,2000,1999000,512,400,fp16,gemm,dense,0,0,33257,33337,0,0,0.032680427,0.00518460798,0.000717731,0.002377738,0.00590233898,0.06436725,0,1.296152e-05,,0,8000000,22435904
dsb-gpu,WK2000_1,16,12361,2000,2000,2000,1999000,512,400,fp16,gemm,dense,0,0,33230,33337,0,0,0.032977741,0.00518489599,0.000715011,0.002449067,0.00589990699,0.064776852,0,1.296224e-05,,0,8000000,22435904
dsb-gpu,WK2000_1,17,12362,2000,2000,2000,1999000,512,400,fp16,gemm,dense,0,0,33257,33337,0,0,0.033136173,0.00518096018,0.000714915,0.002837325,0.00589587518,0.066076314,0,1.29524004e-05,,0,8000000,22435904
dsb-gpu,WK2000_1,18,12363,2000,2000,2000,1999000,512,400,fp16,gemm,dense,0,0,33249,33337,0,0,0.033013421,0.00509711981,0.000716291,0.002379914,0.00581341081,0.064887636,0,1.27427995e-05,,0,8000000,22435904
dsb-gpu,WK2000_1,19,12364,2000,2000,2000,1999000,512,400,fp16,gemm,dense,0,0,33246,33337,0,0,0.033094765,0.00506969595,0.000713444,0.002365482,0.00578313995,0.064592308,0,1.26742399e-05,,0,8000000,22435904
dsb-gpu,WK2000_1,20,12365,2000,2000,2000,1999000,512,400,fp16,gemm,dense,0,0,33245,33337,0,0,0.032713547,0.00507391977,0.000716387,0.002393418,0.00579030677,0.064533299,0,1.26847994e-05,,0,8000000,22435904
dsb-gpu,WK2000_1,21,12366,2000,2000,2000,1999000,512,400,fp16,gemm,dense,0,0,33244,33337,0,0,0.032765388,0.00507702398,0.000713539,0.002355466,0.00579056298,0.064456883,0,1.269256e-05,,0,8000000,22435904
dsb-gpu,WK2000_1,22,12367,2000,2000,2000,1999000,512,400,fp16,gemm,dense,0,0,33254,33337,0,0,0.032849196,0.00499974394,0.000715683,0.00238241,0.00571542694,0.064159186,0,1.24993598e-05,,0,8000000,22435904
dsb-gpu,WK2000_1,23,12368,2000,2000,2000,1999000,512,400,fp16,gemm,dense,0,0,33247,33337,0,0,0.032824427,0.00499849606,0.000714403,0.002377962,0.00571289906,0.064397394,0,1.24962401e-05,,0,8000000,22435904
dsb-gpu,WK2000_1,24,12369,2000,2000,2000,1999000,512,400,fp16,gemm,dense,0,0,33250,33337,0,0,0.032822892,0.0050191679,0.000715107,0.00235521,0.0057342749,0.064351218,0,1.25479198e-05,,0,8000000,22435904
dsb-gpu,WK2000_1,25,12370,2000,2000,2000,1999000,512,400,fp16,gemm,dense,0,0,33256,33337,0,0,0.033155661,0.00501113605,0.000712451,0.00237521,0.00572358705,0.064625715,0,1.25278401e-05,,0,8000000,22435904
dsb-gpu,WK2000_1,26,12371,2000,2000,2000,1999000,512,400,fp16,gemm,dense,0,0,33268,33337,0,0,0.033073676,0.00508112001,0.000712643,0.002475882,0.00579376301,0.064641939,0,1.27028e-05,,0,8000000,22435904
dsb-gpu,WK2000_1,27,12372,2000,2000,2000,1999000,512,400,fp16,gemm,dense,0,0,33250,33337,0,0,0.032518507,0.00509996796,0.000713796,0.002385259,0.00581376396,0.064101714,0,1.27499199e-05,,0,8000000,22435904
dsb-gpu,WK2000_1,28,12373,2000,2000,2000,1999000,512,400,fp16,gemm,dense,0,0,33252,33337,0,0,0.032984556,0.00505967999,0.000713795,0.002376138,0.00577347499,0.064645491,0,1.26492e-05,,0,8000000,22435904
dsb-gpu,WK2000_1,29,12374,2000,2000,2000,1999000,512,400,fp16,gemm,dense,0,0,33271,33337,0,0,0.03278926,0.00507558393,0.000713955,0.002373994,0.00578953893,0.064302354,0,1.26889598e-05,,0,8000000,22435904
dsb-gpu,WK2000_1,30,12375,2000,2000,2000,1999000,512,400,fp16,gemm,dense,0,0,33259,33337,0,0,0.033241742,0.00531788778,0.000715395,0.00236593,0.00603328278,0.065043701,0,1.32947195e-05,,0,8000000,22435904
dsb-gpu,WK2000_1,31,12376,2000,2000,2000,1999000,512,400,fp16,gemm,dense,0,0,33256,33337,0,0,0.032962636,0.00516636801,0.000723171,0.002378506,0.00588953901,0.064702132,0,1.291592e-05,,0,8000000,22435904
dsb-gpu,WK2000_1,32,12377,2000,2000,2000,1999000,512,400,fp16,gemm,dense,0,0,33250,33337,0,0,0.033066701,0.00517347193,0.000717667,0.00238257,0.00589113893,0.064906997,0,1.29336798e-05,,0,8000000,22435904
dsb-gpu,WK2000_1,33,12378,2000,2000,2000,1999000,512,400,fp16,gemm,dense,0,0,33237,33337,0,0,0.03289742,0.00514089584,0.000713827,0.002365738,0.00585472284,0.064733844,0,1.28522396e-05,,0,8000000,22435904
dsb-gpu,WK2000_1,34,12379,2000,2000,2000,1999000,512,400,fp16,gemm,dense,0,0,33238,33337,0,0,0.032724555,0.00511967993,0.000716484,0.002824652,0.00583616393,0.065254838,0,1.27991998e-05,,0,8000000,22435904
dsb-gpu,WK2000_1,35,12380,2000,2000,2000,1999000,512,400,fp16,gemm,dense,0,0,33238,33337,0,0,0.033081709,0.00507875204,0.000712323,0.002378698,0.00579107504,0.064966453,0,1.26968801e-05,,0,8000000,22435904
dsb-gpu,WK2000_1,36,12381,2000,2000,2000,1999000,512,400,fp16,gemm,dense,0,0,33240,33337,0,0,0.033299822,0.00508207989,0.000712771,0.002402186,0.00579485089,0.064850804,0,1.27051997e-05,,0,8000000,22435904
dsb-gpu,WK2000_1,37,12382,2000,2000,2000,1999000,512,400,fp16,gemm,dense,0,0,33231,33337,0,0,0.032919756,0.00507891178,0.000715267,0.00238545,0.00579417878,0.064442131,0,1.26972795e-05,,0,8000000,22435904
dsb-gpu,WK2000_1,38,12383,2000,2000,2000,1999000,512,400,fp16,gemm,dense,0,0,33251,33337,0,0,0.032853708,0.00522867203,0.000715619,0.00237505,0.00594429103,0.064679444,0,1.30716801e-05,,0,8000000,22435904
dsb-gpu,WK2000_1,39,12384,2000,2000,2000,1999000,512,400,fp16,gemm,dense,0,0,33246,33337,0,0,0.032853228,0.00519894409,0.000714051,0.002386538,0.00591299509,0.06484418,0,1.29973602e-05,,0,8000000,22435904
dsb-gpu,WK2000_1,40,12385,2000,2000,2000,1999000,512,400,fp16,gemm,dense,0,0,33270,33337,0,0,0.03282206,0.00519443178,0.000712963,0.002387883,0.00590739478,0.064498995,0,1.29860795e-05,,0,8000000,22435904
dsb-gpu,WK2000_1,41,12386,2000,2000,2000,1999000,512,400,fp16,gemm,dense,0,0,33249,33337,0,0,0.032814508,0.00520467186,0.000713635,0.002364042,0.00591830686,0.064432242,0,1.30116796e-05,,0,8000000,22435904
dsb-gpu,WK2000_1,42,12387,2000,2000,2000,1999000,512,400,fp16,gemm,dense,0,0,33262,33337,0,0,0.032971725,0.00504582405,0.000712803,0.002375914,0.00575862705,0.064563091,0,1.26145601e-05,,0,8000000,22435904
dsb-gpu,WK2000_1,43,12388,2000,2000,2000,1999000,512,400,fp16,gemm,dense,0,0,33239,33337,0,0,0.033263726,0.00503340816,0.000713347,0.002383051,0.00574675516,0.064896693,0,1.25835204e-05,,0,8000000,22435904
dsb-gpu,WK2000_1,44,12389,2000,2000,2000,1999000,512,400,fp16,gemm,dense,0,0,33239,33337,0,0,0.032932845,0.00504099178,0.000716515,0.002370186,0.00575750678,0.06438213,0,1.26024795e-05,,0,8000000,22435904
dsb-gpu,WK2000_1,45,12390,2000,2000,2000,1999000,512,400,fp16,gemm,dense,0,0,33263,33337,0,0,0.032976748,0.00504777622,0.000714979,0.002395051,0.00576275522,0.064576404,0,1.26194406e-05,,0,8000000,22435904
dsb-gpu,WK2000_1,46,12391,2000,2000,2000,1999000,512,400,fp16,gemm,dense,0,0,33254,33337,0,0,0.033103949,0.00516787195,0.000713251,0.002373258,0.00588112295,0.064627283,0,1.29196799e-05,,0,8000000,22435904
dsb-gpu,WK2000_1,47,12392,2000,2000,2000,1999000,512,400,fp16,gemm,dense,0,0,33241,33337,0,0,0.033042445,0.0051837759,0.000715843,0.002368938,0.0058996189,0.064649908,0,1.29594398e-05,,0,8000000,22435904
dsb-gpu,WK2000_1,48,12393,2000,2000,2000,1999000,512,400,fp16,gemm,dense,0,0,33256,33337,0,0,0.033290958,0.00518572807,0.000712611,0.002364842,0.00589833907,0.064967829,0,1.29643202e-05,,0,8000000,22435904
dsb-gpu,WK2000_1,49,12394,2000,2000,2000,1999000,512,400,fp16,gemm,dense,0,0,33279,33337,0,0,0.03295614,0.00519152021,0.000712771,0.00239585,0.00590429121,0.064715892,0,1.29788005e-05,,0,8000000,22435904
