instance,batch,steps,implementation,entry,variant,precision,reduction,status,exit_code,elapsed_s,rows_written,repeats_requested,timeout_s,detail
QPLIB_3506,1024,200,dsb-gpu,auto,auto,fp32,0,ok,0,1.094,50,50,1800,"note: QPLIB_3506 has an identically zero external field; FastHare will see a field-free instance and reduce little"
QPLIB_3506,1024,200,dsb-gpu,bit,bit,fp32,0,error,1,0.025,0,50,1800,"error: unknown variant: bit"
QPLIB_3506,1024,200,dsb-gpu,csr-row,csr-row,fp32,0,ok,0,0.618,50,50,1800,"note: QPLIB_3506 has an identically zero external field; FastHare will see a field-free instance and reduce little"
QPLIB_3506,1024,200,dsb-gpu,csr-block,csr-block,fp32,0,ok,0,0.580,50,50,1800,"note: QPLIB_3506 has an identically zero external field; FastHare will see a field-free instance and reduce little"
QPLIB_3506,1024,200,dsb-gpu,block,block,fp32,0,ok,0,2.247,50,50,1800,"note: QPLIB_3506 has an identically zero external field; FastHare will see a field-free instance and reduce little"
QPLIB_3506,1024,200,dsb-gpu,gemm,gemm,fp32,0,ok,0,1.269,50,50,1800,"note: QPLIB_3506 has an identically zero external field; FastHare will see a field-free instance and reduce little"
QPLIB_3506,1024,200,dsb-gpu,gemm:fp32:notf32,gemm-notf32,fp32,0,error,1,0.024,0,50,1800,"error: unknown option: --no-tf32"
QPLIB_3506,1024,200,dsb-gpu,gemm:int8,gemm,int8,0,ok,0,1.262,50,50,1800,"note: QPLIB_3506 has an identically zero external field; FastHare will see a field-free instance and reduce little"
QPLIB_3506,1024,200,dsb-gpu,gemm:fp16,gemm,fp16,0,ok,0,1.558,50,50,1800,"note: QPLIB_3506 has an identically zero external field; FastHare will see a field-free instance and reduce little"
QPLIB_3506,1024,200,public-dsb,public:float32:matched,public,float32,0,ok,0,3.924,50,50,1800,"simulated-bifurcation schedule=matched env={'time_step': 1.16; 'pressure_slope': 0.004332004851845435; 'heat_coefficient': 0.06; 'init': 'uniform(-0.01;0.01)'}"
QPLIB_3506,1024,400,dsb-gpu,auto,auto,fp32,0,ok,0,1.389,50,50,1800,"note: QPLIB_3506 has an identically zero external field; FastHare will see a field-free instance and reduce little"
QPLIB_3506,1024,400,dsb-gpu,bit,bit,fp32,0,error,1,0.025,0,50,1800,"error: unknown variant: bit"
QPLIB_3506,1024,400,dsb-gpu,csr-row,csr-row,fp32,0,ok,0,0.718,50,50,1800,"note: QPLIB_3506 has an identically zero external field; FastHare will see a field-free instance and reduce little"
QPLIB_3506,1024,400,dsb-gpu,csr-block,csr-block,fp32,0,ok,0,0.630,50,50,1800,"note: QPLIB_3506 has an identically zero external field; FastHare will see a field-free instance and reduce little"
QPLIB_3506,1024,400,dsb-gpu,block,block,fp32,0,ok,0,3.767,50,50,1800,"note: QPLIB_3506 has an identically zero external field; FastHare will see a field-free instance and reduce little"
QPLIB_3506,1024,400,dsb-gpu,gemm,gemm,fp32,0,ok,0,1.494,50,50,1800,"note: QPLIB_3506 has an identically zero external field; FastHare will see a field-free instance and reduce little"
QPLIB_3506,1024,400,dsb-gpu,gemm:fp32:notf32,gemm-notf32,fp32,0,error,1,0.025,0,50,1800,"error: unknown option: --no-tf32"
QPLIB_3506,1024,400,dsb-gpu,gemm:int8,gemm,int8,0,ok,0,1.494,50,50,1800,"note: QPLIB_3506 has an identically zero external field; FastHare will see a field-free instance and reduce little"
QPLIB_3506,1024,400,dsb-gpu,gemm:fp16,gemm,fp16,0,ok,0,1.801,50,50,1800,"note: QPLIB_3506 has an identically zero external field; FastHare will see a field-free instance and reduce little"
QPLIB_3506,1024,400,public-dsb,public:float32:matched,public,float32,0,ok,0,5.743,50,50,1800,"simulated-bifurcation schedule=matched env={'time_step': 1.16; 'pressure_slope': 0.002160573848414139; 'heat_coefficient': 0.06; 'init': 'uniform(-0.01;0.01)'}"
QPLIB_3506,1024,800,dsb-gpu,auto,auto,fp32,0,ok,0,2.020,50,50,1800,"note: QPLIB_3506 has an identically zero external field; FastHare will see a field-free instance and reduce little"
QPLIB_3506,1024,800,dsb-gpu,bit,bit,fp32,0,error,1,0.025,0,50,1800,"error: unknown variant: bit"
QPLIB_3506,1024,800,dsb-gpu,csr-row,csr-row,fp32,0,ok,0,0.845,50,50,1800,"note: QPLIB_3506 has an identically zero external field; FastHare will see a field-free instance and reduce little"
QPLIB_3506,1024,800,dsb-gpu,csr-block,csr-block,fp32,0,ok,0,0.705,50,50,1800,"note: QPLIB_3506 has an identically zero external field; FastHare will see a field-free instance and reduce little"
QPLIB_3506,1024,800,dsb-gpu,block,block,fp32,0,ok,0,6.830,50,50,1800,"note: QPLIB_3506 has an identically zero external field; FastHare will see a field-free instance and reduce little"
QPLIB_3506,1024,800,dsb-gpu,gemm,gemm,fp32,0,ok,0,1.950,50,50,1800,"note: QPLIB_3506 has an identically zero external field; FastHare will see a field-free instance and reduce little"
QPLIB_3506,1024,800,dsb-gpu,gemm:fp32:notf32,gemm-notf32,fp32,0,error,1,0.025,0,50,1800,"error: unknown option: --no-tf32"
QPLIB_3506,1024,800,dsb-gpu,gemm:int8,gemm,int8,0,ok,0,1.973,50,50,1800,"note: QPLIB_3506 has an identically zero external field; FastHare will see a field-free instance and reduce little"
QPLIB_3506,1024,800,dsb-gpu,gemm:fp16,gemm,fp16,0,ok,0,2.332,50,50,1800,"note: QPLIB_3506 has an identically zero external field; FastHare will see a field-free instance and reduce little"
QPLIB_3506,1024,800,public-dsb,public:float32:matched,public,float32,0,ok,0,9.415,50,50,1800,"simulated-bifurcation schedule=matched env={'time_step': 1.16; 'pressure_slope': 0.0010789348754909154; 'heat_coefficient': 0.06; 'init': 'uniform(-0.01;0.01)'}"
QPLIB_3506,1024,1600,dsb-gpu,auto,auto,fp32,0,ok,0,3.299,50,50,1800,"note: QPLIB_3506 has an identically zero external field; FastHare will see a field-free instance and reduce little"
QPLIB_3506,1024,1600,dsb-gpu,bit,bit,fp32,0,error,1,0.024,0,50,1800,"error: unknown variant: bit"
QPLIB_3506,1024,1600,dsb-gpu,csr-row,csr-row,fp32,0,ok,0,1.131,50,50,1800,"note: QPLIB_3506 has an identically zero external field; FastHare will see a field-free instance and reduce little"
QPLIB_3506,1024,1600,dsb-gpu,csr-block,csr-block,fp32,0,ok,0,0.868,50,50,1800,"note: QPLIB_3506 has an identically zero external field; FastHare will see a field-free instance and reduce little"
QPLIB_3506,1024,1600,dsb-gpu,block,block,fp32,0,ok,0,12.964,50,50,1800,"note: QPLIB_3506 has an identically zero external field; FastHare will see a field-free instance and reduce little"
QPLIB_3506,1024,1600,dsb-gpu,gemm,gemm,fp32,0,ok,0,2.892,50,50,1800,"note: QPLIB_3506 has an identically zero external field; FastHare will see a field-free instance and reduce little"
QPLIB_3506,1024,1600,dsb-gpu,gemm:fp32:notf32,gemm-notf32,fp32,0,error,1,0.025,0,50,1800,"error: unknown option: --no-tf32"
QPLIB_3506,1024,1600,dsb-gpu,gemm:int8,gemm,int8,0,ok,0,2.927,50,50,1800,"note: QPLIB_3506 has an identically zero external field; FastHare will see a field-free instance and reduce little"
QPLIB_3506,1024,1600,dsb-gpu,gemm:fp16,gemm,fp16,0,ok,0,3.363,50,50,1800,"note: QPLIB_3506 has an identically zero external field; FastHare will see a field-free instance and reduce little"
QPLIB_3506,1024,1600,public-dsb,public:float32:matched,public,float32,0,ok,0,16.109,50,50,1800,"simulated-bifurcation schedule=matched env={'time_step': 1.16; 'pressure_slope': 0.0005391300597356106; 'heat_coefficient': 0.06; 'init': 'uniform(-0.01;0.01)'}"
QPLIB_3565,2048,200,dsb-gpu,auto,auto,fp32,0,ok,0,1.305,50,50,1800,"note: QPLIB_3565 has an identically zero external field; FastHare will see a field-free instance and reduce little"
QPLIB_3565,2048,200,dsb-gpu,bit,bit,fp32,0,error,1,0.025,0,50,1800,"error: unknown variant: bit"
QPLIB_3565,2048,200,dsb-gpu,csr-row,csr-row,fp32,0,ok,0,0.653,50,50,1800,"note: QPLIB_3565 has an identically zero external field; FastHare will see a field-free instance and reduce little"
QPLIB_3565,2048,200,dsb-gpu,csr-block,csr-block,fp32,0,ok,0,0.609,50,50,1800,"note: QPLIB_3565 has an identically zero external field; FastHare will see a field-free instance and reduce little"
QPLIB_3565,2048,200,dsb-gpu,block,block,fp32,0,ok,0,1.815,50,50,1800,"note: QPLIB_3565 has an identically zero external field; FastHare will see a field-free instance and reduce little"
QPLIB_3565,2048,200,dsb-gpu,gemm,gemm,fp32,0,ok,0,1.280,50,50,1800,"note: QPLIB_3565 has an identically zero external field; FastHare will see a field-free instance and reduce little"
QPLIB_3565,2048,200,dsb-gpu,gemm:fp32:notf32,gemm-notf32,fp32,0,error,1,0.025,0,50,1800,"error: unknown option: --no-tf32"
QPLIB_3565,2048,200,dsb-gpu,gemm:int8,gemm,int8,0,ok,0,1.209,50,50,1800,"note: QPLIB_3565 has an identically zero external field; FastHare will see a field-free instance and reduce little"
QPLIB_3565,2048,200,dsb-gpu,gemm:fp16,gemm,fp16,0,ok,0,1.558,50,50,1800,"note: QPLIB_3565 has an identically zero external field; FastHare will see a field-free instance and reduce little"
QPLIB_3565,2048,200,public-dsb,public:float32:matched,public,float32,0,ok,0,3.957,50,50,1800,"simulated-bifurcation schedule=matched env={'time_step': 1.17; 'pressure_slope': 0.004294979169351029; 'heat_coefficient': 0.06; 'init': 'uniform(-0.01;0.01)'}"
QPLIB_3565,2048,400,dsb-gpu,auto,auto,fp32,0,ok,0,1.520,50,50,1800,"note: QPLIB_3565 has an identically zero external field; FastHare will see a field-free instance and reduce little"
QPLIB_3565,2048,400,dsb-gpu,bit,bit,fp32,0,error,1,0.026,0,50,1800,"error: unknown variant: bit"
QPLIB_3565,2048,400,dsb-gpu,csr-row,csr-row,fp32,0,ok,0,0.722,50,50,1800,"note: QPLIB_3565 has an identically zero external field; FastHare will see a field-free instance and reduce little"
QPLIB_3565,2048,400,dsb-gpu,csr-block,csr-block,fp32,0,ok,0,0.650,50,50,1800,"note: QPLIB_3565 has an identically zero external field; FastHare will see a field-free instance and reduce little"
QPLIB_3565,2048,400,dsb-gpu,block,block,fp32,0,ok,0,2.881,50,50,1800,"note: QPLIB_3565 has an identically zero external field; FastHare will see a field-free instance and reduce little"
QPLIB_3565,2048,400,dsb-gpu,gemm,gemm,fp32,0,ok,0,1.502,50,50,1800,"note: QPLIB_3565 has an identically zero external field; FastHare will see a field-free instance and reduce little"
QPLIB_3565,2048,400,dsb-gpu,gemm:fp32:notf32,gemm-notf32,fp32,0,error,1,0.024,0,50,1800,"error: unknown option: --no-tf32"
QPLIB_3565,2048,400,dsb-gpu,gemm:int8,gemm,int8,0,ok,0,1.350,50,50,1800,"note: QPLIB_3565 has an identically zero external field; FastHare will see a field-free instance and reduce little"
QPLIB_3565,2048,400,dsb-gpu,gemm:fp16,gemm,fp16,0,ok,0,1.807,50,50,1800,"note: QPLIB_3565 has an identically zero external field; FastHare will see a field-free instance and reduce little"
QPLIB_3565,2048,400,public-dsb,public:float32:matched,public,float32,0,ok,0,5.782,50,50,1800,"simulated-bifurcation schedule=matched env={'time_step': 1.17; 'pressure_slope': 0.0021421074052653; 'heat_coefficient': 0.06; 'init': 'uniform(-0.01;0.01)'}"
QPLIB_3565,2048,800,dsb-gpu,auto,auto,fp32,0,ok,0,2.002,50,50,1800,"note: QPLIB_3565 has an identically zero external field; FastHare will see a field-free instance and reduce little"
QPLIB_3565,2048,800,dsb-gpu,bit,bit,fp32,0,error,1,0.025,0,50,1800,"error: unknown variant: bit"
QPLIB_3565,2048,800,dsb-gpu,csr-row,csr-row,fp32,0,ok,0,0.865,50,50,1800,"note: QPLIB_3565 has an identically zero external field; FastHare will see a field-free instance and reduce little"
QPLIB_3565,2048,800,dsb-gpu,csr-block,csr-block,fp32,0,ok,0,0.745,50,50,1800,"note: QPLIB_3565 has an identically zero external field; FastHare will see a field-free instance and reduce little"
QPLIB_3565,2048,800,dsb-gpu,block,block,fp32,0,ok,0,5.017,50,50,1800,"note: QPLIB_3565 has an identically zero external field; FastHare will see a field-free instance and reduce little"
QPLIB_3565,2048,800,dsb-gpu,gemm,gemm,fp32,0,ok,0,1.978,50,50,1800,"note: QPLIB_3565 has an identically zero external field; FastHare will see a field-free instance and reduce little"
QPLIB_3565,2048,800,dsb-gpu,gemm:fp32:notf32,gemm-notf32,fp32,0,error,1,0.024,0,50,1800,"error: unknown option: --no-tf32"
QPLIB_3565,2048,800,dsb-gpu,gemm:int8,gemm,int8,0,ok,0,1.671,50,50,1800,"note: QPLIB_3565 has an identically zero external field; FastHare will see a field-free instance and reduce little"
QPLIB_3565,2048,800,dsb-gpu,gemm:fp16,gemm,fp16,0,ok,0,2.261,50,50,1800,"note: QPLIB_3565 has an identically zero external field; FastHare will see a field-free instance and reduce little"
QPLIB_3565,2048,800,public-dsb,public:float32:matched,public,float32,0,ok,0,9.419,50,50,1800,"simulated-bifurcation schedule=matched env={'time_step': 1.17; 'pressure_slope': 0.001069713209888429; 'heat_coefficient': 0.06; 'init': 'uniform(-0.01;0.01)'}"
QPLIB_3565,2048,1600,dsb-gpu,auto,auto,fp32,0,ok,0,2.861,50,50,1800,"note: QPLIB_3565 has an identically zero external field; FastHare will see a field-free instance and reduce little"
QPLIB_3565,2048,1600,dsb-gpu,bit,bit,fp32,0,error,1,0.025,0,50,1800,"error: unknown variant: bit"
QPLIB_3565,2048,1600,dsb-gpu,csr-row,csr-row,fp32,0,ok,0,1.188,50,50,1800,"note: QPLIB_3565 has an identically zero external field; FastHare will see a field-free instance and reduce little"
QPLIB_3565,2048,1600,dsb-gpu,csr-block,csr-block,fp32,0,ok,0,0.922,50,50,1800,"note: QPLIB_3565 has an identically zero external field; FastHare will see a field-free instance and reduce little"
QPLIB_3565,2048,1600,dsb-gpu,block,block,fp32,0,ok,0,9.318,50,50,1800,"note: QPLIB_3565 has an identically zero external field; FastHare will see a field-free instance and reduce little"
QPLIB_3565,2048,1600,dsb-gpu,gemm,gemm,fp32,0,ok,0,2.819,50,50,1800,"note: QPLIB_3565 has an identically zero external field; FastHare will see a field-free instance and reduce little"
QPLIB_3565,2048,1600,dsb-gpu,gemm:fp32:notf32,gemm-notf32,fp32,0,error,1,0.025,0,50,1800,"error: unknown option: --no-tf32"
QPLIB_3565,2048,1600,dsb-gpu,gemm:int8,gemm,int8,0,ok,0,2.371,50,50,1800,"note: QPLIB_3565 has an identically zero external field; FastHare will see a field-free instance and reduce little"
QPLIB_3565,2048,1600,dsb-gpu,gemm:fp16,gemm,fp16,0,ok,0,3.182,50,50,1800,"note: QPLIB_3565 has an identically zero external field; FastHare will see a field-free instance and reduce little"
QPLIB_3565,2048,1600,public-dsb,public:float32:matched,public,float32,0,ok,0,16.704,50,50,1800,"simulated-bifurcation schedule=matched env={'time_step': 1.17; 'pressure_slope': 0.0005345221105071011; 'heat_coefficient': 0.06; 'init': 'uniform(-0.01;0.01)'}"
QPLIB_3642,256,200,dsb-gpu,auto,auto,fp32,0,ok,0,0.997,50,50,1800,"note: QPLIB_3642 has an identically zero external field; FastHare will see a field-free instance and reduce little"
QPLIB_3642,256,200,dsb-gpu,bit,bit,fp32,0,error,1,0.025,0,50,1800,"error: unknown variant: bit"
QPLIB_3642,256,200,dsb-gpu,csr-row,csr-row,fp32,0,ok,0,0.657,50,50,1800,"note: QPLIB_3642 has an identically zero external field; FastHare will see a field-free instance and reduce little"
QPLIB_3642,256,200,dsb-gpu,csr-block,csr-block,fp32,0,ok,0,0.618,50,50,1800,"note: QPLIB_3642 has an identically zero external field; FastHare will see a field-free instance and reduce little"
QPLIB_3642,256,200,dsb-gpu,block,block,fp32,0,ok,0,1.738,50,50,1800,"note: QPLIB_3642 has an identically zero external field; FastHare will see a field-free instance and reduce little"
QPLIB_3642,256,200,dsb-gpu,gemm,gemm,fp32,0,ok,0,1.280,50,50,1800,"note: QPLIB_3642 has an identically zero external field; FastHare will see a field-free instance and reduce little"
QPLIB_3642,256,200,dsb-gpu,gemm:fp32:notf32,gemm-notf32,fp32,0,error,1,0.025,0,50,1800,"error: unknown option: --no-tf32"
QPLIB_3642,256,200,dsb-gpu,gemm:int8,gemm,int8,0,ok,0,1.306,50,50,1800,"note: QPLIB_3642 has an identically zero external field; FastHare will see a field-free instance and reduce little"
QPLIB_3642,256,200,dsb-gpu,gemm:fp16,gemm,fp16,0,ok,0,1.458,50,50,1800,"note: QPLIB_3642 has an identically zero external field; FastHare will see a field-free instance and reduce little"
QPLIB_3642,256,200,public-dsb,public:float32:matched,public,float32,0,ok,0,3.862,50,50,1800,"simulated-bifurcation schedule=matched env={'time_step': 1.16; 'pressure_slope': 0.004332004851845435; 'heat_coefficient': 0.06; 'init': 'uniform(-0.01;0.01)'}"
QPLIB_3642,256,400,dsb-gpu,auto,auto,fp32,0,ok,0,1.127,50,50,1800,"note: QPLIB_3642 has an identically zero external field; FastHare will see a field-free instance and reduce little"
QPLIB_3642,256,400,dsb-gpu,bit,bit,fp32,0,error,1,0.025,0,50,1800,"error: unknown variant: bit"
QPLIB_3642,256,400,dsb-gpu,csr-row,csr-row,fp32,0,ok,0,0.713,50,50,1800,"note: QPLIB_3642 has an identically zero external field; FastHare will see a field-free instance and reduce little"
QPLIB_3642,256,400,dsb-gpu,csr-block,csr-block,fp32,0,ok,0,0.628,50,50,1800,"note: QPLIB_3642 has an identically zero external field; FastHare will see a field-free instance and reduce little"
QPLIB_3642,256,400,dsb-gpu,block,block,fp32,0,ok,0,2.747,50,50,1800,"note: QPLIB_3642 has an identically zero external field; FastHare will see a field-free instance and reduce little"
QPLIB_3642,256,400,dsb-gpu,gemm,gemm,fp32,0,ok,0,1.522,50,50,1800,"note: QPLIB_3642 has an identically zero external field; FastHare will see a field-free instance and reduce little"
QPLIB_3642,256,400,dsb-gpu,gemm:fp32:notf32,gemm-notf32,fp32,0,error,1,0.025,0,50,1800,"error: unknown option: --no-tf32"
QPLIB_3642,256,400,dsb-gpu,gemm:int8,gemm,int8,0,ok,0,1.452,50,50,1800,"note: QPLIB_3642 has an identically zero external field; FastHare will see a field-free instance and reduce little"
QPLIB_3642,256,400,dsb-gpu,gemm:fp16,gemm,fp16,0,ok,0,1.674,50,50,1800,"note: QPLIB_3642 has an identically zero external field; FastHare will see a field-free instance and reduce little"
QPLIB_3642,256,400,public-dsb,public:float32:matched,public,float32,0,ok,0,5.579,50,50,1800,"simulated-bifurcation schedule=matched env={'time_step': 1.16; 'pressure_slope': 0.002160573848414139; 'heat_coefficient': 0.06; 'init': 'uniform(-0.01;0.01)'}"
QPLIB_3642,256,800,dsb-gpu,auto,auto,fp32,0,ok,0,1.448,50,50,1800,"note: QPLIB_3642 has an identically zero external field; FastHare will see a field-free instance and reduce little"
QPLIB_3642,256,800,dsb-gpu,bit,bit,fp32,0,error,1,0.024,0,50,1800,"error: unknown variant: bit"
QPLIB_3642,256,800,dsb-gpu,csr-row,csr-row,fp32,0,ok,0,0.801,50,50,1800,"note: QPLIB_3642 has an identically zero external field; FastHare will see a field-free instance and reduce little"
QPLIB_3642,256,800,dsb-gpu,csr-block,csr-block,fp32,0,ok,0,0.687,50,50,1800,"note: QPLIB_3642 has an identically zero external field; FastHare will see a field-free instance and reduce little"
QPLIB_3642,256,800,dsb-gpu,block,block,fp32,0,ok,0,4.747,50,50,1800,"note: QPLIB_3642 has an identically zero external field; FastHare will see a field-free instance and reduce little"
QPLIB_3642,256,800,dsb-gpu,gemm,gemm,fp32,0,ok,0,1.950,50,50,1800,"note: QPLIB_3642 has an identically zero external field; FastHare will see a field-free instance and reduce little"
QPLIB_3642,256,800,dsb-gpu,gemm:fp32:notf32,gemm-notf32,fp32,0,error,1,0.025,0,50,1800,"error: unknown option: --no-tf32"
QPLIB_3642,256,800,dsb-gpu,gemm:int8,gemm,int8,0,ok,0,1.776,50,50,1800,"note: QPLIB_3642 has an identically zero external field; FastHare will see a field-free instance and reduce little"
QPLIB_3642,256,800,dsb-gpu,gemm:fp16,gemm,fp16,0,ok,0,2.114,50,50,1800,"note: QPLIB_3642 has an identically zero external field; FastHare will see a field-free instance and reduce little"
QPLIB_3642,256,800,public-dsb,public:float32:matched,public,float32,0,ok,0,9.182,50,50,1800,"simulated-bifurcation schedule=matched env={'time_step': 1.16; 'pressure_slope': 0.0010789348754909154; 'heat_coefficient': 0.06; 'init': 'uniform(-0.01;0.01)'}"
QPLIB_3642,256,1600,dsb-gpu,auto,auto,fp32,0,ok,0,2.026,50,50,1800,"note: QPLIB_3642 has an identically zero external field; FastHare will see a field-free instance and reduce little"
QPLIB_3642,256,1600,dsb-gpu,bit,bit,fp32,0,error,1,0.025,0,50,1800,"error: unknown variant: bit"
QPLIB_3642,256,1600,dsb-gpu,csr-row,csr-row,fp32,0,ok,0,1.034,50,50,1800,"note: QPLIB_3642 has an identically zero external field; FastHare will see a field-free instance and reduce little"
QPLIB_3642,256,1600,dsb-gpu,csr-block,csr-block,fp32,0,ok,0,0.771,50,50,1800,"note: QPLIB_3642 has an identically zero external field; FastHare will see a field-free instance and reduce little"
QPLIB_3642,256,1600,dsb-gpu,block,block,fp32,0,ok,0,8.733,50,50,1800,"note: QPLIB_3642 has an identically zero external field; FastHare will see a field-free instance and reduce little"
QPLIB_3642,256,1600,dsb-gpu,gemm,gemm,fp32,0,ok,0,2.832,50,50,1800,"note: QPLIB_3642 has an identically zero external field; FastHare will see a field-free instance and reduce little"
QPLIB_3642,256,1600,dsb-gpu,gemm:fp32:notf32,gemm-notf32,fp32,0,error,1,0.025,0,50,1800,"error: unknown option: --no-tf32"
QPLIB_3642,256,1600,dsb-gpu,gemm:int8,gemm,int8,0,ok,0,2.441,50,50,1800,"note: QPLIB_3642 has an identically zero external field; FastHare will see a field-free instance and reduce little"
QPLIB_3642,256,1600,dsb-gpu,gemm:fp16,gemm,fp16,0,ok,0,2.992,50,50,1800,"note: QPLIB_3642 has an identically zero external field; FastHare will see a field-free instance and reduce little"
QPLIB_3642,256,1600,public-dsb,public:float32:matched,public,float32,0,ok,0,15.364,50,50,1800,"simulated-bifurcation schedule=matched env={'time_step': 1.16; 'pressure_slope': 0.0005391300597356106; 'heat_coefficient': 0.06; 'init': 'uniform(-0.01;0.01)'}"
QPLIB_3650,256,200,dsb-gpu,auto,auto,fp32,0,ok,0,0.879,50,50,1800,"note: QPLIB_3650 has an identically zero external field; FastHare will see a field-free instance and reduce little"
QPLIB_3650,256,200,dsb-gpu,bit,bit,fp32,0,error,1,0.025,0,50,1800,"error: unknown variant: bit"
QPLIB_3650,256,200,dsb-gpu,csr-row,csr-row,fp32,0,ok,0,0.631,50,50,1800,"note: QPLIB_3650 has an identically zero external field; FastHare will see a field-free instance and reduce little"
QPLIB_3650,256,200,dsb-gpu,csr-block,csr-block,fp32,0,ok,0,0.596,50,50,1800,"note: QPLIB_3650 has an identically zero external field; FastHare will see a field-free instance and reduce little"
QPLIB_3650,256,200,dsb-gpu,block,block,fp32,0,ok,0,1.759,50,50,1800,"note: QPLIB_3650 has an identically zero external field; FastHare will see a field-free instance and reduce little"
QPLIB_3650,256,200,dsb-gpu,gemm,gemm,fp32,0,ok,0,1.302,50,50,1800,"note: QPLIB_3650 has an identically zero external field; FastHare will see a field-free instance and reduce little"
QPLIB_3650,256,200,dsb-gpu,gemm:fp32:notf32,gemm-notf32,fp32,0,error,1,0.025,0,50,1800,"error: unknown option: --no-tf32"
QPLIB_3650,256,200,dsb-gpu,gemm:int8,gemm,int8,0,ok,0,1.252,50,50,1800,"note: QPLIB_3650 has an identically zero external field; FastHare will see a field-free instance and reduce little"
QPLIB_3650,256,200,dsb-gpu,gemm:fp16,gemm,fp16,0,ok,0,1.470,50,50,1800,"note: QPLIB_3650 has an identically zero external field; FastHare will see a field-free instance and reduce little"
QPLIB_3650,256,200,public-dsb,public:float32:matched,public,float32,0,ok,0,3.997,50,50,1800,"simulated-bifurcation schedule=matched env={'time_step': 1.16; 'pressure_slope': 0.004332004851845435; 'heat_coefficient': 0.06; 'init': 'uniform(-0.01;0.01)'}"
QPLIB_3650,256,400,dsb-gpu,auto,auto,fp32,0,ok,0,1.036,50,50,1800,"note: QPLIB_3650 has an identically zero external field; FastHare will see a field-free instance and reduce little"
QPLIB_3650,256,400,dsb-gpu,bit,bit,fp32,0,error,1,0.025,0,50,1800,"error: unknown variant: bit"
QPLIB_3650,256,400,dsb-gpu,csr-row,csr-row,fp32,0,ok,0,0.674,50,50,1800,"note: QPLIB_3650 has an identically zero external field; FastHare will see a field-free instance and reduce little"
QPLIB_3650,256,400,dsb-gpu,csr-block,csr-block,fp32,0,ok,0,0.605,50,50,1800,"note: QPLIB_3650 has an identically zero external field; FastHare will see a field-free instance and reduce little"
QPLIB_3650,256,400,dsb-gpu,block,block,fp32,0,ok,0,2.845,50,50,1800,"note: QPLIB_3650 has an identically zero external field; FastHare will see a field-free instance and reduce little"
QPLIB_3650,256,400,dsb-gpu,gemm,gemm,fp32,0,ok,0,1.607,50,50,1800,"note: QPLIB_3650 has an identically zero external field; FastHare will see a field-free instance and reduce little"
QPLIB_3650,256,400,dsb-gpu,gemm:fp32:notf32,gemm-notf32,fp32,0,error,1,0.025,0,50,1800,"error: unknown option: --no-tf32"
QPLIB_3650,256,400,dsb-gpu,gemm:int8,gemm,int8,0,ok,0,1.440,50,50,1800,"note: QPLIB_3650 has an identically zero external field; FastHare will see a field-free instance and reduce little"
QPLIB_3650,256,400,dsb-gpu,gemm:fp16,gemm,fp16,0,ok,0,1.790,50,50,1800,"note: QPLIB_3650 has an identically zero external field; FastHare will see a field-free instance and reduce little"
QPLIB_3650,256,400,public-dsb,public:float32:matched,public,float32,0,ok,0,5.724,50,50,1800,"simulated-bifurcation schedule=matched env={'time_step': 1.16; 'pressure_slope': 0.002160573848414139; 'heat_coefficient': 0.06; 'init': 'uniform(-0.01;0.01)'}"
QPLIB_3650,256,800,dsb-gpu,auto,auto,fp32,0,ok,0,1.327,50,50,1800,"note: QPLIB_3650 has an identically zero external field; FastHare will see a field-free instance and reduce little"
QPLIB_3650,256,800,dsb-gpu,bit,bit,fp32,0,error,1,0.025,0,50,1800,"error: unknown variant: bit"
QPLIB_3650,256,800,dsb-gpu,csr-row,csr-row,fp32,0,ok,0,0.790,50,50,1800,"note: QPLIB_3650 has an identically zero external field; FastHare will see a field-free instance and reduce little"
QPLIB_3650,256,800,dsb-gpu,csr-block,csr-block,fp32,0,ok,0,0.643,50,50,1800,"note: QPLIB_3650 has an identically zero external field; FastHare will see a field-free instance and reduce little"
QPLIB_3650,256,800,dsb-gpu,block,block,fp32,0,ok,0,5.002,50,50,1800,"note: QPLIB_3650 has an identically zero external field; FastHare will see a field-free instance and reduce little"
QPLIB_3650,256,800,dsb-gpu,gemm,gemm,fp32,0,ok,0,2.204,50,50,1800,"note: QPLIB_3650 has an identically zero external field; FastHare will see a field-free instance and reduce little"
QPLIB_3650,256,800,dsb-gpu,gemm:fp32:notf32,gemm-notf32,fp32,0,error,1,0.025,0,50,1800,"error: unknown option: --no-tf32"
QPLIB_3650,256,800,dsb-gpu,gemm:int8,gemm,int8,0,ok,0,1.794,50,50,1800,"note: QPLIB_3650 has an identically zero external field; FastHare will see a field-free instance and reduce little"
QPLIB_3650,256,800,dsb-gpu,gemm:fp16,gemm,fp16,0,ok,0,2.414,50,50,1800,"note: QPLIB_3650 has an identically zero external field; FastHare will see a field-free instance and reduce little"
QPLIB_3650,256,800,public-dsb,public:float32:matched,public,float32,0,ok,0,9.244,50,50,1800,"simulated-bifurcation schedule=matched env={'time_step': 1.16; 'pressure_slope': 0.0010789348754909154; 'heat_coefficient': 0.06; 'init': 'uniform(-0.01;0.01)'}"
QPLIB_3650,256,1600,dsb-gpu,auto,auto,fp32,0,ok,0,1.922,50,50,1800,"note: QPLIB_3650 has an identically zero external field; FastHare will see a field-free instance and reduce little"
QPLIB_3650,256,1600,dsb-gpu,bit,bit,fp32,0,error,1,0.025,0,50,1800,"error: unknown variant: bit"
QPLIB_3650,256,1600,dsb-gpu,csr-row,csr-row,fp32,0,ok,0,1.024,50,50,1800,"note: QPLIB_3650 has an identically zero external field; FastHare will see a field-free instance and reduce little"
QPLIB_3650,256,1600,dsb-gpu,csr-block,csr-block,fp32,0,ok,0,0.722,50,50,1800,"note: QPLIB_3650 has an identically zero external field; FastHare will see a field-free instance and reduce little"
QPLIB_3650,256,1600,dsb-gpu,block,block,fp32,0,ok,0,9.337,50,50,1800,"note: QPLIB_3650 has an identically zero external field; FastHare will see a field-free instance and reduce little"
QPLIB_3650,256,1600,dsb-gpu,gemm,gemm,fp32,0,ok,0,3.403,50,50,1800,"note: QPLIB_3650 has an identically zero external field; FastHare will see a field-free instance and reduce little"
QPLIB_3650,256,1600,dsb-gpu,gemm:fp32:notf32,gemm-notf32,fp32,0,error,1,0.025,0,50,1800,"error: unknown option: --no-tf32"
QPLIB_3650,256,1600,dsb-gpu,gemm:int8,gemm,int8,0,ok,0,2.514,50,50,1800,"note: QPLIB_3650 has an identically zero external field; FastHare will see a field-free instance and reduce little"
QPLIB_3650,256,1600,dsb-gpu,gemm:fp16,gemm,fp16,0,ok,0,3.686,50,50,1800,"note: QPLIB_3650 has an identically zero external field; FastHare will see a field-free instance and reduce little"
QPLIB_3650,256,1600,public-dsb,public:float32:matched,public,float32,0,ok,0,16.824,50,50,1800,"simulated-bifurcation schedule=matched env={'time_step': 1.16; 'pressure_slope': 0.0005391300597356106; 'heat_coefficient': 0.06; 'init': 'uniform(-0.01;0.01)'}"
QPLIB_3693,256,200,dsb-gpu,auto,auto,fp32,0,ok,0,0.995,50,50,1800,"note: QPLIB_3693 has an identically zero external field; FastHare will see a field-free instance and reduce little"
QPLIB_3693,256,200,dsb-gpu,bit,bit,fp32,0,error,1,0.025,0,50,1800,"error: unknown variant: bit"
QPLIB_3693,256,200,dsb-gpu,csr-row,csr-row,fp32,0,ok,0,0.666,50,50,1800,"note: QPLIB_3693 has an identically zero external field; FastHare will see a field-free instance and reduce little"
QPLIB_3693,256,200,dsb-gpu,csr-block,csr-block,fp32,0,ok,0,0.641,50,50,1800,"note: QPLIB_3693 has an identically zero external field; FastHare will see a field-free instance and reduce little"
QPLIB_3693,256,200,dsb-gpu,block,block,fp32,0,ok,0,1.984,50,50,1800,"note: QPLIB_3693 has an identically zero external field; FastHare will see a field-free instance and reduce little"
QPLIB_3693,256,200,dsb-gpu,gemm,gemm,fp32,0,ok,0,1.431,50,50,1800,"note: QPLIB_3693 has an identically zero external field; FastHare will see a field-free instance and reduce little"
QPLIB_3693,256,200,dsb-gpu,gemm:fp32:notf32,gemm-notf32,fp32,0,error,1,0.025,0,50,1800,"error: unknown option: --no-tf32"
QPLIB_3693,256,200,dsb-gpu,gemm:int8,gemm,int8,0,ok,0,1.353,50,50,1800,"note: QPLIB_3693 has an identically zero external field; FastHare will see a field-free instance and reduce little"
QPLIB_3693,256,200,dsb-gpu,gemm:fp16,gemm,fp16,0,ok,0,1.641,50,50,1800,"note: QPLIB_3693 has an identically zero external field; FastHare will see a field-free instance and reduce little"
QPLIB_3693,256,200,public-dsb,public:float32:matched,public,float32,0,ok,0,3.848,50,50,1800,"simulated-bifurcation schedule=matched env={'time_step': 1.15; 'pressure_slope': 0.004369674459252786; 'heat_coefficient': 0.06; 'init': 'uniform(-0.01;0.01)'}"
QPLIB_3693,256,400,dsb-gpu,auto,auto,fp32,0,ok,0,1.165,50,50,1800,"note: QPLIB_3693 has an identically zero external field; FastHare will see a field-free instance and reduce little"
QPLIB_3693,256,400,dsb-gpu,bit,bit,fp32,0,error,1,0.025,0,50,1800,"error: unknown variant: bit"
QPLIB_3693,256,400,dsb-gpu,csr-row,csr-row,fp32,0,ok,0,0.726,50,50,1800,"note: QPLIB_3693 has an identically zero external field; FastHare will see a field-free instance and reduce little"
QPLIB_3693,256,400,dsb-gpu,csr-block,csr-block,fp32,0,ok,0,0.667,50,50,1800,"note: QPLIB_3693 has an identically zero external field; FastHare will see a field-free instance and reduce little"
QPLIB_3693,256,400,dsb-gpu,block,block,fp32,0,ok,0,3.156,50,50,1800,"note: QPLIB_3693 has an identically zero external field; FastHare will see a field-free instance and reduce little"
QPLIB_3693,256,400,dsb-gpu,gemm,gemm,fp32,0,ok,0,1.785,50,50,1800,"note: QPLIB_3693 has an identically zero external field; FastHare will see a field-free instance and reduce little"
QPLIB_3693,256,400,dsb-gpu,gemm:fp32:notf32,gemm-notf32,fp32,0,error,1,0.025,0,50,1800,"error: unknown option: --no-tf32"
QPLIB_3693,256,400,dsb-gpu,gemm:int8,gemm,int8,0,ok,0,1.518,50,50,1800,"note: QPLIB_3693 has an identically zero external field; FastHare will see a field-free instance and reduce little"
QPLIB_3693,256,400,dsb-gpu,gemm:fp16,gemm,fp16,0,ok,0,1.993,50,50,1800,"note: QPLIB_3693 has an identically zero external field; FastHare will see a field-free instance and reduce little"
QPLIB_3693,256,400,public-dsb,public:float32:matched,public,float32,0,ok,0,5.468,50,50,1800,"simulated-bifurcation schedule=matched env={'time_step': 1.15; 'pressure_slope': 0.002179361447096001; 'heat_coefficient': 0.06; 'init': 'uniform(-0.01;0.01)'}"
QPLIB_3693,256,800,dsb-gpu,auto,auto,fp32,0,ok,0,1.450,50,50,1800,"note: QPLIB_3693 has an identically zero external field; FastHare will see a field-free instance and reduce little"
QPLIB_3693,256,800,dsb-gpu,bit,bit,fp32,0,error,1,0.025,0,50,1800,"error: unknown variant: bit"
QPLIB_3693,256,800,dsb-gpu,csr-row,csr-row,fp32,0,ok,0,0.846,50,50,1800,"note: QPLIB_3693 has an identically zero external field; FastHare will see a field-free instance and reduce little"
QPLIB_3693,256,800,dsb-gpu,csr-block,csr-block,fp32,0,ok,0,0.712,50,50,1800,"note: QPLIB_3693 has an identically zero external field; FastHare will see a field-free instance and reduce little"
QPLIB_3693,256,800,dsb-gpu,block,block,fp32,0,ok,0,5.523,50,50,1800,"note: QPLIB_3693 has an identically zero external field; FastHare will see a field-free instance and reduce little"
QPLIB_3693,256,800,dsb-gpu,gemm,gemm,fp32,0,ok,0,2.482,50,50,1800,"note: QPLIB_3693 has an identically zero external field; FastHare will see a field-free instance and reduce little"
QPLIB_3693,256,800,dsb-gpu,gemm:fp32:notf32,gemm-notf32,fp32,0,error,1,0.025,0,50,1800,"error: unknown option: --no-tf32"
QPLIB_3693,256,800,dsb-gpu,gemm:int8,gemm,int8,0,ok,0,1.819,50,50,1800,"note: QPLIB_3693 has an identically zero external field; FastHare will see a field-free instance and reduce little"
QPLIB_3693,256,800,dsb-gpu,gemm:fp16,gemm,fp16,0,ok,0,2.689,50,50,1800,"note: QPLIB_3693 has an identically zero external field; FastHare will see a field-free instance and reduce little"
QPLIB_3693,256,800,public-dsb,public:float32:matched,public,float32,0,ok,0,9.173,50,50,1800,"simulated-bifurcation schedule=matched env={'time_step': 1.15; 'pressure_slope': 0.0010883169178864886; 'heat_coefficient': 0.06; 'init': 'uniform(-0.01;0.01)'}"
QPLIB_3693,256,1600,dsb-gpu,auto,auto,fp32,0,ok,0,2.055,50,50,1800,"note: QPLIB_3693 has an identically zero external field; FastHare will see a field-free instance and reduce little"
QPLIB_3693,256,1600,dsb-gpu,bit,bit,fp32,0,error,1,0.025,0,50,1800,"error: unknown variant: bit"
QPLIB_3693,256,1600,dsb-gpu,csr-row,csr-row,fp32,0,ok,0,1.071,50,50,1800,"note: QPLIB_3693 has an identically zero external field; FastHare will see a field-free instance and reduce little"
QPLIB_3693,256,1600,dsb-gpu,csr-block,csr-block,fp32,0,ok,0,0.815,50,50,1800,"note: QPLIB_3693 has an identically zero external field; FastHare will see a field-free instance and reduce little"
QPLIB_3693,256,1600,dsb-gpu,block,block,fp32,0,ok,0,10.252,50,50,1800,"note: QPLIB_3693 has an identically zero external field; FastHare will see a field-free instance and reduce little"
QPLIB_3693,256,1600,dsb-gpu,gemm,gemm,fp32,0,ok,0,3.896,50,50,1800,"note: QPLIB_3693 has an identically zero external field; FastHare will see a field-free instance and reduce little"
QPLIB_3693,256,1600,dsb-gpu,gemm:fp32:notf32,gemm-notf32,fp32,0,error,1,0.025,0,50,1800,"error: unknown option: --no-tf32"
QPLIB_3693,256,1600,dsb-gpu,gemm:int8,gemm,int8,0,ok,0,2.441,50,50,1800,"note: QPLIB_3693 has an identically zero external field; FastHare will see a field-free instance and reduce little"
QPLIB_3693,256,1600,dsb-gpu,gemm:fp16,gemm,fp16,0,ok,0,4.122,50,50,1800,"note: QPLIB_3693 has an identically zero external field; FastHare will see a field-free instance and reduce little"
QPLIB_3693,256,1600,public-dsb,public:float32:matched,public,float32,0,ok,0,15.316,50,50,1800,"simulated-bifurcation schedule=matched env={'time_step': 1.15; 'pressure_slope': 0.0005438181472115725; 'heat_coefficient': 0.06; 'init': 'uniform(-0.01;0.01)'}"
QPLIB_3705,1024,200,dsb-gpu,auto,auto,fp32,0,ok,0,0.899,50,50,1800,"note: QPLIB_3705 has an identically zero external field; FastHare will see a field-free instance and reduce little"
QPLIB_3705,1024,200,dsb-gpu,bit,bit,fp32,0,error,1,0.024,0,50,1800,"error: unknown variant: bit"
QPLIB_3705,1024,200,dsb-gpu,csr-row,csr-row,fp32,0,ok,0,0.568,50,50,1800,"note: QPLIB_3705 has an identically zero external field; FastHare will see a field-free instance and reduce little"
QPLIB_3705,1024,200,dsb-gpu,csr-block,csr-block,fp32,0,ok,0,0.542,50,50,1800,"note: QPLIB_3705 has an identically zero external field; FastHare will see a field-free instance and reduce little"
QPLIB_3705,1024,200,dsb-gpu,block,block,fp32,0,ok,0,1.373,50,50,1800,"note: QPLIB_3705 has an identically zero external field; FastHare will see a field-free instance and reduce little"
QPLIB_3705,1024,200,dsb-gpu,gemm,gemm,fp32,0,ok,0,1.181,50,50,1800,"note: QPLIB_3705 has an identically zero external field; FastHare will see a field-free instance and reduce little"
QPLIB_3705,1024,200,dsb-gpu,gemm:fp32:notf32,gemm-notf32,fp32,0,error,1,0.024,0,50,1800,"error: unknown option: --no-tf32"
QPLIB_3705,1024,200,dsb-gpu,gemm:int8,gemm,int8,0,ok,0,1.069,50,50,1800,"note: QPLIB_3705 has an identically zero external field; FastHare will see a field-free instance and reduce little"
QPLIB_3705,1024,200,dsb-gpu,gemm:fp16,gemm,fp16,0,ok,0,1.396,50,50,1800,"note: QPLIB_3705 has an identically zero external field; FastHare will see a field-free instance and reduce little"
QPLIB_3705,1024,200,public-dsb,public:float32:matched,public,float32,0,ok,0,4.212,50,50,1800,"simulated-bifurcation schedule=matched env={'time_step': 1.15; 'pressure_slope': 0.004369674459252786; 'heat_coefficient': 0.06; 'init': 'uniform(-0.01;0.01)'}"
QPLIB_3705,1024,400,dsb-gpu,auto,auto,fp32,0,ok,0,1.107,50,50,1800,"note: QPLIB_3705 has an identically zero external field; FastHare will see a field-free instance and reduce little"
QPLIB_3705,1024,400,dsb-gpu,bit,bit,fp32,0,error,1,0.024,0,50,1800,"error: unknown variant: bit"
QPLIB_3705,1024,400,dsb-gpu,csr-row,csr-row,fp32,0,ok,0,0.642,50,50,1800,"note: QPLIB_3705 has an identically zero external field; FastHare will see a field-free instance and reduce little"
QPLIB_3705,1024,400,dsb-gpu,csr-block,csr-block,fp32,0,ok,0,0.558,50,50,1800,"note: QPLIB_3705 has an identically zero external field; FastHare will see a field-free instance and reduce little"
QPLIB_3705,1024,400,dsb-gpu,block,block,fp32,0,ok,0,2.104,50,50,1800,"note: QPLIB_3705 has an identically zero external field; FastHare will see a field-free instance and reduce little"
QPLIB_3705,1024,400,dsb-gpu,gemm,gemm,fp32,0,ok,0,1.378,50,50,1800,"note: QPLIB_3705 has an identically zero external field; FastHare will see a field-free instance and reduce little"
QPLIB_3705,1024,400,dsb-gpu,gemm:fp32:notf32,gemm-notf32,fp32,0,error,1,0.024,0,50,1800,"error: unknown option: --no-tf32"
QPLIB_3705,1024,400,dsb-gpu,gemm:int8,gemm,int8,0,ok,0,1.196,50,50,1800,"note: QPLIB_3705 has an identically zero external field; FastHare will see a field-free instance and reduce little"
QPLIB_3705,1024,400,dsb-gpu,gemm:fp16,gemm,fp16,0,ok,0,1.629,50,50,1800,"note: QPLIB_3705 has an identically zero external field; FastHare will see a field-free instance and reduce little"
QPLIB_3705,1024,400,public-dsb,public:float32:matched,public,float32,0,ok,0,5.850,50,50,1800,"simulated-bifurcation schedule=matched env={'time_step': 1.15; 'pressure_slope': 0.002179361447096001; 'heat_coefficient': 0.06; 'init': 'uniform(-0.01;0.01)'}"
QPLIB_3705,1024,800,dsb-gpu,auto,auto,fp32,0,ok,0,1.554,50,50,1800,"note: QPLIB_3705 has an identically zero external field; FastHare will see a field-free instance and reduce little"
QPLIB_3705,1024,800,dsb-gpu,bit,bit,fp32,0,error,1,0.025,0,50,1800,"error: unknown variant: bit"
QPLIB_3705,1024,800,dsb-gpu,csr-row,csr-row,fp32,0,ok,0,0.748,50,50,1800,"note: QPLIB_3705 has an identically zero external field; FastHare will see a field-free instance and reduce little"
QPLIB_3705,1024,800,dsb-gpu,csr-block,csr-block,fp32,0,ok,0,0.627,50,50,1800,"note: QPLIB_3705 has an identically zero external field; FastHare will see a field-free instance and reduce little"
QPLIB_3705,1024,800,dsb-gpu,block,block,fp32,0,ok,0,3.574,50,50,1800,"note: QPLIB_3705 has an identically zero external field; FastHare will see a field-free instance and reduce little"
QPLIB_3705,1024,800,dsb-gpu,gemm,gemm,fp32,0,ok,0,1.788,50,50,1800,"note: QPLIB_3705 has an identically zero external field; FastHare will see a field-free instance and reduce little"
QPLIB_3705,1024,800,dsb-gpu,gemm:fp32:notf32,gemm-notf32,fp32,0,error,1,0.024,0,50,1800,"error: unknown option: --no-tf32"
QPLIB_3705,1024,800,dsb-gpu,gemm:int8,gemm,int8,0,ok,0,1.459,50,50,1800,"note: QPLIB_3705 has an identically zero external field; FastHare will see a field-free instance and reduce little"
QPLIB_3705,1024,800,dsb-gpu,gemm:fp16,gemm,fp16,0,ok,0,2.086,50,50,1800,"note: QPLIB_3705 has an identically zero external field; FastHare will see a field-free instance and reduce little"
QPLIB_3705,1024,800,public-dsb,public:float32:matched,public,float32,0,ok,0,9.167,50,50,1800,"simulated-bifurcation schedule=matched env={'time_step': 1.15; 'pressure_slope': 0.0010883169178864886; 'heat_coefficient': 0.06; 'init': 'uniform(-0.01;0.01)'}"
QPLIB_3705,1024,1600,dsb-gpu,auto,auto,fp32,0,ok,0,2.456,50,50,1800,"note: QPLIB_3705 has an identically zero external field; FastHare will see a field-free instance and reduce little"
QPLIB_3705,1024,1600,dsb-gpu,bit,bit,fp32,0,error,1,0.025,0,50,1800,"error: unknown variant: bit"
QPLIB_3705,1024,1600,dsb-gpu,csr-row,csr-row,fp32,0,ok,0,1.000,50,50,1800,"note: QPLIB_3705 has an identically zero external field; FastHare will see a field-free instance and reduce little"
QPLIB_3705,1024,1600,dsb-gpu,csr-block,csr-block,fp32,0,ok,0,0.743,50,50,1800,"note: QPLIB_3705 has an identically zero external field; FastHare will see a field-free instance and reduce little"
QPLIB_3705,1024,1600,dsb-gpu,block,block,fp32,0,ok,0,6.510,50,50,1800,"note: QPLIB_3705 has an identically zero external field; FastHare will see a field-free instance and reduce little"
QPLIB_3705,1024,1600,dsb-gpu,gemm,gemm,fp32,0,ok,0,2.639,50,50,1800,"note: QPLIB_3705 has an identically zero external field; FastHare will see a field-free instance and reduce little"
QPLIB_3705,1024,1600,dsb-gpu,gemm:fp32:notf32,gemm-notf32,fp32,0,error,1,0.024,0,50,1800,"error: unknown option: --no-tf32"
QPLIB_3705,1024,1600,dsb-gpu,gemm:int8,gemm,int8,0,ok,0,2.002,50,50,1800,"note: QPLIB_3705 has an identically zero external field; FastHare will see a field-free instance and reduce little"
QPLIB_3705,1024,1600,dsb-gpu,gemm:fp16,gemm,fp16,0,ok,0,2.991,50,50,1800,"note: QPLIB_3705 has an identically zero external field; FastHare will see a field-free instance and reduce little"
QPLIB_3705,1024,1600,public-dsb,public:float32:matched,public,float32,0,ok,0,16.828,50,50,1800,"simulated-bifurcation schedule=matched env={'time_step': 1.15; 'pressure_slope': 0.0005438181472115725; 'heat_coefficient': 0.06; 'init': 'uniform(-0.01;0.01)'}"
QPLIB_3706,512,200,dsb-gpu,auto,auto,fp32,0,ok,0,0.959,50,50,1800,"note: QPLIB_3706 has an identically zero external field; FastHare will see a field-free instance and reduce little"
QPLIB_3706,512,200,dsb-gpu,bit,bit,fp32,0,error,1,0.025,0,50,1800,"error: unknown variant: bit"
QPLIB_3706,512,200,dsb-gpu,csr-row,csr-row,fp32,0,ok,0,0.635,50,50,1800,"note: QPLIB_3706 has an identically zero external field; FastHare will see a field-free instance and reduce little"
QPLIB_3706,512,200,dsb-gpu,csr-block,csr-block,fp32,0,ok,0,0.574,50,50,1800,"note: QPLIB_3706 has an identically zero external field; FastHare will see a field-free instance and reduce little"
QPLIB_3706,512,200,dsb-gpu,block,block,fp32,0,ok,0,1.709,50,50,1800,"note: QPLIB_3706 has an identically zero external field; FastHare will see a field-free instance and reduce little"
QPLIB_3706,512,200,dsb-gpu,gemm,gemm,fp32,0,ok,0,1.199,50,50,1800,"note: QPLIB_3706 has an identically zero external field; FastHare will see a field-free instance and reduce little"
QPLIB_3706,512,200,dsb-gpu,gemm:fp32:notf32,gemm-notf32,fp32,0,error,1,0.025,0,50,1800,"error: unknown option: --no-tf32"
QPLIB_3706,512,200,dsb-gpu,gemm:int8,gemm,int8,0,ok,0,1.183,50,50,1800,"note: QPLIB_3706 has an identically zero external field; FastHare will see a field-free instance and reduce little"
QPLIB_3706,512,200,dsb-gpu,gemm:fp16,gemm,fp16,0,ok,0,1.358,50,50,1800,"note: QPLIB_3706 has an identically zero external field; FastHare will see a field-free instance and reduce little"
QPLIB_3706,512,200,public-dsb,public:float32:matched,public,float32,0,ok,0,4.146,50,50,1800,"simulated-bifurcation schedule=matched env={'time_step': 1.16; 'pressure_slope': 0.004332004851845435; 'heat_coefficient': 0.06; 'init': 'uniform(-0.01;0.01)'}"
QPLIB_3706,512,400,dsb-gpu,auto,auto,fp32,0,ok,0,1.151,50,50,1800,"note: QPLIB_3706 has an identically zero external field; FastHare will see a field-free instance and reduce little"
QPLIB_3706,512,400,dsb-gpu,bit,bit,fp32,0,error,1,0.025,0,50,1800,"error: unknown variant: bit"
QPLIB_3706,512,400,dsb-gpu,csr-row,csr-row,fp32,0,ok,0,0.670,50,50,1800,"note: QPLIB_3706 has an identically zero external field; FastHare will see a field-free instance and reduce little"
QPLIB_3706,512,400,dsb-gpu,csr-block,csr-block,fp32,0,ok,0,0.611,50,50,1800,"note: QPLIB_3706 has an identically zero external field; FastHare will see a field-free instance and reduce little"
QPLIB_3706,512,400,dsb-gpu,block,block,fp32,0,ok,0,2.720,50,50,1800,"note: QPLIB_3706 has an identically zero external field; FastHare will see a field-free instance and reduce little"
QPLIB_3706,512,400,dsb-gpu,gemm,gemm,fp32,0,ok,0,1.399,50,50,1800,"note: QPLIB_3706 has an identically zero external field; FastHare will see a field-free instance and reduce little"
QPLIB_3706,512,400,dsb-gpu,gemm:fp32:notf32,gemm-notf32,fp32,0,error,1,0.025,0,50,1800,"error: unknown option: --no-tf32"
QPLIB_3706,512,400,dsb-gpu,gemm:int8,gemm,int8,0,ok,0,1.315,50,50,1800,"note: QPLIB_3706 has an identically zero external field; FastHare will see a field-free instance and reduce little"
QPLIB_3706,512,400,dsb-gpu,gemm:fp16,gemm,fp16,0,ok,0,1.489,50,50,1800,"note: QPLIB_3706 has an identically zero external field; FastHare will see a field-free instance and reduce little"
QPLIB_3706,512,400,public-dsb,public:float32:matched,public,float32,0,ok,0,5.625,50,50,1800,"simulated-bifurcation schedule=matched env={'time_step': 1.16; 'pressure_slope': 0.002160573848414139; 'heat_coefficient': 0.06; 'init': 'uniform(-0.01;0.01)'}"
QPLIB_3706,512,800,dsb-gpu,auto,auto,fp32,0,ok,0,1.595,50,50,1800,"note: QPLIB_3706 has an identically zero external field; FastHare will see a field-free instance and reduce little"
QPLIB_3706,512,800,dsb-gpu,bit,bit,fp32,0,error,1,0.025,0,50,1800,"error: unknown variant: bit"
QPLIB_3706,512,800,dsb-gpu,csr-row,csr-row,fp32,0,ok,0,0.790,50,50,1800,"note: QPLIB_3706 has an identically zero external field; FastHare will see a field-free instance and reduce little"
QPLIB_3706,512,800,dsb-gpu,csr-block,csr-block,fp32,0,ok,0,0.658,50,50,1800,"note: QPLIB_3706 has an identically zero external field; FastHare will see a field-free instance and reduce little"
QPLIB_3706,512,800,dsb-gpu,block,block,fp32,0,ok,0,4.760,50,50,1800,"note: QPLIB_3706 has an identically zero external field; FastHare will see a field-free instance and reduce little"
QPLIB_3706,512,800,dsb-gpu,gemm,gemm,fp32,0,ok,0,1.747,50,50,1800,"note: QPLIB_3706 has an identically zero external field; FastHare will see a field-free instance and reduce little"
QPLIB_3706,512,800,dsb-gpu,gemm:fp32:notf32,gemm-notf32,fp32,0,error,1,0.025,0,50,1800,"error: unknown option: --no-tf32"
QPLIB_3706,512,800,dsb-gpu,gemm:int8,gemm,int8,0,ok,0,1.614,50,50,1800,"note: QPLIB_3706 has an identically zero external field; FastHare will see a field-free instance and reduce little"
QPLIB_3706,512,800,dsb-gpu,gemm:fp16,gemm,fp16,0,ok,0,1.777,50,50,1800,"note: QPLIB_3706 has an identically zero external field; FastHare will see a field-free instance and reduce little"
QPLIB_3706,512,800,public-dsb,public:float32:matched,public,float32,0,ok,0,9.355,50,50,1800,"simulated-bifurcation schedule=matched env={'time_step': 1.16; 'pressure_slope': 0.0010789348754909154; 'heat_coefficient': 0.06; 'init': 'uniform(-0.01;0.01)'}"
QPLIB_3706,512,1600,dsb-gpu,auto,auto,fp32,0,ok,0,2.482,50,50,1800,"note: QPLIB_3706 has an identically zero external field; FastHare will see a field-free instance and reduce little"
QPLIB_3706,512,1600,dsb-gpu,bit,bit,fp32,0,error,1,0.025,0,50,1800,"error: unknown variant: bit"
QPLIB_3706,512,1600,dsb-gpu,csr-row,csr-row,fp32,0,ok,0,1.028,50,50,1800,"note: QPLIB_3706 has an identically zero external field; FastHare will see a field-free instance and reduce little"
QPLIB_3706,512,1600,dsb-gpu,csr-block,csr-block,fp32,0,ok,0,0.782,50,50,1800,"note: QPLIB_3706 has an identically zero external field; FastHare will see a field-free instance and reduce little"
QPLIB_3706,512,1600,dsb-gpu,block,block,fp32,0,ok,0,8.802,50,50,1800,"note: QPLIB_3706 has an identically zero external field; FastHare will see a field-free instance and reduce little"
QPLIB_3706,512,1600,dsb-gpu,gemm,gemm,fp32,0,ok,0,2.499,50,50,1800,"note: QPLIB_3706 has an identically zero external field; FastHare will see a field-free instance and reduce little"
QPLIB_3706,512,1600,dsb-gpu,gemm:fp32:notf32,gemm-notf32,fp32,0,error,1,0.025,0,50,1800,"error: unknown option: --no-tf32"
QPLIB_3706,512,1600,dsb-gpu,gemm:int8,gemm,int8,0,ok,0,2.139,50,50,1800,"note: QPLIB_3706 has an identically zero external field; FastHare will see a field-free instance and reduce little"
QPLIB_3706,512,1600,dsb-gpu,gemm:fp16,gemm,fp16,0,ok,0,2.325,50,50,1800,"note: QPLIB_3706 has an identically zero external field; FastHare will see a field-free instance and reduce little"
QPLIB_3706,512,1600,public-dsb,public:float32:matched,public,float32,0,ok,0,16.637,50,50,1800,"simulated-bifurcation schedule=matched env={'time_step': 1.16; 'pressure_slope': 0.0005391300597356106; 'heat_coefficient': 0.06; 'init': 'uniform(-0.01;0.01)'}"
QPLIB_3738,1024,200,dsb-gpu,auto,auto,fp32,0,ok,0,1.013,50,50,1800,"note: QPLIB_3738 has an identically zero external field; FastHare will see a field-free instance and reduce little"
QPLIB_3738,1024,200,dsb-gpu,bit,bit,fp32,0,error,1,0.025,0,50,1800,"error: unknown variant: bit"
QPLIB_3738,1024,200,dsb-gpu,csr-row,csr-row,fp32,0,ok,0,0.612,50,50,1800,"note: QPLIB_3738 has an identically zero external field; FastHare will see a field-free instance and reduce little"
QPLIB_3738,1024,200,dsb-gpu,csr-block,csr-block,fp32,0,ok,0,0.563,50,50,1800,"note: QPLIB_3738 has an identically zero external field; FastHare will see a field-free instance and reduce little"
QPLIB_3738,1024,200,dsb-gpu,block,block,fp32,0,ok,0,1.909,50,50,1800,"note: QPLIB_3738 has an identically zero external field; FastHare will see a field-free instance and reduce little"
QPLIB_3738,1024,200,dsb-gpu,gemm,gemm,fp32,0,ok,0,1.179,50,50,1800,"note: QPLIB_3738 has an identically zero external field; FastHare will see a field-free instance and reduce little"
QPLIB_3738,1024,200,dsb-gpu,gemm:fp32:notf32,gemm-notf32,fp32,0,error,1,0.025,0,50,1800,"error: unknown option: --no-tf32"
QPLIB_3738,1024,200,dsb-gpu,gemm:int8,gemm,int8,0,ok,0,1.159,50,50,1800,"note: QPLIB_3738 has an identically zero external field; FastHare will see a field-free instance and reduce little"
QPLIB_3738,1024,200,dsb-gpu,gemm:fp16,gemm,fp16,0,ok,0,1.397,50,50,1800,"note: QPLIB_3738 has an identically zero external field; FastHare will see a field-free instance and reduce little"
QPLIB_3738,1024,200,public-dsb,public:float32:matched,public,float32,0,ok,0,4.208,50,50,1800,"simulated-bifurcation schedule=matched env={'time_step': 1.16; 'pressure_slope': 0.004332004851845435; 'heat_coefficient': 0.06; 'init': 'uniform(-0.01;0.01)'}"
QPLIB_3738,1024,400,dsb-gpu,auto,auto,fp32,0,ok,0,1.323,50,50,1800,"note: QPLIB_3738 has an identically zero external field; FastHare will see a field-free instance and reduce little"
QPLIB_3738,1024,400,dsb-gpu,bit,bit,fp32,0,error,1,0.025,0,50,1800,"error: unknown variant: bit"
QPLIB_3738,1024,400,dsb-gpu,csr-row,csr-row,fp32,0,ok,0,0.686,50,50,1800,"note: QPLIB_3738 has an identically zero external field; FastHare will see a field-free instance and reduce little"
QPLIB_3738,1024,400,dsb-gpu,csr-block,csr-block,fp32,0,ok,0,0.596,50,50,1800,"note: QPLIB_3738 has an identically zero external field; FastHare will see a field-free instance and reduce little"
QPLIB_3738,1024,400,dsb-gpu,block,block,fp32,0,ok,0,3.163,50,50,1800,"note: QPLIB_3738 has an identically zero external field; FastHare will see a field-free instance and reduce little"
QPLIB_3738,1024,400,dsb-gpu,gemm,gemm,fp32,0,ok,0,1.349,50,50,1800,"note: QPLIB_3738 has an identically zero external field; FastHare will see a field-free instance and reduce little"
QPLIB_3738,1024,400,dsb-gpu,gemm:fp32:notf32,gemm-notf32,fp32,0,error,1,0.024,0,50,1800,"error: unknown option: --no-tf32"
QPLIB_3738,1024,400,dsb-gpu,gemm:int8,gemm,int8,0,ok,0,1.305,50,50,1800,"note: QPLIB_3738 has an identically zero external field; FastHare will see a field-free instance and reduce little"
QPLIB_3738,1024,400,dsb-gpu,gemm:fp16,gemm,fp16,0,ok,0,1.570,50,50,1800,"note: QPLIB_3738 has an identically zero external field; FastHare will see a field-free instance and reduce little"
QPLIB_3738,1024,400,public-dsb,public:float32:matched,public,float32,0,ok,0,5.655,50,50,1800,"simulated-bifurcation schedule=matched env={'time_step': 1.16; 'pressure_slope': 0.002160573848414139; 'heat_coefficient': 0.06; 'init': 'uniform(-0.01;0.01)'}"
QPLIB_3738,1024,800,dsb-gpu,auto,auto,fp32,0,ok,0,1.949,50,50,1800,"note: QPLIB_3738 has an identically zero external field; FastHare will see a field-free instance and reduce little"
QPLIB_3738,1024,800,dsb-gpu,bit,bit,fp32,0,error,1,0.025,0,50,1800,"error: unknown variant: bit"
QPLIB_3738,1024,800,dsb-gpu,csr-row,csr-row,fp32,0,ok,0,0.826,50,50,1800,"note: QPLIB_3738 has an identically zero external field; FastHare will see a field-free instance and reduce little"
QPLIB_3738,1024,800,dsb-gpu,csr-block,csr-block,fp32,0,ok,0,0.669,50,50,1800,"note: QPLIB_3738 has an identically zero external field; FastHare will see a field-free instance and reduce little"
QPLIB_3738,1024,800,dsb-gpu,block,block,fp32,0,ok,0,5.644,50,50,1800,"note: QPLIB_3738 has an identically zero external field; FastHare will see a field-free instance and reduce little"
QPLIB_3738,1024,800,dsb-gpu,gemm,gemm,fp32,0,ok,0,1.700,50,50,1800,"note: QPLIB_3738 has an identically zero external field; FastHare will see a field-free instance and reduce little"
QPLIB_3738,1024,800,dsb-gpu,gemm:fp32:notf32,gemm-notf32,fp32,0,error,1,0.025,0,50,1800,"error: unknown option: --no-tf32"
QPLIB_3738,1024,800,dsb-gpu,gemm:int8,gemm,int8,0,ok,0,1.600,50,50,1800,"note: QPLIB_3738 has an identically zero external field; FastHare will see a field-free instance and reduce little"
QPLIB_3738,1024,800,dsb-gpu,gemm:fp16,gemm,fp16,0,ok,0,1.904,50,50,1800,"note: QPLIB_3738 has an identically zero external field; FastHare will see a field-free instance and reduce little"
QPLIB_3738,1024,800,public-dsb,public:float32:matched,public,float32,0,ok,0,9.537,50,50,1800,"simulated-bifurcation schedule=matched env={'time_step': 1.16; 'pressure_slope': 0.0010789348754909154; 'heat_coefficient': 0.06; 'init': 'uniform(-0.01;0.01)'}"
QPLIB_3738,1024,1600,dsb-gpu,auto,auto,fp32,0,ok,0,3.202,50,50,1800,"note: QPLIB_3738 has an identically zero external field; FastHare will see a field-free instance and reduce little"
QPLIB_3738,1024,1600,dsb-gpu,bit,bit,fp32,0,error,1,0.025,0,50,1800,"error: unknown variant: bit"
QPLIB_3738,1024,1600,dsb-gpu,csr-row,csr-row,fp32,0,ok,0,1.109,50,50,1800,"note: QPLIB_3738 has an identically zero external field; FastHare will see a field-free instance and reduce little"
QPLIB_3738,1024,1600,dsb-gpu,csr-block,csr-block,fp32,0,ok,0,0.813,50,50,1800,"note: QPLIB_3738 has an identically zero external field; FastHare will see a field-free instance and reduce little"
QPLIB_3738,1024,1600,dsb-gpu,block,block,fp32,0,ok,0,10.589,50,50,1800,"note: QPLIB_3738 has an identically zero external field; FastHare will see a field-free instance and reduce little"
QPLIB_3738,1024,1600,dsb-gpu,gemm,gemm,fp32,0,ok,0,2.426,50,50,1800,"note: QPLIB_3738 has an identically zero external field; FastHare will see a field-free instance and reduce little"
QPLIB_3738,1024,1600,dsb-gpu,gemm:fp32:notf32,gemm-notf32,fp32,0,error,1,0.024,0,50,1800,"error: unknown option: --no-tf32"
QPLIB_3738,1024,1600,dsb-gpu,gemm:int8,gemm,int8,0,ok,0,2.242,50,50,1800,"note: QPLIB_3738 has an identically zero external field; FastHare will see a field-free instance and reduce little"
QPLIB_3738,1024,1600,dsb-gpu,gemm:fp16,gemm,fp16,0,ok,0,2.569,50,50,1800,"note: QPLIB_3738 has an identically zero external field; FastHare will see a field-free instance and reduce little"
QPLIB_3738,1024,1600,public-dsb,public:float32:matched,public,float32,0,ok,0,16.436,50,50,1800,"simulated-bifurcation schedule=matched env={'time_step': 1.16; 'pressure_slope': 0.0005391300597356106; 'heat_coefficient': 0.06; 'init': 'uniform(-0.01;0.01)'}"
QPLIB_3745,2048,200,dsb-gpu,auto,auto,fp32,0,ok,0,1.386,50,50,1800,"note: QPLIB_3745 has an identically zero external field; FastHare will see a field-free instance and reduce little"
QPLIB_3745,2048,200,dsb-gpu,bit,bit,fp32,0,error,1,0.024,0,50,1800,"error: unknown variant: bit"
QPLIB_3745,2048,200,dsb-gpu,csr-row,csr-row,fp32,0,ok,0,0.668,50,50,1800,"note: QPLIB_3745 has an identically zero external field; FastHare will see a field-free instance and reduce little"
QPLIB_3745,2048,200,dsb-gpu,csr-block,csr-block,fp32,0,ok,0,0.627,50,50,1800,"note: QPLIB_3745 has an identically zero external field; FastHare will see a field-free instance and reduce little"
QPLIB_3745,2048,200,dsb-gpu,block,block,fp32,0,ok,0,2.066,50,50,1800,"note: QPLIB_3745 has an identically zero external field; FastHare will see a field-free instance and reduce little"
QPLIB_3745,2048,200,dsb-gpu,gemm,gemm,fp32,0,ok,0,1.392,50,50,1800,"note: QPLIB_3745 has an identically zero external field; FastHare will see a field-free instance and reduce little"
QPLIB_3745,2048,200,dsb-gpu,gemm:fp32:notf32,gemm-notf32,fp32,0,error,1,0.025,0,50,1800,"error: unknown option: --no-tf32"
QPLIB_3745,2048,200,dsb-gpu,gemm:int8,gemm,int8,0,ok,0,1.265,50,50,1800,"note: QPLIB_3745 has an identically zero external field; FastHare will see a field-free instance and reduce little"
QPLIB_3745,2048,200,dsb-gpu,gemm:fp16,gemm,fp16,0,ok,0,1.627,50,50,1800,"note: QPLIB_3745 has an identically zero external field; FastHare will see a field-free instance and reduce little"
QPLIB_3745,2048,200,public-dsb,public:float32:matched,public,float32,0,ok,0,4.018,50,50,1800,"simulated-bifurcation schedule=matched env={'time_step': 1.17; 'pressure_slope': 0.004294979169351029; 'heat_coefficient': 0.06; 'init': 'uniform(-0.01;0.01)'}"
QPLIB_3745,2048,400,dsb-gpu,auto,auto,fp32,0,ok,0,1.630,50,50,1800,"note: QPLIB_3745 has an identically zero external field; FastHare will see a field-free instance and reduce little"
QPLIB_3745,2048,400,dsb-gpu,bit,bit,fp32,0,error,1,0.024,0,50,1800,"error: unknown variant: bit"
QPLIB_3745,2048,400,dsb-gpu,csr-row,csr-row,fp32,0,ok,0,0.774,50,50,1800,"note: QPLIB_3745 has an identically zero external field; FastHare will see a field-free instance and reduce little"
QPLIB_3745,2048,400,dsb-gpu,csr-block,csr-block,fp32,0,ok,0,0.678,50,50,1800,"note: QPLIB_3745 has an identically zero external field; FastHare will see a field-free instance and reduce little"
QPLIB_3745,2048,400,dsb-gpu,block,block,fp32,0,ok,0,3.360,50,50,1800,"note: QPLIB_3745 has an identically zero external field; FastHare will see a field-free instance and reduce little"
QPLIB_3745,2048,400,dsb-gpu,gemm,gemm,fp32,0,ok,0,1.630,50,50,1800,"note: QPLIB_3745 has an identically zero external field; FastHare will see a field-free instance and reduce little"
QPLIB_3745,2048,400,dsb-gpu,gemm:fp32:notf32,gemm-notf32,fp32,0,error,1,0.025,0,50,1800,"error: unknown option: --no-tf32"
QPLIB_3745,2048,400,dsb-gpu,gemm:int8,gemm,int8,0,ok,0,1.458,50,50,1800,"note: QPLIB_3745 has an identically zero external field; FastHare will see a field-free instance and reduce little"
QPLIB_3745,2048,400,dsb-gpu,gemm:fp16,gemm,fp16,0,ok,0,1.830,50,50,1800,"note: QPLIB_3745 has an identically zero external field; FastHare will see a field-free instance and reduce little"
QPLIB_3745,2048,400,public-dsb,public:float32:matched,public,float32,0,ok,0,5.737,50,50,1800,"simulated-bifurcation schedule=matched env={'time_step': 1.17; 'pressure_slope': 0.0021421074052653; 'heat_coefficient': 0.06; 'init': 'uniform(-0.01;0.01)'}"
QPLIB_3745,2048,800,dsb-gpu,auto,auto,fp32,0,ok,0,2.157,50,50,1800,"note: QPLIB_3745 has an identically zero external field; FastHare will see a field-free instance and reduce little"
QPLIB_3745,2048,800,dsb-gpu,bit,bit,fp32,0,error,1,0.025,0,50,1800,"error: unknown variant: bit"
QPLIB_3745,2048,800,dsb-gpu,csr-row,csr-row,fp32,0,ok,0,0.948,50,50,1800,"note: QPLIB_3745 has an identically zero external field; FastHare will see a field-free instance and reduce little"
QPLIB_3745,2048,800,dsb-gpu,csr-block,csr-block,fp32,0,ok,0,0.788,50,50,1800,"note: QPLIB_3745 has an identically zero external field; FastHare will see a field-free instance and reduce little"
QPLIB_3745,2048,800,dsb-gpu,block,block,fp32,0,ok,0,5.916,50,50,1800,"note: QPLIB_3745 has an identically zero external field; FastHare will see a field-free instance and reduce little"
QPLIB_3745,2048,800,dsb-gpu,gemm,gemm,fp32,0,ok,0,2.119,50,50,1800,"note: QPLIB_3745 has an identically zero external field; FastHare will see a field-free instance and reduce little"
QPLIB_3745,2048,800,dsb-gpu,gemm:fp32:notf32,gemm-notf32,fp32,0,error,1,0.025,0,50,1800,"error: unknown option: --no-tf32"
QPLIB_3745,2048,800,dsb-gpu,gemm:int8,gemm,int8,0,ok,0,1.772,50,50,1800,"note: QPLIB_3745 has an identically zero external field; FastHare will see a field-free instance and reduce little"
QPLIB_3745,2048,800,dsb-gpu,gemm:fp16,gemm,fp16,0,ok,0,2.203,50,50,1800,"note: QPLIB_3745 has an identically zero external field; FastHare will see a field-free instance and reduce little"
QPLIB_3745,2048,800,public-dsb,public:float32:matched,public,float32,0,ok,0,9.136,50,50,1800,"simulated-bifurcation schedule=matched env={'time_step': 1.17; 'pressure_slope': 0.001069713209888429; 'heat_coefficient': 0.06; 'init': 'uniform(-0.01;0.01)'}"
QPLIB_3745,2048,1600,dsb-gpu,auto,auto,fp32,0,ok,0,3.108,50,50,1800,"note: QPLIB_3745 has an identically zero external field; FastHare will see a field-free instance and reduce little"
QPLIB_3745,2048,1600,dsb-gpu,bit,bit,fp32,0,error,1,0.025,0,50,1800,"error: unknown variant: bit"
QPLIB_3745,2048,1600,dsb-gpu,csr-row,csr-row,fp32,0,ok,0,1.363,50,50,1800,"note: QPLIB_3745 has an identically zero external field; FastHare will see a field-free instance and reduce little"
QPLIB_3745,2048,1600,dsb-gpu,csr-block,csr-block,fp32,0,ok,0,0.993,50,50,1800,"note: QPLIB_3745 has an identically zero external field; FastHare will see a field-free instance and reduce little"
QPLIB_3745,2048,1600,dsb-gpu,block,block,fp32,0,ok,0,11.027,50,50,1800,"note: QPLIB_3745 has an identically zero external field; FastHare will see a field-free instance and reduce little"
QPLIB_3745,2048,1600,dsb-gpu,gemm,gemm,fp32,0,ok,0,3.078,50,50,1800,"note: QPLIB_3745 has an identically zero external field; FastHare will see a field-free instance and reduce little"
QPLIB_3745,2048,1600,dsb-gpu,gemm:fp32:notf32,gemm-notf32,fp32,0,error,1,0.025,0,50,1800,"error: unknown option: --no-tf32"
QPLIB_3745,2048,1600,dsb-gpu,gemm:int8,gemm,int8,0,ok,0,2.500,50,50,1800,"note: QPLIB_3745 has an identically zero external field; FastHare will see a field-free instance and reduce little"
QPLIB_3745,2048,1600,dsb-gpu,gemm:fp16,gemm,fp16,0,ok,0,2.935,50,50,1800,"note: QPLIB_3745 has an identically zero external field; FastHare will see a field-free instance and reduce little"
QPLIB_3745,2048,1600,public-dsb,public:float32:matched,public,float32,0,ok,0,16.737,50,50,1800,"simulated-bifurcation schedule=matched env={'time_step': 1.17; 'pressure_slope': 0.0005345221105071011; 'heat_coefficient': 0.06; 'init': 'uniform(-0.01;0.01)'}"
QPLIB_3822,512,200,dsb-gpu,auto,auto,fp32,0,ok,0,1.029,50,50,1800,"note: QPLIB_3822 has an identically zero external field; FastHare will see a field-free instance and reduce little"
QPLIB_3822,512,200,dsb-gpu,bit,bit,fp32,0,error,1,0.025,0,50,1800,"error: unknown variant: bit"
QPLIB_3822,512,200,dsb-gpu,csr-row,csr-row,fp32,0,ok,0,0.670,50,50,1800,"note: QPLIB_3822 has an identically zero external field; FastHare will see a field-free instance and reduce little"
QPLIB_3822,512,200,dsb-gpu,csr-block,csr-block,fp32,0,ok,0,0.629,50,50,1800,"note: QPLIB_3822 has an identically zero external field; FastHare will see a field-free instance and reduce little"
QPLIB_3822,512,200,dsb-gpu,block,block,fp32,0,ok,0,2.217,50,50,1800,"note: QPLIB_3822 has an identically zero external field; FastHare will see a field-free instance and reduce little"
QPLIB_3822,512,200,dsb-gpu,gemm,gemm,fp32,0,ok,0,1.449,50,50,1800,"note: QPLIB_3822 has an identically zero external field; FastHare will see a field-free instance and reduce little"
QPLIB_3822,512,200,dsb-gpu,gemm:fp32:notf32,gemm-notf32,fp32,0,error,1,0.025,0,50,1800,"error: unknown option: --no-tf32"
QPLIB_3822,512,200,dsb-gpu,gemm:int8,gemm,int8,0,ok,0,1.278,50,50,1800,"note: QPLIB_3822 has an identically zero external field; FastHare will see a field-free instance and reduce little"
QPLIB_3822,512,200,dsb-gpu,gemm:fp16,gemm,fp16,0,ok,0,1.540,50,50,1800,"note: QPLIB_3822 has an identically zero external field; FastHare will see a field-free instance and reduce little"
QPLIB_3822,512,200,public-dsb,public:float32:matched,public,float32,0,ok,0,4.068,50,50,1800,"simulated-bifurcation schedule=matched env={'time_step': 1.15; 'pressure_slope': 0.004369674459252786; 'heat_coefficient': 0.06; 'init': 'uniform(-0.01;0.01)'}"
QPLIB_3822,512,400,dsb-gpu,auto,auto,fp32,0,ok,0,1.238,50,50,1800,"note: QPLIB_3822 has an identically zero external field; FastHare will see a field-free instance and reduce little"
QPLIB_3822,512,400,dsb-gpu,bit,bit,fp32,0,error,1,0.025,0,50,1800,"error: unknown variant: bit"
QPLIB_3822,512,400,dsb-gpu,csr-row,csr-row,fp32,0,ok,0,0.733,50,50,1800,"note: QPLIB_3822 has an identically zero external field; FastHare will see a field-free instance and reduce little"
QPLIB_3822,512,400,dsb-gpu,csr-block,csr-block,fp32,0,ok,0,0.668,50,50,1800,"note: QPLIB_3822 has an identically zero external field; FastHare will see a field-free instance and reduce little"
QPLIB_3822,512,400,dsb-gpu,block,block,fp32,0,ok,0,3.687,50,50,1800,"note: QPLIB_3822 has an identically zero external field; FastHare will see a field-free instance and reduce little"
QPLIB_3822,512,400,dsb-gpu,gemm,gemm,fp32,0,ok,0,1.798,50,50,1800,"note: QPLIB_3822 has an identically zero external field; FastHare will see a field-free instance and reduce little"
QPLIB_3822,512,400,dsb-gpu,gemm:fp32:notf32,gemm-notf32,fp32,0,error,1,0.025,0,50,1800,"error: unknown option: --no-tf32"
QPLIB_3822,512,400,dsb-gpu,gemm:int8,gemm,int8,0,ok,0,1.408,50,50,1800,"note: QPLIB_3822 has an identically zero external field; FastHare will see a field-free instance and reduce little"
QPLIB_3822,512,400,dsb-gpu,gemm:fp16,gemm,fp16,0,ok,0,1.736,50,50,1800,"note: QPLIB_3822 has an identically zero external field; FastHare will see a field-free instance and reduce little"
QPLIB_3822,512,400,public-dsb,public:float32:matched,public,float32,0,ok,0,5.780,50,50,1800,"simulated-bifurcation schedule=matched env={'time_step': 1.15; 'pressure_slope': 0.002179361447096001; 'heat_coefficient': 0.06; 'init': 'uniform(-0.01;0.01)'}"
QPLIB_3822,512,800,dsb-gpu,auto,auto,fp32,0,ok,0,1.696,50,50,1800,"note: QPLIB_3822 has an identically zero external field; FastHare will see a field-free instance and reduce little"
QPLIB_3822,512,800,dsb-gpu,bit,bit,fp32,0,error,1,0.025,0,50,1800,"error: unknown variant: bit"
QPLIB_3822,512,800,dsb-gpu,csr-row,csr-row,fp32,0,ok,0,0.879,50,50,1800,"note: QPLIB_3822 has an identically zero external field; FastHare will see a field-free instance and reduce little"
QPLIB_3822,512,800,dsb-gpu,csr-block,csr-block,fp32,0,ok,0,0.733,50,50,1800,"note: QPLIB_3822 has an identically zero external field; FastHare will see a field-free instance and reduce little"
QPLIB_3822,512,800,dsb-gpu,block,block,fp32,0,ok,0,6.629,50,50,1800,"note: QPLIB_3822 has an identically zero external field; FastHare will see a field-free instance and reduce little"
QPLIB_3822,512,800,dsb-gpu,gemm,gemm,fp32,0,ok,0,2.481,50,50,1800,"note: QPLIB_3822 has an identically zero external field; FastHare will see a field-free instance and reduce little"
QPLIB_3822,512,800,dsb-gpu,gemm:fp32:notf32,gemm-notf32,fp32,0,error,1,0.025,0,50,1800,"error: unknown option: --no-tf32"
QPLIB_3822,512,800,dsb-gpu,gemm:int8,gemm,int8,0,ok,0,1.704,50,50,1800,"note: QPLIB_3822 has an identically zero external field; FastHare will see a field-free instance and reduce little"
QPLIB_3822,512,800,dsb-gpu,gemm:fp16,gemm,fp16,0,ok,0,2.166,50,50,1800,"note: QPLIB_3822 has an identically zero external field; FastHare will see a field-free instance and reduce little"
QPLIB_3822,512,800,public-dsb,public:float32:matched,public,float32,0,ok,0,9.317,50,50,1800,"simulated-bifurcation schedule=matched env={'time_step': 1.15; 'pressure_slope': 0.0010883169178864886; 'heat_coefficient': 0.06; 'init': 'uniform(-0.01;0.01)'}"
QPLIB_3822,512,1600,dsb-gpu,auto,auto,fp32,0,ok,0,2.614,50,50,1800,"note: QPLIB_3822 has an identically zero external field; FastHare will see a field-free instance and reduce little"
QPLIB_3822,512,1600,dsb-gpu,bit,bit,fp32,0,error,1,0.025,0,50,1800,"error: unknown variant: bit"
QPLIB_3822,512,1600,dsb-gpu,csr-row,csr-row,fp32,0,ok,0,1.179,50,50,1800,"note: QPLIB_3822 has an identically zero external field; FastHare will see a field-free instance and reduce little"
QPLIB_3822,512,1600,dsb-gpu,csr-block,csr-block,fp32,0,ok,0,0.883,50,50,1800,"note: QPLIB_3822 has an identically zero external field; FastHare will see a field-free instance and reduce little"
QPLIB_3822,512,1600,dsb-gpu,block,block,fp32,0,ok,0,12.546,50,50,1800,"note: QPLIB_3822 has an identically zero external field; FastHare will see a field-free instance and reduce little"
QPLIB_3822,512,1600,dsb-gpu,gemm,gemm,fp32,0,ok,0,3.910,50,50,1800,"note: QPLIB_3822 has an identically zero external field; FastHare will see a field-free instance and reduce little"
QPLIB_3822,512,1600,dsb-gpu,gemm:fp32:notf32,gemm-notf32,fp32,0,error,1,0.025,0,50,1800,"error: unknown option: --no-tf32"
QPLIB_3822,512,1600,dsb-gpu,gemm:int8,gemm,int8,0,ok,0,2.318,50,50,1800,"note: QPLIB_3822 has an identically zero external field; FastHare will see a field-free instance and reduce little"
QPLIB_3822,512,1600,dsb-gpu,gemm:fp16,gemm,fp16,0,ok,0,3.024,50,50,1800,"note: QPLIB_3822 has an identically zero external field; FastHare will see a field-free instance and reduce little"
QPLIB_3822,512,1600,public-dsb,public:float32:matched,public,float32,0,ok,0,16.982,50,50,1800,"simulated-bifurcation schedule=matched env={'time_step': 1.15; 'pressure_slope': 0.0005438181472115725; 'heat_coefficient': 0.06; 'init': 'uniform(-0.01;0.01)'}"
QPLIB_3832,512,200,dsb-gpu,auto,auto,fp32,0,ok,0,0.796,50,50,1800,"note: QPLIB_3832 has an identically zero external field; FastHare will see a field-free instance and reduce little"
QPLIB_3832,512,200,dsb-gpu,bit,bit,fp32,0,error,1,0.024,0,50,1800,"error: unknown variant: bit"
QPLIB_3832,512,200,dsb-gpu,csr-row,csr-row,fp32,0,ok,0,0.579,50,50,1800,"note: QPLIB_3832 has an identically zero external field; FastHare will see a field-free instance and reduce little"
QPLIB_3832,512,200,dsb-gpu,csr-block,csr-block,fp32,0,ok,0,0.525,50,50,1800,"note: QPLIB_3832 has an identically zero external field; FastHare will see a field-free instance and reduce little"
QPLIB_3832,512,200,dsb-gpu,block,block,fp32,0,ok,0,1.345,50,50,1800,"note: QPLIB_3832 has an identically zero external field; FastHare will see a field-free instance and reduce little"
QPLIB_3832,512,200,dsb-gpu,gemm,gemm,fp32,0,ok,0,1.193,50,50,1800,"note: QPLIB_3832 has an identically zero external field; FastHare will see a field-free instance and reduce little"
QPLIB_3832,512,200,dsb-gpu,gemm:fp32:notf32,gemm-notf32,fp32,0,error,1,0.025,0,50,1800,"error: unknown option: --no-tf32"
QPLIB_3832,512,200,dsb-gpu,gemm:int8,gemm,int8,0,ok,0,1.080,50,50,1800,"note: QPLIB_3832 has an identically zero external field; FastHare will see a field-free instance and reduce little"
QPLIB_3832,512,200,dsb-gpu,gemm:fp16,gemm,fp16,0,ok,0,1.254,50,50,1800,"note: QPLIB_3832 has an identically zero external field; FastHare will see a field-free instance and reduce little"
QPLIB_3832,512,200,public-dsb,public:float32:matched,public,float32,0,ok,0,4.062,50,50,1800,"simulated-bifurcation schedule=matched env={'time_step': 1.16; 'pressure_slope': 0.004332004851845435; 'heat_coefficient': 0.06; 'init': 'uniform(-0.01;0.01)'}"
QPLIB_3832,512,400,dsb-gpu,auto,auto,fp32,0,ok,0,0.980,50,50,1800,"note: QPLIB_3832 has an identically zero external field; FastHare will see a field-free instance and reduce little"
QPLIB_3832,512,400,dsb-gpu,bit,bit,fp32,0,error,1,0.024,0,50,1800,"error: unknown variant: bit"
QPLIB_3832,512,400,dsb-gpu,csr-row,csr-row,fp32,0,ok,0,0.629,50,50,1800,"note: QPLIB_3832 has an identically zero external field; FastHare will see a field-free instance and reduce little"
QPLIB_3832,512,400,dsb-gpu,csr-block,csr-block,fp32,0,ok,0,0.554,50,50,1800,"note: QPLIB_3832 has an identically zero external field; FastHare will see a field-free instance and reduce little"
QPLIB_3832,512,400,dsb-gpu,block,block,fp32,0,ok,0,2.089,50,50,1800,"note: QPLIB_3832 has an identically zero external field; FastHare will see a field-free instance and reduce little"
QPLIB_3832,512,400,dsb-gpu,gemm,gemm,fp32,0,ok,0,1.416,50,50,1800,"note: QPLIB_3832 has an identically zero external field; FastHare will see a field-free instance and reduce little"
QPLIB_3832,512,400,dsb-gpu,gemm:fp32:notf32,gemm-notf32,fp32,0,error,1,0.025,0,50,1800,"error: unknown option: --no-tf32"
QPLIB_3832,512,400,dsb-gpu,gemm:int8,gemm,int8,0,ok,0,1.240,50,50,1800,"note: QPLIB_3832 has an identically zero external field; FastHare will see a field-free instance and reduce little"
QPLIB_3832,512,400,dsb-gpu,gemm:fp16,gemm,fp16,0,ok,0,1.428,50,50,1800,"note: QPLIB_3832 has an identically zero external field; FastHare will see a field-free instance and reduce little"
QPLIB_3832,512,400,public-dsb,public:float32:matched,public,float32,0,ok,0,5.720,50,50,1800,"simulated-bifurcation schedule=matched env={'time_step': 1.16; 'pressure_slope': 0.002160573848414139; 'heat_coefficient': 0.06; 'init': 'uniform(-0.01;0.01)'}"
QPLIB_3832,512,800,dsb-gpu,auto,auto,fp32,0,ok,0,1.314,50,50,1800,"note: QPLIB_3832 has an identically zero external field; FastHare will see a field-free instance and reduce little"
QPLIB_3832,512,800,dsb-gpu,bit,bit,fp32,0,error,1,0.024,0,50,1800,"error: unknown variant: bit"
QPLIB_3832,512,800,dsb-gpu,csr-row,csr-row,fp32,0,ok,0,0.733,50,50,1800,"note: QPLIB_3832 has an identically zero external field; FastHare will see a field-free instance and reduce little"
QPLIB_3832,512,800,dsb-gpu,csr-block,csr-block,fp32,0,ok,0,0.607,50,50,1800,"note: QPLIB_3832 has an identically zero external field; FastHare will see a field-free instance and reduce little"
QPLIB_3832,512,800,dsb-gpu,block,block,fp32,0,ok,0,3.565,50,50,1800,"note: QPLIB_3832 has an identically zero external field; FastHare will see a field-free instance and reduce little"
QPLIB_3832,512,800,dsb-gpu,gemm,gemm,fp32,0,ok,0,1.887,50,50,1800,"note: QPLIB_3832 has an identically zero external field; FastHare will see a field-free instance and reduce little"
QPLIB_3832,512,800,dsb-gpu,gemm:fp32:notf32,gemm-notf32,fp32,0,error,1,0.025,0,50,1800,"error: unknown option: --no-tf32"
QPLIB_3832,512,800,dsb-gpu,gemm:int8,gemm,int8,0,ok,0,1.547,50,50,1800,"note: QPLIB_3832 has an identically zero external field; FastHare will see a field-free instance and reduce little"
QPLIB_3832,512,800,dsb-gpu,gemm:fp16,gemm,fp16,0,ok,0,1.769,50,50,1800,"note: QPLIB_3832 has an identically zero external field; FastHare will see a field-free instance and reduce little"
QPLIB_3832,512,800,public-dsb,public:float32:matched,public,float32,0,ok,0,9.116,50,50,1800,"simulated-bifurcation schedule=matched env={'time_step': 1.16; 'pressure_slope': 0.0010789348754909154; 'heat_coefficient': 0.06; 'init': 'uniform(-0.01;0.01)'}"
QPLIB_3832,512,1600,dsb-gpu,auto,auto,fp32,0,ok,0,2.011,50,50,1800,"note: QPLIB_3832 has an identically zero external field; FastHare will see a field-free instance and reduce little"
QPLIB_3832,512,1600,dsb-gpu,bit,bit,fp32,0,error,1,0.024,0,50,1800,"error: unknown variant: bit"
QPLIB_3832,512,1600,dsb-gpu,csr-row,csr-row,fp32,0,ok,0,0.968,50,50,1800,"note: QPLIB_3832 has an identically zero external field; FastHare will see a field-free instance and reduce little"
QPLIB_3832,512,1600,dsb-gpu,csr-block,csr-block,fp32,0,ok,0,0.710,50,50,1800,"note: QPLIB_3832 has an identically zero external field; FastHare will see a field-free instance and reduce little"
QPLIB_3832,512,1600,dsb-gpu,block,block,fp32,0,ok,0,6.507,50,50,1800,"note: QPLIB_3832 has an identically zero external field; FastHare will see a field-free instance and reduce little"
QPLIB_3832,512,1600,dsb-gpu,gemm,gemm,fp32,0,ok,0,2.863,50,50,1800,"note: QPLIB_3832 has an identically zero external field; FastHare will see a field-free instance and reduce little"
QPLIB_3832,512,1600,dsb-gpu,gemm:fp32:notf32,gemm-notf32,fp32,0,error,1,0.025,0,50,1800,"error: unknown option: --no-tf32"
QPLIB_3832,512,1600,dsb-gpu,gemm:int8,gemm,int8,0,ok,0,2.194,50,50,1800,"note: QPLIB_3832 has an identically zero external field; FastHare will see a field-free instance and reduce little"
QPLIB_3832,512,1600,dsb-gpu,gemm:fp16,gemm,fp16,0,ok,0,2.496,50,50,1800,"note: QPLIB_3832 has an identically zero external field; FastHare will see a field-free instance and reduce little"
QPLIB_3832,512,1600,public-dsb,public:float32:matched,public,float32,0,ok,0,16.408,50,50,1800,"simulated-bifurcation schedule=matched env={'time_step': 1.16; 'pressure_slope': 0.0005391300597356106; 'heat_coefficient': 0.06; 'init': 'uniform(-0.01;0.01)'}"
QPLIB_3838,512,200,dsb-gpu,auto,auto,fp32,0,ok,0,0.964,50,50,1800,"note: QPLIB_3838 has an identically zero external field; FastHare will see a field-free instance and reduce little"
QPLIB_3838,512,200,dsb-gpu,bit,bit,fp32,0,error,1,0.025,0,50,1800,"error: unknown variant: bit"
QPLIB_3838,512,200,dsb-gpu,csr-row,csr-row,fp32,0,ok,0,0.633,50,50,1800,"note: QPLIB_3838 has an identically zero external field; FastHare will see a field-free instance and reduce little"
QPLIB_3838,512,200,dsb-gpu,csr-block,csr-block,fp32,0,ok,0,0.598,50,50,1800,"note: QPLIB_3838 has an identically zero external field; FastHare will see a field-free instance and reduce little"
QPLIB_3838,512,200,dsb-gpu,block,block,fp32,0,ok,0,1.984,50,50,1800,"note: QPLIB_3838 has an identically zero external field; FastHare will see a field-free instance and reduce little"
QPLIB_3838,512,200,dsb-gpu,gemm,gemm,fp32,0,ok,0,1.368,50,50,1800,"note: QPLIB_3838 has an identically zero external field; FastHare will see a field-free instance and reduce little"
QPLIB_3838,512,200,dsb-gpu,gemm:fp32:notf32,gemm-notf32,fp32,0,error,1,0.025,0,50,1800,"error: unknown option: --no-tf32"
QPLIB_3838,512,200,dsb-gpu,gemm:int8,gemm,int8,0,ok,0,1.218,50,50,1800,"note: QPLIB_3838 has an identically zero external field; FastHare will see a field-free instance and reduce little"
QPLIB_3838,512,200,dsb-gpu,gemm:fp16,gemm,fp16,0,ok,0,1.608,50,50,1800,"note: QPLIB_3838 has an identically zero external field; FastHare will see a field-free instance and reduce little"
QPLIB_3838,512,200,public-dsb,public:float32:matched,public,float32,0,ok,0,4.046,50,50,1800,"simulated-bifurcation schedule=matched env={'time_step': 1.17; 'pressure_slope': 0.004294979169351029; 'heat_coefficient': 0.06; 'init': 'uniform(-0.01;0.01)'}"
QPLIB_3838,512,400,dsb-gpu,auto,auto,fp32,0,ok,0,1.178,50,50,1800,"note: QPLIB_3838 has an identically zero external field; FastHare will see a field-free instance and reduce little"
QPLIB_3838,512,400,dsb-gpu,bit,bit,fp32,0,error,1,0.025,0,50,1800,"error: unknown variant: bit"
QPLIB_3838,512,400,dsb-gpu,csr-row,csr-row,fp32,0,ok,0,0.682,50,50,1800,"note: QPLIB_3838 has an identically zero external field; FastHare will see a field-free instance and reduce little"
QPLIB_3838,512,400,dsb-gpu,csr-block,csr-block,fp32,0,ok,0,0.628,50,50,1800,"note: QPLIB_3838 has an identically zero external field; FastHare will see a field-free instance and reduce little"
QPLIB_3838,512,400,dsb-gpu,block,block,fp32,0,ok,0,3.280,50,50,1800,"note: QPLIB_3838 has an identically zero external field; FastHare will see a field-free instance and reduce little"
QPLIB_3838,512,400,dsb-gpu,gemm,gemm,fp32,0,ok,0,1.713,50,50,1800,"note: QPLIB_3838 has an identically zero external field; FastHare will see a field-free instance and reduce little"
QPLIB_3838,512,400,dsb-gpu,gemm:fp32:notf32,gemm-notf32,fp32,0,error,1,0.024,0,50,1800,"error: unknown option: --no-tf32"
QPLIB_3838,512,400,dsb-gpu,gemm:int8,gemm,int8,0,ok,0,1.355,50,50,1800,"note: QPLIB_3838 has an identically zero external field; FastHare will see a field-free instance and reduce little"
QPLIB_3838,512,400,dsb-gpu,gemm:fp16,gemm,fp16,0,ok,0,1.942,50,50,1800,"note: QPLIB_3838 has an identically zero external field; FastHare will see a field-free instance and reduce little"
QPLIB_3838,512,400,public-dsb,public:float32:matched,public,float32,0,ok,0,5.664,50,50,1800,"simulated-bifurcation schedule=matched env={'time_step': 1.17; 'pressure_slope': 0.0021421074052653; 'heat_coefficient': 0.06; 'init': 'uniform(-0.01;0.01)'}"
QPLIB_3838,512,800,dsb-gpu,auto,auto,fp32,0,ok,0,1.631,50,50,1800,"note: QPLIB_3838 has an identically zero external field; FastHare will see a field-free instance and reduce little"
QPLIB_3838,512,800,dsb-gpu,bit,bit,fp32,0,error,1,0.025,0,50,1800,"error: unknown variant: bit"
QPLIB_3838,512,800,dsb-gpu,csr-row,csr-row,fp32,0,ok,0,0.815,50,50,1800,"note: QPLIB_3838 has an identically zero external field; FastHare will see a field-free instance and reduce little"
QPLIB_3838,512,800,dsb-gpu,csr-block,csr-block,fp32,0,ok,0,0.692,50,50,1800,"note: QPLIB_3838 has an identically zero external field; FastHare will see a field-free instance and reduce little"
QPLIB_3838,512,800,dsb-gpu,block,block,fp32,0,ok,0,5.821,50,50,1800,"note: QPLIB_3838 has an identically zero external field; FastHare will see a field-free instance and reduce little"
QPLIB_3838,512,800,dsb-gpu,gemm,gemm,fp32,0,ok,0,2.357,50,50,1800,"note: QPLIB_3838 has an identically zero external field; FastHare will see a field-free instance and reduce little"
QPLIB_3838,512,800,dsb-gpu,gemm:fp32:notf32,gemm-notf32,fp32,0,error,1,0.025,0,50,1800,"error: unknown option: --no-tf32"
QPLIB_3838,512,800,dsb-gpu,gemm:int8,gemm,int8,0,ok,0,1.648,50,50,1800,"note: QPLIB_3838 has an identically zero external field; FastHare will see a field-free instance and reduce little"
QPLIB_3838,512,800,dsb-gpu,gemm:fp16,gemm,fp16,0,ok,0,2.605,50,50,1800,"note: QPLIB_3838 has an identically zero external field; FastHare will see a field-free instance and reduce little"
QPLIB_3838,512,800,public-dsb,public:float32:matched,public,float32,0,ok,0,9.513,50,50,1800,"simulated-bifurcation schedule=matched env={'time_step': 1.17; 'pressure_slope': 0.001069713209888429; 'heat_coefficient': 0.06; 'init': 'uniform(-0.01;0.01)'}"
QPLIB_3838,512,1600,dsb-gpu,auto,auto,fp32,0,ok,0,2.530,50,50,1800,"note: QPLIB_3838 has an identically zero external field; FastHare will see a field-free instance and reduce little"
QPLIB_3838,512,1600,dsb-gpu,bit,bit,fp32,0,error,1,0.025,0,50,1800,"error: unknown variant: bit"
QPLIB_3838,512,1600,dsb-gpu,csr-row,csr-row,fp32,0,ok,0,1.076,50,50,1800,"note: QPLIB_3838 has an identically zero external field; FastHare will see a field-free instance and reduce little"
QPLIB_3838,512,1600,dsb-gpu,csr-block,csr-block,fp32,0,ok,0,0.832,50,50,1800,"note: QPLIB_3838 has an identically zero external field; FastHare will see a field-free instance and reduce little"
QPLIB_3838,512,1600,dsb-gpu,block,block,fp32,0,ok,0,10.896,50,50,1800,"note: QPLIB_3838 has an identically zero external field; FastHare will see a field-free instance and reduce little"
QPLIB_3838,512,1600,dsb-gpu,gemm,gemm,fp32,0,ok,0,3.707,50,50,1800,"note: QPLIB_3838 has an identically zero external field; FastHare will see a field-free instance and reduce little"
QPLIB_3838,512,1600,dsb-gpu,gemm:fp32:notf32,gemm-notf32,fp32,0,error,1,0.025,0,50,1800,"error: unknown option: --no-tf32"
QPLIB_3838,512,1600,dsb-gpu,gemm:int8,gemm,int8,0,ok,0,2.272,50,50,1800,"note: QPLIB_3838 has an identically zero external field; FastHare will see a field-free instance and reduce little"
QPLIB_3838,512,1600,dsb-gpu,gemm:fp16,gemm,fp16,0,ok,0,3.979,50,50,1800,"note: QPLIB_3838 has an identically zero external field; FastHare will see a field-free instance and reduce little"
QPLIB_3838,512,1600,public-dsb,public:float32:matched,public,float32,0,ok,0,16.599,50,50,1800,"simulated-bifurcation schedule=matched env={'time_step': 1.17; 'pressure_slope': 0.0005345221105071011; 'heat_coefficient': 0.06; 'init': 'uniform(-0.01;0.01)'}"
QPLIB_3850,256,200,dsb-gpu,auto,auto,fp32,0,ok,0,1.081,50,50,1800,"note: QPLIB_3850 has an identically zero external field; FastHare will see a field-free instance and reduce little"
QPLIB_3850,256,200,dsb-gpu,bit,bit,fp32,0,error,1,0.025,0,50,1800,"error: unknown variant: bit"
QPLIB_3850,256,200,dsb-gpu,csr-row,csr-row,fp32,0,ok,0,0.718,50,50,1800,"note: QPLIB_3850 has an identically zero external field; FastHare will see a field-free instance and reduce little"
QPLIB_3850,256,200,dsb-gpu,csr-block,csr-block,fp32,0,ok,0,0.680,50,50,1800,"note: QPLIB_3850 has an identically zero external field; FastHare will see a field-free instance and reduce little"
QPLIB_3850,256,200,dsb-gpu,block,block,fp32,0,ok,0,2.329,50,50,1800,"note: QPLIB_3850 has an identically zero external field; FastHare will see a field-free instance and reduce little"
QPLIB_3850,256,200,dsb-gpu,gemm,gemm,fp32,0,ok,0,1.514,50,50,1800,"note: QPLIB_3850 has an identically zero external field; FastHare will see a field-free instance and reduce little"
QPLIB_3850,256,200,dsb-gpu,gemm:fp32:notf32,gemm-notf32,fp32,0,error,1,0.025,0,50,1800,"error: unknown option: --no-tf32"
QPLIB_3850,256,200,dsb-gpu,gemm:int8,gemm,int8,0,ok,0,1.455,50,50,1800,"note: QPLIB_3850 has an identically zero external field; FastHare will see a field-free instance and reduce little"
QPLIB_3850,256,200,dsb-gpu,gemm:fp16,gemm,fp16,0,ok,0,1.615,50,50,1800,"note: QPLIB_3850 has an identically zero external field; FastHare will see a field-free instance and reduce little"
QPLIB_3850,256,200,public-dsb,public:float32:matched,public,float32,0,ok,0,4.048,50,50,1800,"simulated-bifurcation schedule=matched env={'time_step': 1.16; 'pressure_slope': 0.004332004851845435; 'heat_coefficient': 0.06; 'init': 'uniform(-0.01;0.01)'}"
QPLIB_3850,256,400,dsb-gpu,auto,auto,fp32,0,ok,0,1.264,50,50,1800,"note: QPLIB_3850 has an identically zero external field; FastHare will see a field-free instance and reduce little"
QPLIB_3850,256,400,dsb-gpu,bit,bit,fp32,0,error,1,0.025,0,50,1800,"error: unknown variant: bit"
QPLIB_3850,256,400,dsb-gpu,csr-row,csr-row,fp32,0,ok,0,0.763,50,50,1800,"note: QPLIB_3850 has an identically zero external field; FastHare will see a field-free instance and reduce little"
QPLIB_3850,256,400,dsb-gpu,csr-block,csr-block,fp32,0,ok,0,0.692,50,50,1800,"note: QPLIB_3850 has an identically zero external field; FastHare will see a field-free instance and reduce little"
QPLIB_3850,256,400,dsb-gpu,block,block,fp32,0,ok,0,3.799,50,50,1800,"note: QPLIB_3850 has an identically zero external field; FastHare will see a field-free instance and reduce little"
QPLIB_3850,256,400,dsb-gpu,gemm,gemm,fp32,0,ok,0,1.890,50,50,1800,"note: QPLIB_3850 has an identically zero external field; FastHare will see a field-free instance and reduce little"
QPLIB_3850,256,400,dsb-gpu,gemm:fp32:notf32,gemm-notf32,fp32,0,error,1,0.025,0,50,1800,"error: unknown option: --no-tf32"
QPLIB_3850,256,400,dsb-gpu,gemm:int8,gemm,int8,0,ok,0,1.611,50,50,1800,"note: QPLIB_3850 has an identically zero external field; FastHare will see a field-free instance and reduce little"
QPLIB_3850,256,400,dsb-gpu,gemm:fp16,gemm,fp16,0,ok,0,1.878,50,50,1800,"note: QPLIB_3850 has an identically zero external field; FastHare will see a field-free instance and reduce little"
QPLIB_3850,256,400,public-dsb,public:float32:matched,public,float32,0,ok,0,5.627,50,50,1800,"simulated-bifurcation schedule=matched env={'time_step': 1.16; 'pressure_slope': 0.002160573848414139; 'heat_coefficient': 0.06; 'init': 'uniform(-0.01;0.01)'}"
QPLIB_3850,256,800,dsb-gpu,auto,auto,fp32,0,ok,0,1.597,50,50,1800,"note: QPLIB_3850 has an identically zero external field; FastHare will see a field-free instance and reduce little"
QPLIB_3850,256,800,dsb-gpu,bit,bit,fp32,0,error,1,0.025,0,50,1800,"error: unknown variant: bit"
QPLIB_3850,256,800,dsb-gpu,csr-row,csr-row,fp32,0,ok,0,0.871,50,50,1800,"note: QPLIB_3850 has an identically zero external field; FastHare will see a field-free instance and reduce little"
QPLIB_3850,256,800,dsb-gpu,csr-block,csr-block,fp32,0,ok,0,0.753,50,50,1800,"note: QPLIB_3850 has an identically zero external field; FastHare will see a field-free instance and reduce little"
QPLIB_3850,256,800,dsb-gpu,block,block,fp32,0,ok,0,6.764,50,50,1800,"note: QPLIB_3850 has an identically zero external field; FastHare will see a field-free instance and reduce little"
QPLIB_3850,256,800,dsb-gpu,gemm,gemm,fp32,0,ok,0,2.622,50,50,1800,"note: QPLIB_3850 has an identically zero external field; FastHare will see a field-free instance and reduce little"
QPLIB_3850,256,800,dsb-gpu,gemm:fp32:notf32,gemm-notf32,fp32,0,error,1,0.025,0,50,1800,"error: unknown option: --no-tf32"
QPLIB_3850,256,800,dsb-gpu,gemm:int8,gemm,int8,0,ok,0,1.934,50,50,1800,"note: QPLIB_3850 has an identically zero external field; FastHare will see a field-free instance and reduce little"
QPLIB_3850,256,800,dsb-gpu,gemm:fp16,gemm,fp16,0,ok,0,2.380,50,50,1800,"note: QPLIB_3850 has an identically zero external field; FastHare will see a field-free instance and reduce little"
QPLIB_3850,256,800,public-dsb,public:float32:matched,public,float32,0,ok,0,9.261,50,50,1800,"simulated-bifurcation schedule=matched env={'time_step': 1.16; 'pressure_slope': 0.0010789348754909154; 'heat_coefficient': 0.06; 'init': 'uniform(-0.01;0.01)'}"
QPLIB_3850,256,1600,dsb-gpu,auto,auto,fp32,0,ok,0,2.309,50,50,1800,"note: QPLIB_3850 has an identically zero external field; FastHare will see a field-free instance and reduce little"
QPLIB_3850,256,1600,dsb-gpu,bit,bit,fp32,0,error,1,0.025,0,50,1800,"error: unknown variant: bit"
QPLIB_3850,256,1600,dsb-gpu,csr-row,csr-row,fp32,0,ok,0,1.109,50,50,1800,"note: QPLIB_3850 has an identically zero external field; FastHare will see a field-free instance and reduce little"
QPLIB_3850,256,1600,dsb-gpu,csr-block,csr-block,fp32,0,ok,0,0.854,50,50,1800,"note: QPLIB_3850 has an identically zero external field; FastHare will see a field-free instance and reduce little"
QPLIB_3850,256,1600,dsb-gpu,block,block,fp32,0,ok,0,12.633,50,50,1800,"note: QPLIB_3850 has an identically zero external field; FastHare will see a field-free instance and reduce little"
QPLIB_3850,256,1600,dsb-gpu,gemm,gemm,fp32,0,ok,0,4.072,50,50,1800,"note: QPLIB_3850 has an identically zero external field; FastHare will see a field-free instance and reduce little"
QPLIB_3850,256,1600,dsb-gpu,gemm:fp32:notf32,gemm-notf32,fp32,0,error,1,0.025,0,50,1800,"error: unknown option: --no-tf32"
QPLIB_3850,256,1600,dsb-gpu,gemm:int8,gemm,int8,0,ok,0,2.579,50,50,1800,"note: QPLIB_3850 has an identically zero external field; FastHare will see a field-free instance and reduce little"
QPLIB_3850,256,1600,dsb-gpu,gemm:fp16,gemm,fp16,0,ok,0,3.398,50,50,1800,"note: QPLIB_3850 has an identically zero external field; FastHare will see a field-free instance and reduce little"
QPLIB_3850,256,1600,public-dsb,public:float32:matched,public,float32,0,ok,0,15.380,50,50,1800,"simulated-bifurcation schedule=matched env={'time_step': 1.16; 'pressure_slope': 0.0005391300597356106; 'heat_coefficient': 0.06; 'init': 'uniform(-0.01;0.01)'}"
QPLIB_3852,2048,200,dsb-gpu,auto,auto,fp32,0,ok,0,1.153,50,50,1800,"note: QPLIB_3852 has an identically zero external field; FastHare will see a field-free instance and reduce little"
QPLIB_3852,2048,200,dsb-gpu,bit,bit,fp32,0,error,1,0.025,0,50,1800,"error: unknown variant: bit"
QPLIB_3852,2048,200,dsb-gpu,csr-row,csr-row,fp32,0,ok,0,0.604,50,50,1800,"note: QPLIB_3852 has an identically zero external field; FastHare will see a field-free instance and reduce little"
QPLIB_3852,2048,200,dsb-gpu,csr-block,csr-block,fp32,0,ok,0,0.564,50,50,1800,"note: QPLIB_3852 has an identically zero external field; FastHare will see a field-free instance and reduce little"
QPLIB_3852,2048,200,dsb-gpu,block,block,fp32,0,ok,0,1.435,50,50,1800,"note: QPLIB_3852 has an identically zero external field; FastHare will see a field-free instance and reduce little"
QPLIB_3852,2048,200,dsb-gpu,gemm,gemm,fp32,0,ok,0,1.145,50,50,1800,"note: QPLIB_3852 has an identically zero external field; FastHare will see a field-free instance and reduce little"
QPLIB_3852,2048,200,dsb-gpu,gemm:fp32:notf32,gemm-notf32,fp32,0,error,1,0.024,0,50,1800,"error: unknown option: --no-tf32"
QPLIB_3852,2048,200,dsb-gpu,gemm:int8,gemm,int8,0,ok,0,1.218,50,50,1800,"note: QPLIB_3852 has an identically zero external field; FastHare will see a field-free instance and reduce little"
QPLIB_3852,2048,200,dsb-gpu,gemm:fp16,gemm,fp16,0,ok,0,1.372,50,50,1800,"note: QPLIB_3852 has an identically zero external field; FastHare will see a field-free instance and reduce little"
QPLIB_3852,2048,200,public-dsb,public:float32:matched,public,float32,0,ok,0,4.062,50,50,1800,"simulated-bifurcation schedule=matched env={'time_step': 1.15; 'pressure_slope': 0.004369674459252786; 'heat_coefficient': 0.06; 'init': 'uniform(-0.01;0.01)'}"
QPLIB_3852,2048,400,dsb-gpu,auto,auto,fp32,0,ok,0,1.322,50,50,1800,"note: QPLIB_3852 has an identically zero external field; FastHare will see a field-free instance and reduce little"
QPLIB_3852,2048,400,dsb-gpu,bit,bit,fp32,0,error,1,0.024,0,50,1800,"error: unknown variant: bit"
QPLIB_3852,2048,400,dsb-gpu,csr-row,csr-row,fp32,0,ok,0,0.669,50,50,1800,"note: QPLIB_3852 has an identically zero external field; FastHare will see a field-free instance and reduce little"
QPLIB_3852,2048,400,dsb-gpu,csr-block,csr-block,fp32,0,ok,0,0.596,50,50,1800,"note: QPLIB_3852 has an identically zero external field; FastHare will see a field-free instance and reduce little"
QPLIB_3852,2048,400,dsb-gpu,block,block,fp32,0,ok,0,2.173,50,50,1800,"note: QPLIB_3852 has an identically zero external field; FastHare will see a field-free instance and reduce little"
QPLIB_3852,2048,400,dsb-gpu,gemm,gemm,fp32,0,ok,0,1.305,50,50,1800,"note: QPLIB_3852 has an identically zero external field; FastHare will see a field-free instance and reduce little"
QPLIB_3852,2048,400,dsb-gpu,gemm:fp32:notf32,gemm-notf32,fp32,0,error,1,0.024,0,50,1800,"error: unknown option: --no-tf32"
QPLIB_3852,2048,400,dsb-gpu,gemm:int8,gemm,int8,0,ok,0,1.427,50,50,1800,"note: QPLIB_3852 has an identically zero external field; FastHare will see a field-free instance and reduce little"
QPLIB_3852,2048,400,dsb-gpu,gemm:fp16,gemm,fp16,0,ok,0,1.510,50,50,1800,"note: QPLIB_3852 has an identically zero external field; FastHare will see a field-free instance and reduce little"
QPLIB_3852,2048,400,public-dsb,public:float32:matched,public,float32,0,ok,0,5.535,50,50,1800,"simulated-bifurcation schedule=matched env={'time_step': 1.15; 'pressure_slope': 0.002179361447096001; 'heat_coefficient': 0.06; 'init': 'uniform(-0.01;0.01)'}"
QPLIB_3852,2048,800,dsb-gpu,auto,auto,fp32,0,ok,0,1.591,50,50,1800,"note: QPLIB_3852 has an identically zero external field; FastHare will see a field-free instance and reduce little"
QPLIB_3852,2048,800,dsb-gpu,bit,bit,fp32,0,error,1,0.025,0,50,1800,"error: unknown variant: bit"
QPLIB_3852,2048,800,dsb-gpu,csr-row,csr-row,fp32,0,ok,0,0.810,50,50,1800,"note: QPLIB_3852 has an identically zero external field; FastHare will see a field-free instance and reduce little"
QPLIB_3852,2048,800,dsb-gpu,csr-block,csr-block,fp32,0,ok,0,0.671,50,50,1800,"note: QPLIB_3852 has an identically zero external field; FastHare will see a field-free instance and reduce little"
QPLIB_3852,2048,800,dsb-gpu,block,block,fp32,0,ok,0,3.653,50,50,1800,"note: QPLIB_3852 has an identically zero external field; FastHare will see a field-free instance and reduce little"
QPLIB_3852,2048,800,dsb-gpu,gemm,gemm,fp32,0,ok,0,1.595,50,50,1800,"note: QPLIB_3852 has an identically zero external field; FastHare will see a field-free instance and reduce little"
QPLIB_3852,2048,800,dsb-gpu,gemm:fp32:notf32,gemm-notf32,fp32,0,error,1,0.025,0,50,1800,"error: unknown option: --no-tf32"
QPLIB_3852,2048,800,dsb-gpu,gemm:int8,gemm,int8,0,ok,0,1.886,50,50,1800,"note: QPLIB_3852 has an identically zero external field; FastHare will see a field-free instance and reduce little"
QPLIB_3852,2048,800,dsb-gpu,gemm:fp16,gemm,fp16,0,ok,0,1.788,50,50,1800,"note: QPLIB_3852 has an identically zero external field; FastHare will see a field-free instance and reduce little"
QPLIB_3852,2048,800,public-dsb,public:float32:matched,public,float32,0,ok,0,9.026,50,50,1800,"simulated-bifurcation schedule=matched env={'time_step': 1.15; 'pressure_slope': 0.0010883169178864886; 'heat_coefficient': 0.06; 'init': 'uniform(-0.01;0.01)'}"
QPLIB_3852,2048,1600,dsb-gpu,auto,auto,fp32,0,ok,0,2.211,50,50,1800,"note: QPLIB_3852 has an identically zero external field; FastHare will see a field-free instance and reduce little"
QPLIB_3852,2048,1600,dsb-gpu,bit,bit,fp32,0,error,1,0.025,0,50,1800,"error: unknown variant: bit"
QPLIB_3852,2048,1600,dsb-gpu,csr-row,csr-row,fp32,0,ok,0,1.106,50,50,1800,"note: QPLIB_3852 has an identically zero external field; FastHare will see a field-free instance and reduce little"
QPLIB_3852,2048,1600,dsb-gpu,csr-block,csr-block,fp32,0,ok,0,0.824,50,50,1800,"note: QPLIB_3852 has an identically zero external field; FastHare will see a field-free instance and reduce little"
QPLIB_3852,2048,1600,dsb-gpu,block,block,fp32,0,ok,0,6.644,50,50,1800,"note: QPLIB_3852 has an identically zero external field; FastHare will see a field-free instance and reduce little"
QPLIB_3852,2048,1600,dsb-gpu,gemm,gemm,fp32,0,ok,0,2.190,50,50,1800,"note: QPLIB_3852 has an identically zero external field; FastHare will see a field-free instance and reduce little"
QPLIB_3852,2048,1600,dsb-gpu,gemm:fp32:notf32,gemm-notf32,fp32,0,error,1,0.025,0,50,1800,"error: unknown option: --no-tf32"
QPLIB_3852,2048,1600,dsb-gpu,gemm:int8,gemm,int8,0,ok,0,2.797,50,50,1800,"note: QPLIB_3852 has an identically zero external field; FastHare will see a field-free instance and reduce little"
QPLIB_3852,2048,1600,dsb-gpu,gemm:fp16,gemm,fp16,0,ok,0,2.329,50,50,1800,"note: QPLIB_3852 has an identically zero external field; FastHare will see a field-free instance and reduce little"
QPLIB_3852,2048,1600,public-dsb,public:float32:matched,public,float32,0,ok,0,15.541,50,50,1800,"simulated-bifurcation schedule=matched env={'time_step': 1.15; 'pressure_slope': 0.0005438181472115725; 'heat_coefficient': 0.06; 'init': 'uniform(-0.01;0.01)'}"
QPLIB_3877,512,200,dsb-gpu,auto,auto,fp32,0,ok,0,0.827,50,50,1800,"note: QPLIB_3877 has an identically zero external field; FastHare will see a field-free instance and reduce little"
QPLIB_3877,512,200,dsb-gpu,bit,bit,fp32,0,error,1,0.024,0,50,1800,"error: unknown variant: bit"
QPLIB_3877,512,200,dsb-gpu,csr-row,csr-row,fp32,0,ok,0,0.578,50,50,1800,"note: QPLIB_3877 has an identically zero external field; FastHare will see a field-free instance and reduce little"
QPLIB_3877,512,200,dsb-gpu,csr-block,csr-block,fp32,0,ok,0,0.547,50,50,1800,"note: QPLIB_3877 has an identically zero external field; FastHare will see a field-free instance and reduce little"
QPLIB_3877,512,200,dsb-gpu,block,block,fp32,0,ok,0,1.480,50,50,1800,"note: QPLIB_3877 has an identically zero external field; FastHare will see a field-free instance and reduce little"
QPLIB_3877,512,200,dsb-gpu,gemm,gemm,fp32,0,ok,0,1.217,50,50,1800,"note: QPLIB_3877 has an identically zero external field; FastHare will see a field-free instance and reduce little"
QPLIB_3877,512,200,dsb-gpu,gemm:fp32:notf32,gemm-notf32,fp32,0,error,1,0.024,0,50,1800,"error: unknown option: --no-tf32"
QPLIB_3877,512,200,dsb-gpu,gemm:int8,gemm,int8,0,ok,0,1.135,50,50,1800,"note: QPLIB_3877 has an identically zero external field; FastHare will see a field-free instance and reduce little"
QPLIB_3877,512,200,dsb-gpu,gemm:fp16,gemm,fp16,0,ok,0,1.427,50,50,1800,"note: QPLIB_3877 has an identically zero external field; FastHare will see a field-free instance and reduce little"
QPLIB_3877,512,200,public-dsb,public:float32:matched,public,float32,0,ok,0,4.153,50,50,1800,"simulated-bifurcation schedule=matched env={'time_step': 1.15; 'pressure_slope': 0.004369674459252786; 'heat_coefficient': 0.06; 'init': 'uniform(-0.01;0.01)'}"
QPLIB_3877,512,400,dsb-gpu,auto,auto,fp32,0,ok,0,1.002,50,50,1800,"note: QPLIB_3877 has an identically zero external field; FastHare will see a field-free instance and reduce little"
QPLIB_3877,512,400,dsb-gpu,bit,bit,fp32,0,error,1,0.024,0,50,1800,"error: unknown variant: bit"
QPLIB_3877,512,400,dsb-gpu,csr-row,csr-row,fp32,0,ok,0,0.653,50,50,1800,"note: QPLIB_3877 has an identically zero external field; FastHare will see a field-free instance and reduce little"
QPLIB_3877,512,400,dsb-gpu,csr-block,csr-block,fp32,0,ok,0,0.584,50,50,1800,"note: QPLIB_3877 has an identically zero external field; FastHare will see a field-free instance and reduce little"
QPLIB_3877,512,400,dsb-gpu,block,block,fp32,0,ok,0,2.318,50,50,1800,"note: QPLIB_3877 has an identically zero external field; FastHare will see a field-free instance and reduce little"
QPLIB_3877,512,400,dsb-gpu,gemm,gemm,fp32,0,ok,0,1.467,50,50,1800,"note: QPLIB_3877 has an identically zero external field; FastHare will see a field-free instance and reduce little"
QPLIB_3877,512,400,dsb-gpu,gemm:fp32:notf32,gemm-notf32,fp32,0,error,1,0.024,0,50,1800,"error: unknown option: --no-tf32"
QPLIB_3877,512,400,dsb-gpu,gemm:int8,gemm,int8,0,ok,0,1.297,50,50,1800,"note: QPLIB_3877 has an identically zero external field; FastHare will see a field-free instance and reduce little"
QPLIB_3877,512,400,dsb-gpu,gemm:fp16,gemm,fp16,0,ok,0,1.726,50,50,1800,"note: QPLIB_3877 has an identically zero external field; FastHare will see a field-free instance and reduce little"
QPLIB_3877,512,400,public-dsb,public:float32:matched,public,float32,0,ok,0,5.837,50,50,1800,"simulated-bifurcation schedule=matched env={'time_step': 1.15; 'pressure_slope': 0.002179361447096001; 'heat_coefficient': 0.06; 'init': 'uniform(-0.01;0.01)'}"
QPLIB_3877,512,800,dsb-gpu,auto,auto,fp32,0,ok,0,1.344,50,50,1800,"note: QPLIB_3877 has an identically zero external field; FastHare will see a field-free instance and reduce little"
QPLIB_3877,512,800,dsb-gpu,bit,bit,fp32,0,error,1,0.024,0,50,1800,"error: unknown variant: bit"
QPLIB_3877,512,800,dsb-gpu,csr-row,csr-row,fp32,0,ok,0,0.756,50,50,1800,"note: QPLIB_3877 has an identically zero external field; FastHare will see a field-free instance and reduce little"
QPLIB_3877,512,800,dsb-gpu,csr-block,csr-block,fp32,0,ok,0,0.624,50,50,1800,"note: QPLIB_3877 has an identically zero external field; FastHare will see a field-free instance and reduce little"
QPLIB_3877,512,800,dsb-gpu,block,block,fp32,0,ok,0,3.983,50,50,1800,"note: QPLIB_3877 has an identically zero external field; FastHare will see a field-free instance and reduce little"
QPLIB_3877,512,800,dsb-gpu,gemm,gemm,fp32,0,ok,0,1.959,50,50,1800,"note: QPLIB_3877 has an identically zero external field; FastHare will see a field-free instance and reduce little"
QPLIB_3877,512,800,dsb-gpu,gemm:fp32:notf32,gemm-notf32,fp32,0,error,1,0.025,0,50,1800,"error: unknown option: --no-tf32"
QPLIB_3877,512,800,dsb-gpu,gemm:int8,gemm,int8,0,ok,0,1.607,50,50,1800,"note: QPLIB_3877 has an identically zero external field; FastHare will see a field-free instance and reduce little"
QPLIB_3877,512,800,dsb-gpu,gemm:fp16,gemm,fp16,0,ok,0,2.328,50,50,1800,"note: QPLIB_3877 has an identically zero external field; FastHare will see a field-free instance and reduce little"
QPLIB_3877,512,800,public-dsb,public:float32:matched,public,float32,0,ok,0,9.496,50,50,1800,"simulated-bifurcation schedule=matched env={'time_step': 1.15; 'pressure_slope': 0.0010883169178864886; 'heat_coefficient': 0.06; 'init': 'uniform(-0.01;0.01)'}"
QPLIB_3877,512,1600,dsb-gpu,auto,auto,fp32,0,ok,0,2.035,50,50,1800,"note: QPLIB_3877 has an identically zero external field; FastHare will see a field-free instance and reduce little"
QPLIB_3877,512,1600,dsb-gpu,bit,bit,fp32,0,error,1,0.025,0,50,1800,"error: unknown variant: bit"
QPLIB_3877,512,1600,dsb-gpu,csr-row,csr-row,fp32,0,ok,0,0.996,50,50,1800,"note: QPLIB_3877 has an identically zero external field; FastHare will see a field-free instance and reduce little"
QPLIB_3877,512,1600,dsb-gpu,csr-block,csr-block,fp32,0,ok,0,0.733,50,50,1800,"note: QPLIB_3877 has an identically zero external field; FastHare will see a field-free instance and reduce little"
QPLIB_3877,512,1600,dsb-gpu,block,block,fp32,0,ok,0,7.323,50,50,1800,"note: QPLIB_3877 has an identically zero external field; FastHare will see a field-free instance and reduce little"
QPLIB_3877,512,1600,dsb-gpu,gemm,gemm,fp32,0,ok,0,2.936,50,50,1800,"note: QPLIB_3877 has an identically zero external field; FastHare will see a field-free instance and reduce little"
QPLIB_3877,512,1600,dsb-gpu,gemm:fp32:notf32,gemm-notf32,fp32,0,error,1,0.025,0,50,1800,"error: unknown option: --no-tf32"
QPLIB_3877,512,1600,dsb-gpu,gemm:int8,gemm,int8,0,ok,0,2.280,50,50,1800,"note: QPLIB_3877 has an identically zero external field; FastHare will see a field-free instance and reduce little"
QPLIB_3877,512,1600,dsb-gpu,gemm:fp16,gemm,fp16,0,ok,0,3.512,50,50,1800,"note: QPLIB_3877 has an identically zero external field; FastHare will see a field-free instance and reduce little"
QPLIB_3877,512,1600,public-dsb,public:float32:matched,public,float32,0,ok,0,16.495,50,50,1800,"simulated-bifurcation schedule=matched env={'time_step': 1.15; 'pressure_slope': 0.0005438181472115725; 'heat_coefficient': 0.06; 'init': 'uniform(-0.01;0.01)'}"
QPLIB_5721,512,200,dsb-gpu,auto,auto,fp32,0,ok,0,1.029,50,50,1800,"note: QPLIB_5721 has an identically zero external field; FastHare will see a field-free instance and reduce little"
QPLIB_5721,512,200,dsb-gpu,bit,bit,fp32,0,error,1,0.025,0,50,1800,"error: unknown variant: bit"
QPLIB_5721,512,200,dsb-gpu,csr-row,csr-row,fp32,0,ok,0,0.856,50,50,1800,"note: QPLIB_5721 has an identically zero external field; FastHare will see a field-free instance and reduce little"
QPLIB_5721,512,200,dsb-gpu,csr-block,csr-block,fp32,0,ok,0,1.665,50,50,1800,"note: QPLIB_5721 has an identically zero external field; FastHare will see a field-free instance and reduce little"
QPLIB_5721,512,200,dsb-gpu,block,block,fp32,0,ok,0,0.812,50,50,1800,"note: QPLIB_5721 has an identically zero external field; FastHare will see a field-free instance and reduce little"
QPLIB_5721,512,200,dsb-gpu,gemm,gemm,fp32,0,ok,0,1.062,50,50,1800,"note: QPLIB_5721 has an identically zero external field; FastHare will see a field-free instance and reduce little"
QPLIB_5721,512,200,dsb-gpu,gemm:fp32:notf32,gemm-notf32,fp32,0,error,1,0.024,0,50,1800,"error: unknown option: --no-tf32"
QPLIB_5721,512,200,dsb-gpu,gemm:int8,gemm,int8,0,unsupported,1,0.230,0,50,1800,"error: Solver: --precision=int8 requires every coupling in {-1; 0; +1}"
QPLIB_5721,512,200,dsb-gpu,gemm:fp16,gemm,fp16,0,ok,0,1.089,50,50,1800,"note: QPLIB_5721 has an identically zero external field; FastHare will see a field-free instance and reduce little"
QPLIB_5721,512,200,public-dsb,public:float32:matched,public,float32,0,ok,0,4.122,50,50,1800,"simulated-bifurcation schedule=matched env={'time_step': 1.03; 'pressure_slope': 0.004878762745767673; 'heat_coefficient': 0.06; 'init': 'uniform(-0.01;0.01)'}"
QPLIB_5721,512,400,dsb-gpu,auto,auto,fp32,0,ok,0,1.222,50,50,1800,"note: QPLIB_5721 has an identically zero external field; FastHare will see a field-free instance and reduce little"
QPLIB_5721,512,400,dsb-gpu,bit,bit,fp32,0,error,1,0.025,0,50,1800,"error: unknown variant: bit"
QPLIB_5721,512,400,dsb-gpu,csr-row,csr-row,fp32,0,ok,0,1.154,50,50,1800,"note: QPLIB_5721 has an identically zero external field; FastHare will see a field-free instance and reduce little"
QPLIB_5721,512,400,dsb-gpu,csr-block,csr-block,fp32,0,ok,0,2.765,50,50,1800,"note: QPLIB_5721 has an identically zero external field; FastHare will see a field-free instance and reduce little"
QPLIB_5721,512,400,dsb-gpu,block,block,fp32,0,ok,0,1.117,50,50,1800,"note: QPLIB_5721 has an identically zero external field; FastHare will see a field-free instance and reduce little"
QPLIB_5721,512,400,dsb-gpu,gemm,gemm,fp32,0,ok,0,1.217,50,50,1800,"note: QPLIB_5721 has an identically zero external field; FastHare will see a field-free instance and reduce little"
QPLIB_5721,512,400,dsb-gpu,gemm:fp32:notf32,gemm-notf32,fp32,0,error,1,0.025,0,50,1800,"error: unknown option: --no-tf32"
QPLIB_5721,512,400,dsb-gpu,gemm:int8,gemm,int8,0,unsupported,1,0.222,0,50,1800,"error: Solver: --precision=int8 requires every coupling in {-1; 0; +1}"
QPLIB_5721,512,400,dsb-gpu,gemm:fp16,gemm,fp16,0,ok,0,1.279,50,50,1800,"note: QPLIB_5721 has an identically zero external field; FastHare will see a field-free instance and reduce little"
QPLIB_5721,512,400,public-dsb,public:float32:matched,public,float32,0,ok,0,5.932,50,50,1800,"simulated-bifurcation schedule=matched env={'time_step': 1.03; 'pressure_slope': 0.0024332676351071854; 'heat_coefficient': 0.06; 'init': 'uniform(-0.01;0.01)'}"
QPLIB_5721,512,800,dsb-gpu,auto,auto,fp32,0,ok,0,1.567,50,50,1800,"note: QPLIB_5721 has an identically zero external field; FastHare will see a field-free instance and reduce little"
QPLIB_5721,512,800,dsb-gpu,bit,bit,fp32,0,error,1,0.025,0,50,1800,"error: unknown variant: bit"
QPLIB_5721,512,800,dsb-gpu,csr-row,csr-row,fp32,0,ok,0,1.737,50,50,1800,"note: QPLIB_5721 has an identically zero external field; FastHare will see a field-free instance and reduce little"
QPLIB_5721,512,800,dsb-gpu,csr-block,csr-block,fp32,0,ok,0,4.971,50,50,1800,"note: QPLIB_5721 has an identically zero external field; FastHare will see a field-free instance and reduce little"
QPLIB_5721,512,800,dsb-gpu,block,block,fp32,0,ok,0,1.780,50,50,1800,"note: QPLIB_5721 has an identically zero external field; FastHare will see a field-free instance and reduce little"
QPLIB_5721,512,800,dsb-gpu,gemm,gemm,fp32,0,ok,0,1.569,50,50,1800,"note: QPLIB_5721 has an identically zero external field; FastHare will see a field-free instance and reduce little"
QPLIB_5721,512,800,dsb-gpu,gemm:fp32:notf32,gemm-notf32,fp32,0,error,1,0.025,0,50,1800,"error: unknown option: --no-tf32"
QPLIB_5721,512,800,dsb-gpu,gemm:int8,gemm,int8,0,unsupported,1,0.247,0,50,1800,"error: Solver: --precision=int8 requires every coupling in {-1; 0; +1}"
QPLIB_5721,512,800,dsb-gpu,gemm:fp16,gemm,fp16,0,ok,0,1.586,50,50,1800,"note: QPLIB_5721 has an identically zero external field; FastHare will see a field-free instance and reduce little"
QPLIB_5721,512,800,public-dsb,public:float32:matched,public,float32,0,ok,0,9.597,50,50,1800,"simulated-bifurcation schedule=matched env={'time_step': 1.03; 'pressure_slope': 0.0012151111219120987; 'heat_coefficient': 0.06; 'init': 'uniform(-0.01;0.01)'}"
QPLIB_5721,512,1600,dsb-gpu,auto,auto,fp32,0,ok,0,2.340,50,50,1800,"note: QPLIB_5721 has an identically zero external field; FastHare will see a field-free instance and reduce little"
QPLIB_5721,512,1600,dsb-gpu,bit,bit,fp32,0,error,1,0.025,0,50,1800,"error: unknown variant: bit"
QPLIB_5721,512,1600,dsb-gpu,csr-row,csr-row,fp32,0,ok,0,2.917,50,50,1800,"note: QPLIB_5721 has an identically zero external field; FastHare will see a field-free instance and reduce little"
QPLIB_5721,512,1600,dsb-gpu,csr-block,csr-block,fp32,0,ok,0,9.412,50,50,1800,"note: QPLIB_5721 has an identically zero external field; FastHare will see a field-free instance and reduce little"
QPLIB_5721,512,1600,dsb-gpu,block,block,fp32,0,ok,0,2.964,50,50,1800,"note: QPLIB_5721 has an identically zero external field; FastHare will see a field-free instance and reduce little"
QPLIB_5721,512,1600,dsb-gpu,gemm,gemm,fp32,0,ok,0,2.321,50,50,1800,"note: QPLIB_5721 has an identically zero external field; FastHare will see a field-free instance and reduce little"
QPLIB_5721,512,1600,dsb-gpu,gemm:fp32:notf32,gemm-notf32,fp32,0,error,1,0.025,0,50,1800,"error: unknown option: --no-tf32"
QPLIB_5721,512,1600,dsb-gpu,gemm:int8,gemm,int8,0,unsupported,1,0.234,0,50,1800,"error: Solver: --precision=int8 requires every coupling in {-1; 0; +1}"
QPLIB_5721,512,1600,dsb-gpu,gemm:fp16,gemm,fp16,0,ok,0,2.260,50,50,1800,"note: QPLIB_5721 has an identically zero external field; FastHare will see a field-free instance and reduce little"
QPLIB_5721,512,1600,public-dsb,public:float32:matched,public,float32,0,ok,0,16.830,50,50,1800,"simulated-bifurcation schedule=matched env={'time_step': 1.03; 'pressure_slope': 0.0006071756012556391; 'heat_coefficient': 0.06; 'init': 'uniform(-0.01;0.01)'}"
QPLIB_5725,1024,200,dsb-gpu,auto,auto,fp32,0,ok,0,1.099,50,50,1800,"note: QPLIB_5725 has an identically zero external field; FastHare will see a field-free instance and reduce little"
QPLIB_5725,1024,200,dsb-gpu,bit,bit,fp32,0,error,1,0.025,0,50,1800,"error: unknown variant: bit"
QPLIB_5725,1024,200,dsb-gpu,csr-row,csr-row,fp32,0,ok,0,0.563,50,50,1800,"note: QPLIB_5725 has an identically zero external field; FastHare will see a field-free instance and reduce little"
QPLIB_5725,1024,200,dsb-gpu,csr-block,csr-block,fp32,0,ok,0,0.528,50,50,1800,"note: QPLIB_5725 has an identically zero external field; FastHare will see a field-free instance and reduce little"
QPLIB_5725,1024,200,dsb-gpu,block,block,fp32,0,ok,0,1.174,50,50,1800,"note: QPLIB_5725 has an identically zero external field; FastHare will see a field-free instance and reduce little"
QPLIB_5725,1024,200,dsb-gpu,gemm,gemm,fp32,0,ok,0,1.093,50,50,1800,"note: QPLIB_5725 has an identically zero external field; FastHare will see a field-free instance and reduce little"
QPLIB_5725,1024,200,dsb-gpu,gemm:fp32:notf32,gemm-notf32,fp32,0,error,1,0.024,0,50,1800,"error: unknown option: --no-tf32"
QPLIB_5725,1024,200,dsb-gpu,gemm:int8,gemm,int8,0,unsupported,1,0.218,0,50,1800,"error: Solver: --precision=int8 requires every coupling in {-1; 0; +1}"
QPLIB_5725,1024,200,dsb-gpu,gemm:fp16,gemm,fp16,0,ok,0,1.275,50,50,1800,"note: QPLIB_5725 has an identically zero external field; FastHare will see a field-free instance and reduce little"
QPLIB_5725,1024,200,public-dsb,public:float32:matched,public,float32,0,ok,0,4.107,50,50,1800,"simulated-bifurcation schedule=matched env={'time_step': 1.07; 'pressure_slope': 0.004696379091720284; 'heat_coefficient': 0.06; 'init': 'uniform(-0.01;0.01)'}"
QPLIB_5725,1024,400,dsb-gpu,auto,auto,fp32,0,ok,0,1.236,50,50,1800,"note: QPLIB_5725 has an identically zero external field; FastHare will see a field-free instance and reduce little"
QPLIB_5725,1024,400,dsb-gpu,bit,bit,fp32,0,error,1,0.025,0,50,1800,"error: unknown variant: bit"
QPLIB_5725,1024,400,dsb-gpu,csr-row,csr-row,fp32,0,ok,0,0.630,50,50,1800,"note: QPLIB_5725 has an identically zero external field; FastHare will see a field-free instance and reduce little"
QPLIB_5725,1024,400,dsb-gpu,csr-block,csr-block,fp32,0,ok,0,0.558,50,50,1800,"note: QPLIB_5725 has an identically zero external field; FastHare will see a field-free instance and reduce little"
QPLIB_5725,1024,400,dsb-gpu,block,block,fp32,0,ok,0,1.755,50,50,1800,"note: QPLIB_5725 has an identically zero external field; FastHare will see a field-free instance and reduce little"
QPLIB_5725,1024,400,dsb-gpu,gemm,gemm,fp32,0,ok,0,1.249,50,50,1800,"note: QPLIB_5725 has an identically zero external field; FastHare will see a field-free instance and reduce little"
QPLIB_5725,1024,400,dsb-gpu,gemm:fp32:notf32,gemm-notf32,fp32,0,error,1,0.024,0,50,1800,"error: unknown option: --no-tf32"
QPLIB_5725,1024,400,dsb-gpu,gemm:int8,gemm,int8,0,unsupported,1,0.216,0,50,1800,"error: Solver: --precision=int8 requires every coupling in {-1; 0; +1}"
QPLIB_5725,1024,400,dsb-gpu,gemm:fp16,gemm,fp16,0,ok,0,1.396,50,50,1800,"note: QPLIB_5725 has an identically zero external field; FastHare will see a field-free instance and reduce little"
QPLIB_5725,1024,400,public-dsb,public:float32:matched,public,float32,0,ok,0,5.518,50,50,1800,"simulated-bifurcation schedule=matched env={'time_step': 1.07; 'pressure_slope': 0.002342304359028412; 'heat_coefficient': 0.06; 'init': 'uniform(-0.01;0.01)'}"
QPLIB_5725,1024,800,dsb-gpu,auto,auto,fp32,0,ok,0,1.546,50,50,1800,"note: QPLIB_5725 has an identically zero external field; FastHare will see a field-free instance and reduce little"
QPLIB_5725,1024,800,dsb-gpu,bit,bit,fp32,0,error,1,0.024,0,50,1800,"error: unknown variant: bit"
QPLIB_5725,1024,800,dsb-gpu,csr-row,csr-row,fp32,0,ok,0,0.764,50,50,1800,"note: QPLIB_5725 has an identically zero external field; FastHare will see a field-free instance and reduce little"
QPLIB_5725,1024,800,dsb-gpu,csr-block,csr-block,fp32,0,ok,0,0.594,50,50,1800,"note: QPLIB_5725 has an identically zero external field; FastHare will see a field-free instance and reduce little"
QPLIB_5725,1024,800,dsb-gpu,block,block,fp32,0,ok,0,2.888,50,50,1800,"note: QPLIB_5725 has an identically zero external field; FastHare will see a field-free instance and reduce little"
QPLIB_5725,1024,800,dsb-gpu,gemm,gemm,fp32,0,ok,0,1.534,50,50,1800,"note: QPLIB_5725 has an identically zero external field; FastHare will see a field-free instance and reduce little"
QPLIB_5725,1024,800,dsb-gpu,gemm:fp32:notf32,gemm-notf32,fp32,0,error,1,0.024,0,50,1800,"error: unknown option: --no-tf32"
QPLIB_5725,1024,800,dsb-gpu,gemm:int8,gemm,int8,0,unsupported,1,0.225,0,50,1800,"error: Solver: --precision=int8 requires every coupling in {-1; 0; +1}"
QPLIB_5725,1024,800,dsb-gpu,gemm:fp16,gemm,fp16,0,ok,0,1.667,50,50,1800,"note: QPLIB_5725 has an identically zero external field; FastHare will see a field-free instance and reduce little"
QPLIB_5725,1024,800,public-dsb,public:float32:matched,public,float32,0,ok,0,8.950,50,50,1800,"simulated-bifurcation schedule=matched env={'time_step': 1.07; 'pressure_slope': 0.0011696864070742633; 'heat_coefficient': 0.06; 'init': 'uniform(-0.01;0.01)'}"
QPLIB_5725,1024,1600,dsb-gpu,auto,auto,fp32,0,ok,0,2.166,50,50,1800,"note: QPLIB_5725 has an identically zero external field; FastHare will see a field-free instance and reduce little"
QPLIB_5725,1024,1600,dsb-gpu,bit,bit,fp32,0,error,1,0.025,0,50,1800,"error: unknown variant: bit"
QPLIB_5725,1024,1600,dsb-gpu,csr-row,csr-row,fp32,0,ok,0,1.042,50,50,1800,"note: QPLIB_5725 has an identically zero external field; FastHare will see a field-free instance and reduce little"
QPLIB_5725,1024,1600,dsb-gpu,csr-block,csr-block,fp32,0,ok,0,0.687,50,50,1800,"note: QPLIB_5725 has an identically zero external field; FastHare will see a field-free instance and reduce little"
QPLIB_5725,1024,1600,dsb-gpu,block,block,fp32,0,ok,0,5.169,50,50,1800,"note: QPLIB_5725 has an identically zero external field; FastHare will see a field-free instance and reduce little"
QPLIB_5725,1024,1600,dsb-gpu,gemm,gemm,fp32,0,ok,0,2.152,50,50,1800,"note: QPLIB_5725 has an identically zero external field; FastHare will see a field-free instance and reduce little"
QPLIB_5725,1024,1600,dsb-gpu,gemm:fp32:notf32,gemm-notf32,fp32,0,error,1,0.024,0,50,1800,"error: unknown option: --no-tf32"
QPLIB_5725,1024,1600,dsb-gpu,gemm:int8,gemm,int8,0,unsupported,1,0.222,0,50,1800,"error: Solver: --precision=int8 requires every coupling in {-1; 0; +1}"
QPLIB_5725,1024,1600,dsb-gpu,gemm:fp16,gemm,fp16,0,ok,0,2.209,50,50,1800,"note: QPLIB_5725 has an identically zero external field; FastHare will see a field-free instance and reduce little"
QPLIB_5725,1024,1600,public-dsb,public:float32:matched,public,float32,0,ok,0,15.253,50,50,1800,"simulated-bifurcation schedule=matched env={'time_step': 1.07; 'pressure_slope': 0.0005844774479376714; 'heat_coefficient': 0.06; 'init': 'uniform(-0.01;0.01)'}"
QPLIB_5755,1024,200,dsb-gpu,auto,auto,fp32,0,ok,0,1.213,50,50,1800,"note: QPLIB_5755 has an identically zero external field; FastHare will see a field-free instance and reduce little"
QPLIB_5755,1024,200,dsb-gpu,bit,bit,fp32,0,error,1,0.025,0,50,1800,"error: unknown variant: bit"
QPLIB_5755,1024,200,dsb-gpu,csr-row,csr-row,fp32,0,ok,0,0.590,50,50,1800,"note: QPLIB_5755 has an identically zero external field; FastHare will see a field-free instance and reduce little"
QPLIB_5755,1024,200,dsb-gpu,csr-block,csr-block,fp32,0,ok,0,0.553,50,50,1800,"note: QPLIB_5755 has an identically zero external field; FastHare will see a field-free instance and reduce little"
QPLIB_5755,1024,200,dsb-gpu,block,block,fp32,0,ok,0,1.909,50,50,1800,"note: QPLIB_5755 has an identically zero external field; FastHare will see a field-free instance and reduce little"
QPLIB_5755,1024,200,dsb-gpu,gemm,gemm,fp32,0,ok,0,1.226,50,50,1800,"note: QPLIB_5755 has an identically zero external field; FastHare will see a field-free instance and reduce little"
QPLIB_5755,1024,200,dsb-gpu,gemm:fp32:notf32,gemm-notf32,fp32,0,error,1,0.025,0,50,1800,"error: unknown option: --no-tf32"
QPLIB_5755,1024,200,dsb-gpu,gemm:int8,gemm,int8,0,unsupported,1,0.213,0,50,1800,"error: Solver: --precision=int8 requires every coupling in {-1; 0; +1}"
QPLIB_5755,1024,200,dsb-gpu,gemm:fp16,gemm,fp16,0,ok,0,1.431,50,50,1800,"note: QPLIB_5755 has an identically zero external field; FastHare will see a field-free instance and reduce little"
QPLIB_5755,1024,200,public-dsb,public:float32:matched,public,float32,0,ok,0,3.987,50,50,1800,"simulated-bifurcation schedule=matched env={'time_step': 1.05; 'pressure_slope': 0.004785833931562574; 'heat_coefficient': 0.06; 'init': 'uniform(-0.01;0.01)'}"
QPLIB_5755,1024,400,dsb-gpu,auto,auto,fp32,0,ok,0,1.438,50,50,1800,"note: QPLIB_5755 has an identically zero external field; FastHare will see a field-free instance and reduce little"
QPLIB_5755,1024,400,dsb-gpu,bit,bit,fp32,0,error,1,0.025,0,50,1800,"error: unknown variant: bit"
QPLIB_5755,1024,400,dsb-gpu,csr-row,csr-row,fp32,0,ok,0,0.653,50,50,1800,"note: QPLIB_5755 has an identically zero external field; FastHare will see a field-free instance and reduce little"
QPLIB_5755,1024,400,dsb-gpu,csr-block,csr-block,fp32,0,ok,0,0.574,50,50,1800,"note: QPLIB_5755 has an identically zero external field; FastHare will see a field-free instance and reduce little"
QPLIB_5755,1024,400,dsb-gpu,block,block,fp32,0,ok,0,3.154,50,50,1800,"note: QPLIB_5755 has an identically zero external field; FastHare will see a field-free instance and reduce little"
QPLIB_5755,1024,400,dsb-gpu,gemm,gemm,fp32,0,ok,0,1.446,50,50,1800,"note: QPLIB_5755 has an identically zero external field; FastHare will see a field-free instance and reduce little"
QPLIB_5755,1024,400,dsb-gpu,gemm:fp32:notf32,gemm-notf32,fp32,0,error,1,0.024,0,50,1800,"error: unknown option: --no-tf32"
QPLIB_5755,1024,400,dsb-gpu,gemm:int8,gemm,int8,0,unsupported,1,0.215,0,50,1800,"error: Solver: --precision=int8 requires every coupling in {-1; 0; +1}"
QPLIB_5755,1024,400,dsb-gpu,gemm:fp16,gemm,fp16,0,ok,0,1.642,50,50,1800,"note: QPLIB_5755 has an identically zero external field; FastHare will see a field-free instance and reduce little"
QPLIB_5755,1024,400,public-dsb,public:float32:matched,public,float32,0,ok,0,5.589,50,50,1800,"simulated-bifurcation schedule=matched env={'time_step': 1.05; 'pressure_slope': 0.0023869196801527626; 'heat_coefficient': 0.06; 'init': 'uniform(-0.01;0.01)'}"
QPLIB_5755,1024,800,dsb-gpu,auto,auto,fp32,0,ok,0,1.916,50,50,1800,"note: QPLIB_5755 has an identically zero external field; FastHare will see a field-free instance and reduce little"
QPLIB_5755,1024,800,dsb-gpu,bit,bit,fp32,0,error,1,0.025,0,50,1800,"error: unknown variant: bit"
QPLIB_5755,1024,800,dsb-gpu,csr-row,csr-row,fp32,0,ok,0,0.769,50,50,1800,"note: QPLIB_5755 has an identically zero external field; FastHare will see a field-free instance and reduce little"
QPLIB_5755,1024,800,dsb-gpu,csr-block,csr-block,fp32,0,ok,0,0.626,50,50,1800,"note: QPLIB_5755 has an identically zero external field; FastHare will see a field-free instance and reduce little"
QPLIB_5755,1024,800,dsb-gpu,block,block,fp32,0,ok,0,5.653,50,50,1800,"note: QPLIB_5755 has an identically zero external field; FastHare will see a field-free instance and reduce little"
QPLIB_5755,1024,800,dsb-gpu,gemm,gemm,fp32,0,ok,0,1.891,50,50,1800,"note: QPLIB_5755 has an identically zero external field; FastHare will see a field-free instance and reduce little"
QPLIB_5755,1024,800,dsb-gpu,gemm:fp32:notf32,gemm-notf32,fp32,0,error,1,0.025,0,50,1800,"error: unknown option: --no-tf32"
QPLIB_5755,1024,800,dsb-gpu,gemm:int8,gemm,int8,0,unsupported,1,0.211,0,50,1800,"error: Solver: --precision=int8 requires every coupling in {-1; 0; +1}"
QPLIB_5755,1024,800,dsb-gpu,gemm:fp16,gemm,fp16,0,ok,0,2.125,50,50,1800,"note: QPLIB_5755 has an identically zero external field; FastHare will see a field-free instance and reduce little"
QPLIB_5755,1024,800,public-dsb,public:float32:matched,public,float32,0,ok,0,9.348,50,50,1800,"simulated-bifurcation schedule=matched env={'time_step': 1.05; 'pressure_slope': 0.0011919661481613923; 'heat_coefficient': 0.06; 'init': 'uniform(-0.01;0.01)'}"
QPLIB_5755,1024,1600,dsb-gpu,auto,auto,fp32,0,ok,0,2.797,50,50,1800,"note: QPLIB_5755 has an identically zero external field; FastHare will see a field-free instance and reduce little"
QPLIB_5755,1024,1600,dsb-gpu,bit,bit,fp32,0,error,1,0.025,0,50,1800,"error: unknown variant: bit"
QPLIB_5755,1024,1600,dsb-gpu,csr-row,csr-row,fp32,0,ok,0,1.040,50,50,1800,"note: QPLIB_5755 has an identically zero external field; FastHare will see a field-free instance and reduce little"
QPLIB_5755,1024,1600,dsb-gpu,csr-block,csr-block,fp32,0,ok,0,0.758,50,50,1800,"note: QPLIB_5755 has an identically zero external field; FastHare will see a field-free instance and reduce little"
QPLIB_5755,1024,1600,dsb-gpu,block,block,fp32,0,ok,0,10.645,50,50,1800,"note: QPLIB_5755 has an identically zero external field; FastHare will see a field-free instance and reduce little"
QPLIB_5755,1024,1600,dsb-gpu,gemm,gemm,fp32,0,ok,0,2.793,50,50,1800,"note: QPLIB_5755 has an identically zero external field; FastHare will see a field-free instance and reduce little"
QPLIB_5755,1024,1600,dsb-gpu,gemm:fp32:notf32,gemm-notf32,fp32,0,error,1,0.025,0,50,1800,"error: unknown option: --no-tf32"
QPLIB_5755,1024,1600,dsb-gpu,gemm:int8,gemm,int8,0,unsupported,1,0.226,0,50,1800,"error: Solver: --precision=int8 requires every coupling in {-1; 0; +1}"
QPLIB_5755,1024,1600,dsb-gpu,gemm:fp16,gemm,fp16,0,ok,0,3.058,50,50,1800,"note: QPLIB_5755 has an identically zero external field; FastHare will see a field-free instance and reduce little"
QPLIB_5755,1024,1600,public-dsb,public:float32:matched,public,float32,0,ok,0,16.293,50,50,1800,"simulated-bifurcation schedule=matched env={'time_step': 1.05; 'pressure_slope': 0.0005956103517079127; 'heat_coefficient': 0.06; 'init': 'uniform(-0.01;0.01)'}"
QPLIB_5875,1024,200,dsb-gpu,auto,auto,fp32,0,ok,0,1.024,50,50,1800,""
QPLIB_5875,1024,200,dsb-gpu,bit,bit,fp32,0,error,1,0.025,0,50,1800,"error: unknown variant: bit"
QPLIB_5875,1024,200,dsb-gpu,csr-row,csr-row,fp32,0,ok,0,0.836,50,50,1800,""
QPLIB_5875,1024,200,dsb-gpu,csr-block,csr-block,fp32,0,ok,0,1.508,50,50,1800,""
QPLIB_5875,1024,200,dsb-gpu,block,block,fp32,0,ok,0,0.904,50,50,1800,""
QPLIB_5875,1024,200,dsb-gpu,gemm,gemm,fp32,0,ok,0,1.028,50,50,1800,""
QPLIB_5875,1024,200,dsb-gpu,gemm:fp32:notf32,gemm-notf32,fp32,0,error,1,0.025,0,50,1800,"error: unknown option: --no-tf32"
QPLIB_5875,1024,200,dsb-gpu,gemm:int8,gemm,int8,0,unsupported,1,0.230,0,50,1800,"error: Solver: --precision=int8 requires every coupling in {-1; 0; +1}"
QPLIB_5875,1024,200,dsb-gpu,gemm:fp16,gemm,fp16,0,ok,0,1.121,50,50,1800,""
QPLIB_5875,1024,200,public-dsb,public:float32:matched,public,float32,0,ok,0,3.972,50,50,1800,"simulated-bifurcation schedule=matched env={'time_step': 0.53; 'pressure_slope': 0.00948136910969944; 'heat_coefficient': 0.06; 'init': 'uniform(-0.01;0.01)'}"
QPLIB_5875,1024,400,dsb-gpu,auto,auto,fp32,0,ok,0,1.213,50,50,1800,""
QPLIB_5875,1024,400,dsb-gpu,bit,bit,fp32,0,error,1,0.025,0,50,1800,"error: unknown variant: bit"
QPLIB_5875,1024,400,dsb-gpu,csr-row,csr-row,fp32,0,ok,0,1.144,50,50,1800,""
QPLIB_5875,1024,400,dsb-gpu,csr-block,csr-block,fp32,0,ok,0,2.474,50,50,1800,""
QPLIB_5875,1024,400,dsb-gpu,block,block,fp32,0,ok,0,1.297,50,50,1800,""
QPLIB_5875,1024,400,dsb-gpu,gemm,gemm,fp32,0,ok,0,1.211,50,50,1800,""
QPLIB_5875,1024,400,dsb-gpu,gemm:fp32:notf32,gemm-notf32,fp32,0,error,1,0.025,0,50,1800,"error: unknown option: --no-tf32"
QPLIB_5875,1024,400,dsb-gpu,gemm:int8,gemm,int8,0,unsupported,1,0.232,0,50,1800,"error: Solver: --precision=int8 requires every coupling in {-1; 0; +1}"
QPLIB_5875,1024,400,dsb-gpu,gemm:fp16,gemm,fp16,0,ok,0,1.258,50,50,1800,""
QPLIB_5875,1024,400,public-dsb,public:float32:matched,public,float32,0,ok,0,5.849,50,50,1800,"simulated-bifurcation schedule=matched env={'time_step': 0.53; 'pressure_slope': 0.004728803139925285; 'heat_coefficient': 0.06; 'init': 'uniform(-0.01;0.01)'}"
QPLIB_5875,1024,800,dsb-gpu,auto,auto,fp32,0,ok,0,1.563,50,50,1800,""
QPLIB_5875,1024,800,dsb-gpu,bit,bit,fp32,0,error,1,0.025,0,50,1800,"error: unknown variant: bit"
QPLIB_5875,1024,800,dsb-gpu,csr-row,csr-row,fp32,0,ok,0,1.783,50,50,1800,""
QPLIB_5875,1024,800,dsb-gpu,csr-block,csr-block,fp32,0,ok,0,4.456,50,50,1800,""
QPLIB_5875,1024,800,dsb-gpu,block,block,fp32,0,ok,0,2.091,50,50,1800,""
QPLIB_5875,1024,800,dsb-gpu,gemm,gemm,fp32,0,ok,0,1.554,50,50,1800,""
QPLIB_5875,1024,800,dsb-gpu,gemm:fp32:notf32,gemm-notf32,fp32,0,error,1,0.025,0,50,1800,"error: unknown option: --no-tf32"
QPLIB_5875,1024,800,dsb-gpu,gemm:int8,gemm,int8,0,unsupported,1,0.219,0,50,1800,"error: Solver: --precision=int8 requires every coupling in {-1; 0; +1}"
QPLIB_5875,1024,800,dsb-gpu,gemm:fp16,gemm,fp16,0,ok,0,1.571,50,50,1800,""
QPLIB_5875,1024,800,public-dsb,public:float32:matched,public,float32,0,ok,0,9.068,50,50,1800,"simulated-bifurcation schedule=matched env={'time_step': 0.53; 'pressure_slope': 0.0023614423689989846; 'heat_coefficient': 0.06; 'init': 'uniform(-0.01;0.01)'}"
QPLIB_5875,1024,1600,dsb-gpu,auto,auto,fp32,0,ok,0,2.268,50,50,1800,""
QPLIB_5875,1024,1600,dsb-gpu,bit,bit,fp32,0,error,1,0.025,0,50,1800,"error: unknown variant: bit"
QPLIB_5875,1024,1600,dsb-gpu,csr-row,csr-row,fp32,0,ok,0,3.057,50,50,1800,""
QPLIB_5875,1024,1600,dsb-gpu,csr-block,csr-block,fp32,0,ok,0,8.390,50,50,1800,""
QPLIB_5875,1024,1600,dsb-gpu,block,block,fp32,0,ok,0,3.652,50,50,1800,""
QPLIB_5875,1024,1600,dsb-gpu,gemm,gemm,fp32,0,ok,0,2.309,50,50,1800,""
QPLIB_5875,1024,1600,dsb-gpu,gemm:fp32:notf32,gemm-notf32,fp32,0,error,1,0.025,0,50,1800,"error: unknown option: --no-tf32"
QPLIB_5875,1024,1600,dsb-gpu,gemm:int8,gemm,int8,0,unsupported,1,0.232,0,50,1800,"error: Solver: --precision=int8 requires every coupling in {-1; 0; +1}"
QPLIB_5875,1024,1600,dsb-gpu,gemm:fp16,gemm,fp16,0,ok,0,2.204,50,50,1800,""
QPLIB_5875,1024,1600,public-dsb,public:float32:matched,public,float32,0,ok,0,16.504,50,50,1800,"simulated-bifurcation schedule=matched env={'time_step': 0.53; 'pressure_slope': 0.001179982772251525; 'heat_coefficient': 0.06; 'init': 'uniform(-0.01;0.01)'}"
QPLIB_3506,1024,3200,dsb-gpu,auto,auto,fp32,0,ok,0,5.835,50,50,1800,"note: QPLIB_3506 has an identically zero external field; FastHare will see a field-free instance and reduce little"
QPLIB_3506,1024,3200,dsb-gpu,bit,bit,fp32,0,error,1,0.025,0,50,1800,"error: unknown variant: bit"
QPLIB_3506,1024,3200,dsb-gpu,csr-row,csr-row,fp32,0,ok,0,1.699,50,50,1800,"note: QPLIB_3506 has an identically zero external field; FastHare will see a field-free instance and reduce little"
QPLIB_3506,1024,3200,dsb-gpu,csr-block,csr-block,fp32,0,ok,0,1.197,50,50,1800,"note: QPLIB_3506 has an identically zero external field; FastHare will see a field-free instance and reduce little"
QPLIB_3506,1024,3200,dsb-gpu,block,block,fp32,0,ok,0,25.231,50,50,1800,"note: QPLIB_3506 has an identically zero external field; FastHare will see a field-free instance and reduce little"
QPLIB_3506,1024,3200,dsb-gpu,gemm,gemm,fp32,0,ok,0,4.757,50,50,1800,"note: QPLIB_3506 has an identically zero external field; FastHare will see a field-free instance and reduce little"
QPLIB_3506,1024,3200,dsb-gpu,gemm:fp32:notf32,gemm-notf32,fp32,0,error,1,0.025,0,50,1800,"error: unknown option: --no-tf32"
QPLIB_3506,1024,3200,dsb-gpu,gemm:int8,gemm,int8,0,ok,0,4.959,50,50,1800,"note: QPLIB_3506 has an identically zero external field; FastHare will see a field-free instance and reduce little"
QPLIB_3506,1024,3200,dsb-gpu,gemm:fp16,gemm,fp16,0,ok,0,5.471,50,50,1800,"note: QPLIB_3506 has an identically zero external field; FastHare will see a field-free instance and reduce little"
QPLIB_3506,1024,3200,public-dsb,public:float32:matched,public,float32,0,ok,0,30.551,50,50,1800,"simulated-bifurcation schedule=matched env={'time_step': 1.16; 'pressure_slope': 0.00026948076446303265; 'heat_coefficient': 0.06; 'init': 'uniform(-0.01;0.01)'}"
QPLIB_3565,2048,3200,dsb-gpu,auto,auto,fp32,0,ok,0,4.572,50,50,1800,"note: QPLIB_3565 has an identically zero external field; FastHare will see a field-free instance and reduce little"
QPLIB_3565,2048,3200,dsb-gpu,bit,bit,fp32,0,error,1,0.025,0,50,1800,"error: unknown variant: bit"
QPLIB_3565,2048,3200,dsb-gpu,csr-row,csr-row,fp32,0,ok,0,1.786,50,50,1800,"note: QPLIB_3565 has an identically zero external field; FastHare will see a field-free instance and reduce little"
QPLIB_3565,2048,3200,dsb-gpu,csr-block,csr-block,fp32,0,ok,0,1.267,50,50,1800,"note: QPLIB_3565 has an identically zero external field; FastHare will see a field-free instance and reduce little"
QPLIB_3565,2048,3200,dsb-gpu,block,block,fp32,0,ok,0,17.872,50,50,1800,"note: QPLIB_3565 has an identically zero external field; FastHare will see a field-free instance and reduce little"
QPLIB_3565,2048,3200,dsb-gpu,gemm,gemm,fp32,0,ok,0,4.559,50,50,1800,"note: QPLIB_3565 has an identically zero external field; FastHare will see a field-free instance and reduce little"
QPLIB_3565,2048,3200,dsb-gpu,gemm:fp32:notf32,gemm-notf32,fp32,0,error,1,0.024,0,50,1800,"error: unknown option: --no-tf32"
QPLIB_3565,2048,3200,dsb-gpu,gemm:int8,gemm,int8,0,ok,0,3.651,50,50,1800,"note: QPLIB_3565 has an identically zero external field; FastHare will see a field-free instance and reduce little"
QPLIB_3565,2048,3200,dsb-gpu,gemm:fp16,gemm,fp16,0,ok,0,5.009,50,50,1800,"note: QPLIB_3565 has an identically zero external field; FastHare will see a field-free instance and reduce little"
QPLIB_3565,2048,3200,public-dsb,public:float32:matched,public,float32,0,ok,0,30.543,50,50,1800,"simulated-bifurcation schedule=matched env={'time_step': 1.17; 'pressure_slope': 0.0002671775100659127; 'heat_coefficient': 0.06; 'init': 'uniform(-0.01;0.01)'}"
QPLIB_3642,256,3200,dsb-gpu,auto,auto,fp32,0,ok,0,3.208,50,50,1800,"note: QPLIB_3642 has an identically zero external field; FastHare will see a field-free instance and reduce little"
QPLIB_3642,256,3200,dsb-gpu,bit,bit,fp32,0,error,1,0.025,0,50,1800,"error: unknown variant: bit"
QPLIB_3642,256,3200,dsb-gpu,csr-row,csr-row,fp32,0,ok,0,1.456,50,50,1800,"note: QPLIB_3642 has an identically zero external field; FastHare will see a field-free instance and reduce little"
QPLIB_3642,256,3200,dsb-gpu,csr-block,csr-block,fp32,0,ok,0,0.979,50,50,1800,"note: QPLIB_3642 has an identically zero external field; FastHare will see a field-free instance and reduce little"
QPLIB_3642,256,3200,dsb-gpu,block,block,fp32,0,ok,0,16.590,50,50,1800,"note: QPLIB_3642 has an identically zero external field; FastHare will see a field-free instance and reduce little"
QPLIB_3642,256,3200,dsb-gpu,gemm,gemm,fp32,0,ok,0,4.766,50,50,1800,"note: QPLIB_3642 has an identically zero external field; FastHare will see a field-free instance and reduce little"
QPLIB_3642,256,3200,dsb-gpu,gemm:fp32:notf32,gemm-notf32,fp32,0,error,1,0.025,0,50,1800,"error: unknown option: --no-tf32"
QPLIB_3642,256,3200,dsb-gpu,gemm:int8,gemm,int8,0,ok,0,3.597,50,50,1800,"note: QPLIB_3642 has an identically zero external field; FastHare will see a field-free instance and reduce little"
QPLIB_3642,256,3200,dsb-gpu,gemm:fp16,gemm,fp16,0,ok,0,4.741,50,50,1800,"note: QPLIB_3642 has an identically zero external field; FastHare will see a field-free instance and reduce little"
QPLIB_3642,256,3200,public-dsb,public:float32:matched,public,float32,0,ok,0,28.762,50,50,1800,"simulated-bifurcation schedule=matched env={'time_step': 1.16; 'pressure_slope': 0.00026948076446303265; 'heat_coefficient': 0.06; 'init': 'uniform(-0.01;0.01)'}"
QPLIB_3650,256,3200,dsb-gpu,auto,auto,fp32,0,ok,0,3.102,50,50,1800,"note: QPLIB_3650 has an identically zero external field; FastHare will see a field-free instance and reduce little"
QPLIB_3650,256,3200,dsb-gpu,bit,bit,fp32,0,error,1,0.025,0,50,1800,"error: unknown variant: bit"
QPLIB_3650,256,3200,dsb-gpu,csr-row,csr-row,fp32,0,ok,0,1.420,50,50,1800,"note: QPLIB_3650 has an identically zero external field; FastHare will see a field-free instance and reduce little"
QPLIB_3650,256,3200,dsb-gpu,csr-block,csr-block,fp32,0,ok,0,0.898,50,50,1800,"note: QPLIB_3650 has an identically zero external field; FastHare will see a field-free instance and reduce little"
QPLIB_3650,256,3200,dsb-gpu,block,block,fp32,0,ok,0,18.021,50,50,1800,"note: QPLIB_3650 has an identically zero external field; FastHare will see a field-free instance and reduce little"
QPLIB_3650,256,3200,dsb-gpu,gemm,gemm,fp32,0,ok,0,5.901,50,50,1800,"note: QPLIB_3650 has an identically zero external field; FastHare will see a field-free instance and reduce little"
QPLIB_3650,256,3200,dsb-gpu,gemm:fp32:notf32,gemm-notf32,fp32,0,error,1,0.024,0,50,1800,"error: unknown option: --no-tf32"
QPLIB_3650,256,3200,dsb-gpu,gemm:int8,gemm,int8,0,ok,0,3.964,50,50,1800,"note: QPLIB_3650 has an identically zero external field; FastHare will see a field-free instance and reduce little"
QPLIB_3650,256,3200,dsb-gpu,gemm:fp16,gemm,fp16,0,ok,0,6.155,50,50,1800,"note: QPLIB_3650 has an identically zero external field; FastHare will see a field-free instance and reduce little"
QPLIB_3650,256,3200,public-dsb,public:float32:matched,public,float32,0,ok,0,30.909,50,50,1800,"simulated-bifurcation schedule=matched env={'time_step': 1.16; 'pressure_slope': 0.00026948076446303265; 'heat_coefficient': 0.06; 'init': 'uniform(-0.01;0.01)'}"
QPLIB_3693,256,3200,dsb-gpu,auto,auto,fp32,0,ok,0,3.273,50,50,1800,"note: QPLIB_3693 has an identically zero external field; FastHare will see a field-free instance and reduce little"
QPLIB_3693,256,3200,dsb-gpu,bit,bit,fp32,0,error,1,0.025,0,50,1800,"error: unknown variant: bit"
QPLIB_3693,256,3200,dsb-gpu,csr-row,csr-row,fp32,0,ok,0,1.500,50,50,1800,"note: QPLIB_3693 has an identically zero external field; FastHare will see a field-free instance and reduce little"
QPLIB_3693,256,3200,dsb-gpu,csr-block,csr-block,fp32,0,ok,0,1.018,50,50,1800,"note: QPLIB_3693 has an identically zero external field; FastHare will see a field-free instance and reduce little"
QPLIB_3693,256,3200,dsb-gpu,block,block,fp32,0,ok,0,19.615,50,50,1800,"note: QPLIB_3693 has an identically zero external field; FastHare will see a field-free instance and reduce little"
QPLIB_3693,256,3200,dsb-gpu,gemm,gemm,fp32,0,ok,0,6.827,50,50,1800,"note: QPLIB_3693 has an identically zero external field; FastHare will see a field-free instance and reduce little"
QPLIB_3693,256,3200,dsb-gpu,gemm:fp32:notf32,gemm-notf32,fp32,0,error,1,0.025,0,50,1800,"error: unknown option: --no-tf32"
QPLIB_3693,256,3200,dsb-gpu,gemm:int8,gemm,int8,0,ok,0,3.647,50,50,1800,"note: QPLIB_3693 has an identically zero external field; FastHare will see a field-free instance and reduce little"
QPLIB_3693,256,3200,dsb-gpu,gemm:fp16,gemm,fp16,0,ok,0,7.114,50,50,1800,"note: QPLIB_3693 has an identically zero external field; FastHare will see a field-free instance and reduce little"
QPLIB_3693,256,3200,public-dsb,public:float32:matched,public,float32,0,ok,0,28.578,50,50,1800,"simulated-bifurcation schedule=matched env={'time_step': 1.15; 'pressure_slope': 0.00027182407545836334; 'heat_coefficient': 0.06; 'init': 'uniform(-0.01;0.01)'}"
QPLIB_3705,1024,3200,dsb-gpu,auto,auto,fp32,0,ok,0,4.230,50,50,1800,"note: QPLIB_3705 has an identically zero external field; FastHare will see a field-free instance and reduce little"
QPLIB_3705,1024,3200,dsb-gpu,bit,bit,fp32,0,error,1,0.025,0,50,1800,"error: unknown variant: bit"
QPLIB_3705,1024,3200,dsb-gpu,csr-row,csr-row,fp32,0,ok,0,1.493,50,50,1800,"note: QPLIB_3705 has an identically zero external field; FastHare will see a field-free instance and reduce little"
QPLIB_3705,1024,3200,dsb-gpu,csr-block,csr-block,fp32,0,ok,0,0.972,50,50,1800,"note: QPLIB_3705 has an identically zero external field; FastHare will see a field-free instance and reduce little"
QPLIB_3705,1024,3200,dsb-gpu,block,block,fp32,0,ok,0,12.398,50,50,1800,"note: QPLIB_3705 has an identically zero external field; FastHare will see a field-free instance and reduce little"
QPLIB_3705,1024,3200,dsb-gpu,gemm,gemm,fp32,0,ok,0,4.284,50,50,1800,"note: QPLIB_3705 has an identically zero external field; FastHare will see a field-free instance and reduce little"
QPLIB_3705,1024,3200,dsb-gpu,gemm:fp32:notf32,gemm-notf32,fp32,0,error,1,0.025,0,50,1800,"error: unknown option: --no-tf32"
QPLIB_3705,1024,3200,dsb-gpu,gemm:int8,gemm,int8,0,ok,0,3.015,50,50,1800,"note: QPLIB_3705 has an identically zero external field; FastHare will see a field-free instance and reduce little"
QPLIB_3705,1024,3200,dsb-gpu,gemm:fp16,gemm,fp16,0,ok,0,4.782,50,50,1800,"note: QPLIB_3705 has an identically zero external field; FastHare will see a field-free instance and reduce little"
QPLIB_3705,1024,3200,public-dsb,public:float32:matched,public,float32,0,ok,0,30.160,50,50,1800,"simulated-bifurcation schedule=matched env={'time_step': 1.15; 'pressure_slope': 0.00027182407545836334; 'heat_coefficient': 0.06; 'init': 'uniform(-0.01;0.01)'}"
QPLIB_3706,512,3200,dsb-gpu,auto,auto,fp32,0,ok,0,4.216,50,50,1800,"note: QPLIB_3706 has an identically zero external field; FastHare will see a field-free instance and reduce little"
QPLIB_3706,512,3200,dsb-gpu,bit,bit,fp32,0,error,1,0.025,0,50,1800,"error: unknown variant: bit"
QPLIB_3706,512,3200,dsb-gpu,csr-row,csr-row,fp32,0,ok,0,1.484,50,50,1800,"note: QPLIB_3706 has an identically zero external field; FastHare will see a field-free instance and reduce little"
QPLIB_3706,512,3200,dsb-gpu,csr-block,csr-block,fp32,0,ok,0,1.037,50,50,1800,"note: QPLIB_3706 has an identically zero external field; FastHare will see a field-free instance and reduce little"
QPLIB_3706,512,3200,dsb-gpu,block,block,fp32,0,ok,0,16.901,50,50,1800,"note: QPLIB_3706 has an identically zero external field; FastHare will see a field-free instance and reduce little"
QPLIB_3706,512,3200,dsb-gpu,gemm,gemm,fp32,0,ok,0,3.964,50,50,1800,"note: QPLIB_3706 has an identically zero external field; FastHare will see a field-free instance and reduce little"
QPLIB_3706,512,3200,dsb-gpu,gemm:fp32:notf32,gemm-notf32,fp32,0,error,1,0.025,0,50,1800,"error: unknown option: --no-tf32"
QPLIB_3706,512,3200,dsb-gpu,gemm:int8,gemm,int8,0,ok,0,3.224,50,50,1800,"note: QPLIB_3706 has an identically zero external field; FastHare will see a field-free instance and reduce little"
QPLIB_3706,512,3200,dsb-gpu,gemm:fp16,gemm,fp16,0,ok,0,3.549,50,50,1800,"note: QPLIB_3706 has an identically zero external field; FastHare will see a field-free instance and reduce little"
QPLIB_3706,512,3200,public-dsb,public:float32:matched,public,float32,0,ok,0,30.623,50,50,1800,"simulated-bifurcation schedule=matched env={'time_step': 1.16; 'pressure_slope': 0.00026948076446303265; 'heat_coefficient': 0.06; 'init': 'uniform(-0.01;0.01)'}"
QPLIB_3738,1024,3200,dsb-gpu,auto,auto,fp32,0,ok,0,5.701,50,50,1800,"note: QPLIB_3738 has an identically zero external field; FastHare will see a field-free instance and reduce little"
QPLIB_3738,1024,3200,dsb-gpu,bit,bit,fp32,0,error,1,0.025,0,50,1800,"error: unknown variant: bit"
QPLIB_3738,1024,3200,dsb-gpu,csr-row,csr-row,fp32,0,ok,0,1.704,50,50,1800,"note: QPLIB_3738 has an identically zero external field; FastHare will see a field-free instance and reduce little"
QPLIB_3738,1024,3200,dsb-gpu,csr-block,csr-block,fp32,0,ok,0,1.081,50,50,1800,"note: QPLIB_3738 has an identically zero external field; FastHare will see a field-free instance and reduce little"
QPLIB_3738,1024,3200,dsb-gpu,block,block,fp32,0,ok,0,20.498,50,50,1800,"note: QPLIB_3738 has an identically zero external field; FastHare will see a field-free instance and reduce little"
QPLIB_3738,1024,3200,dsb-gpu,gemm,gemm,fp32,0,ok,0,3.806,50,50,1800,"note: QPLIB_3738 has an identically zero external field; FastHare will see a field-free instance and reduce little"
QPLIB_3738,1024,3200,dsb-gpu,gemm:fp32:notf32,gemm-notf32,fp32,0,error,1,0.025,0,50,1800,"error: unknown option: --no-tf32"
QPLIB_3738,1024,3200,dsb-gpu,gemm:int8,gemm,int8,0,ok,0,3.471,50,50,1800,"note: QPLIB_3738 has an identically zero external field; FastHare will see a field-free instance and reduce little"
QPLIB_3738,1024,3200,dsb-gpu,gemm:fp16,gemm,fp16,0,ok,0,3.870,50,50,1800,"note: QPLIB_3738 has an identically zero external field; FastHare will see a field-free instance and reduce little"
QPLIB_3738,1024,3200,public-dsb,public:float32:matched,public,float32,0,ok,0,30.198,50,50,1800,"simulated-bifurcation schedule=matched env={'time_step': 1.16; 'pressure_slope': 0.00026948076446303265; 'heat_coefficient': 0.06; 'init': 'uniform(-0.01;0.01)'}"
QPLIB_3745,2048,3200,dsb-gpu,auto,auto,fp32,0,ok,0,5.008,50,50,1800,"note: QPLIB_3745 has an identically zero external field; FastHare will see a field-free instance and reduce little"
QPLIB_3745,2048,3200,dsb-gpu,bit,bit,fp32,0,error,1,0.024,0,50,1800,"error: unknown variant: bit"
QPLIB_3745,2048,3200,dsb-gpu,csr-row,csr-row,fp32,0,ok,0,2.048,50,50,1800,"note: QPLIB_3745 has an identically zero external field; FastHare will see a field-free instance and reduce little"
QPLIB_3745,2048,3200,dsb-gpu,csr-block,csr-block,fp32,0,ok,0,1.408,50,50,1800,"note: QPLIB_3745 has an identically zero external field; FastHare will see a field-free instance and reduce little"
QPLIB_3745,2048,3200,dsb-gpu,block,block,fp32,0,ok,0,21.297,50,50,1800,"note: QPLIB_3745 has an identically zero external field; FastHare will see a field-free instance and reduce little"
QPLIB_3745,2048,3200,dsb-gpu,gemm,gemm,fp32,0,ok,0,5.004,50,50,1800,"note: QPLIB_3745 has an identically zero external field; FastHare will see a field-free instance and reduce little"
QPLIB_3745,2048,3200,dsb-gpu,gemm:fp32:notf32,gemm-notf32,fp32,0,error,1,0.025,0,50,1800,"error: unknown option: --no-tf32"
QPLIB_3745,2048,3200,dsb-gpu,gemm:int8,gemm,int8,0,ok,0,3.857,50,50,1800,"note: QPLIB_3745 has an identically zero external field; FastHare will see a field-free instance and reduce little"
QPLIB_3745,2048,3200,dsb-gpu,gemm:fp16,gemm,fp16,0,ok,0,4.397,50,50,1800,"note: QPLIB_3745 has an identically zero external field; FastHare will see a field-free instance and reduce little"
QPLIB_3745,2048,3200,public-dsb,public:float32:matched,public,float32,0,ok,0,30.706,50,50,1800,"simulated-bifurcation schedule=matched env={'time_step': 1.17; 'pressure_slope': 0.0002671775100659127; 'heat_coefficient': 0.06; 'init': 'uniform(-0.01;0.01)'}"
QPLIB_3822,512,3200,dsb-gpu,auto,auto,fp32,0,ok,0,4.422,50,50,1800,"note: QPLIB_3822 has an identically zero external field; FastHare will see a field-free instance and reduce little"
QPLIB_3822,512,3200,dsb-gpu,bit,bit,fp32,0,error,1,0.025,0,50,1800,"error: unknown variant: bit"
QPLIB_3822,512,3200,dsb-gpu,csr-row,csr-row,fp32,0,ok,0,1.773,50,50,1800,"note: QPLIB_3822 has an identically zero external field; FastHare will see a field-free instance and reduce little"
QPLIB_3822,512,3200,dsb-gpu,csr-block,csr-block,fp32,0,ok,0,1.188,50,50,1800,"note: QPLIB_3822 has an identically zero external field; FastHare will see a field-free instance and reduce little"
QPLIB_3822,512,3200,dsb-gpu,block,block,fp32,0,ok,0,24.119,50,50,1800,"note: QPLIB_3822 has an identically zero external field; FastHare will see a field-free instance and reduce little"
QPLIB_3822,512,3200,dsb-gpu,gemm,gemm,fp32,0,ok,0,6.914,50,50,1800,"note: QPLIB_3822 has an identically zero external field; FastHare will see a field-free instance and reduce little"
QPLIB_3822,512,3200,dsb-gpu,gemm:fp32:notf32,gemm-notf32,fp32,0,error,1,0.025,0,50,1800,"error: unknown option: --no-tf32"
QPLIB_3822,512,3200,dsb-gpu,gemm:int8,gemm,int8,0,ok,0,3.460,50,50,1800,"note: QPLIB_3822 has an identically zero external field; FastHare will see a field-free instance and reduce little"
QPLIB_3822,512,3200,dsb-gpu,gemm:fp16,gemm,fp16,0,ok,0,4.699,50,50,1800,"note: QPLIB_3822 has an identically zero external field; FastHare will see a field-free instance and reduce little"
QPLIB_3822,512,3200,public-dsb,public:float32:matched,public,float32,0,ok,0,30.864,50,50,1800,"simulated-bifurcation schedule=matched env={'time_step': 1.15; 'pressure_slope': 0.00027182407545836334; 'heat_coefficient': 0.06; 'init': 'uniform(-0.01;0.01)'}"
QPLIB_3832,512,3200,dsb-gpu,auto,auto,fp32,0,ok,0,3.378,50,50,1800,"note: QPLIB_3832 has an identically zero external field; FastHare will see a field-free instance and reduce little"
QPLIB_3832,512,3200,dsb-gpu,bit,bit,fp32,0,error,1,0.025,0,50,1800,"error: unknown variant: bit"
QPLIB_3832,512,3200,dsb-gpu,csr-row,csr-row,fp32,0,ok,0,1.404,50,50,1800,"note: QPLIB_3832 has an identically zero external field; FastHare will see a field-free instance and reduce little"
QPLIB_3832,512,3200,dsb-gpu,csr-block,csr-block,fp32,0,ok,0,0.892,50,50,1800,"note: QPLIB_3832 has an identically zero external field; FastHare will see a field-free instance and reduce little"
QPLIB_3832,512,3200,dsb-gpu,block,block,fp32,0,ok,0,12.409,50,50,1800,"note: QPLIB_3832 has an identically zero external field; FastHare will see a field-free instance and reduce little"
QPLIB_3832,512,3200,dsb-gpu,gemm,gemm,fp32,0,ok,0,4.759,50,50,1800,"note: QPLIB_3832 has an identically zero external field; FastHare will see a field-free instance and reduce little"
QPLIB_3832,512,3200,dsb-gpu,gemm:fp32:notf32,gemm-notf32,fp32,0,error,1,0.025,0,50,1800,"error: unknown option: --no-tf32"
QPLIB_3832,512,3200,dsb-gpu,gemm:int8,gemm,int8,0,ok,0,3.415,50,50,1800,"note: QPLIB_3832 has an identically zero external field; FastHare will see a field-free instance and reduce little"
QPLIB_3832,512,3200,dsb-gpu,gemm:fp16,gemm,fp16,0,ok,0,3.859,50,50,1800,"note: QPLIB_3832 has an identically zero external field; FastHare will see a field-free instance and reduce little"
QPLIB_3832,512,3200,public-dsb,public:float32:matched,public,float32,0,ok,0,30.756,50,50,1800,"simulated-bifurcation schedule=matched env={'time_step': 1.16; 'pressure_slope': 0.00026948076446303265; 'heat_coefficient': 0.06; 'init': 'uniform(-0.01;0.01)'}"
QPLIB_3838,512,3200,dsb-gpu,auto,auto,fp32,0,ok,0,4.287,50,50,1800,"note: QPLIB_3838 has an identically zero external field; FastHare will see a field-free instance and reduce little"
QPLIB_3838,512,3200,dsb-gpu,bit,bit,fp32,0,error,1,0.025,0,50,1800,"error: unknown variant: bit"
QPLIB_3838,512,3200,dsb-gpu,csr-row,csr-row,fp32,0,ok,0,1.567,50,50,1800,"note: QPLIB_3838 has an identically zero external field; FastHare will see a field-free instance and reduce little"
QPLIB_3838,512,3200,dsb-gpu,csr-block,csr-block,fp32,0,ok,0,1.085,50,50,1800,"note: QPLIB_3838 has an identically zero external field; FastHare will see a field-free instance and reduce little"
QPLIB_3838,512,3200,dsb-gpu,block,block,fp32,0,ok,0,21.037,50,50,1800,"note: QPLIB_3838 has an identically zero external field; FastHare will see a field-free instance and reduce little"
QPLIB_3838,512,3200,dsb-gpu,gemm,gemm,fp32,0,ok,0,6.460,50,50,1800,"note: QPLIB_3838 has an identically zero external field; FastHare will see a field-free instance and reduce little"
QPLIB_3838,512,3200,dsb-gpu,gemm:fp32:notf32,gemm-notf32,fp32,0,error,1,0.025,0,50,1800,"error: unknown option: --no-tf32"
QPLIB_3838,512,3200,dsb-gpu,gemm:int8,gemm,int8,0,ok,0,3.429,50,50,1800,"note: QPLIB_3838 has an identically zero external field; FastHare will see a field-free instance and reduce little"
QPLIB_3838,512,3200,dsb-gpu,gemm:fp16,gemm,fp16,0,ok,0,6.804,50,50,1800,"note: QPLIB_3838 has an identically zero external field; FastHare will see a field-free instance and reduce little"
QPLIB_3838,512,3200,public-dsb,public:float32:matched,public,float32,0,ok,0,30.380,50,50,1800,"simulated-bifurcation schedule=matched env={'time_step': 1.17; 'pressure_slope': 0.0002671775100659127; 'heat_coefficient': 0.06; 'init': 'uniform(-0.01;0.01)'}"
QPLIB_3850,256,3200,dsb-gpu,auto,auto,fp32,0,ok,0,3.674,50,50,1800,"note: QPLIB_3850 has an identically zero external field; FastHare will see a field-free instance and reduce little"
QPLIB_3850,256,3200,dsb-gpu,bit,bit,fp32,0,error,1,0.025,0,50,1800,"error: unknown variant: bit"
QPLIB_3850,256,3200,dsb-gpu,csr-row,csr-row,fp32,0,ok,0,1.550,50,50,1800,"note: QPLIB_3850 has an identically zero external field; FastHare will see a field-free instance and reduce little"
QPLIB_3850,256,3200,dsb-gpu,csr-block,csr-block,fp32,0,ok,0,1.097,50,50,1800,"note: QPLIB_3850 has an identically zero external field; FastHare will see a field-free instance and reduce little"
QPLIB_3850,256,3200,dsb-gpu,block,block,fp32,0,ok,0,24.513,50,50,1800,"note: QPLIB_3850 has an identically zero external field; FastHare will see a field-free instance and reduce little"
QPLIB_3850,256,3200,dsb-gpu,gemm,gemm,fp32,0,ok,0,7.137,50,50,1800,"note: QPLIB_3850 has an identically zero external field; FastHare will see a field-free instance and reduce little"
QPLIB_3850,256,3200,dsb-gpu,gemm:fp32:notf32,gemm-notf32,fp32,0,error,1,0.025,0,50,1800,"error: unknown option: --no-tf32"
QPLIB_3850,256,3200,dsb-gpu,gemm:int8,gemm,int8,0,ok,0,3.818,50,50,1800,"note: QPLIB_3850 has an identically zero external field; FastHare will see a field-free instance and reduce little"
QPLIB_3850,256,3200,dsb-gpu,gemm:fp16,gemm,fp16,0,ok,0,5.462,50,50,1800,"note: QPLIB_3850 has an identically zero external field; FastHare will see a field-free instance and reduce little"
QPLIB_3850,256,3200,public-dsb,public:float32:matched,public,float32,0,ok,0,28.706,50,50,1800,"simulated-bifurcation schedule=matched env={'time_step': 1.16; 'pressure_slope': 0.00026948076446303265; 'heat_coefficient': 0.06; 'init': 'uniform(-0.01;0.01)'}"
QPLIB_3852,2048,3200,dsb-gpu,auto,auto,fp32,0,ok,0,3.357,50,50,1800,"note: QPLIB_3852 has an identically zero external field; FastHare will see a field-free instance and reduce little"
QPLIB_3852,2048,3200,dsb-gpu,bit,bit,fp32,0,error,1,0.024,0,50,1800,"error: unknown variant: bit"
QPLIB_3852,2048,3200,dsb-gpu,csr-row,csr-row,fp32,0,ok,0,1.669,50,50,1800,"note: QPLIB_3852 has an identically zero external field; FastHare will see a field-free instance and reduce little"
QPLIB_3852,2048,3200,dsb-gpu,csr-block,csr-block,fp32,0,ok,0,1.129,50,50,1800,"note: QPLIB_3852 has an identically zero external field; FastHare will see a field-free instance and reduce little"
QPLIB_3852,2048,3200,dsb-gpu,block,block,fp32,0,ok,0,12.628,50,50,1800,"note: QPLIB_3852 has an identically zero external field; FastHare will see a field-free instance and reduce little"
QPLIB_3852,2048,3200,dsb-gpu,gemm,gemm,fp32,0,ok,0,3.353,50,50,1800,"note: QPLIB_3852 has an identically zero external field; FastHare will see a field-free instance and reduce little"
QPLIB_3852,2048,3200,dsb-gpu,gemm:fp32:notf32,gemm-notf32,fp32,0,error,1,0.025,0,50,1800,"error: unknown option: --no-tf32"
QPLIB_3852,2048,3200,dsb-gpu,gemm:int8,gemm,int8,0,ok,0,4.737,50,50,1800,"note: QPLIB_3852 has an identically zero external field; FastHare will see a field-free instance and reduce little"
QPLIB_3852,2048,3200,dsb-gpu,gemm:fp16,gemm,fp16,0,ok,0,3.506,50,50,1800,"note: QPLIB_3852 has an identically zero external field; FastHare will see a field-free instance and reduce little"
QPLIB_3852,2048,3200,public-dsb,public:float32:matched,public,float32,0,ok,0,30.230,50,50,1800,"simulated-bifurcation schedule=matched env={'time_step': 1.15; 'pressure_slope': 0.00027182407545836334; 'heat_coefficient': 0.06; 'init': 'uniform(-0.01;0.01)'}"
QPLIB_3877,512,3200,dsb-gpu,auto,auto,fp32,0,ok,0,3.412,50,50,1800,"note: QPLIB_3877 has an identically zero external field; FastHare will see a field-free instance and reduce little"
QPLIB_3877,512,3200,dsb-gpu,bit,bit,fp32,0,error,1,0.025,0,50,1800,"error: unknown variant: bit"
QPLIB_3877,512,3200,dsb-gpu,csr-row,csr-row,fp32,0,ok,0,1.426,50,50,1800,"note: QPLIB_3877 has an identically zero external field; FastHare will see a field-free instance and reduce little"
QPLIB_3877,512,3200,dsb-gpu,csr-block,csr-block,fp32,0,ok,0,0.952,50,50,1800,"note: QPLIB_3877 has an identically zero external field; FastHare will see a field-free instance and reduce little"
QPLIB_3877,512,3200,dsb-gpu,block,block,fp32,0,ok,0,13.988,50,50,1800,"note: QPLIB_3877 has an identically zero external field; FastHare will see a field-free instance and reduce little"
QPLIB_3877,512,3200,dsb-gpu,gemm,gemm,fp32,0,ok,0,4.920,50,50,1800,"note: QPLIB_3877 has an identically zero external field; FastHare will see a field-free instance and reduce little"
QPLIB_3877,512,3200,dsb-gpu,gemm:fp32:notf32,gemm-notf32,fp32,0,error,1,0.025,0,50,1800,"error: unknown option: --no-tf32"
QPLIB_3877,512,3200,dsb-gpu,gemm:int8,gemm,int8,0,ok,0,3.598,50,50,1800,"note: QPLIB_3877 has an identically zero external field; FastHare will see a field-free instance and reduce little"
QPLIB_3877,512,3200,dsb-gpu,gemm:fp16,gemm,fp16,0,ok,0,5.951,50,50,1800,"note: QPLIB_3877 has an identically zero external field; FastHare will see a field-free instance and reduce little"
QPLIB_3877,512,3200,public-dsb,public:float32:matched,public,float32,0,ok,0,30.088,50,50,1800,"simulated-bifurcation schedule=matched env={'time_step': 1.15; 'pressure_slope': 0.00027182407545836334; 'heat_coefficient': 0.06; 'init': 'uniform(-0.01;0.01)'}"
QPLIB_5721,512,3200,dsb-gpu,auto,auto,fp32,0,ok,0,3.831,50,50,1800,"note: QPLIB_5721 has an identically zero external field; FastHare will see a field-free instance and reduce little"
QPLIB_5721,512,3200,dsb-gpu,bit,bit,fp32,0,error,1,0.024,0,50,1800,"error: unknown variant: bit"
QPLIB_5721,512,3200,dsb-gpu,csr-row,csr-row,fp32,0,ok,0,5.258,50,50,1800,"note: QPLIB_5721 has an identically zero external field; FastHare will see a field-free instance and reduce little"
QPLIB_5721,512,3200,dsb-gpu,csr-block,csr-block,fp32,0,ok,0,18.245,50,50,1800,"note: QPLIB_5721 has an identically zero external field; FastHare will see a field-free instance and reduce little"
QPLIB_5721,512,3200,dsb-gpu,block,block,fp32,0,ok,0,5.409,50,50,1800,"note: QPLIB_5721 has an identically zero external field; FastHare will see a field-free instance and reduce little"
QPLIB_5721,512,3200,dsb-gpu,gemm,gemm,fp32,0,ok,0,3.832,50,50,1800,"note: QPLIB_5721 has an identically zero external field; FastHare will see a field-free instance and reduce little"
QPLIB_5721,512,3200,dsb-gpu,gemm:fp32:notf32,gemm-notf32,fp32,0,error,1,0.025,0,50,1800,"error: unknown option: --no-tf32"
QPLIB_5721,512,3200,dsb-gpu,gemm:int8,gemm,int8,0,unsupported,1,0.231,0,50,1800,"error: Solver: --precision=int8 requires every coupling in {-1; 0; +1}"
QPLIB_5721,512,3200,dsb-gpu,gemm:fp16,gemm,fp16,0,ok,0,3.560,50,50,1800,"note: QPLIB_5721 has an identically zero external field; FastHare will see a field-free instance and reduce little"
QPLIB_5721,512,3200,public-dsb,public:float32:matched,public,float32,0,ok,0,28.792,50,50,1800,"simulated-bifurcation schedule=matched env={'time_step': 1.03; 'pressure_slope': 0.00030349289978360953; 'heat_coefficient': 0.06; 'init': 'uniform(-0.01;0.01)'}"
QPLIB_5725,1024,3200,dsb-gpu,auto,auto,fp32,0,ok,0,3.376,50,50,1800,"note: QPLIB_5725 has an identically zero external field; FastHare will see a field-free instance and reduce little"
QPLIB_5725,1024,3200,dsb-gpu,bit,bit,fp32,0,error,1,0.025,0,50,1800,"error: unknown variant: bit"
QPLIB_5725,1024,3200,dsb-gpu,csr-row,csr-row,fp32,0,ok,0,1.563,50,50,1800,"note: QPLIB_5725 has an identically zero external field; FastHare will see a field-free instance and reduce little"
QPLIB_5725,1024,3200,dsb-gpu,csr-block,csr-block,fp32,0,ok,0,0.889,50,50,1800,"note: QPLIB_5725 has an identically zero external field; FastHare will see a field-free instance and reduce little"
QPLIB_5725,1024,3200,dsb-gpu,block,block,fp32,0,ok,0,9.696,50,50,1800,"note: QPLIB_5725 has an identically zero external field; FastHare will see a field-free instance and reduce little"
QPLIB_5725,1024,3200,dsb-gpu,gemm,gemm,fp32,0,ok,0,3.348,50,50,1800,"note: QPLIB_5725 has an identically zero external field; FastHare will see a field-free instance and reduce little"
QPLIB_5725,1024,3200,dsb-gpu,gemm:fp32:notf32,gemm-notf32,fp32,0,error,1,0.025,0,50,1800,"error: unknown option: --no-tf32"
QPLIB_5725,1024,3200,dsb-gpu,gemm:int8,gemm,int8,0,unsupported,1,0.210,0,50,1800,"error: Solver: --precision=int8 requires every coupling in {-1; 0; +1}"
QPLIB_5725,1024,3200,dsb-gpu,gemm:fp16,gemm,fp16,0,ok,0,3.329,50,50,1800,"note: QPLIB_5725 has an identically zero external field; FastHare will see a field-free instance and reduce little"
QPLIB_5725,1024,3200,public-dsb,public:float32:matched,public,float32,0,ok,0,29.588,50,50,1800,"simulated-bifurcation schedule=matched env={'time_step': 1.07; 'pressure_slope': 0.0002921473708197363; 'heat_coefficient': 0.06; 'init': 'uniform(-0.01;0.01)'}"
QPLIB_5755,1024,3200,dsb-gpu,auto,auto,fp32,0,ok,0,4.556,50,50,1800,"note: QPLIB_5755 has an identically zero external field; FastHare will see a field-free instance and reduce little"
QPLIB_5755,1024,3200,dsb-gpu,bit,bit,fp32,0,error,1,0.025,0,50,1800,"error: unknown variant: bit"
QPLIB_5755,1024,3200,dsb-gpu,csr-row,csr-row,fp32,0,ok,0,1.558,50,50,1800,"note: QPLIB_5755 has an identically zero external field; FastHare will see a field-free instance and reduce little"
QPLIB_5755,1024,3200,dsb-gpu,csr-block,csr-block,fp32,0,ok,0,0.979,50,50,1800,"note: QPLIB_5755 has an identically zero external field; FastHare will see a field-free instance and reduce little"
QPLIB_5755,1024,3200,dsb-gpu,block,block,fp32,0,ok,0,20.619,50,50,1800,"note: QPLIB_5755 has an identically zero external field; FastHare will see a field-free instance and reduce little"
QPLIB_5755,1024,3200,dsb-gpu,gemm,gemm,fp32,0,ok,0,4.564,50,50,1800,"note: QPLIB_5755 has an identically zero external field; FastHare will see a field-free instance and reduce little"
QPLIB_5755,1024,3200,dsb-gpu,gemm:fp32:notf32,gemm-notf32,fp32,0,error,1,0.025,0,50,1800,"error: unknown option: --no-tf32"
QPLIB_5755,1024,3200,dsb-gpu,gemm:int8,gemm,int8,0,unsupported,1,0.216,0,50,1800,"error: Solver: --precision=int8 requires every coupling in {-1; 0; +1}"
QPLIB_5755,1024,3200,dsb-gpu,gemm:fp16,gemm,fp16,0,ok,0,4.895,50,50,1800,"note: QPLIB_5755 has an identically zero external field; FastHare will see a field-free instance and reduce little"
QPLIB_5755,1024,3200,public-dsb,public:float32:matched,public,float32,0,ok,0,31.084,50,50,1800,"simulated-bifurcation schedule=matched env={'time_step': 1.05; 'pressure_slope': 0.0002977120826448741; 'heat_coefficient': 0.06; 'init': 'uniform(-0.01;0.01)'}"
QPLIB_5875,1024,3200,dsb-gpu,auto,auto,fp32,0,ok,0,3.723,50,50,1800,""
QPLIB_5875,1024,3200,dsb-gpu,bit,bit,fp32,0,error,1,0.025,0,50,1800,"error: unknown variant: bit"
QPLIB_5875,1024,3200,dsb-gpu,csr-row,csr-row,fp32,0,ok,0,5.599,50,50,1800,""
QPLIB_5875,1024,3200,dsb-gpu,csr-block,csr-block,fp32,0,ok,0,16.290,50,50,1800,""
QPLIB_5875,1024,3200,dsb-gpu,block,block,fp32,0,ok,0,6.770,50,50,1800,""
QPLIB_5875,1024,3200,dsb-gpu,gemm,gemm,fp32,0,ok,0,3.704,50,50,1800,""
QPLIB_5875,1024,3200,dsb-gpu,gemm:fp32:notf32,gemm-notf32,fp32,0,error,1,0.025,0,50,1800,"error: unknown option: --no-tf32"
QPLIB_5875,1024,3200,dsb-gpu,gemm:int8,gemm,int8,0,unsupported,1,0.232,0,50,1800,"error: Solver: --precision=int8 requires every coupling in {-1; 0; +1}"
QPLIB_5875,1024,3200,dsb-gpu,gemm:fp16,gemm,fp16,0,ok,0,3.424,50,50,1800,""
QPLIB_5875,1024,3200,public-dsb,public:float32:matched,public,float32,0,ok,0,29.784,50,50,1800,"simulated-bifurcation schedule=matched env={'time_step': 0.53; 'pressure_slope': 0.0005898069561832412; 'heat_coefficient': 0.06; 'init': 'uniform(-0.01;0.01)'}"
