implementation,instance,repeat,seed,n_original,n_before_reduction,n_reduced,edges,agents,steps,precision,variant,storage,reduction,early_stopping,objective,target,success,preprocess_s,setup_s,solver_s,reconstruction_s,evaluation_s,total_s,wall_s,reduction_ratio,time_per_step_s,edge_updates_per_s,nnz_solver,coupling_bytes,gpu_memory_bytes
dsb-gpu,WK2000_1,0,12345,2000,2000,2000,1999000,512,200,fp32,auto->bit,dense,0,0,33164,33337,0,0,0.036843548,0.00604844809,0.000147585,0.002436298,0.00619603309,0.056915826,0,3.02422404e-05,,0,504000,8954848
dsb-gpu,WK2000_1,1,12346,2000,2000,2000,1999000,512,200,fp32,auto->bit,dense,0,0,33173,33337,0,0,0.037673152,0.00604835176,0.000147329,0.002520778,0.00619568076,0.057422292,0,3.02417588e-05,,0,504000,8954848
dsb-gpu,WK2000_1,2,12347,2000,2000,2000,1999000,512,200,fp32,auto->bit,dense,0,0,33186,33337,0,0,0.03757552,0.00604831982,0.000146368,0.002447083,0.00619468782,0.057173812,0,3.02415991e-05,,0,504000,8954848
dsb-gpu,WK2000_1,3,12348,2000,2000,2000,1999000,512,200,fp32,auto->bit,dense,0,0,33184,33337,0,0,0.037607328,0.00604816008,0.000147488,0.002406091,0.00619564808,0.057165396,0,3.02408004e-05,,0,504000,8954848
dsb-gpu,WK2000_1,4,12349,2000,2000,2000,1999000,512,200,fp32,auto->bit,dense,0,0,33197,33337,0,0,0.037296446,0.00604886389,0.000146401,0.002409706,0.00619526489,0.05672357,0,3.02443194e-05,,0,504000,8954848
dsb-gpu,WK2000_1,5,12350,2000,2000,2000,1999000,512,200,fp32,auto->bit,dense,0,0,33195,33337,0,0,0.037270846,0.00604848003,0.000146561,0.002472234,0.00619504103,0.056748177,0,3.02424002e-05,,0,504000,8954848
dsb-gpu,WK2000_1,6,12351,2000,2000,2000,1999000,512,200,fp32,auto->bit,dense,0,0,33185,33337,0,0,0.037226207,0.00604886389,0.000151137,0.002441418,0.00620000089,0.056684113,0,3.02443194e-05,,0,504000,8954848
dsb-gpu,WK2000_1,7,12352,2000,2000,2000,1999000,512,200,fp32,auto->bit,dense,0,0,33132,33337,0,0,0.037065662,0.00604838419,0.000146241,0.002436362,0.00619462519,0.056461296,0,3.02419209e-05,,0,504000,8954848
dsb-gpu,WK2000_1,8,12353,2000,2000,2000,1999000,512,200,fp32,auto->bit,dense,0,0,33234,33337,0,0,0.037272831,0.00604716778,0.000144993,0.002485706,0.00619216078,0.056713137,0,3.02358389e-05,,0,504000,8954848
dsb-gpu,WK2000_1,9,12354,2000,2000,2000,1999000,512,200,fp32,auto->bit,dense,0,0,33143,33337,0,0,0.03714787,0.00604979181,0.000145153,0.002460266,0.00619494481,0.056582993,0,3.02489591e-05,,0,504000,8954848
dsb-gpu,WK2000_1,10,12355,2000,2000,2000,1999000,512,200,fp32,auto->bit,dense,0,0,33162,33337,0,0,0.037080158,0.00604963207,0.000144801,0.00242417,0.00619443307,0.056446576,0,3.02481604e-05,,0,504000,8954848
dsb-gpu,WK2000_1,11,12356,2000,2000,2000,1999000,512,200,fp32,auto->bit,dense,0,0,33199,33337,0,0,0.036985021,0.00604771185,0.00014496,0.002465163,0.00619267185,0.056362512,0,3.02385592e-05,,0,504000,8954848
dsb-gpu,WK2000_1,12,12357,2000,2000,2000,1999000,512,200,fp32,auto->bit,dense,0,0,33145,33337,0,0,0.037102302,0.00604899216,0.000144705,0.002432394,0.00619369716,0.056462992,0,3.02449608e-05,,0,504000,8954848
dsb-gpu,WK2000_1,13,12358,2000,2000,2000,1999000,512,200,fp32,auto->bit,dense,0,0,33219,33337,0,0,0.037248191,0.00604918385,0.000146336,0.002413098,0.00619551985,0.056605136,0,3.02459192e-05,,0,504000,8954848
dsb-gpu,WK2000_1,14,12359,2000,2000,2000,1999000,512,200,fp32,auto->bit,dense,0,0,33178,33337,0,0,0.037242239,0.00604956818,0.000146145,0.002411242,0.00619571318,0.056602321,0,3.02478409e-05,,0,504000,8954848
dsb-gpu,WK2000_1,15,12360,2000,2000,2000,1999000,512,200,fp32,auto->bit,dense,0,0,33142,33337,0,0,0.037279422,0.00604963207,0.000146881,0.002412363,0.00619651307,0.056596625,0,3.02481604e-05,,0,504000,8954848
dsb-gpu,WK2000_1,16,12361,2000,2000,2000,1999000,512,200,fp32,auto->bit,dense,0,0,33183,33337,0,0,0.037320478,0.00604937601,0.000147649,0.002405546,0.00619702501,0.056685009,0,3.02468801e-05,,0,504000,8954848
dsb-gpu,WK2000_1,17,12362,2000,2000,2000,1999000,512,200,fp32,auto->bit,dense,0,0,33203,33337,0,0,0.037057117,0.00604896021,0.000144288,0.002424011,0.00619324821,0.056416688,0,3.0244801e-05,,0,504000,8954848
dsb-gpu,WK2000_1,18,12363,2000,2000,2000,1999000,512,200,fp32,auto->bit,dense,0,0,33181,33337,0,0,0.037037757,0.00605075216,0.000170241,0.002849292,0.00622099316,0.057012914,0,3.02537608e-05,,0,504000,8954848
dsb-gpu,WK2000_1,19,12364,2000,2000,2000,1999000,512,200,fp32,auto->bit,dense,0,0,33181,33337,0,0,0.038032706,0.00604713583,0.000145728,0.002406219,0.00619286383,0.058236056,0,3.02356791e-05,,0,504000,8954848
dsb-gpu,WK2000_1,20,12365,2000,2000,2000,1999000,512,200,fp32,auto->bit,dense,0,0,33114,33337,0,0,0.037693248,0.00604953623,0.000145857,0.002492171,0.00619539323,0.057176659,0,3.02476811e-05,,0,504000,8954848
dsb-gpu,WK2000_1,21,12366,2000,2000,2000,1999000,512,200,fp32,auto->bit,dense,0,0,33195,33337,0,0,0.03755296,0.00605148792,0.000146049,0.002430026,0.00619753692,0.05693477,0,3.02574396e-05,,0,504000,8954848
dsb-gpu,WK2000_1,22,12367,2000,2000,2000,1999000,512,200,fp32,auto->bit,dense,0,0,33161,33337,0,0,0.036976285,0.006047616,0.0001512,0.002423499,0.006198816,0.056343088,0,3.023808e-05,,0,504000,8954848
dsb-gpu,WK2000_1,23,12368,2000,2000,2000,1999000,512,200,fp32,auto->bit,dense,0,0,33134,33337,0,0,0.037073822,0.00604771185,0.00014752,0.002431211,0.00619523185,0.056455505,0,3.02385592e-05,,0,504000,8954848
dsb-gpu,WK2000_1,24,12369,2000,2000,2000,1999000,512,200,fp32,auto->bit,dense,0,0,33172,33337,0,0,0.037615328,0.00604803181,0.000146944,0.002439947,0.00619497581,0.057174932,0,3.0240159e-05,,0,504000,8954848
dsb-gpu,WK2000_1,25,12370,2000,2000,2000,1999000,512,200,fp32,auto->bit,dense,0,0,33146,33337,0,0,0.037657056,0.00604828787,0.000146465,0.002417515,0.00619475287,0.057154387,0,3.02414393e-05,,0,504000,8954848
dsb-gpu,WK2000_1,26,12371,2000,2000,2000,1999000,512,200,fp32,auto->bit,dense,0,0,33161,33337,0,0,0.037247966,0.00604675198,0.000145984,0.002427115,0.00619273598,0.056672081,0,3.02337599e-05,,0,504000,8954848
dsb-gpu,WK2000_1,27,12372,2000,2000,2000,1999000,512,200,fp32,auto->bit,dense,0,0,33191,33337,0,0,0.037754657,0.00605030394,0.000147392,0.002490187,0.00619769594,0.057188211,0,3.02515197e-05,,0,504000,8954848
dsb-gpu,WK2000_1,28,12373,2000,2000,2000,1999000,512,200,fp32,auto->bit,dense,0,0,33178,33337,0,0,0.037360062,0.00604771185,0.000146113,0.002478762,0.00619382485,0.056782705,0,3.02385592e-05,,0,504000,8954848
dsb-gpu,WK2000_1,29,12374,2000,2000,2000,1999000,512,200,fp32,auto->bit,dense,0,0,33200,33337,0,0,0.037281374,0.00604940796,0.000151201,0.002456522,0.00620060896,0.056649201,0,3.02470398e-05,,0,504000,8954848
dsb-gpu,WK2000_1,30,12375,2000,2000,2000,1999000,512,200,fp32,auto->bit,dense,0,0,33200,33337,0,0,0.037373375,0.0060472641,0.000145249,0.002437546,0.0061925131,0.05685989,0,3.02363205e-05,,0,504000,8954848
dsb-gpu,WK2000_1,31,12376,2000,2000,2000,1999000,512,200,fp32,auto->bit,dense,0,0,33162,33337,0,0,0.037318046,0.00604655981,0.000144609,0.002421642,0.00619116881,0.056676977,0,3.02327991e-05,,0,504000,8954848
dsb-gpu,WK2000_1,32,12377,2000,2000,2000,1999000,512,200,fp32,auto->bit,dense,0,0,33166,33337,0,0,0.036990269,0.00604831982,0.000145888,0.002433962,0.00619420782,0.056327055,0,3.02415991e-05,,0,504000,8954848
dsb-gpu,WK2000_1,33,12378,2000,2000,2000,1999000,512,200,fp32,auto->bit,dense,0,0,33161,33337,0,0,0.037395551,0.00604966402,0.00014768,0.002436715,0.00619734402,0.056740722,0,3.02483201e-05,,0,504000,8954848
dsb-gpu,WK2000_1,34,12379,2000,2000,2000,1999000,512,200,fp32,auto->bit,dense,0,0,33177,33337,0,0,0.037196287,0.00604854393,0.000144353,0.002471851,0.00619289693,0.056751953,0,3.02427197e-05,,0,504000,8954848
dsb-gpu,WK2000_1,35,12380,2000,2000,2000,1999000,512,200,fp32,auto->bit,dense,0,0,33193,33337,0,0,0.037453375,0.00604819202,0.000145216,0.002430539,0.00619340802,0.057035187,0,3.02409601e-05,,0,504000,8954848
dsb-gpu,WK2000_1,36,12381,2000,2000,2000,1999000,512,200,fp32,auto->bit,dense,0,0,33233,33337,0,0,0.037762976,0.00604844809,0.000146112,0.002507563,0.00619456009,0.057456436,0,3.02422404e-05,,0,504000,8954848
dsb-gpu,WK2000_1,37,12382,2000,2000,2000,1999000,512,200,fp32,auto->bit,dense,0,0,33216,33337,0,0,0.037816128,0.00605020809,0.000147009,0.002436651,0.00619721709,0.057377588,0,3.02510405e-05,,0,504000,8954848
dsb-gpu,WK2000_1,38,12383,2000,2000,2000,1999000,512,200,fp32,auto->bit,dense,0,0,33206,33337,0,0,0.039674409,0.00605411196,0.000148288,0.002948237,0.00620239996,0.05969619,0,3.02705598e-05,,0,504000,8954848
dsb-gpu,WK2000_1,39,12384,2000,2000,2000,1999000,512,200,fp32,auto->bit,dense,0,0,33150,33337,0,0,0.037680608,0.00605068779,0.000144832,0.002440874,0.00619551979,0.05738882,0,3.02534389e-05,,0,504000,8954848
dsb-gpu,WK2000_1,40,12385,2000,2000,2000,1999000,512,200,fp32,auto->bit,dense,0,0,33146,33337,0,0,0.03757696,0.00604636812,0.000142816,0.002436522,0.00618918412,0.057151763,0,3.02318406e-05,,0,504000,8954848
dsb-gpu,WK2000_1,41,12386,2000,2000,2000,1999000,512,200,fp32,auto->bit,dense,0,0,33149,33337,0,0,0.037672672,0.00604876804,0.00014848,0.002441515,0.00619724804,0.057232148,0,3.02438402e-05,,0,504000,8954848
dsb-gpu,WK2000_1,42,12387,2000,2000,2000,1999000,512,200,fp32,auto->bit,dense,0,0,33151,33337,0,0,0.037664672,0.00604838419,0.000142048,0.002422666,0.00619043219,0.057047186,0,3.02419209e-05,,0,504000,8954848
dsb-gpu,WK2000_1,43,12388,2000,2000,2000,1999000,512,200,fp32,auto->bit,dense,0,0,33160,33337,0,0,0.037428799,0.00604755211,0.000145537,0.002439018,0.00619308911,0.05685029,0,3.02377605e-05,,0,504000,8954848
dsb-gpu,WK2000_1,44,12389,2000,2000,2000,1999000,512,200,fp32,auto->bit,dense,0,0,33192,33337,0,0,0.037415935,0.00604960012,0.000146624,0.002491467,0.00619622412,0.05684309,0,3.02480006e-05,,0,504000,8954848
dsb-gpu,WK2000_1,45,12390,2000,2000,2000,1999000,512,200,fp32,auto->bit,dense,0,0,33181,33337,0,0,0.037227518,0.00604844809,0.000145024,0.002417194,0.00619347209,0.056610128,0,3.02422404e-05,,0,504000,8954848
dsb-gpu,WK2000_1,46,12391,2000,2000,2000,1999000,512,200,fp32,auto->bit,dense,0,0,33177,33337,0,0,0.037571264,0.00604784012,0.00014736,0.002447051,0.00619520012,0.056965267,0,3.02392006e-05,,0,504000,8954848
dsb-gpu,WK2000_1,47,12392,2000,2000,2000,1999000,512,200,fp32,auto->bit,dense,0,0,33180,33337,0,0,0.037577215,0.00604729605,0.000146112,0.002414635,0.00619340805,0.057133939,0,3.02364802e-05,,0,504000,8954848
dsb-gpu,WK2000_1,48,12393,2000,2000,2000,1999000,512,200,fp32,auto->bit,dense,0,0,33174,33337,0,0,0.037743969,0.0060477438,0.00014592,0.00240497,0.0061936638,0.05709237,0,3.0238719e-05,,0,504000,8954848
dsb-gpu,WK2000_1,49,12394,2000,2000,2000,1999000,512,200,fp32,auto->bit,dense,0,0,33174,33337,0,0,0.037639296,0.00604979181,0.000147521,0.00246817,0.00619731281,0.057292211,0,3.02489591e-05,,0,504000,8954848
dsb-gpu,WK2000_1,0,12345,2000,2000,2000,1999000,512,200,fp32,bit,dense,0,0,33164,33337,0,0,0.036551739,0.00604742384,0.000147584,0.002427627,0.00619500784,0.056515249,0,3.02371192e-05,,0,504000,8954848
dsb-gpu,WK2000_1,1,12346,2000,2000,2000,1999000,512,200,fp32,bit,dense,0,0,33173,33337,0,0,0.036741596,0.00604870415,0.0001456,0.002446603,0.00619430415,0.056266928,0,3.02435207e-05,,0,504000,8954848
dsb-gpu,WK2000_1,2,12347,2000,2000,2000,1999000,512,200,fp32,bit,dense,0,0,33186,33337,0,0,0.036735165,0.00604777622,0.000145889,0.002454378,0.00619366522,0.056260495,0,3.02388811e-05,,0,504000,8954848
dsb-gpu,WK2000_1,3,12348,2000,2000,2000,1999000,512,200,fp32,bit,dense,0,0,33184,33337,0,0,0.037138302,0.00604780817,0.000150048,0.002477835,0.00619785617,0.056735089,0,3.02390409e-05,,0,504000,8954848
dsb-gpu,WK2000_1,4,12349,2000,2000,2000,1999000,512,200,fp32,bit,dense,0,0,33197,33337,0,0,0.037380319,0.00604947186,0.000146177,0.002441162,0.00619564886,0.056858066,0,3.02473593e-05,,0,504000,8954848
dsb-gpu,WK2000_1,5,12350,2000,2000,2000,1999000,512,200,fp32,bit,dense,0,0,33195,33337,0,0,0.037461919,0.00604899216,0.000146656,0.002420842,0.00619564816,0.056936946,0,3.02449608e-05,,0,504000,8954848
dsb-gpu,WK2000_1,6,12351,2000,2000,2000,1999000,512,200,fp32,bit,dense,0,0,33185,33337,0,0,0.037189662,0.00604879999,0.000144065,0.002434315,0.00619286499,0.056690417,0,3.0244e-05,,0,504000,8954848
dsb-gpu,WK2000_1,7,12352,2000,2000,2000,1999000,512,200,fp32,bit,dense,0,0,33132,33337,0,0,0.037425407,0.00604985619,0.000145665,0.002419882,0.00619552119,0.056849906,0,3.02492809e-05,,0,504000,8954848
dsb-gpu,WK2000_1,8,12353,2000,2000,2000,1999000,512,200,fp32,bit,dense,0,0,33234,33337,0,0,0.03709811,0.00605052805,0.000145248,0.002493931,0.00619577605,0.056571281,0,3.02526402e-05,,0,504000,8954848
dsb-gpu,WK2000_1,9,12354,2000,2000,2000,1999000,512,200,fp32,bit,dense,0,0,33143,33337,0,0,0.037012702,0.00605408001,0.000144993,0.00244737,0.00619907301,0.05643448,0,3.02704e-05,,0,504000,8954848
dsb-gpu,WK2000_1,10,12355,2000,2000,2000,1999000,512,200,fp32,bit,dense,0,0,33162,33337,0,0,0.037056062,0.00605011177,0.000146496,0.002464939,0.00619660777,0.056474161,0,3.02505589e-05,,0,504000,8954848
dsb-gpu,WK2000_1,11,12356,2000,2000,2000,1999000,512,200,fp32,bit,dense,0,0,33199,33337,0,0,0.037143262,0.00604848003,0.000147712,0.002425803,0.00619619203,0.056602609,0,3.02424002e-05,,0,504000,8954848
dsb-gpu,WK2000_1,12,12357,2000,2000,2000,1999000,512,200,fp32,bit,dense,0,0,33145,33337,0,0,0.037075646,0.0060491519,0.000145312,0.002450443,0.0061944639,0.056557233,0,3.02457595e-05,,0,504000,8954848
dsb-gpu,WK2000_1,13,12358,2000,2000,2000,1999000,512,200,fp32,bit,dense,0,0,33219,33337,0,0,0.037606528,0.00604713583,0.000148225,0.002442826,0.00619536083,0.057255987,0,3.02356791e-05,,0,504000,8954848
dsb-gpu,WK2000_1,14,12359,2000,2000,2000,1999000,512,200,fp32,bit,dense,0,0,33178,33337,0,0,0.037692257,0.00604777622,0.000146273,0.002444682,0.00619404922,0.057227412,0,3.02388811e-05,,0,504000,8954848
dsb-gpu,WK2000_1,15,12360,2000,2000,2000,1999000,512,200,fp32,bit,dense,0,0,33142,33337,0,0,0.037239679,0.00604828787,0.000148385,0.002428074,0.00619667287,0.056645969,0,3.02414393e-05,,0,504000,8954848
dsb-gpu,WK2000_1,16,12361,2000,2000,2000,1999000,512,200,fp32,bit,dense,0,0,33183,33337,0,0,0.037108958,0.00604745579,0.000145121,0.002423851,0.00619257679,0.056505681,0,3.02372789e-05,,0,504000,8954848
dsb-gpu,WK2000_1,17,12362,2000,2000,2000,1999000,512,200,fp32,bit,dense,0,0,33203,33337,0,0,0.037288863,0.00605072021,0.000146817,0.002460106,0.00619753721,0.056696177,0,3.02536011e-05,,0,504000,8954848
dsb-gpu,WK2000_1,18,12363,2000,2000,2000,1999000,512,200,fp32,bit,dense,0,0,33181,33337,0,0,0.03711539,0.00612911987,0.000146145,0.00246529,0.00627526487,0.056587729,0,3.06455994e-05,,0,504000,8954848
dsb-gpu,WK2000_1,19,12364,2000,2000,2000,1999000,512,200,fp32,bit,dense,0,0,33181,33337,0,0,0.037567904,0.00605187178,0.000163361,0.002411018,0.00621523278,0.057268084,0,3.02593589e-05,,0,504000,8954848
dsb-gpu,WK2000_1,20,12365,2000,2000,2000,1999000,512,200,fp32,bit,dense,0,0,33114,33337,0,0,0.038949222,0.00604905605,0.000145953,0.002406986,0.00619500905,0.05923398,0,3.02452803e-05,,0,504000,8954848
dsb-gpu,WK2000_1,21,12366,2000,2000,2000,1999000,512,200,fp32,bit,dense,0,0,33195,33337,0,0,0.037708065,0.00604969597,0.000144609,0.00244017,0.00619430497,0.057300564,0,3.02484798e-05,,0,504000,8954848
dsb-gpu,WK2000_1,22,12367,2000,2000,2000,1999000,512,200,fp32,bit,dense,0,0,33161,33337,0,0,0.037636064,0.00604614401,0.000145024,0.002440235,0.00619116801,0.05716498,0,3.023072e-05,,0,504000,8954848
dsb-gpu,WK2000_1,23,12368,2000,2000,2000,1999000,512,200,fp32,bit,dense,0,0,33134,33337,0,0,0.037343967,0.00604844809,0.000147393,0.002479178,0.00619584109,0.057020914,0,3.02422404e-05,,0,504000,8954848
dsb-gpu,WK2000_1,24,12369,2000,2000,2000,1999000,512,200,fp32,bit,dense,0,0,33172,33337,0,0,0.037778689,0.00604672003,0.000145984,0.00243153,0.00619270403,0.057329587,0,3.02336001e-05,,0,504000,8954848
dsb-gpu,WK2000_1,25,12370,2000,2000,2000,1999000,512,200,fp32,bit,dense,0,0,33146,33337,0,0,0.037509887,0.0060457921,0.000146656,0.002438859,0.0061924481,0.057107635,0,3.02289605e-05,,0,504000,8954848
dsb-gpu,WK2000_1,26,12371,2000,2000,2000,1999000,512,200,fp32,bit,dense,0,0,33161,33337,0,0,0.037282782,0.00604668808,0.000144193,0.002430827,0.00619088108,0.056643729,0,3.02334404e-05,,0,504000,8954848
dsb-gpu,WK2000_1,27,12372,2000,2000,2000,1999000,512,200,fp32,bit,dense,0,0,33191,33337,0,0,0.037567168,0.00604665613,0.000146689,0.002422218,0.00619334513,0.057125747,0,3.02332807e-05,,0,504000,8954848
dsb-gpu,WK2000_1,28,12373,2000,2000,2000,1999000,512,200,fp32,bit,dense,0,0,33178,33337,0,0,0.037769665,0.00604601622,0.000142432,0.002906668,0.00618844822,0.057647605,0,3.02300811e-05,,0,504000,8954848
dsb-gpu,WK2000_1,29,12374,2000,2000,2000,1999000,512,200,fp32,bit,dense,0,0,33200,33337,0,0,0.037067453,0.00604799986,0.000147105,0.00240385,0.00619510486,0.056710961,0,3.02399993e-05,,0,504000,8954848
dsb-gpu,WK2000_1,30,12375,2000,2000,2000,1999000,512,200,fp32,bit,dense,0,0,33200,33337,0,0,0.037113886,0.00604646397,0.000145728,0.002411498,0.00619219197,0.05647256,0,3.02323198e-05,,0,504000,8954848
dsb-gpu,WK2000_1,31,12376,2000,2000,2000,1999000,512,200,fp32,bit,dense,0,0,33162,33337,0,0,0.037295455,0.00604934406,0.000147617,0.002457642,0.00619696106,0.056791698,0,3.02467203e-05,,0,504000,8954848
dsb-gpu,WK2000_1,32,12377,2000,2000,2000,1999000,512,200,fp32,bit,dense,0,0,33166,33337,0,0,0.037305151,0.00604784012,0.000146304,0.002420587,0.00619414412,0.056723154,0,3.02392006e-05,,0,504000,8954848
dsb-gpu,WK2000_1,33,12378,2000,2000,2000,1999000,512,200,fp32,bit,dense,0,0,33161,33337,0,0,0.037258142,0.00604787207,0.000145537,0.002434763,0.00619340907,0.056643089,0,3.02393603e-05,,0,504000,8954848
dsb-gpu,WK2000_1,34,12379,2000,2000,2000,1999000,512,200,fp32,bit,dense,0,0,33177,33337,0,0,0.037241214,0.00604796791,0.000145888,0.002421931,0.00619385591,0.056569137,0,3.02398396e-05,,0,504000,8954848
dsb-gpu,WK2000_1,35,12380,2000,2000,2000,1999000,512,200,fp32,bit,dense,0,0,33193,33337,0,0,0.037160094,0.0060477438,0.000152832,0.002435818,0.0062005758,0.056560752,0,3.0238719e-05,,0,504000,8954848
dsb-gpu,WK2000_1,36,12381,2000,2000,2000,1999000,512,200,fp32,bit,dense,0,0,33233,33337,0,0,0.037219615,0.00604655981,0.000143681,0.002423018,0.00619024081,0.056540432,0,3.02327991e-05,,0,504000,8954848
dsb-gpu,WK2000_1,37,12382,2000,2000,2000,1999000,512,200,fp32,bit,dense,0,0,33216,33337,0,0,0.037166878,0.0060462718,0.000147425,0.002422763,0.0061936968,0.056488305,0,3.0231359e-05,,0,504000,8954848
dsb-gpu,WK2000_1,38,12383,2000,2000,2000,1999000,512,200,fp32,bit,dense,0,0,33206,33337,0,0,0.03730083,0.00604905605,0.000146945,0.002485994,0.00619600105,0.056692177,0,3.02452803e-05,,0,504000,8954848
dsb-gpu,WK2000_1,39,12384,2000,2000,2000,1999000,512,200,fp32,bit,dense,0,0,33150,33337,0,0,0.037251934,0.00604652786,0.000146752,0.002468459,0.00619327986,0.056743538,0,3.02326393e-05,,0,504000,8954848
dsb-gpu,WK2000_1,40,12385,2000,2000,2000,1999000,512,200,fp32,bit,dense,0,0,33146,33337,0,0,0.038619908,0.00605036783,0.000150496,0.002429739,0.00620086383,0.059148508,0,3.02518392e-05,,0,504000,8954848
dsb-gpu,WK2000_1,41,12386,2000,2000,2000,1999000,512,200,fp32,bit,dense,0,0,33149,33337,0,0,0.037134974,0.00604799986,0.000145121,0.002417418,0.00619312086,0.05646344,0,3.02399993e-05,,0,504000,8954848
dsb-gpu,WK2000_1,42,12387,2000,2000,2000,1999000,512,200,fp32,bit,dense,0,0,33151,33337,0,0,0.037308991,0.0060495038,0.000144225,0.002416618,0.0061937288,0.056633009,0,3.0247519e-05,,0,504000,8954848
dsb-gpu,WK2000_1,43,12388,2000,2000,2000,1999000,512,200,fp32,bit,dense,0,0,33160,33337,0,0,0.037504192,0.00605052805,0.000147681,0.002432522,0.00619820905,0.056877618,0,3.02526402e-05,,0,504000,8954848
dsb-gpu,WK2000_1,44,12389,2000,2000,2000,1999000,512,200,fp32,bit,dense,0,0,33192,33337,0,0,0.037503776,0.00604614401,0.000147616,0.002427242,0.00619376001,0.05685509,0,3.023072e-05,,0,504000,8954848
dsb-gpu,WK2000_1,45,12390,2000,2000,2000,1999000,512,200,fp32,bit,dense,0,0,33181,33337,0,0,0.037264863,0.00604796791,0.000148353,0.00243153,0.00619632091,0.056787121,0,3.02398396e-05,,0,504000,8954848
dsb-gpu,WK2000_1,46,12391,2000,2000,2000,1999000,512,200,fp32,bit,dense,0,0,33177,33337,0,0,0.037231967,0.00604739189,0.000146017,0.00243841,0.00619340889,0.056599633,0,3.02369595e-05,,0,504000,8954848
dsb-gpu,WK2000_1,47,12392,2000,2000,2000,1999000,512,200,fp32,bit,dense,0,0,33180,33337,0,0,0.037785761,0.00604755211,0.000146848,0.002477355,0.00619440011,0.057411125,0,3.02377605e-05,,0,504000,8954848
dsb-gpu,WK2000_1,48,12393,2000,2000,2000,1999000,512,200,fp32,bit,dense,0,0,33174,33337,0,0,0.037292862,0.00604777622,0.000145505,0.002401771,0.00619328122,0.056631121,0,3.02388811e-05,,0,504000,8954848
dsb-gpu,WK2000_1,49,12394,2000,2000,2000,1999000,512,200,fp32,bit,dense,0,0,33174,33337,0,0,0.03755168,0.00604892778,0.000153601,0.002412074,0.00620252878,0.056883826,0,3.02446389e-05,,0,504000,8954848
dsb-gpu,WK2000_1,0,12345,2000,2000,2000,1999000,512,200,fp32,csr-row,csr,0,0,33175,33337,0,0,0.012934807,0.259902252,0.001239878,0.002354826,0.26114213,0.280193,0,0.00129951126,7.8759456e+11,3998000,31992004,42236900
dsb-gpu,WK2000_1,1,12346,2000,2000,2000,1999000,512,200,fp32,csr-row,csr,0,0,33219,33337,0,0,0.012574678,0.26177597,0.001246214,0.002543146,0.263022184,0.281932687,0,0.00130887985,7.81957181e+11,3998000,31992004,42236900
dsb-gpu,WK2000_1,2,12347,2000,2000,2000,1999000,512,200,fp32,csr-row,csr,0,0,33268,33337,0,0,0.012550389,0.263704529,0.001240261,0.003319086,0.26494479,0.284611834,0,0.00131852264,7.7623847e+11,3998000,31992004,42236900
dsb-gpu,WK2000_1,3,12348,2000,2000,2000,1999000,512,200,fp32,csr-row,csr,0,0,33176,33337,0,0,0.01264191,0.262801697,0.001255781,0.003518255,0.264057478,0.284043609,0,0.00131400848,7.78905169e+11,3998000,31992004,42236900
dsb-gpu,WK2000_1,4,12349,2000,2000,2000,1999000,512,200,fp32,csr-row,csr,0,0,33162,33337,0,0,0.013283576,0.262932983,0.001242245,0.00422293,0.264175228,0.285746303,0,0.00131466492,7.78516249e+11,3998000,31992004,42236900
dsb-gpu,WK2000_1,5,12350,2000,2000,2000,1999000,512,200,fp32,csr-row,csr,0,0,33191,33337,0,0,0.012756471,0.26166156,0.00124407,0.003673552,0.26290563,0.283123477,0,0.0013083078,7.82299089e+11,3998000,31992004,42236900
dsb-gpu,WK2000_1,6,12351,2000,2000,2000,1999000,512,200,fp32,csr-row,csr,0,0,33203,33337,0,0,0.012644246,0.261327301,0.001243494,0.003414542,0.262570795,0.281806958,0,0.00130663651,7.83299713e+11,3998000,31992004,42236900
dsb-gpu,WK2000_1,7,12352,2000,2000,2000,1999000,512,200,fp32,csr-row,csr,0,0,33172,33337,0,0,0.012749334,0.261330994,0.001262149,0.003464111,0.262593143,0.281991856,0,0.00130665497,7.83288645e+11,3998000,31992004,42236900
dsb-gpu,WK2000_1,8,12353,2000,2000,2000,1999000,512,200,fp32,csr-row,csr,0,0,33215,33337,0,0,0.012934711,0.262195007,0.001246629,0.003316559,0.263441636,0.283180181,0,0.00131097504,7.80707467e+11,3998000,31992004,42236900
dsb-gpu,WK2000_1,9,12354,2000,2000,2000,1999000,512,200,fp32,csr-row,csr,0,0,33159,33337,0,0,0.01241042,0.262561493,0.001246885,0.003340046,0.263808378,0.282605554,0,0.00131280746,7.79617749e+11,3998000,31992004,42236900
dsb-gpu,WK2000_1,10,12355,2000,2000,2000,1999000,512,200,fp32,csr-row,csr,0,0,33189,33337,0,0,0.012541717,0.262998108,0.001257861,0.004327411,0.264255969,0.284216697,0,0.00131499054,7.7832347e+11,3998000,31992004,42236900
dsb-gpu,WK2000_1,11,12356,2000,2000,2000,1999000,512,200,fp32,csr-row,csr,0,0,33226,33337,0,0,0.012818774,0.262934814,0.001245797,0.003205742,0.264180611,0.283956344,0,0.00131467407,7.78510828e+11,3998000,31992004,42236900
dsb-gpu,WK2000_1,12,12357,2000,2000,2000,1999000,512,200,fp32,csr-row,csr,0,0,33149,33337,0,0,0.012442901,0.263403625,0.001246885,0.003326127,0.26465051,0.28343375,0,0.00131701813,7.77125218e+11,3998000,31992004,42236900
dsb-gpu,WK2000_1,13,12358,2000,2000,2000,1999000,512,200,fp32,csr-row,csr,0,0,33191,33337,0,0,0.012476117,0.261032867,0.001249957,0.003489646,0.262282824,0.281316492,0,0.00130516434,7.84183241e+11,3998000,31992004,42236900
dsb-gpu,WK2000_1,14,12359,2000,2000,2000,1999000,512,200,fp32,csr-row,csr,0,0,33161,33337,0,0,0.012518998,0.262473022,0.001244741,0.003259054,0.263717763,0.282534545,0,0.00131236511,7.79880531e+11,3998000,31992004,42236900
dsb-gpu,WK2000_1,15,12360,2000,2000,2000,1999000,512,200,fp32,csr-row,csr,0,0,33155,33337,0,0,0.012682998,0.262548737,0.001232453,0.003415535,0.26378119,0.282913012,0,0.00131274368,7.79655628e+11,3998000,31992004,42236900
dsb-gpu,WK2000_1,16,12361,2000,2000,2000,1999000,512,200,fp32,csr-row,csr,0,0,33238,33337,0,0,0.012425684,0.261956909,0.001237925,0.003302318,0.263194834,0.281940527,0,0.00130978455,7.81417068e+11,3998000,31992004,42236900
dsb-gpu,WK2000_1,17,12362,2000,2000,2000,1999000,512,200,fp32,csr-row,csr,0,0,33175,33337,0,0,0.012513302,0.263269592,0.001259526,0.004218962,0.264529118,0.28433657,0,0.00131634796,7.77520861e+11,3998000,31992004,42236900
dsb-gpu,WK2000_1,18,12363,2000,2000,2000,1999000,512,200,fp32,csr-row,csr,0,0,33119,33337,0,0,0.012728374,0.262228363,0.001243686,0.003244813,0.263472049,0.283179124,0,0.00131114182,7.8060816e+11,3998000,31992004,42236900
dsb-gpu,WK2000_1,19,12364,2000,2000,2000,1999000,512,200,fp32,csr-row,csr,0,0,33207,33337,0,0,0.012547926,0.262855438,0.001248485,0.003414671,0.264103923,0.283081044,0,0.00131427719,7.7874592e+11,3998000,31992004,42236900
dsb-gpu,WK2000_1,20,12365,2000,2000,2000,1999000,512,200,fp32,csr-row,csr,0,0,33211,33337,0,0,0.012456085,0.261170837,0.001235366,0.003400206,0.262406203,0.28126206,0,0.00130585419,7.83768977e+11,3998000,31992004,42236900
dsb-gpu,WK2000_1,21,12366,2000,2000,2000,1999000,512,200,fp32,csr-row,csr,0,0,33158,33337,0,0,0.01260511,0.261322235,0.001242277,0.003364686,0.262564512,0.28155531,0,0.00130661118,7.83314898e+11,3998000,31992004,42236900
dsb-gpu,WK2000_1,22,12367,2000,2000,2000,1999000,512,200,fp32,csr-row,csr,0,0,33151,33337,0,0,0.012605589,0.261218658,0.001239621,0.003367054,0.262458279,0.281455117,0,0.00130609329,7.83625493e+11,3998000,31992004,42236900
dsb-gpu,WK2000_1,23,12368,2000,2000,2000,1999000,512,200,fp32,csr-row,csr,0,0,33172,33337,0,0,0.012396629,0.263275604,0.001245061,0.003307182,0.264520665,0.283245205,0,0.00131637802,7.77503106e+11,3998000,31992004,42236900
dsb-gpu,WK2000_1,24,12369,2000,2000,2000,1999000,512,200,fp32,csr-row,csr,0,0,33194,33337,0,0,0.012387125,0.260923492,0.001252613,0.002419946,0.262176105,0.280066535,0,0.00130461746,7.84511958e+11,3998000,31992004,42236900
dsb-gpu,WK2000_1,25,12370,2000,2000,2000,1999000,512,200,fp32,csr-row,csr,0,0,33187,33337,0,0,0.012513429,0.26091806,0.001243269,0.002442795,0.262161329,0.280273704,0,0.0013045903,7.84528291e+11,3998000,31992004,42236900
dsb-gpu,WK2000_1,26,12371,2000,2000,2000,1999000,512,200,fp32,csr-row,csr,0,0,33216,33337,0,0,0.012586614,0.262666718,0.001255653,0.004218546,0.263922371,0.28393516,0,0.00131333359,7.79305433e+11,3998000,31992004,42236900
dsb-gpu,WK2000_1,27,12372,2000,2000,2000,1999000,512,200,fp32,csr-row,csr,0,0,33190,33337,0,0,0.01278207,0.262682343,0.001238149,0.003151822,0.263920492,0.283721335,0,0.00131341171,7.79259078e+11,3998000,31992004,42236900
dsb-gpu,WK2000_1,28,12373,2000,2000,2000,1999000,512,200,fp32,csr-row,csr,0,0,33159,33337,0,0,0.012645845,0.261317169,0.001239781,0.00333163,0.26255695,0.281589197,0,0.00130658585,7.83330084e+11,3998000,31992004,42236900
dsb-gpu,WK2000_1,29,12374,2000,2000,2000,1999000,512,200,fp32,csr-row,csr,0,0,33152,33337,0,0,0.012622934,0.261044373,0.001243781,0.003484463,0.262288154,0.281460077,0,0.00130522186,7.84148679e+11,3998000,31992004,42236900
dsb-gpu,WK2000_1,30,12375,2000,2000,2000,1999000,512,200,fp32,csr-row,csr,0,0,33230,33337,0,0,0.012454517,0.261249573,0.001238789,0.003282254,0.262488362,0.281277484,0,0.00130624786,7.83532765e+11,3998000,31992004,42236900
dsb-gpu,WK2000_1,31,12376,2000,2000,2000,1999000,512,200,fp32,csr-row,csr,0,0,33143,33337,0,0,0.012673206,0.261947113,0.001247557,0.003272334,0.26319467,0.282215313,0,0.00130973557,7.81446291e+11,3998000,31992004,42236900
dsb-gpu,WK2000_1,32,12377,2000,2000,2000,1999000,512,200,fp32,csr-row,csr,0,0,33204,33337,0,0,0.012614518,0.262343201,0.001243942,0.003478895,0.263587143,0.282741235,0,0.001311716,7.80266458e+11,3998000,31992004,42236900
dsb-gpu,WK2000_1,33,12378,2000,2000,2000,1999000,512,200,fp32,csr-row,csr,0,0,33160,33337,0,0,0.012551189,0.26174292,0.001237062,0.003418254,0.262979982,0.282014415,0,0.0013087146,7.8205592e+11,3998000,31992004,42236900
dsb-gpu,WK2000_1,34,12379,2000,2000,2000,1999000,512,200,fp32,csr-row,csr,0,0,33158,33337,0,0,0.012398453,0.259723633,0.001237701,0.003309902,0.260961334,0.279738214,0,0.00129861816,7.88136211e+11,3998000,31992004,42236900
dsb-gpu,WK2000_1,35,12380,2000,2000,2000,1999000,512,200,fp32,csr-row,csr,0,0,33163,33337,0,0,0.012504022,0.260714508,0.001246469,0.003646832,0.261960977,0.281226061,0,0.00130357254,7.8514081e+11,3998000,31992004,42236900
dsb-gpu,WK2000_1,36,12381,2000,2000,2000,1999000,512,200,fp32,csr-row,csr,0,0,33192,33337,0,0,0.012552565,0.261843811,0.001240741,0.003526959,0.263084552,0.282246576,0,0.00130921906,7.81754586e+11,3998000,31992004,42236900
dsb-gpu,WK2000_1,37,12382,2000,2000,2000,1999000,512,200,fp32,csr-row,csr,0,0,33217,33337,0,0,0.012635798,0.263063629,0.001247301,0.004203441,0.26431093,0.284249817,0,0.00131531815,7.78129613e+11,3998000,31992004,42236900
dsb-gpu,WK2000_1,38,12383,2000,2000,2000,1999000,512,200,fp32,csr-row,csr,0,0,33163,33337,0,0,0.012696534,0.26191925,0.001239718,0.003380718,0.263158968,0.282943955,0,0.00130959625,7.8152942e+11,3998000,31992004,42236900
dsb-gpu,WK2000_1,39,12384,2000,2000,2000,1999000,512,200,fp32,csr-row,csr,0,0,33179,33337,0,0,0.012633622,0.262018036,0.001241925,0.003296431,0.263259961,0.282203537,0,0.00131009018,7.8123477e+11,3998000,31992004,42236900
dsb-gpu,WK2000_1,40,12385,2000,2000,2000,1999000,512,200,fp32,csr-row,csr,0,0,33194,33337,0,0,0.012538006,0.262284363,0.001236358,0.00347243,0.263520721,0.282549393,0,0.00131142181,7.80441494e+11,3998000,31992004,42236900
dsb-gpu,WK2000_1,41,12386,2000,2000,2000,1999000,512,200,fp32,csr-row,csr,0,0,33227,33337,0,0,0.01252879,0.262112061,0.001247013,0.003383598,0.263359074,0.282288304,0,0.0013105603,7.80954526e+11,3998000,31992004,42236900
dsb-gpu,WK2000_1,42,12387,2000,2000,2000,1999000,512,200,fp32,csr-row,csr,0,0,33160,33337,0,0,0.012533078,0.260993164,0.001238405,0.003425167,0.262231569,0.281213005,0,0.00130496582,7.84302534e+11,3998000,31992004,42236900
dsb-gpu,WK2000_1,43,12388,2000,2000,2000,1999000,512,200,fp32,csr-row,csr,0,0,33186,33337,0,0,0.012771958,0.261672882,0.001242757,0.003272174,0.262915639,0.282006703,0,0.00130836441,7.8226524e+11,3998000,31992004,42236900
dsb-gpu,WK2000_1,44,12389,2000,2000,2000,1999000,512,200,fp32,csr-row,csr,0,0,33117,33337,0,0,0.012326869,0.262454376,0.001243141,0.003426159,0.263697517,0.282501298,0,0.00131227188,7.79935938e+11,3998000,31992004,42236900
dsb-gpu,WK2000_1,45,12390,2000,2000,2000,1999000,512,200,fp32,csr-row,csr,0,0,33226,33337,0,0,0.012427445,0.261874023,0.001244357,0.003394831,0.26311838,0.281999152,0,0.00130937012,7.81664395e+11,3998000,31992004,42236900
dsb-gpu,WK2000_1,46,12391,2000,2000,2000,1999000,512,200,fp32,csr-row,csr,0,0,33174,33337,0,0,0.012554453,0.260640259,0.001243429,0.003551855,0.261883688,0.281083883,0,0.00130320129,7.85364475e+11,3998000,31992004,42236900
dsb-gpu,WK2000_1,47,12392,2000,2000,2000,1999000,512,200,fp32,csr-row,csr,0,0,33207,33337,0,0,0.012527446,0.261268066,0.001235045,0.003296782,0.262503111,0.281376109,0,0.00130634033,7.83477303e+11,3998000,31992004,42236900
dsb-gpu,WK2000_1,48,12393,2000,2000,2000,1999000,512,200,fp32,csr-row,csr,0,0,33162,33337,0,0,0.012432533,0.262346741,0.001240837,0.003408143,0.263587578,0.282482834,0,0.0013117337,7.80255929e+11,3998000,31992004,42236900
dsb-gpu,WK2000_1,49,12394,2000,2000,2000,1999000,512,200,fp32,csr-row,csr,0,0,33143,33337,0,0,0.012465589,0.261412384,0.001240197,0.003405743,0.262652581,0.28158235,0,0.00130706192,7.8304477e+11,3998000,31992004,42236900
dsb-gpu,WK2000_1,0,12345,2000,2000,2000,1999000,512,200,fp32,csr-block,csr,0,0,33175,33337,0,0,0.01287039,2.53515405,0.001253573,0.003000717,2.53640763,2.55672268,0,0.0126757703,8.07436533e+10,3998000,31992004,41212900
dsb-gpu,WK2000_1,1,12346,2000,2000,2000,1999000,512,200,fp32,csr-block,csr,0,0,33219,33337,0,0,0.013780346,2.5786748,0.001249797,0.002911213,2.5799246,2.60102278,0,0.012893374,7.93809284e+10,3998000,31992004,41212900
dsb-gpu,WK2000_1,2,12347,2000,2000,2000,1999000,512,200,fp32,csr-block,csr,0,0,33268,33337,0,0,0.012847159,2.54528613,0.001241989,0.00249921,2.54652812,2.56601072,0,0.0127264307,8.04222352e+10,3998000,31992004,41212900
dsb-gpu,WK2000_1,3,12348,2000,2000,2000,1999000,512,200,fp32,csr-block,csr,0,0,33176,33337,0,0,0.012472757,2.54658423,0.00124871,0.002922476,2.54783294,2.56661101,0,0.0127329211,8.03812408e+10,3998000,31992004,41212900
dsb-gpu,WK2000_1,4,12349,2000,2000,2000,1999000,512,200,fp32,csr-block,csr,0,0,33162,33337,0,0,0.012885879,2.54150415,0.001243846,0.002888588,2.542748,2.56258968,0,0.0127075208,8.05419106e+10,3998000,31992004,41212900
dsb-gpu,WK2000_1,5,12350,2000,2000,2000,1999000,512,200,fp32,csr-block,csr,0,0,33191,33337,0,0,0.012914711,2.54188232,0.001239141,0.002472587,2.54312147,2.5626685,0,0.0127094116,8.05299278e+10,3998000,31992004,41212900
dsb-gpu,WK2000_1,6,12351,2000,2000,2000,1999000,512,200,fp32,csr-block,csr,0,0,33203,33337,0,0,0.012466869,2.54536499,0.001238629,0.002453035,2.54660362,2.56492989,0,0.012726825,8.04197436e+10,3998000,31992004,41212900
dsb-gpu,WK2000_1,7,12352,2000,2000,2000,1999000,512,200,fp32,csr-block,csr,0,0,33172,33337,0,0,0.012455189,2.55072388,0.00124983,0.002874092,2.55197371,2.57073109,0,0.0127536194,8.02507876e+10,3998000,31992004,41212900
dsb-gpu,WK2000_1,8,12353,2000,2000,2000,1999000,512,200,fp32,csr-block,csr,0,0,33215,33337,0,0,0.012807479,2.55250122,0.001233253,0.002455947,2.55373447,2.57303523,0,0.0127625061,8.01949078e+10,3998000,31992004,41212900
dsb-gpu,WK2000_1,9,12354,2000,2000,2000,1999000,512,200,fp32,csr-block,csr,0,0,33159,33337,0,0,0.012546422,2.56107202,0.001246085,0.002436874,2.56231811,2.58078765,0,0.0128053601,7.99265301e+10,3998000,31992004,41212900
dsb-gpu,WK2000_1,10,12355,2000,2000,2000,1999000,512,200,fp32,csr-block,csr,0,0,33189,33337,0,0,0.01271279,2.57274316,0.001240517,0.002439019,2.57398368,2.59287081,0,0.0128637158,7.95639467e+10,3998000,31992004,41212900
dsb-gpu,WK2000_1,11,12356,2000,2000,2000,1999000,512,200,fp32,csr-block,csr,0,0,33226,33337,0,0,0.012456597,2.55250586,0.001239397,0.002433898,2.55374526,2.57200908,0,0.0127625293,8.0194762e+10,3998000,31992004,41212900
dsb-gpu,WK2000_1,12,12357,2000,2000,2000,1999000,512,200,fp32,csr-block,csr,0,0,33149,33337,0,0,0.012463285,2.54516235,0.001242917,0.00242225,2.54640527,2.56470348,0,0.0127258118,8.04261464e+10,3998000,31992004,41212900
dsb-gpu,WK2000_1,13,12358,2000,2000,2000,1999000,512,200,fp32,csr-block,csr,0,0,33191,33337,0,0,0.012395733,2.53771948,0.001232549,0.002435786,2.53895203,2.55717158,0,0.0126885974,8.0662028e+10,3998000,31992004,41212900
dsb-gpu,WK2000_1,14,12359,2000,2000,2000,1999000,512,200,fp32,csr-block,csr,0,0,33161,33337,0,0,0.012444149,2.55129199,0.001240133,0.002428138,2.55253213,2.57080188,0,0.01275646,8.02329175e+10,3998000,31992004,41212900
dsb-gpu,WK2000_1,15,12360,2000,2000,2000,1999000,512,200,fp32,csr-block,csr,0,0,33155,33337,0,0,0.012447541,2.55057275,0.001240933,0.002433547,2.55181369,2.57008888,0,0.0127528638,8.02555425e+10,3998000,31992004,41212900
dsb-gpu,WK2000_1,16,12361,2000,2000,2000,1999000,512,200,fp32,csr-block,csr,0,0,33238,33337,0,0,0.012442453,2.57074487,0.001231174,0.002427754,2.57197605,2.59024801,0,0.0128537244,7.96257933e+10,3998000,31992004,41212900
dsb-gpu,WK2000_1,17,12362,2000,2000,2000,1999000,512,200,fp32,csr-block,csr,0,0,33175,33337,0,0,0.012441941,2.55074023,0.001240102,0.002442154,2.55198034,2.57031471,0,0.0127537012,8.02502729e+10,3998000,31992004,41212900
dsb-gpu,WK2000_1,18,12363,2000,2000,2000,1999000,512,200,fp32,csr-block,csr,0,0,33119,33337,0,0,0.012377204,2.54548682,0.00123751,0.00244449,2.54672433,2.56496365,0,0.0127274341,8.04158948e+10,3998000,31992004,41212900
dsb-gpu,WK2000_1,19,12364,2000,2000,2000,1999000,512,200,fp32,csr-block,csr,0,0,33207,33337,0,0,0.012439861,2.55850513,0.001245797,0.002445546,2.55975092,2.57809561,0,0.0127925256,8.00067187e+10,3998000,31992004,41212900
dsb-gpu,WK2000_1,20,12365,2000,2000,2000,1999000,512,200,fp32,csr-block,csr,0,0,33211,33337,0,0,0.012589493,2.55186646,0.00124535,0.002461291,2.55311181,2.57187619,0,0.0127593323,8.02148559e+10,3998000,31992004,41212900
dsb-gpu,WK2000_1,21,12366,2000,2000,2000,1999000,512,200,fp32,csr-block,csr,0,0,33158,33337,0,0,0.012713558,2.58078491,0.001245157,0.002494315,2.58203007,2.60104583,0,0.0129039246,7.93160248e+10,3998000,31992004,41212900
dsb-gpu,WK2000_1,22,12367,2000,2000,2000,1999000,512,200,fp32,csr-block,csr,0,0,33151,33337,0,0,0.012460598,2.56722778,0.001248005,0.002459499,2.56847579,2.5872628,0,0.0128361389,7.97348803e+10,3998000,31992004,41212900
dsb-gpu,WK2000_1,23,12368,2000,2000,2000,1999000,512,200,fp32,csr-block,csr,0,0,33172,33337,0,0,0.012405717,2.56470435,0.001241701,0.002446794,2.56594605,2.58476253,0,0.0128235217,7.98133322e+10,3998000,31992004,41212900
dsb-gpu,WK2000_1,24,12369,2000,2000,2000,1999000,512,200,fp32,csr-block,csr,0,0,33194,33337,0,0,0.012434069,2.57141943,0.001241606,0.002447178,2.57266104,2.59136556,0,0.0128570972,7.96049051e+10,3998000,31992004,41212900
dsb-gpu,WK2000_1,25,12370,2000,2000,2000,1999000,512,200,fp32,csr-block,csr,0,0,33187,33337,0,0,0.012394101,2.54377075,0.001244357,0.002445355,2.54501511,2.56370845,0,0.0127188538,8.04701445e+10,3998000,31992004,41212900
dsb-gpu,WK2000_1,26,12371,2000,2000,2000,1999000,512,200,fp32,csr-block,csr,0,0,33216,33337,0,0,0.012468661,2.54539673,0.001234309,0.00244545,2.54663104,2.56537348,0,0.0127269836,8.04187409e+10,3998000,31992004,41212900
dsb-gpu,WK2000_1,27,12372,2000,2000,2000,1999000,512,200,fp32,csr-block,csr,0,0,33190,33337,0,0,0.012450005,2.53577246,0.00123703,0.002440874,2.53700949,2.55571668,0,0.0126788623,8.07239621e+10,3998000,31992004,41212900
dsb-gpu,WK2000_1,28,12373,2000,2000,2000,1999000,512,200,fp32,csr-block,csr,0,0,33159,33337,0,0,0.012418997,2.54413892,0.001242213,0.002444939,2.54538113,2.56406158,0,0.0127206946,8.04584996e+10,3998000,31992004,41212900
dsb-gpu,WK2000_1,29,12374,2000,2000,2000,1999000,512,200,fp32,csr-block,csr,0,0,33152,33337,0,0,0.012381781,2.57963184,0.001243013,0.002427914,2.58087485,2.59948707,0,0.0128981592,7.93514784e+10,3998000,31992004,41212900
dsb-gpu,WK2000_1,30,12375,2000,2000,2000,1999000,512,200,fp32,csr-block,csr,0,0,33230,33337,0,0,0.012379029,2.55128979,0.001236837,0.002441578,2.55252663,2.57115185,0,0.012756449,8.02329866e+10,3998000,31992004,41212900
dsb-gpu,WK2000_1,31,12376,2000,2000,2000,1999000,512,200,fp32,csr-block,csr,0,0,33143,33337,0,0,0.012441973,2.54609033,0.001230565,0.002425258,2.5473209,2.56598453,0,0.0127304517,8.03968333e+10,3998000,31992004,41212900
dsb-gpu,WK2000_1,32,12377,2000,2000,2000,1999000,512,200,fp32,csr-block,csr,0,0,33204,33337,0,0,0.012420725,2.55344678,0.001238022,0.002425322,2.5546848,2.57331269,0,0.0127672339,8.01652111e+10,3998000,31992004,41212900
dsb-gpu,WK2000_1,33,12378,2000,2000,2000,1999000,512,200,fp32,csr-block,csr,0,0,33160,33337,0,0,0.01252495,2.53790308,0.001244389,0.002833804,2.53914747,2.55828817,0,0.0126895154,8.06561929e+10,3998000,31992004,41212900
dsb-gpu,WK2000_1,34,12379,2000,2000,2000,1999000,512,200,fp32,csr-block,csr,0,0,33158,33337,0,0,0.01244415,2.55809595,0.001235621,0.002425067,2.55933157,2.57798624,0,0.0127904797,8.00195162e+10,3998000,31992004,41212900
dsb-gpu,WK2000_1,35,12380,2000,2000,2000,1999000,512,200,fp32,csr-block,csr,0,0,33163,33337,0,0,0.012423381,2.56630005,0.001235973,0.002418571,2.56753602,2.58614833,0,0.0128315002,7.9763705e+10,3998000,31992004,41212900
dsb-gpu,WK2000_1,36,12381,2000,2000,2000,1999000,512,200,fp32,csr-block,csr,0,0,33192,33337,0,0,0.012401973,2.58135205,0.001233702,0.00239409,2.58258575,2.60116407,0,0.0129067603,7.92985986e+10,3998000,31992004,41212900
dsb-gpu,WK2000_1,37,12382,2000,2000,2000,1999000,512,200,fp32,csr-block,csr,0,0,33217,33337,0,0,0.012408149,2.59498999,0.001234661,0.002420778,2.59622465,2.61480896,0,0.01297495,7.88818457e+10,3998000,31992004,41212900
dsb-gpu,WK2000_1,38,12383,2000,2000,2000,1999000,512,200,fp32,csr-block,csr,0,0,33163,33337,0,0,0.012418869,2.54165503,0.001244006,0.002446474,2.54289904,2.56153414,0,0.0127082751,8.05371294e+10,3998000,31992004,41212900
dsb-gpu,WK2000_1,39,12384,2000,2000,2000,1999000,512,200,fp32,csr-block,csr,0,0,33179,33337,0,0,0.012427477,2.53670117,0.001237925,0.002441898,2.5379391,2.55654609,0,0.0126835059,8.06944083e+10,3998000,31992004,41212900
dsb-gpu,WK2000_1,40,12385,2000,2000,2000,1999000,512,200,fp32,csr-block,csr,0,0,33194,33337,0,0,0.012363221,2.55065137,0.001240229,0.002457706,2.5518916,2.57044522,0,0.0127532568,8.02530689e+10,3998000,31992004,41212900
dsb-gpu,WK2000_1,41,12386,2000,2000,2000,1999000,512,200,fp32,csr-block,csr,0,0,33227,33337,0,0,0.012357557,2.54394824,0.00123815,0.002487755,2.54518639,2.56376974,0,0.0127197412,8.04645301e+10,3998000,31992004,41212900
dsb-gpu,WK2000_1,42,12387,2000,2000,2000,1999000,512,200,fp32,csr-block,csr,0,0,33160,33337,0,0,0.012432533,2.56300317,0.001238757,0.002476107,2.56424193,2.58289865,0,0.0128150159,7.98663077e+10,3998000,31992004,41212900
dsb-gpu,WK2000_1,43,12388,2000,2000,2000,1999000,512,200,fp32,csr-block,csr,0,0,33186,33337,0,0,0.012379605,2.55944751,0.00123063,0.002436746,2.56067814,2.57922948,0,0.0127972375,7.99772604e+10,3998000,31992004,41212900
dsb-gpu,WK2000_1,44,12389,2000,2000,2000,1999000,512,200,fp32,csr-block,csr,0,0,33117,33337,0,0,0.012441717,2.54382886,0.001239622,0.002440618,2.54506848,2.56370196,0,0.0127191443,8.04683064e+10,3998000,31992004,41212900
dsb-gpu,WK2000_1,45,12390,2000,2000,2000,1999000,512,200,fp32,csr-block,csr,0,0,33226,33337,0,0,0.012476245,2.53627368,0.001239078,0.002448746,2.53751276,2.55616759,0,0.0126813684,8.07080093e+10,3998000,31992004,41212900
dsb-gpu,WK2000_1,46,12391,2000,2000,2000,1999000,512,200,fp32,csr-block,csr,0,0,33174,33337,0,0,0.012336533,2.55366016,0.00124071,0.002437866,2.55490087,2.5734044,0,0.0127683008,8.01585127e+10,3998000,31992004,41212900
dsb-gpu,WK2000_1,47,12392,2000,2000,2000,1999000,512,200,fp32,csr-block,csr,0,0,33207,33337,0,0,0.012369781,2.54416406,0.001236838,0.002418058,2.5454009,2.56392263,0,0.0127208203,8.04577044e+10,3998000,31992004,41212900
dsb-gpu,WK2000_1,48,12393,2000,2000,2000,1999000,512,200,fp32,csr-block,csr,0,0,33162,33337,0,0,0.012292981,2.55275342,0.001235621,0.002424011,2.55398904,2.57244955,0,0.0127637671,8.0186985e+10,3998000,31992004,41212900
dsb-gpu,WK2000_1,49,12394,2000,2000,2000,1999000,512,200,fp32,csr-block,csr,0,0,33143,33337,0,0,0.012267701,2.53519336,0.001238438,0.002474698,2.5364318,2.5548809,0,0.0126759668,8.07424015e+10,3998000,31992004,41212900
dsb-gpu,WK2000_1,0,12345,2000,2000,2000,1999000,512,200,fp32,csr-cluster,csr,0,0,33175,33337,0,0,0.012235797,1.96812305,0.001255493,0.00299694,1.96937854,1.98890088,0,0.00984061523,1.04006505e+11,3998000,31992004,41212900
dsb-gpu,WK2000_1,1,12346,2000,2000,2000,1999000,512,200,fp32,csr-cluster,csr,0,0,33219,33337,0,0,0.012467829,1.95687195,0.001249766,0.002918316,1.95812171,1.97782272,0,0.00978435974,1.04604494e+11,3998000,31992004,41212900
dsb-gpu,WK2000_1,2,12347,2000,2000,2000,1999000,512,200,fp32,csr-cluster,csr,0,0,33268,33337,0,0,0.012441813,1.96452771,0.001258022,0.002850828,1.96578573,1.98509824,0,0.00982263855,1.0419685e+11,3998000,31992004,41212900
dsb-gpu,WK2000_1,3,12348,2000,2000,2000,1999000,512,200,fp32,csr-cluster,csr,0,0,33176,33337,0,0,0.012382677,1.96848315,0.001249925,0.002444779,1.96973308,1.98849729,0,0.00984241577,1.03987479e+11,3998000,31992004,41212900
dsb-gpu,WK2000_1,4,12349,2000,2000,2000,1999000,512,200,fp32,csr-cluster,csr,0,0,33162,33337,0,0,0.012351957,1.96213745,0.001259685,0.002889068,1.96339714,1.98187893,0,0.00981068726,1.04323782e+11,3998000,31992004,41212900
dsb-gpu,WK2000_1,5,12350,2000,2000,2000,1999000,512,200,fp32,csr-cluster,csr,0,0,33191,33337,0,0,0.012428405,1.95441748,0.001241957,0.002420618,1.95565944,1.97442206,0,0.0097720874,1.04735862e+11,3998000,31992004,41212900
dsb-gpu,WK2000_1,6,12351,2000,2000,2000,1999000,512,200,fp32,csr-cluster,csr,0,0,33203,33337,0,0,0.01223618,1.95497144,0.00124583,0.002857228,1.95621727,1.97453611,0,0.00977485718,1.04706185e+11,3998000,31992004,41212900
dsb-gpu,WK2000_1,7,12352,2000,2000,2000,1999000,512,200,fp32,csr-cluster,csr,0,0,33172,33337,0,0,0.012460341,1.94632336,0.001249125,0.002424042,1.94757249,1.96635227,0,0.00973161682,1.05171424e+11,3998000,31992004,41212900
dsb-gpu,WK2000_1,8,12353,2000,2000,2000,1999000,512,200,fp32,csr-cluster,csr,0,0,33215,33337,0,0,0.0122853,1.97655688,0.00124215,0.002418474,1.97779903,1.99569326,0,0.00988278442,1.03562716e+11,3998000,31992004,41212900
dsb-gpu,WK2000_1,9,12354,2000,2000,2000,1999000,512,200,fp32,csr-cluster,csr,0,0,33159,33337,0,0,0.012277524,1.97025208,0.001249317,0.00283918,1.97150139,1.98983429,0,0.00985126038,1.03894117e+11,3998000,31992004,41212900
dsb-gpu,WK2000_1,10,12355,2000,2000,2000,1999000,512,200,fp32,csr-cluster,csr,0,0,33189,33337,0,0,0.012506677,1.95841711,0.001241285,0.002423978,1.9596584,1.97849508,0,0.00979208557,1.04521962e+11,3998000,31992004,41212900
dsb-gpu,WK2000_1,11,12356,2000,2000,2000,1999000,512,200,fp32,csr-cluster,csr,0,0,33226,33337,0,0,0.012274293,1.94811133,0.001243909,0.002411274,1.94935524,1.96721074,0,0.00974055664,1.05074898e+11,3998000,31992004,41212900
dsb-gpu,WK2000_1,12,12357,2000,2000,2000,1999000,512,200,fp32,csr-cluster,csr,0,0,33149,33337,0,0,0.012355829,1.94583911,0.001234149,0.002422187,1.94707326,1.96503307,0,0.00972919556,1.05197598e+11,3998000,31992004,41212900
dsb-gpu,WK2000_1,13,12358,2000,2000,2000,1999000,512,200,fp32,csr-cluster,csr,0,0,33191,33337,0,0,0.012309077,1.94547302,0.001246374,0.002410954,1.9467194,1.96465005,0,0.00972736511,1.05217393e+11,3998000,31992004,41212900
dsb-gpu,WK2000_1,14,12359,2000,2000,2000,1999000,512,200,fp32,csr-cluster,csr,0,0,33161,33337,0,0,0.012490294,1.95637061,0.001242245,0.002430315,1.95761285,1.97603622,0,0.00978185303,1.046313e+11,3998000,31992004,41212900
dsb-gpu,WK2000_1,15,12360,2000,2000,2000,1999000,512,200,fp32,csr-cluster,csr,0,0,33155,33337,0,0,0.012308661,1.95328833,0.001243557,0.002415978,1.95453189,1.97243882,0,0.00976644165,1.04796408e+11,3998000,31992004,41212900
dsb-gpu,WK2000_1,16,12361,2000,2000,2000,1999000,512,200,fp32,csr-cluster,csr,0,0,33238,33337,0,0,0.012365653,1.95619409,0.001250406,0.002416042,1.9574445,1.97541509,0,0.00978097046,1.04640741e+11,3998000,31992004,41212900
dsb-gpu,WK2000_1,17,12362,2000,2000,2000,1999000,512,200,fp32,csr-cluster,csr,0,0,33175,33337,0,0,0.012317524,1.95912268,0.001243141,0.00243665,1.96036582,1.97832538,0,0.0097956134,1.04484319e+11,3998000,31992004,41212900
dsb-gpu,WK2000_1,18,12363,2000,2000,2000,1999000,512,200,fp32,csr-cluster,csr,0,0,33119,33337,0,0,0.012246612,1.96375989,0.001237317,0.002422506,1.9649972,1.98287458,0,0.00981879944,1.04237591e+11,3998000,31992004,41212900
dsb-gpu,WK2000_1,19,12364,2000,2000,2000,1999000,512,200,fp32,csr-cluster,csr,0,0,33207,33337,0,0,0.012249172,1.96394275,0.001246053,0.002438123,1.9651888,1.98309189,0,0.00981971375,1.04227886e+11,3998000,31992004,41212900
dsb-gpu,WK2000_1,20,12365,2000,2000,2000,1999000,512,200,fp32,csr-cluster,csr,0,0,33211,33337,0,0,0.012273461,1.97631311,0.001245221,0.002429162,1.97755833,1.99549476,0,0.00988156555,1.03575491e+11,3998000,31992004,41212900
dsb-gpu,WK2000_1,21,12366,2000,2000,2000,1999000,512,200,fp32,csr-cluster,csr,0,0,33158,33337,0,0,0.012310932,1.96138989,0.001240453,0.002438474,1.96263035,1.98060507,0,0.00980694946,1.04363544e+11,3998000,31992004,41212900
dsb-gpu,WK2000_1,22,12367,2000,2000,2000,1999000,512,200,fp32,csr-cluster,csr,0,0,33151,33337,0,0,0.01228834,1.94541748,0.001244837,0.002421098,1.94666232,1.96462113,0,0.0097270874,1.05220397e+11,3998000,31992004,41212900
dsb-gpu,WK2000_1,23,12368,2000,2000,2000,1999000,512,200,fp32,csr-cluster,csr,0,0,33172,33337,0,0,0.012236085,1.95626318,0.001240453,0.002429066,1.95750364,1.97540274,0,0.00978131592,1.04637046e+11,3998000,31992004,41212900
dsb-gpu,WK2000_1,24,12369,2000,2000,2000,1999000,512,200,fp32,csr-cluster,csr,0,0,33194,33337,0,0,0.0122341,1.9513573,0.001246373,0.002427275,1.95260367,1.97051763,0,0.0097567865,1.04900112e+11,3998000,31992004,41212900
dsb-gpu,WK2000_1,25,12370,2000,2000,2000,1999000,512,200,fp32,csr-cluster,csr,0,0,33187,33337,0,0,0.012236341,1.96379663,0.001245382,0.002425354,1.96504201,1.98295256,0,0.00981898315,1.04235641e+11,3998000,31992004,41212900
dsb-gpu,WK2000_1,26,12371,2000,2000,2000,1999000,512,200,fp32,csr-cluster,csr,0,0,33216,33337,0,0,0.012342485,1.95153711,0.001241477,0.00242513,1.95277859,1.97096163,0,0.00975768555,1.04890447e+11,3998000,31992004,41212900
dsb-gpu,WK2000_1,27,12372,2000,2000,2000,1999000,512,200,fp32,csr-cluster,csr,0,0,33190,33337,0,0,0.012245236,1.96159082,0.001246118,0.002419242,1.96283694,1.9807171,0,0.0098079541,1.04352854e+11,3998000,31992004,41212900
dsb-gpu,WK2000_1,28,12373,2000,2000,2000,1999000,512,200,fp32,csr-cluster,csr,0,0,33159,33337,0,0,0.012343797,1.95232593,0.00123591,0.002432618,1.95356184,1.9715506,0,0.00976162964,1.04848067e+11,3998000,31992004,41212900
dsb-gpu,WK2000_1,29,12374,2000,2000,2000,1999000,512,200,fp32,csr-cluster,csr,0,0,33152,33337,0,0,0.012165428,1.96878674,0.001239365,0.002424843,1.97002611,1.98783259,0,0.00984393372,1.03971444e+11,3998000,31992004,41212900
dsb-gpu,WK2000_1,30,12375,2000,2000,2000,1999000,512,200,fp32,csr-cluster,csr,0,0,33230,33337,0,0,0.012233076,1.95375562,0.001240902,0.00240289,1.95499652,1.97301707,0,0.00976877808,1.04771343e+11,3998000,31992004,41212900
dsb-gpu,WK2000_1,31,12376,2000,2000,2000,1999000,512,200,fp32,csr-cluster,csr,0,0,33143,33337,0,0,0.012151284,1.96261743,0.001253414,0.002422826,1.96387085,1.98164488,0,0.00981308716,1.04298269e+11,3998000,31992004,41212900
dsb-gpu,WK2000_1,32,12377,2000,2000,2000,1999000,512,200,fp32,csr-cluster,csr,0,0,33204,33337,0,0,0.01223218,1.94619275,0.001244421,0.002413227,1.94743717,1.96528836,0,0.00973096375,1.05178483e+11,3998000,31992004,41212900
dsb-gpu,WK2000_1,33,12378,2000,2000,2000,1999000,512,200,fp32,csr-cluster,csr,0,0,33160,33337,0,0,0.012204372,1.96648352,0.001246501,0.002406794,1.96773002,1.98555994,0,0.0098324176,1.04093219e+11,3998000,31992004,41212900
dsb-gpu,WK2000_1,34,12379,2000,2000,2000,1999000,512,200,fp32,csr-cluster,csr,0,0,33158,33337,0,0,0.012240244,1.96733545,0.00125175,0.00239633,1.9685872,1.98643668,0,0.00983667725,1.04048143e+11,3998000,31992004,41212900
dsb-gpu,WK2000_1,35,12380,2000,2000,2000,1999000,512,200,fp32,csr-cluster,csr,0,0,33163,33337,0,0,0.012171892,1.94876697,0.00124791,0.002410602,1.95001488,1.9678437,0,0.00974383484,1.05039547e+11,3998000,31992004,41212900
dsb-gpu,WK2000_1,36,12381,2000,2000,2000,1999000,512,200,fp32,csr-cluster,csr,0,0,33192,33337,0,0,0.012210548,1.95302295,0.001244517,0.002405706,1.95426747,1.97214106,0,0.00976511475,1.04810648e+11,3998000,31992004,41212900
dsb-gpu,WK2000_1,37,12382,2000,2000,2000,1999000,512,200,fp32,csr-cluster,csr,0,0,33217,33337,0,0,0.012247316,1.94540063,0.001255973,0.002384906,1.94665661,1.96451566,0,0.00972700317,1.05221308e+11,3998000,31992004,41212900
dsb-gpu,WK2000_1,38,12383,2000,2000,2000,1999000,512,200,fp32,csr-cluster,csr,0,0,33163,33337,0,0,0.012192692,1.96549072,0.001247109,0.00237985,1.96673783,1.98454358,0,0.00982745361,1.04145798e+11,3998000,31992004,41212900
dsb-gpu,WK2000_1,39,12384,2000,2000,2000,1999000,512,200,fp32,csr-cluster,csr,0,0,33179,33337,0,0,0.012195092,1.97023352,0.001252902,0.002375498,1.97148642,1.98930107,0,0.0098511676,1.03895096e+11,3998000,31992004,41212900
dsb-gpu,WK2000_1,40,12385,2000,2000,2000,1999000,512,200,fp32,csr-cluster,csr,0,0,33194,33337,0,0,0.012310613,1.94480115,0.00124711,0.00236497,1.94604826,1.96398276,0,0.00972400574,1.05253743e+11,3998000,31992004,41212900
dsb-gpu,WK2000_1,41,12386,2000,2000,2000,1999000,512,200,fp32,csr-cluster,csr,0,0,33227,33337,0,0,0.01223362,1.95640466,0.00124023,0.002391946,1.95764489,1.97551983,0,0.00978202332,1.04629479e+11,3998000,31992004,41212900
dsb-gpu,WK2000_1,42,12387,2000,2000,2000,1999000,512,200,fp32,csr-cluster,csr,0,0,33160,33337,0,0,0.012188404,1.95477356,0.001242789,0.002375306,1.95601635,1.97383083,0,0.0097738678,1.04716784e+11,3998000,31992004,41212900
dsb-gpu,WK2000_1,43,12388,2000,2000,2000,1999000,512,200,fp32,csr-cluster,csr,0,0,33186,33337,0,0,0.01216754,1.96327563,0.001251462,0.002365226,1.9645271,1.98234546,0,0.00981637817,1.04263302e+11,3998000,31992004,41212900
dsb-gpu,WK2000_1,44,12389,2000,2000,2000,1999000,512,200,fp32,csr-cluster,csr,0,0,33117,33337,0,0,0.012192084,1.97670459,0.001259045,0.002762124,1.97796363,1.99619547,0,0.00988352295,1.03554978e+11,3998000,31992004,41212900
dsb-gpu,WK2000_1,45,12390,2000,2000,2000,1999000,512,200,fp32,csr-cluster,csr,0,0,33226,33337,0,0,0.012200692,1.94509717,0.001252613,0.002385418,1.94634978,1.96419876,0,0.00972548584,1.05237725e+11,3998000,31992004,41212900
dsb-gpu,WK2000_1,46,12391,2000,2000,2000,1999000,512,200,fp32,csr-cluster,csr,0,0,33174,33337,0,0,0.012221972,1.96936169,0.001251141,0.002401834,1.97061284,1.98856923,0,0.00984680847,1.03941089e+11,3998000,31992004,41212900
dsb-gpu,WK2000_1,47,12392,2000,2000,2000,1999000,512,200,fp32,csr-cluster,csr,0,0,33207,33337,0,0,0.012188852,1.95798096,0.001239558,0.002375594,1.95922052,1.97706275,0,0.00978990479,1.04545246e+11,3998000,31992004,41212900
dsb-gpu,WK2000_1,48,12393,2000,2000,2000,1999000,512,200,fp32,csr-cluster,csr,0,0,33162,33337,0,0,0.012181524,1.96031409,0.001235973,0.002381643,1.96155006,1.97939988,0,0.00980157043,1.04420818e+11,3998000,31992004,41212900
dsb-gpu,WK2000_1,49,12394,2000,2000,2000,1999000,512,200,fp32,csr-cluster,csr,0,0,33143,33337,0,0,0.012231156,1.95949573,0.001241126,0.002378186,1.96073685,1.9786401,0,0.00979747864,1.04464428e+11,3998000,31992004,41212900
dsb-gpu,WK2000_1,0,12345,2000,2000,2000,1999000,512,200,fp32,block,dense,0,0,33164,33337,0,0,0.018776624,0.152503448,0.000790724,0.00234017,0.153294172,0.187172799,0,0.000762517242,,0,16000000,24192800
dsb-gpu,WK2000_1,1,12346,2000,2000,2000,1999000,512,200,fp32,block,dense,0,0,33173,33337,0,0,0.019246546,0.152692383,0.000790563,0.002368746,0.153482946,0.187686721,0,0.000763461914,,0,16000000,24192800
dsb-gpu,WK2000_1,2,12347,2000,2000,2000,1999000,512,200,fp32,block,dense,0,0,33186,33337,0,0,0.019727572,0.153385178,0.000794788,0.002369706,0.154179966,0.188980647,0,0.000766925888,,0,16000000,24192800
dsb-gpu,WK2000_1,3,12348,2000,2000,2000,1999000,512,200,fp32,block,dense,0,0,33184,33337,0,0,0.01980386,0.155593018,0.000791299,0.002377514,0.156384317,0.191100528,0,0.000777965088,,0,16000000,24192800
dsb-gpu,WK2000_1,4,12349,2000,2000,2000,1999000,512,200,fp32,block,dense,0,0,33197,33337,0,0,0.019332658,0.154980164,0.000801027,0.002381162,0.155781191,0.189988172,0,0.000774900818,,0,16000000,24192800
dsb-gpu,WK2000_1,5,12350,2000,2000,2000,1999000,512,200,fp32,block,dense,0,0,33195,33337,0,0,0.019458099,0.154430725,0.000809827,0.00244305,0.155240552,0.18961025,0,0.000772153625,,0,16000000,24192800
dsb-gpu,WK2000_1,6,12351,2000,2000,2000,1999000,512,200,fp32,block,dense,0,0,33185,33337,0,0,0.019547732,0.155038177,0.00080458,0.002466411,0.155842757,0.190274925,0,0.000775190887,,0,16000000,24192800
dsb-gpu,WK2000_1,7,12352,2000,2000,2000,1999000,512,200,fp32,block,dense,0,0,33132,33337,0,0,0.019279379,0.152505219,0.000846499,0.00291998,0.153351718,0.188041379,0,0.000762526093,,0,16000000,24192800
dsb-gpu,WK2000_1,8,12353,2000,2000,2000,1999000,512,200,fp32,block,dense,0,0,33234,33337,0,0,0.019449171,0.154569031,0.000797315,0.002408491,0.155366346,0.189888523,0,0.000772845154,,0,16000000,24192800
dsb-gpu,WK2000_1,9,12354,2000,2000,2000,1999000,512,200,fp32,block,dense,0,0,33143,33337,0,0,0.019990325,0.153276962,0.000809859,0.002460139,0.154086821,0.189125736,0,0.000766384811,,0,16000000,24192800
dsb-gpu,WK2000_1,10,12355,2000,2000,2000,1999000,512,200,fp32,block,dense,0,0,33162,33337,0,0,0.019586004,0.155879745,0.000796163,0.002431786,0.156675908,0.191106928,0,0.000779398727,,0,16000000,24192800
dsb-gpu,WK2000_1,11,12356,2000,2000,2000,1999000,512,200,fp32,block,dense,0,0,33199,33337,0,0,0.020108854,0.155362366,0.000796035,0.002372906,0.156158401,0.191190193,0,0.000776811829,,0,16000000,24192800
dsb-gpu,WK2000_1,12,12357,2000,2000,2000,1999000,512,200,fp32,block,dense,0,0,33145,33337,0,0,0.019931125,0.156504227,0.000793764,0.002408426,0.157297991,0.192394934,0,0.000782521133,,0,16000000,24192800
dsb-gpu,WK2000_1,13,12358,2000,2000,2000,1999000,512,200,fp32,block,dense,0,0,33219,33337,0,0,0.019144658,0.154969177,0.000805219,0.002390346,0.155774396,0.189854923,0,0.000774845886,,0,16000000,24192800
dsb-gpu,WK2000_1,14,12359,2000,2000,2000,1999000,512,200,fp32,block,dense,0,0,33178,33337,0,0,0.019329171,0.155450439,0.000796707,0.002443498,0.156247146,0.190348941,0,0.000777252197,,0,16000000,24192800
dsb-gpu,WK2000_1,15,12360,2000,2000,2000,1999000,512,200,fp32,block,dense,0,0,33142,33337,0,0,0.019395891,0.151484421,0.000812899,0.002933676,0.15229732,0.187038079,0,0.000757422104,,0,16000000,24192800
dsb-gpu,WK2000_1,16,12361,2000,2000,2000,1999000,512,200,fp32,block,dense,0,0,33183,33337,0,0,0.019515315,0.155924423,0.000795076,0.002384107,0.156719499,0.191295473,0,0.000779622116,,0,16000000,24192800
dsb-gpu,WK2000_1,17,12362,2000,2000,2000,1999000,512,200,fp32,block,dense,0,0,33203,33337,0,0,0.019289715,0.150814529,0.000789539,0.00240177,0.151604068,0.185786393,0,0.000754072647,,0,16000000,24192800
dsb-gpu,WK2000_1,18,12363,2000,2000,2000,1999000,512,200,fp32,block,dense,0,0,33181,33337,0,0,0.019391058,0.153776154,0.00079594,0.002441547,0.154572094,0.188764806,0,0.000768880768,,0,16000000,24192800
dsb-gpu,WK2000_1,19,12364,2000,2000,2000,1999000,512,200,fp32,block,dense,0,0,33181,33337,0,0,0.019279091,0.151239166,0.000799587,0.002421162,0.152038753,0.186189275,0,0.000756195831,,0,16000000,24192800
dsb-gpu,WK2000_1,20,12365,2000,2000,2000,1999000,512,200,fp32,block,dense,0,0,33114,33337,0,0,0.019864565,0.15628653,0.000801315,0.002459403,0.157087845,0.192015189,0,0.000781432648,,0,16000000,24192800
dsb-gpu,WK2000_1,21,12366,2000,2000,2000,1999000,512,200,fp32,block,dense,0,0,33195,33337,0,0,0.019285586,0.152692093,0.000791908,0.002357962,0.153484001,0.187529441,0,0.000763460464,,0,16000000,24192800
dsb-gpu,WK2000_1,22,12367,2000,2000,2000,1999000,512,200,fp32,block,dense,0,0,33161,33337,0,0,0.020000374,0.156077148,0.000803331,0.002420747,0.156880479,0.191876692,0,0.000780385742,,0,16000000,24192800
dsb-gpu,WK2000_1,23,12368,2000,2000,2000,1999000,512,200,fp32,block,dense,0,0,33134,33337,0,0,0.019349746,0.152624573,0.000790276,0.002524362,0.153414849,0.187885986,0,0.000763122864,,0,16000000,24192800
dsb-gpu,WK2000_1,24,12369,2000,2000,2000,1999000,512,200,fp32,block,dense,0,0,33172,33337,0,0,0.019443219,0.154877441,0.000795747,0.002443211,0.155673188,0.190346509,0,0.000774387207,,0,16000000,24192800
dsb-gpu,WK2000_1,25,12370,2000,2000,2000,1999000,512,200,fp32,block,dense,0,0,33146,33337,0,0,0.019319794,0.157273926,0.000814019,0.002408042,0.158087945,0.192137492,0,0.000786369629,,0,16000000,24192800
dsb-gpu,WK2000_1,26,12371,2000,2000,2000,1999000,512,200,fp32,block,dense,0,0,33161,33337,0,0,0.020116694,0.152409149,0.00079626,0.002885612,0.153205409,0.188761542,0,0.000762045746,,0,16000000,24192800
dsb-gpu,WK2000_1,27,12372,2000,2000,2000,1999000,512,200,fp32,block,dense,0,0,33191,33337,0,0,0.019854933,0.156391876,0.000800516,0.002392714,0.157192392,0.192323637,0,0.000781959381,,0,16000000,24192800
dsb-gpu,WK2000_1,28,12373,2000,2000,2000,1999000,512,200,fp32,block,dense,0,0,33178,33337,0,0,0.019976469,0.155943298,0.000809091,0.002409835,0.156752389,0.191917556,0,0.000779716492,,0,16000000,24192800
dsb-gpu,WK2000_1,29,12374,2000,2000,2000,1999000,512,200,fp32,block,dense,0,0,33200,33337,0,0,0.019906261,0.155706436,0.000803779,0.002412842,0.156510215,0.191212208,0,0.000778532181,,0,16000000,24192800
dsb-gpu,WK2000_1,30,12375,2000,2000,2000,1999000,512,200,fp32,block,dense,0,0,33200,33337,0,0,0.019315282,0.157420639,0.000800995,0.002457386,0.158221634,0.192356053,0,0.000787103195,,0,16000000,24192800
dsb-gpu,WK2000_1,31,12376,2000,2000,2000,1999000,512,200,fp32,block,dense,0,0,33162,33337,0,0,0.019545203,0.151380997,0.000792643,0.002451882,0.15217364,0.186775933,0,0.000756904984,,0,16000000,24192800
dsb-gpu,WK2000_1,32,12377,2000,2000,2000,1999000,512,200,fp32,block,dense,0,0,33166,33337,0,0,0.019435507,0.153411011,0.000789764,0.002406987,0.154200775,0.188515589,0,0.000767055054,,0,16000000,24192800
dsb-gpu,WK2000_1,33,12378,2000,2000,2000,1999000,512,200,fp32,block,dense,0,0,33161,33337,0,0,0.019969333,0.15381572,0.000798627,0.002434635,0.154614347,0.189553322,0,0.000769078598,,0,16000000,24192800
dsb-gpu,WK2000_1,34,12379,2000,2000,2000,1999000,512,200,fp32,block,dense,0,0,33177,33337,0,0,0.01953858,0.155592102,0.000794404,0.002458826,0.156386506,0.190952399,0,0.00077796051,,0,16000000,24192800
dsb-gpu,WK2000_1,35,12380,2000,2000,2000,1999000,512,200,fp32,block,dense,0,0,33193,33337,0,0,0.019443316,0.158812317,0.000794979,0.002430827,0.159607296,0.194012765,0,0.000794061584,,0,16000000,24192800
dsb-gpu,WK2000_1,36,12381,2000,2000,2000,1999000,512,200,fp32,block,dense,0,0,33233,33337,0,0,0.019471539,0.150505402,0.000796099,0.002459722,0.151301501,0.185541912,0,0.000752527008,,0,16000000,24192800
dsb-gpu,WK2000_1,37,12382,2000,2000,2000,1999000,512,200,fp32,block,dense,0,0,33216,33337,0,0,0.019473972,0.15531459,0.000793795,0.002396939,0.156108385,0.190358414,0,0.000776572952,,0,16000000,24192800
dsb-gpu,WK2000_1,38,12383,2000,2000,2000,1999000,512,200,fp32,block,dense,0,0,33206,33337,0,0,0.019998709,0.156961639,0.000808131,0.002389578,0.15776977,0.192615158,0,0.000784808197,,0,16000000,24192800
dsb-gpu,WK2000_1,39,12384,2000,2000,2000,1999000,512,200,fp32,block,dense,0,0,33150,33337,0,0,0.019385651,0.154947617,0.000796932,0.002920205,0.155744549,0.190423629,0,0.000774738083,,0,16000000,24192800
dsb-gpu,WK2000_1,40,12385,2000,2000,2000,1999000,512,200,fp32,block,dense,0,0,33146,33337,0,0,0.020150902,0.155565018,0.0008041,0.002366667,0.156369118,0.191611699,0,0.000777825089,,0,16000000,24192800
dsb-gpu,WK2000_1,41,12386,2000,2000,2000,1999000,512,200,fp32,block,dense,0,0,33149,33337,0,0,0.019418035,0.154508316,0.000794307,0.002399306,0.155302623,0.189543529,0,0.00077254158,,0,16000000,24192800
dsb-gpu,WK2000_1,42,12387,2000,2000,2000,1999000,512,200,fp32,block,dense,0,0,33151,33337,0,0,0.019983061,0.154092865,0.000796964,0.00243985,0.154889829,0.189744138,0,0.000770464325,,0,16000000,24192800
dsb-gpu,WK2000_1,43,12388,2000,2000,2000,1999000,512,200,fp32,block,dense,0,0,33160,33337,0,0,0.019293971,0.156332092,0.000807204,0.002440042,0.157139296,0.191212977,0,0.000781660461,,0,16000000,24192800
dsb-gpu,WK2000_1,44,12389,2000,2000,2000,1999000,512,200,fp32,block,dense,0,0,33192,33337,0,0,0.020115542,0.157470566,0.000808419,0.002433867,0.158278985,0.193260858,0,0.000787352829,,0,16000000,24192800
dsb-gpu,WK2000_1,45,12390,2000,2000,2000,1999000,512,200,fp32,block,dense,0,0,33181,33337,0,0,0.019247506,0.154742401,0.000794499,0.002388554,0.1555369,0.18979889,0,0.000773712006,,0,16000000,24192800
dsb-gpu,WK2000_1,46,12391,2000,2000,2000,1999000,512,200,fp32,block,dense,0,0,33177,33337,0,0,0.020096821,0.154819839,0.000796963,0.002437707,0.155616802,0.190831023,0,0.000774099197,,0,16000000,24192800
dsb-gpu,WK2000_1,47,12392,2000,2000,2000,1999000,512,200,fp32,block,dense,0,0,33180,33337,0,0,0.019444307,0.156012802,0.000791299,0.002452458,0.156804101,0.191111472,0,0.000780064011,,0,16000000,24192800
dsb-gpu,WK2000_1,48,12393,2000,2000,2000,1999000,512,200,fp32,block,dense,0,0,33174,33337,0,0,0.019606996,0.151027237,0.00080074,0.002431915,0.151827977,0.186225883,0,0.000755136185,,0,16000000,24192800
dsb-gpu,WK2000_1,49,12394,2000,2000,2000,1999000,512,200,fp32,block,dense,0,0,33174,33337,0,0,0.019301843,0.15622406,0.000795715,0.002385899,0.157019775,0.191147473,0,0.0007811203,,0,16000000,24192800
dsb-gpu,WK2000_1,0,12345,2000,2000,2000,1999000,512,200,fp32,cluster,dense,0,0,33164,33337,0,0,0.019215826,0.417538208,0.000796644,0.002331946,0.418334852,0.452727661,0,0.00208769104,,0,16000000,24192800
dsb-gpu,WK2000_1,1,12346,2000,2000,2000,1999000,512,200,fp32,cluster,dense,0,0,33173,33337,0,0,0.019017074,0.417934082,0.000816035,0.002773676,0.418750117,0.453239248,0,0.00208967041,,0,16000000,24192800
dsb-gpu,WK2000_1,2,12347,2000,2000,2000,1999000,512,200,fp32,cluster,dense,0,0,33186,33337,0,0,0.019313202,0.41718866,0.000793635,0.002452651,0.417982295,0.452473901,0,0.0020859433,,0,16000000,24192800
dsb-gpu,WK2000_1,3,12348,2000,2000,2000,1999000,512,200,fp32,cluster,dense,0,0,33184,33337,0,0,0.019089266,0.417959137,0.000795171,0.002454539,0.418754308,0.452765262,0,0.00208979568,,0,16000000,24192800
dsb-gpu,WK2000_1,4,12349,2000,2000,2000,1999000,512,200,fp32,cluster,dense,0,0,33197,33337,0,0,0.019234514,0.41499231,0.00080778,0.002953517,0.41580009,0.450672389,0,0.00207496155,,0,16000000,24192800
dsb-gpu,WK2000_1,5,12350,2000,2000,2000,1999000,512,200,fp32,cluster,dense,0,0,33195,33337,0,0,0.019929749,0.418488342,0.000797572,0.002442155,0.419285914,0.454439157,0,0.00209244171,,0,16000000,24192800
dsb-gpu,WK2000_1,6,12351,2000,2000,2000,1999000,512,200,fp32,cluster,dense,0,0,33185,33337,0,0,0.019505683,0.415306183,0.000808099,0.002923821,0.416114282,0.451039143,0,0.00207653091,,0,16000000,24192800
dsb-gpu,WK2000_1,7,12352,2000,2000,2000,1999000,512,200,fp32,cluster,dense,0,0,33132,33337,0,0,0.019401811,0.418452118,0.000800643,0.002437226,0.419252761,0.453910962,0,0.00209226059,,0,16000000,24192800
dsb-gpu,WK2000_1,8,12353,2000,2000,2000,1999000,512,200,fp32,cluster,dense,0,0,33234,33337,0,0,0.019650068,0.418299927,0.000793891,0.002455083,0.419093818,0.453922451,0,0.00209149963,,0,16000000,24192800
dsb-gpu,WK2000_1,9,12354,2000,2000,2000,1999000,512,200,fp32,cluster,dense,0,0,33143,33337,0,0,0.019438067,0.41797522,0.0007985,0.002442826,0.41877372,0.453365968,0,0.0020898761,,0,16000000,24192800
dsb-gpu,WK2000_1,10,12355,2000,2000,2000,1999000,512,200,fp32,cluster,dense,0,0,33162,33337,0,0,0.01959858,0.414882629,0.000799427,0.00289822,0.415682056,0.450865958,0,0.00207441315,,0,16000000,24192800
dsb-gpu,WK2000_1,11,12356,2000,2000,2000,1999000,512,200,fp32,cluster,dense,0,0,33199,33337,0,0,0.019276978,0.417676941,0.000798884,0.002436266,0.418475825,0.452951759,0,0.0020883847,,0,16000000,24192800
dsb-gpu,WK2000_1,12,12357,2000,2000,2000,1999000,512,200,fp32,cluster,dense,0,0,33145,33337,0,0,0.019032977,0.418069763,0.000794947,0.002455146,0.41886471,0.452823246,0,0.00209034882,,0,16000000,24192800
dsb-gpu,WK2000_1,13,12358,2000,2000,2000,1999000,512,200,fp32,cluster,dense,0,0,33219,33337,0,0,0.019155442,0.414998322,0.000798884,0.00246353,0.415797206,0.449940674,0,0.00207499161,,0,16000000,24192800
dsb-gpu,WK2000_1,14,12359,2000,2000,2000,1999000,512,200,fp32,cluster,dense,0,0,33178,33337,0,0,0.019332915,0.417686279,0.000804164,0.002452362,0.418490443,0.452980143,0,0.0020884314,,0,16000000,24192800
dsb-gpu,WK2000_1,15,12360,2000,2000,2000,1999000,512,200,fp32,cluster,dense,0,0,33142,33337,0,0,0.019299283,0.418906769,0.000810724,0.002866061,0.419717493,0.454458422,0,0.00209453384,,0,16000000,24192800
dsb-gpu,WK2000_1,16,12361,2000,2000,2000,1999000,512,200,fp32,cluster,dense,0,0,33183,33337,0,0,0.01925269,0.417341827,0.000798532,0.002434859,0.418140359,0.452586765,0,0.00208670914,,0,16000000,24192800
dsb-gpu,WK2000_1,17,12362,2000,2000,2000,1999000,512,200,fp32,cluster,dense,0,0,33203,33337,0,0,0.019116338,0.418405762,0.000796035,0.002467562,0.419201797,0.45333784,0,0.00209202881,,0,16000000,24192800
dsb-gpu,WK2000_1,18,12363,2000,2000,2000,1999000,512,200,fp32,cluster,dense,0,0,33181,33337,0,0,0.019282098,0.41733429,0.000813028,0.002436715,0.418147318,0.452538957,0,0.00208667145,,0,16000000,24192800
dsb-gpu,WK2000_1,19,12364,2000,2000,2000,1999000,512,200,fp32,cluster,dense,0,0,33181,33337,0,0,0.019206194,0.417650879,0.000796803,0.002443594,0.418447682,0.452754093,0,0.00208825439,,0,16000000,24192800
dsb-gpu,WK2000_1,20,12365,2000,2000,2000,1999000,512,200,fp32,cluster,dense,0,0,33114,33337,0,0,0.019801077,0.417060242,0.000795235,0.002462059,0.417855477,0.452617485,0,0.00208530121,,0,16000000,24192800
dsb-gpu,WK2000_1,21,12366,2000,2000,2000,1999000,512,200,fp32,cluster,dense,0,0,33195,33337,0,0,0.019450707,0.41778241,0.000796612,0.002434282,0.418579022,0.453006927,0,0.00208891205,,0,16000000,24192800
dsb-gpu,WK2000_1,22,12367,2000,2000,2000,1999000,512,200,fp32,cluster,dense,0,0,33161,33337,0,0,0.019279762,0.417390289,0.000818052,0.002413418,0.418208341,0.452555629,0,0.00208695145,,0,16000000,24192800
dsb-gpu,WK2000_1,23,12368,2000,2000,2000,1999000,512,200,fp32,cluster,dense,0,0,33134,33337,0,0,0.019248083,0.41802597,0.000798532,0.002949228,0.418824502,0.453698674,0,0.00209012985,,0,16000000,24192800
dsb-gpu,WK2000_1,24,12369,2000,2000,2000,1999000,512,200,fp32,cluster,dense,0,0,33172,33337,0,0,0.019523251,0.418109924,0.000803139,0.002442955,0.418913063,0.453784467,0,0.00209054962,,0,16000000,24192800
dsb-gpu,WK2000_1,25,12370,2000,2000,2000,1999000,512,200,fp32,cluster,dense,0,0,33146,33337,0,0,0.020031094,0.418020905,0.000792739,0.002412138,0.418813644,0.453889618,0,0.00209010452,,0,16000000,24192800
dsb-gpu,WK2000_1,26,12371,2000,2000,2000,1999000,512,200,fp32,cluster,dense,0,0,33161,33337,0,0,0.019381266,0.417512878,0.000800067,0.002503275,0.418312945,0.452810542,0,0.00208756439,,0,16000000,24192800
dsb-gpu,WK2000_1,27,12372,2000,2000,2000,1999000,512,200,fp32,cluster,dense,0,0,33191,33337,0,0,0.019305363,0.417120514,0.000803907,0.002419915,0.417924421,0.452237388,0,0.00208560257,,0,16000000,24192800
dsb-gpu,WK2000_1,28,12373,2000,2000,2000,1999000,512,200,fp32,cluster,dense,0,0,33178,33337,0,0,0.019414195,0.418350769,0.000805571,0.002435467,0.41915634,0.453690706,0,0.00209175385,,0,16000000,24192800
dsb-gpu,WK2000_1,29,12374,2000,2000,2000,1999000,512,200,fp32,cluster,dense,0,0,33200,33337,0,0,0.019808885,0.417959167,0.000790563,0.002434538,0.41874973,0.453633105,0,0.00208979584,,0,16000000,24192800
dsb-gpu,WK2000_1,30,12375,2000,2000,2000,1999000,512,200,fp32,cluster,dense,0,0,33200,33337,0,0,0.019239282,0.417552826,0.000805475,0.002407306,0.418358301,0.452487948,0,0.00208776413,,0,16000000,24192800
dsb-gpu,WK2000_1,31,12376,2000,2000,2000,1999000,512,200,fp32,cluster,dense,0,0,33162,33337,0,0,0.01928533,0.417848938,0.000797156,0.002424714,0.418646094,0.452922991,0,0.00208924469,,0,16000000,24192800
dsb-gpu,WK2000_1,32,12377,2000,2000,2000,1999000,512,200,fp32,cluster,dense,0,0,33166,33337,0,0,0.019461363,0.417126495,0.000803011,0.002950444,0.417929506,0.453070671,0,0.00208563248,,0,16000000,24192800
dsb-gpu,WK2000_1,33,12378,2000,2000,2000,1999000,512,200,fp32,cluster,dense,0,0,33161,33337,0,0,0.020069654,0.41719455,0.000796068,0.002356522,0.417990618,0.453312304,0,0.00208597275,,0,16000000,24192800
dsb-gpu,WK2000_1,34,12379,2000,2000,2000,1999000,512,200,fp32,cluster,dense,0,0,33177,33337,0,0,0.019234674,0.416855621,0.000802212,0.002419339,0.417657833,0.451843146,0,0.00208427811,,0,16000000,24192800
dsb-gpu,WK2000_1,35,12380,2000,2000,2000,1999000,512,200,fp32,cluster,dense,0,0,33193,33337,0,0,0.019829941,0.418769653,0.00080442,0.002422858,0.419574073,0.454436117,0,0.00209384827,,0,16000000,24192800
dsb-gpu,WK2000_1,36,12381,2000,2000,2000,1999000,512,200,fp32,cluster,dense,0,0,33233,33337,0,0,0.019380274,0.418163818,0.00079834,0.00241473,0.418962158,0.453263568,0,0.00209081909,,0,16000000,24192800
dsb-gpu,WK2000_1,37,12382,2000,2000,2000,1999000,512,200,fp32,cluster,dense,0,0,33216,33337,0,0,0.019945365,0.417320007,0.0007993,0.002441482,0.418119307,0.453420433,0,0.00208660004,,0,16000000,24192800
dsb-gpu,WK2000_1,38,12383,2000,2000,2000,1999000,512,200,fp32,cluster,dense,0,0,33206,33337,0,0,0.019236563,0.418015778,0.000804868,0.002418346,0.418820646,0.453188912,0,0.00209007889,,0,16000000,24192800
dsb-gpu,WK2000_1,39,12384,2000,2000,2000,1999000,512,200,fp32,cluster,dense,0,0,33150,33337,0,0,0.019952821,0.41742453,0.000800739,0.002417675,0.418225269,0.453387249,0,0.00208712265,,0,16000000,24192800
dsb-gpu,WK2000_1,40,12385,2000,2000,2000,1999000,512,200,fp32,cluster,dense,0,0,33146,33337,0,0,0.019743157,0.417972992,0.000798499,0.002448203,0.418771491,0.453446673,0,0.00208986496,,0,16000000,24192800
dsb-gpu,WK2000_1,41,12386,2000,2000,2000,1999000,512,200,fp32,cluster,dense,0,0,33149,33337,0,0,0.019845845,0.418050873,0.000798563,0.002447787,0.418849436,0.453708626,0,0.00209025436,,0,16000000,24192800
dsb-gpu,WK2000_1,42,12387,2000,2000,2000,1999000,512,200,fp32,cluster,dense,0,0,33151,33337,0,0,0.01923301,0.417324799,0.000796771,0.00238081,0.41812157,0.452365516,0,0.00208662399,,0,16000000,24192800
dsb-gpu,WK2000_1,43,12388,2000,2000,2000,1999000,512,200,fp32,cluster,dense,0,0,33160,33337,0,0,0.019285938,0.418300873,0.000796835,0.002432362,0.419097708,0.453489776,0,0.00209150436,,0,16000000,24192800
dsb-gpu,WK2000_1,44,12389,2000,2000,2000,1999000,512,200,fp32,cluster,dense,0,0,33192,33337,0,0,0.019327442,0.417860107,0.000803811,0.002901741,0.418663918,0.453412145,0,0.00208930054,,0,16000000,24192800
dsb-gpu,WK2000_1,45,12390,2000,2000,2000,1999000,512,200,fp32,cluster,dense,0,0,33181,33337,0,0,0.019355026,0.417902954,0.000793828,0.00236881,0.418696782,0.453302288,0,0.00208951477,,0,16000000,24192800
dsb-gpu,WK2000_1,46,12391,2000,2000,2000,1999000,512,200,fp32,cluster,dense,0,0,33177,33337,0,0,0.020064054,0.417389862,0.000801764,0.002432427,0.418191626,0.453431761,0,0.00208694931,,0,16000000,24192800
dsb-gpu,WK2000_1,47,12392,2000,2000,2000,1999000,512,200,fp32,cluster,dense,0,0,33180,33337,0,0,0.019361715,0.418073669,0.000795811,0.002403146,0.41886948,0.453371472,0,0.00209036835,,0,16000000,24192800
dsb-gpu,WK2000_1,48,12393,2000,2000,2000,1999000,512,200,fp32,cluster,dense,0,0,33174,33337,0,0,0.020094614,0.418230011,0.000800611,0.002452491,0.419030622,0.454205332,0,0.00209115005,,0,16000000,24192800
dsb-gpu,WK2000_1,49,12394,2000,2000,2000,1999000,512,200,fp32,cluster,dense,0,0,33174,33337,0,0,0.019301074,0.418205017,0.000803683,0.002416554,0.4190087,0.453379088,0,0.00209102509,,0,16000000,24192800
dsb-gpu,WK2000_1,0,12345,2000,2000,2000,1999000,512,200,fp32,global-sync,dense,0,0,33164,33337,0,0,0.020053622,1.82710352,0.00082954,0.002975053,1.82793306,1.86402297,0,0.00913551758,,0,16000000,28288800
dsb-gpu,WK2000_1,1,12346,2000,2000,2000,1999000,512,200,fp32,global-sync,dense,0,0,33173,33337,0,0,0.020238327,1.82502734,0.000802851,0.003024013,1.82583019,1.86207557,0,0.00912513672,,0,16000000,28288800
dsb-gpu,WK2000_1,2,12347,2000,2000,2000,1999000,512,200,fp32,global-sync,dense,0,0,33186,33337,0,0,0.01976706,1.82495801,0.000795236,0.002489482,1.82575324,1.86114622,0,0.00912479004,,0,16000000,28288800
dsb-gpu,WK2000_1,3,12348,2000,2000,2000,1999000,512,200,fp32,global-sync,dense,0,0,33184,33337,0,0,0.019494995,1.82523352,0.000802116,0.002945164,1.82603564,1.86126635,0,0.0091261676,,0,16000000,28288800
dsb-gpu,WK2000_1,4,12349,2000,2000,2000,1999000,512,200,fp32,global-sync,dense,0,0,33197,33337,0,0,0.020201302,1.82615527,0.000811587,0.002994893,1.82696686,1.86342822,0,0.00913077637,,0,16000000,28288800
dsb-gpu,WK2000_1,5,12350,2000,2000,2000,1999000,512,200,fp32,global-sync,dense,0,0,33195,33337,0,0,0.020397207,1.82616284,0.000802948,0.002476746,1.82696579,1.86306057,0,0.00913081421,,0,16000000,28288800
dsb-gpu,WK2000_1,6,12351,2000,2000,2000,1999000,512,200,fp32,global-sync,dense,0,0,33185,33337,0,0,0.019485075,1.82698254,0.000825059,0.002495211,1.8278076,1.86256693,0,0.00913491272,,0,16000000,28288800
dsb-gpu,WK2000_1,7,12352,2000,2000,2000,1999000,512,200,fp32,global-sync,dense,0,0,33132,33337,0,0,0.019548084,1.82431665,0.000805988,0.003043533,1.82512264,1.86048907,0,0.00912158325,,0,16000000,28288800
dsb-gpu,WK2000_1,8,12353,2000,2000,2000,1999000,512,200,fp32,global-sync,dense,0,0,33234,33337,0,0,0.020384215,1.82690991,0.000812643,0.002505515,1.82772256,1.86368486,0,0.00913454956,,0,16000000,28288800
dsb-gpu,WK2000_1,9,12354,2000,2000,2000,1999000,512,200,fp32,global-sync,dense,0,0,33143,33337,0,0,0.01938405,1.82610718,0.000816547,0.002463467,1.82692372,1.86167701,0,0.00913053589,,0,16000000,28288800
dsb-gpu,WK2000_1,10,12355,2000,2000,2000,1999000,512,200,fp32,global-sync,dense,0,0,33162,33337,0,0,0.019531476,1.82448596,0.000803267,0.003010156,1.82528923,1.86066228,0,0.00912242981,,0,16000000,28288800
dsb-gpu,WK2000_1,11,12356,2000,2000,2000,1999000,512,200,fp32,global-sync,dense,0,0,33199,33337,0,0,0.019476404,1.82518481,0.000803588,0.002470475,1.8259884,1.8610756,0,0.00912592407,,0,16000000,28288800
dsb-gpu,WK2000_1,12,12357,2000,2000,2000,1999000,512,200,fp32,global-sync,dense,0,0,33145,33337,0,0,0.019671956,1.82530945,0.000799172,0.002503562,1.82610862,1.86120971,0,0.00912654724,,0,16000000,28288800
dsb-gpu,WK2000_1,13,12358,2000,2000,2000,1999000,512,200,fp32,global-sync,dense,0,0,33219,33337,0,0,0.019591443,1.82539734,0.000796452,0.002475306,1.82619379,1.86100257,0,0.00912698669,,0,16000000,28288800
dsb-gpu,WK2000_1,14,12359,2000,2000,2000,1999000,512,200,fp32,global-sync,dense,0,0,33178,33337,0,0,0.019769204,1.82617554,0.000804003,0.002488843,1.82697954,1.86210786,0,0.00913087769,,0,16000000,28288800
dsb-gpu,WK2000_1,15,12360,2000,2000,2000,1999000,512,200,fp32,global-sync,dense,0,0,33142,33337,0,0,0.01953954,1.82674731,0.000809539,0.002479723,1.82755685,1.86239845,0,0.00913373657,,0,16000000,28288800
dsb-gpu,WK2000_1,16,12361,2000,2000,2000,1999000,512,200,fp32,global-sync,dense,0,0,33183,33337,0,0,0.019611924,1.82771838,0.000805667,0.002490699,1.82852405,1.86365305,0,0.00913859192,,0,16000000,28288800
dsb-gpu,WK2000_1,17,12362,2000,2000,2000,1999000,512,200,fp32,global-sync,dense,0,0,33203,33337,0,0,0.019550036,1.82516443,0.000799107,0.002488395,1.82596354,1.86074062,0,0.00912582214,,0,16000000,28288800
dsb-gpu,WK2000_1,18,12363,2000,2000,2000,1999000,512,200,fp32,global-sync,dense,0,0,33181,33337,0,0,0.020263735,1.82731519,0.000805827,0.002497035,1.82812101,1.86368018,0,0.00913657593,,0,16000000,28288800
dsb-gpu,WK2000_1,19,12364,2000,2000,2000,1999000,512,200,fp32,global-sync,dense,0,0,33181,33337,0,0,0.019564819,1.82522388,0.000798372,0.002476171,1.82602225,1.86111989,0,0.00912611938,,0,16000000,28288800
dsb-gpu,WK2000_1,20,12365,2000,2000,2000,1999000,512,200,fp32,global-sync,dense,0,0,33114,33337,0,0,0.01964946,1.82650391,0.000801699,0.00248737,1.82730561,1.86235743,0,0.00913251953,,0,16000000,28288800
dsb-gpu,WK2000_1,21,12366,2000,2000,2000,1999000,512,200,fp32,global-sync,dense,0,0,33195,33337,0,0,0.01967186,1.82504126,0.000825924,0.002506219,1.82586718,1.86088907,0,0.0091252063,,0,16000000,28288800
dsb-gpu,WK2000_1,22,12367,2000,2000,2000,1999000,512,200,fp32,global-sync,dense,0,0,33161,33337,0,0,0.020066805,1.82721191,0.000812771,0.002446091,1.82802469,1.86361305,0,0.00913605957,,0,16000000,28288800
dsb-gpu,WK2000_1,23,12368,2000,2000,2000,1999000,512,200,fp32,global-sync,dense,0,0,33134,33337,0,0,0.020359223,1.82596509,0.000806564,0.002478923,1.82677165,1.86242395,0,0.00912982544,,0,16000000,28288800
dsb-gpu,WK2000_1,24,12369,2000,2000,2000,1999000,512,200,fp32,global-sync,dense,0,0,33172,33337,0,0,0.020185911,1.82887659,0.000802115,0.002526155,1.8296787,1.86541251,0,0.00914438293,,0,16000000,28288800
dsb-gpu,WK2000_1,25,12370,2000,2000,2000,1999000,512,200,fp32,global-sync,dense,0,0,33146,33337,0,0,0.019648788,1.82597717,0.000795684,0.002498379,1.82677286,1.86174248,0,0.00912988586,,0,16000000,28288800
dsb-gpu,WK2000_1,26,12371,2000,2000,2000,1999000,512,200,fp32,global-sync,dense,0,0,33161,33337,0,0,0.019738868,1.8264812,0.000802788,0.002484555,1.82728399,1.8624396,0,0.00913240601,,0,16000000,28288800
dsb-gpu,WK2000_1,27,12372,2000,2000,2000,1999000,512,200,fp32,global-sync,dense,0,0,33191,33337,0,0,0.019544404,1.82517419,0.000812067,0.002488651,1.82598626,1.86084318,0,0.00912587097,,0,16000000,28288800
dsb-gpu,WK2000_1,28,12373,2000,2000,2000,1999000,512,200,fp32,global-sync,dense,0,0,33178,33337,0,0,0.01988706,1.82617664,0.000804739,0.002511307,1.82698137,1.86243935,0,0.00913088318,,0,16000000,28288800
dsb-gpu,WK2000_1,29,12374,2000,2000,2000,1999000,512,200,fp32,global-sync,dense,0,0,33200,33337,0,0,0.019499731,1.82547144,0.000801732,0.002408042,1.82627317,1.86109624,0,0.00912735718,,0,16000000,28288800
dsb-gpu,WK2000_1,30,12375,2000,2000,2000,1999000,512,200,fp32,global-sync,dense,0,0,33200,33337,0,0,0.019894197,1.8256134,0.000807747,0.002477002,1.82642115,1.86192946,0,0.00912806702,,0,16000000,28288800
dsb-gpu,WK2000_1,31,12376,2000,2000,2000,1999000,512,200,fp32,global-sync,dense,0,0,33162,33337,0,0,0.020295574,1.82588403,0.000808516,0.002494154,1.82669255,1.86225157,0,0.00912942017,,0,16000000,28288800
dsb-gpu,WK2000_1,32,12377,2000,2000,2000,1999000,512,200,fp32,global-sync,dense,0,0,33166,33337,0,0,0.019791573,1.82763721,0.0008081,0.002467914,1.82844531,1.86353573,0,0.00913818604,,0,16000000,28288800
dsb-gpu,WK2000_1,33,12378,2000,2000,2000,1999000,512,200,fp32,global-sync,dense,0,0,33161,33337,0,0,0.020561784,1.8270658,0.000804036,0.002491691,1.82786983,1.86369199,0,0.00913532898,,0,16000000,28288800
dsb-gpu,WK2000_1,34,12379,2000,2000,2000,1999000,512,200,fp32,global-sync,dense,0,0,33177,33337,0,0,0.020254391,1.82690234,0.000816291,0.002560491,1.82771863,1.86354197,0,0.00913451172,,0,16000000,28288800
dsb-gpu,WK2000_1,35,12380,2000,2000,2000,1999000,512,200,fp32,global-sync,dense,0,0,33193,33337,0,0,0.019836853,1.82613904,0.000797283,0.002424202,1.82693632,1.86212731,0,0.00913069519,,0,16000000,28288800
dsb-gpu,WK2000_1,36,12381,2000,2000,2000,1999000,512,200,fp32,global-sync,dense,0,0,33233,33337,0,0,0.020477367,1.82797205,0.000818531,0.002544363,1.82879058,1.86462816,0,0.00913986023,,0,16000000,28288800
dsb-gpu,WK2000_1,37,12382,2000,2000,2000,1999000,512,200,fp32,global-sync,dense,0,0,33216,33337,0,0,0.019632724,1.82729309,0.000804548,0.002438698,1.82809764,1.86305887,0,0.00913646545,,0,16000000,28288800
dsb-gpu,WK2000_1,38,12383,2000,2000,2000,1999000,512,200,fp32,global-sync,dense,0,0,33206,33337,0,0,0.02012239,1.82622498,0.0008137,0.002574283,1.82703868,1.86265365,0,0.00913112488,,0,16000000,28288800
dsb-gpu,WK2000_1,39,12384,2000,2000,2000,1999000,512,200,fp32,global-sync,dense,0,0,33150,33337,0,0,0.01966194,1.82602014,0.000806852,0.002545355,1.82682699,1.86184482,0,0.00913010071,,0,16000000,28288800
dsb-gpu,WK2000_1,40,12385,2000,2000,2000,1999000,512,200,fp32,global-sync,dense,0,0,33146,33337,0,0,0.020151254,1.82693091,0.000796771,0.002539947,1.82772768,1.86317084,0,0.00913465454,,0,16000000,28288800
dsb-gpu,WK2000_1,41,12386,2000,2000,2000,1999000,512,200,fp32,global-sync,dense,0,0,33149,33337,0,0,0.019925654,1.82527087,0.000802947,0.002510923,1.82607382,1.86128238,0,0.00912635437,,0,16000000,28288800
dsb-gpu,WK2000_1,42,12387,2000,2000,2000,1999000,512,200,fp32,global-sync,dense,0,0,33151,33337,0,0,0.020270935,1.82682458,0.000798403,0.003039757,1.82762299,1.86363766,0,0.00913412292,,0,16000000,28288800
dsb-gpu,WK2000_1,43,12388,2000,2000,2000,1999000,512,200,fp32,global-sync,dense,0,0,33160,33337,0,0,0.01964194,1.82553809,0.000796228,0.002506795,1.82633431,1.86136782,0,0.00912769043,,0,16000000,28288800
dsb-gpu,WK2000_1,44,12389,2000,2000,2000,1999000,512,200,fp32,global-sync,dense,0,0,33192,33337,0,0,0.02004175,1.82684875,0.000796835,0.002517003,1.82764559,1.86323308,0,0.00913424377,,0,16000000,28288800
dsb-gpu,WK2000_1,45,12390,2000,2000,2000,1999000,512,200,fp32,global-sync,dense,0,0,33181,33337,0,0,0.019560083,1.82675415,0.000798787,0.002516522,1.82755294,1.86248562,0,0.00913377075,,0,16000000,28288800
dsb-gpu,WK2000_1,46,12391,2000,2000,2000,1999000,512,200,fp32,global-sync,dense,0,0,33177,33337,0,0,0.020546104,1.82645239,0.000822948,0.002458122,1.82727534,1.86310879,0,0.00913226196,,0,16000000,28288800
dsb-gpu,WK2000_1,47,12392,2000,2000,2000,1999000,512,200,fp32,global-sync,dense,0,0,33180,33337,0,0,0.019592627,1.8257417,0.000806755,0.002487978,1.82654845,1.86146248,0,0.0091287085,,0,16000000,28288800
dsb-gpu,WK2000_1,48,12393,2000,2000,2000,1999000,512,200,fp32,global-sync,dense,0,0,33174,33337,0,0,0.019587443,1.82552209,0.000793123,0.002515115,1.82631522,1.86124593,0,0.00912761047,,0,16000000,28288800
dsb-gpu,WK2000_1,49,12394,2000,2000,2000,1999000,512,200,fp32,global-sync,dense,0,0,33174,33337,0,0,0.019710516,1.82548499,0.000803748,0.002392554,1.82628873,1.86132427,0,0.00912742493,,0,16000000,28288800
dsb-gpu,WK2000_1,0,12345,2000,2000,2000,1999000,512,200,fp32,gemm,dense,0,0,33164,33337,0,0,0.018971793,0.00563241577,0.000803684,0.00239089,0.00643609977,0.049406675,0,2.81620789e-05,,0,16000000,36579104
dsb-gpu,WK2000_1,1,12346,2000,2000,2000,1999000,512,200,fp32,gemm,dense,0,0,33173,33337,0,0,0.019212434,0.00556156778,0.000798499,0.002435979,0.00636006678,0.049348467,0,2.78078389e-05,,0,16000000,36579104
dsb-gpu,WK2000_1,2,12347,2000,2000,2000,1999000,512,200,fp32,gemm,dense,0,0,33186,33337,0,0,0.01978178,0.00562249613,0.000801284,0.002493738,0.00642378013,0.050158422,0,2.81124806e-05,,0,16000000,36579104
dsb-gpu,WK2000_1,3,12348,2000,2000,2000,1999000,512,200,fp32,gemm,dense,0,0,33184,33337,0,0,0.019454387,0.00555817604,0.000798147,0.00242257,0.00635632304,0.049575444,0,2.77908802e-05,,0,16000000,36579104
dsb-gpu,WK2000_1,4,12349,2000,2000,2000,1999000,512,200,fp32,gemm,dense,0,0,33197,33337,0,0,0.019965622,0.00563049603,0.000802628,0.002427722,0.00643312403,0.05022559,0,2.81524801e-05,,0,16000000,36579104
dsb-gpu,WK2000_1,5,12350,2000,2000,2000,1999000,512,200,fp32,gemm,dense,0,0,33195,33337,0,0,0.019397843,0.00556771183,0.000801923,0.002414795,0.00636963483,0.049472212,0,2.78385592e-05,,0,16000000,36579104
dsb-gpu,WK2000_1,6,12351,2000,2000,2000,1999000,512,200,fp32,gemm,dense,0,0,33185,33337,0,0,0.019395923,0.00562732792,0.000805412,0.002406538,0.00643273992,0.049477203,0,2.81366396e-05,,0,16000000,36579104
dsb-gpu,WK2000_1,7,12352,2000,2000,2000,1999000,512,200,fp32,gemm,dense,0,0,33132,33337,0,0,0.019338611,0.0055663681,0.000797699,0.002388586,0.0063640671,0.049390707,0,2.78318405e-05,,0,16000000,36579104
dsb-gpu,WK2000_1,8,12353,2000,2000,2000,1999000,512,200,fp32,gemm,dense,0,0,33234,33337,0,0,0.02005423,0.00563292789,0.000800323,0.002426411,0.00643325089,0.050354967,0,2.81646395e-05,,0,16000000,36579104
dsb-gpu,WK2000_1,9,12354,2000,2000,2000,1999000,512,200,fp32,gemm,dense,0,0,33143,33337,0,0,0.019279314,0.00555872011,0.000795459,0.002387051,0.00635417911,0.049564916,0,2.77936006e-05,,0,16000000,36579104
dsb-gpu,WK2000_1,10,12355,2000,2000,2000,1999000,512,200,fp32,gemm,dense,0,0,33162,33337,0,0,0.019339666,0.00563094378,0.000810659,0.00242561,0.00644160278,0.049532019,0,2.81547189e-05,,0,16000000,36579104
dsb-gpu,WK2000_1,11,12356,2000,2000,2000,1999000,512,200,fp32,gemm,dense,0,0,33199,33337,0,0,0.020017878,0.00556566381,0.000796579,0.002406379,0.00636224281,0.050090134,0,2.78283191e-05,,0,16000000,36579104
dsb-gpu,WK2000_1,12,12357,2000,2000,2000,1999000,512,200,fp32,gemm,dense,0,0,33145,33337,0,0,0.019424307,0.00562483215,0.000799235,0.002425739,0.00642406715,0.0496005,0,2.81241608e-05,,0,16000000,36579104
dsb-gpu,WK2000_1,13,12358,2000,2000,2000,1999000,512,200,fp32,gemm,dense,0,0,33219,33337,0,0,0.019442227,0.00556201601,0.00080442,0.002423947,0.00636643601,0.049999158,0,2.78100801e-05,,0,16000000,36579104
dsb-gpu,WK2000_1,14,12359,2000,2000,2000,1999000,512,200,fp32,gemm,dense,0,0,33178,33337,0,0,0.019454579,0.00562691212,0.000804387,0.002427914,0.00643129912,0.049895701,0,2.81345606e-05,,0,16000000,36579104
dsb-gpu,WK2000_1,15,12360,2000,2000,2000,1999000,512,200,fp32,gemm,dense,0,0,33142,33337,0,0,0.019564628,0.0055757122,0.000796772,0.002508139,0.0063724842,0.050764089,0,2.7878561e-05,,0,16000000,36579104
dsb-gpu,WK2000_1,16,12361,2000,2000,2000,1999000,512,200,fp32,gemm,dense,0,0,33183,33337,0,0,0.0196445,0.00564009619,0.000804067,0.002424714,0.00644416319,0.05016015,0,2.82004809e-05,,0,16000000,36579104
dsb-gpu,WK2000_1,17,12362,2000,2000,2000,1999000,512,200,fp32,gemm,dense,0,0,33203,33337,0,0,0.02009519,0.00555907202,0.000795844,0.00241441,0.00635491602,0.050224406,0,2.77953601e-05,,0,16000000,36579104
dsb-gpu,WK2000_1,18,12363,2000,2000,2000,1999000,512,200,fp32,gemm,dense,0,0,33181,33337,0,0,0.019834677,0.00557235193,0.000792035,0.002383915,0.00636438693,0.049890645,0,2.78617597e-05,,0,16000000,36579104
dsb-gpu,WK2000_1,19,12364,2000,2000,2000,1999000,512,200,fp32,gemm,dense,0,0,33181,33337,0,0,0.019529012,0.00550691223,0.000807843,0.002408683,0.00631475523,0.049787733,0,2.75345612e-05,,0,16000000,36579104
dsb-gpu,WK2000_1,20,12365,2000,2000,2000,1999000,512,200,fp32,gemm,dense,0,0,33114,33337,0,0,0.019410834,0.00558006382,0.000802979,0.002404362,0.00638304282,0.049516211,0,2.79003191e-05,,0,16000000,36579104
dsb-gpu,WK2000_1,21,12366,2000,2000,2000,1999000,512,200,fp32,gemm,dense,0,0,33195,33337,0,0,0.019511379,0.0055139842,0.000813091,0.002388683,0.0063270752,0.049674549,0,2.7569921e-05,,0,16000000,36579104
dsb-gpu,WK2000_1,22,12367,2000,2000,2000,1999000,512,200,fp32,gemm,dense,0,0,33161,33337,0,0,0.019338451,0.00564720011,0.000795491,0.003039437,0.00644269111,0.050162166,0,2.82360005e-05,,0,16000000,36579104
dsb-gpu,WK2000_1,23,12368,2000,2000,2000,1999000,512,200,fp32,gemm,dense,0,0,33134,33337,0,0,0.020058294,0.00557407999,0.000794787,0.002805548,0.00636886699,0.050539352,0,2.78704e-05,,0,16000000,36579104
dsb-gpu,WK2000_1,24,12369,2000,2000,2000,1999000,512,200,fp32,gemm,dense,0,0,33172,33337,0,0,0.019329139,0.00564236784,0.000808067,0.002415466,0.00645043484,0.049604244,0,2.82118392e-05,,0,16000000,36579104
dsb-gpu,WK2000_1,25,12370,2000,2000,2000,1999000,512,200,fp32,gemm,dense,0,0,33146,33337,0,0,0.019382867,0.00557593584,0.000811043,0.002401546,0.00638697884,0.049460435,0,2.78796792e-05,,0,16000000,36579104
dsb-gpu,WK2000_1,26,12371,2000,2000,2000,1999000,512,200,fp32,gemm,dense,0,0,33161,33337,0,0,0.019313586,0.00564950418,0.000813283,0.002430411,0.00646278718,0.04951538,0,2.82475209e-05,,0,16000000,36579104
dsb-gpu,WK2000_1,27,12372,2000,2000,2000,1999000,512,200,fp32,gemm,dense,0,0,33191,33337,0,0,0.01949698,0.00557340813,0.000798723,0.002401323,0.00637213113,0.049546772,0,2.78670406e-05,,0,16000000,36579104
dsb-gpu,WK2000_1,28,12373,2000,2000,2000,1999000,512,200,fp32,gemm,dense,0,0,33178,33337,0,0,0.019383955,0.00564304018,0.000804771,0.002422442,0.00644781118,0.049762644,0,2.82152009e-05,,0,16000000,36579104
dsb-gpu,WK2000_1,29,12374,2000,2000,2000,1999000,512,200,fp32,gemm,dense,0,0,33200,33337,0,0,0.019354323,0.0055898242,0.000803331,0.002425867,0.0063931552,0.049668597,0,2.7949121e-05,,0,16000000,36579104
dsb-gpu,WK2000_1,30,12375,2000,2000,2000,1999000,512,200,fp32,gemm,dense,0,0,33200,33337,0,0,0.019458739,0.00565654421,0.00080058,0.002431531,0.00645712421,0.049633972,0,2.8282721e-05,,0,16000000,36579104
dsb-gpu,WK2000_1,31,12376,2000,2000,2000,1999000,512,200,fp32,gemm,dense,0,0,33162,33337,0,0,0.019382226,0.00558316803,0.000792771,0.002416619,0.00637593903,0.049563828,0,2.79158401e-05,,0,16000000,36579104
dsb-gpu,WK2000_1,32,12377,2000,2000,2000,1999000,512,200,fp32,gemm,dense,0,0,33166,33337,0,0,0.019920821,0.00563830423,0.000802339,0.002412811,0.00644064323,0.050032022,0,2.81915212e-05,,0,16000000,36579104
dsb-gpu,WK2000_1,33,12378,2000,2000,2000,1999000,512,200,fp32,gemm,dense,0,0,33161,33337,0,0,0.019322322,0.00558752012,0.000789764,0.002430538,0.00637728412,0.049467955,0,2.79376006e-05,,0,16000000,36579104
dsb-gpu,WK2000_1,34,12379,2000,2000,2000,1999000,512,200,fp32,gemm,dense,0,0,33177,33337,0,0,0.019339379,0.00554988813,0.000798532,0.002417994,0.00634842013,0.049331058,0,2.77494407e-05,,0,16000000,36579104
dsb-gpu,WK2000_1,35,12380,2000,2000,2000,1999000,512,200,fp32,gemm,dense,0,0,33193,33337,0,0,0.019406387,0.00550112009,0.000790436,0.002408394,0.00629155609,0.049765557,0,2.75056005e-05,,0,16000000,36579104
dsb-gpu,WK2000_1,36,12381,2000,2000,2000,1999000,512,200,fp32,gemm,dense,0,0,33233,33337,0,0,0.019475955,0.00556604815,0.000797475,0.00245745,0.00636352315,0.04967426,0,2.78302407e-05,,0,16000000,36579104
dsb-gpu,WK2000_1,37,12382,2000,2000,2000,1999000,512,200,fp32,gemm,dense,0,0,33216,33337,0,0,0.019803829,0.00549462414,0.0007985,0.002427082,0.00629312414,0.050004821,0,2.74731207e-05,,0,16000000,36579104
dsb-gpu,WK2000_1,38,12383,2000,2000,2000,1999000,512,200,fp32,gemm,dense,0,0,33206,33337,0,0,0.01954786,0.00562844801,0.000800707,0.002409002,0.00642915501,0.049808308,0,2.814224e-05,,0,16000000,36579104
dsb-gpu,WK2000_1,39,12384,2000,2000,2000,1999000,512,200,fp32,gemm,dense,0,0,33150,33337,0,0,0.020177462,0.00557097578,0.000800452,0.002423722,0.00637142778,0.050455032,0,2.78548789e-05,,0,16000000,36579104
dsb-gpu,WK2000_1,40,12385,2000,2000,2000,1999000,512,200,fp32,gemm,dense,0,0,33146,33337,0,0,0.019812085,0.00564463997,0.000802627,0.002399851,0.00644726697,0.049973142,0,2.82231998e-05,,0,16000000,36579104
dsb-gpu,WK2000_1,41,12386,2000,2000,2000,1999000,512,200,fp32,gemm,dense,0,0,33149,33337,0,0,0.019418739,0.00557020807,0.000809283,0.002429483,0.00637949107,0.049572372,0,2.78510404e-05,,0,16000000,36579104
dsb-gpu,WK2000_1,42,12387,2000,2000,2000,1999000,512,200,fp32,gemm,dense,0,0,33151,33337,0,0,0.020011445,0.00563817596,0.000805284,0.002411211,0.00644345996,0.05007423,0,2.81908798e-05,,0,16000000,36579104
dsb-gpu,WK2000_1,43,12388,2000,2000,2000,1999000,512,200,fp32,gemm,dense,0,0,33160,33337,0,0,0.019377107,0.00556547213,0.000799555,0.002399883,0.00636502713,0.049764949,0,2.78273606e-05,,0,16000000,36579104
dsb-gpu,WK2000_1,44,12389,2000,2000,2000,1999000,512,200,fp32,gemm,dense,0,0,33192,33337,0,0,0.019353394,0.00563849592,0.000799907,0.002506891,0.00643840292,0.049868277,0,2.81924796e-05,,0,16000000,36579104
dsb-gpu,WK2000_1,45,12390,2000,2000,2000,1999000,512,200,fp32,gemm,dense,0,0,33181,33337,0,0,0.020083957,0.00557065582,0.000789443,0.002429067,0.00636009882,0.050269847,0,2.78532791e-05,,0,16000000,36579104
dsb-gpu,WK2000_1,46,12391,2000,2000,2000,1999000,512,200,fp32,gemm,dense,0,0,33177,33337,0,0,0.019591571,0.00562982416,0.000799139,0.002431242,0.00642896316,0.049684852,0,2.81491208e-05,,0,16000000,36579104
dsb-gpu,WK2000_1,47,12392,2000,2000,2000,1999000,512,200,fp32,gemm,dense,0,0,33180,33337,0,0,0.019381651,0.00555961609,0.000795619,0.002424362,0.00635523509,0.049492147,0,2.77980804e-05,,0,16000000,36579104
dsb-gpu,WK2000_1,48,12393,2000,2000,2000,1999000,512,200,fp32,gemm,dense,0,0,33174,33337,0,0,0.019291538,0.00563641596,0.000793859,0.002383402,0.00643027496,0.049424211,0,2.81820798e-05,,0,16000000,36579104
dsb-gpu,WK2000_1,49,12394,2000,2000,2000,1999000,512,200,fp32,gemm,dense,0,0,33174,33337,0,0,0.019350131,0.00557280016,0.000956164,0.002855277,0.00652896416,0.05012207,0,2.78640008e-05,,0,16000000,36579104
dsb-gpu,WK2000_1,0,12345,2000,2000,2000,1999000,512,200,fp32,gemm-notf32,dense,0,0,33164,33337,0,0,0.01918533,0.0226345596,0.000799299,0.002350923,0.0234338586,0.066162715,0,0.000113172798,,0,16000000,36579104
dsb-gpu,WK2000_1,1,12346,2000,2000,2000,1999000,512,200,fp32,gemm-notf32,dense,0,0,33173,33337,0,0,0.019693876,0.0222888641,0.000806755,0.00239505,0.0230956191,0.06600665,0,0.000111444321,,0,16000000,36579104
dsb-gpu,WK2000_1,2,12347,2000,2000,2000,1999000,512,200,fp32,gemm-notf32,dense,0,0,33186,33337,0,0,0.019268274,0.0226429768,0.000790403,0.002437035,0.0234333798,0.066127515,0,0.000113214884,,0,16000000,36579104
dsb-gpu,WK2000_1,3,12348,2000,2000,2000,1999000,512,200,fp32,gemm-notf32,dense,0,0,33184,33337,0,0,0.019303602,0.0222979832,0.000809667,0.002419563,0.0231076502,0.065738265,0,0.000111489916,,0,16000000,36579104
dsb-gpu,WK2000_1,4,12349,2000,2000,2000,1999000,512,200,fp32,gemm-notf32,dense,0,0,33197,33337,0,0,0.019981014,0.0226451511,0.000791492,0.002407178,0.0234366431,0.066774941,0,0.000113225756,,0,16000000,36579104
dsb-gpu,WK2000_1,5,12350,2000,2000,2000,1999000,512,200,fp32,gemm-notf32,dense,0,0,33195,33337,0,0,0.019310898,0.0223161602,0.000802755,0.002417771,0.0231189152,0.065893818,0,0.000111580801,,0,16000000,36579104
dsb-gpu,WK2000_1,6,12351,2000,2000,2000,1999000,512,200,fp32,gemm-notf32,dense,0,0,33185,33337,0,0,0.019457875,0.0226567364,0.000787523,0.002420203,0.0234442594,0.066392988,0,0.000113283682,,0,16000000,36579104
dsb-gpu,WK2000_1,7,12352,2000,2000,2000,1999000,512,200,fp32,gemm-notf32,dense,0,0,33132,33337,0,0,0.01982066,0.0222752323,0.000795363,0.002389387,0.0230705953,0.066416252,0,0.000111376162,,0,16000000,36579104
dsb-gpu,WK2000_1,8,12353,2000,2000,2000,1999000,512,200,fp32,gemm-notf32,dense,0,0,33234,33337,0,0,0.020079062,0.0226470394,0.000789123,0.002511051,0.0234361624,0.06700195,0,0.000113235197,,0,16000000,36579104
dsb-gpu,WK2000_1,9,12354,2000,2000,2000,1999000,512,200,fp32,gemm-notf32,dense,0,0,33143,33337,0,0,0.019537523,0.0222796803,0.000785347,0.002429738,0.0230650273,0.066211547,0,0.000111398401,,0,16000000,36579104
dsb-gpu,WK2000_1,10,12355,2000,2000,2000,1999000,512,200,fp32,gemm-notf32,dense,0,0,33162,33337,0,0,0.019562451,0.0226421432,0.000788995,0.002433355,0.0234311382,0.066337628,0,0.000113210716,,0,16000000,36579104
dsb-gpu,WK2000_1,11,12356,2000,2000,2000,1999000,512,200,fp32,gemm-notf32,dense,0,0,33199,33337,0,0,0.020936281,0.0223102398,0.000791811,0.00241089,0.0231020508,0.067605025,0,0.000111551199,,0,16000000,36579104
dsb-gpu,WK2000_1,12,12357,2000,2000,2000,1999000,512,200,fp32,gemm-notf32,dense,0,0,33145,33337,0,0,0.019478867,0.0226530552,0.000787076,0.002414666,0.0234401312,0.066245083,0,0.000113265276,,0,16000000,36579104
dsb-gpu,WK2000_1,13,12358,2000,2000,2000,1999000,512,200,fp32,gemm-notf32,dense,0,0,33219,33337,0,0,0.019393139,0.0222760639,0.000803843,0.002424715,0.0230799069,0.065879226,0,0.00011138032,,0,16000000,36579104
dsb-gpu,WK2000_1,14,12359,2000,2000,2000,1999000,512,200,fp32,gemm-notf32,dense,0,0,33178,33337,0,0,0.019539411,0.0226464005,0.000785507,0.002412811,0.0234319075,0.066401244,0,0.000113232002,,0,16000000,36579104
dsb-gpu,WK2000_1,15,12360,2000,2000,2000,1999000,512,200,fp32,gemm-notf32,dense,0,0,33142,33337,0,0,0.019363538,0.0222797756,0.000794724,0.002396266,0.0230744996,0.065838265,0,0.000111398878,,0,16000000,36579104
dsb-gpu,WK2000_1,16,12361,2000,2000,2000,1999000,512,200,fp32,gemm-notf32,dense,0,0,33183,33337,0,0,0.020763033,0.0226351681,0.000786083,0.002780332,0.0234212511,0.068113411,0,0.00011317584,,0,16000000,36579104
dsb-gpu,WK2000_1,17,12362,2000,2000,2000,1999000,512,200,fp32,gemm-notf32,dense,0,0,33203,33337,0,0,0.019395987,0.0223285122,0.000795523,0.002406922,0.0231240352,0.066441659,0,0.000111642561,,0,16000000,36579104
dsb-gpu,WK2000_1,18,12363,2000,2000,2000,1999000,512,200,fp32,gemm-notf32,dense,0,0,33181,33337,0,0,0.019428595,0.0226655369,0.000802179,0.002394122,0.0234677159,0.066302907,0,0.000113327684,,0,16000000,36579104
dsb-gpu,WK2000_1,19,12364,2000,2000,2000,1999000,512,200,fp32,gemm-notf32,dense,0,0,33181,33337,0,0,0.019371539,0.0222925434,0.000792772,0.00241057,0.0230853154,0.065865977,0,0.000111462717,,0,16000000,36579104
dsb-gpu,WK2000_1,20,12365,2000,2000,2000,1999000,512,200,fp32,gemm-notf32,dense,0,0,33114,33337,0,0,0.019490835,0.0226617928,0.000793219,0.002423082,0.0234550118,0.066444603,0,0.000113308964,,0,16000000,36579104
dsb-gpu,WK2000_1,21,12366,2000,2000,2000,1999000,512,200,fp32,gemm-notf32,dense,0,0,33195,33337,0,0,0.019387411,0.0222923527,0.000798148,0.002403338,0.0230905007,0.065980153,0,0.000111461763,,0,16000000,36579104
dsb-gpu,WK2000_1,22,12367,2000,2000,2000,1999000,512,200,fp32,gemm-notf32,dense,0,0,33161,33337,0,0,0.020004533,0.0226327362,0.000787588,0.002420618,0.0234203242,0.066850621,0,0.000113163681,,0,16000000,36579104
dsb-gpu,WK2000_1,23,12368,2000,2000,2000,1999000,512,200,fp32,gemm-notf32,dense,0,0,33134,33337,0,0,0.019488532,0.0223096008,0.000795075,0.002493931,0.0231046758,0.066357852,0,0.000111548004,,0,16000000,36579104
dsb-gpu,WK2000_1,24,12369,2000,2000,2000,1999000,512,200,fp32,gemm-notf32,dense,0,0,33172,33337,0,0,0.019293298,0.0226612473,0.000783171,0.002422827,0.0234444183,0.066159419,0,0.000113306236,,0,16000000,36579104
dsb-gpu,WK2000_1,25,12370,2000,2000,2000,1999000,512,200,fp32,gemm-notf32,dense,0,0,33146,33337,0,0,0.019255698,0.0222831688,0.000794947,0.002401354,0.0230781158,0.065667256,0,0.000111415844,,0,16000000,36579104
dsb-gpu,WK2000_1,26,12371,2000,2000,2000,1999000,512,200,fp32,gemm-notf32,dense,0,0,33161,33337,0,0,0.020153078,0.0226417923,0.000789315,0.00239505,0.0234311073,0.067001182,0,0.000113208961,,0,16000000,36579104
dsb-gpu,WK2000_1,27,12372,2000,2000,2000,1999000,512,200,fp32,gemm-notf32,dense,0,0,33191,33337,0,0,0.020039926,0.0222963524,0.000826372,0.002432234,0.0231227244,0.066535548,0,0.000111481762,,0,16000000,36579104
dsb-gpu,WK2000_1,28,12373,2000,2000,2000,1999000,512,200,fp32,gemm-notf32,dense,0,0,33178,33337,0,0,0.019478931,0.0226432323,0.000796228,0.00241249,0.0234394603,0.066396411,0,0.000113216162,,0,16000000,36579104
dsb-gpu,WK2000_1,29,12374,2000,2000,2000,1999000,512,200,fp32,gemm-notf32,dense,0,0,33200,33337,0,0,0.019423155,0.0223190727,0.000793092,0.002434602,0.0231121647,0.065990042,0,0.000111595364,,0,16000000,36579104
dsb-gpu,WK2000_1,30,12375,2000,2000,2000,1999000,512,200,fp32,gemm-notf32,dense,0,0,33200,33337,0,0,0.019829461,0.022672224,0.000794915,0.002416235,0.023467139,0.066741278,0,0.00011336112,,0,16000000,36579104
dsb-gpu,WK2000_1,31,12376,2000,2000,2000,1999000,512,200,fp32,gemm-notf32,dense,0,0,33162,33337,0,0,0.019855444,0.0222830086,0.000801699,0.002835372,0.0230847076,0.066694141,0,0.000111415043,,0,16000000,36579104
dsb-gpu,WK2000_1,32,12377,2000,2000,2000,1999000,512,200,fp32,gemm-notf32,dense,0,0,33166,33337,0,0,0.019390835,0.0226606083,0.000802339,0.002435946,0.0234629473,0.066747293,0,0.000113303041,,0,16000000,36579104
dsb-gpu,WK2000_1,33,12378,2000,2000,2000,1999000,512,200,fp32,gemm-notf32,dense,0,0,33161,33337,0,0,0.019437587,0.0222910728,0.000797827,0.002438666,0.0230888998,0.065957466,0,0.000111455364,,0,16000000,36579104
dsb-gpu,WK2000_1,34,12379,2000,2000,2000,1999000,512,200,fp32,gemm-notf32,dense,0,0,33177,33337,0,0,0.019611604,0.0226530876,0.000796835,0.00240993,0.0234499226,0.06655814,0,0.000113265438,,0,16000000,36579104
dsb-gpu,WK2000_1,35,12380,2000,2000,2000,1999000,512,200,fp32,gemm-notf32,dense,0,0,33193,33337,0,0,0.019563476,0.0223321285,0.000795267,0.002429355,0.0231273955,0.066221179,0,0.000111660643,,0,16000000,36579104
dsb-gpu,WK2000_1,36,12381,2000,2000,2000,1999000,512,200,fp32,gemm-notf32,dense,0,0,33233,33337,0,0,0.01972114,0.0226765442,0.000785763,0.002413515,0.0234623072,0.066710429,0,0.000113382721,,0,16000000,36579104
dsb-gpu,WK2000_1,37,12382,2000,2000,2000,1999000,512,200,fp32,gemm-notf32,dense,0,0,33216,33337,0,0,0.019615796,0.0223015366,0.0008001,0.002424778,0.0231016366,0.06607545,0,0.000111507683,,0,16000000,36579104
dsb-gpu,WK2000_1,38,12383,2000,2000,2000,1999000,512,200,fp32,gemm-notf32,dense,0,0,33206,33337,0,0,0.019447027,0.0226488647,0.000803172,0.002462443,0.0234520367,0.066268092,0,0.000113244324,,0,16000000,36579104
dsb-gpu,WK2000_1,39,12384,2000,2000,2000,1999000,512,200,fp32,gemm-notf32,dense,0,0,33150,33337,0,0,0.020102581,0.0223068161,0.000789987,0.00239569,0.0230968031,0.066713853,0,0.000111534081,,0,16000000,36579104
dsb-gpu,WK2000_1,40,12385,2000,2000,2000,1999000,512,200,fp32,gemm-notf32,dense,0,0,33146,33337,0,0,0.019611476,0.0226395206,0.000791652,0.002414058,0.0234311726,0.066548476,0,0.000113197603,,0,16000000,36579104
dsb-gpu,WK2000_1,41,12386,2000,2000,2000,1999000,512,200,fp32,gemm-notf32,dense,0,0,33149,33337,0,0,0.019374034,0.0223069439,0.000816196,0.002411114,0.0231231399,0.065936858,0,0.000111534719,,0,16000000,36579104
dsb-gpu,WK2000_1,42,12387,2000,2000,2000,1999000,512,200,fp32,gemm-notf32,dense,0,0,33151,33337,0,0,0.019994549,0.0226842232,0.000803523,0.002427019,0.0234877462,0.066798462,0,0.000113421116,,0,16000000,36579104
dsb-gpu,WK2000_1,43,12388,2000,2000,2000,1999000,512,200,fp32,gemm-notf32,dense,0,0,33160,33337,0,0,0.019893173,0.0222813129,0.000789955,0.002402443,0.0230712679,0.066389884,0,0.000111406565,,0,16000000,36579104
dsb-gpu,WK2000_1,44,12389,2000,2000,2000,1999000,512,200,fp32,gemm-notf32,dense,0,0,33192,33337,0,0,0.019481555,0.0226503677,0.000792675,0.002411723,0.0234430427,0.066729917,0,0.000113251839,,0,16000000,36579104
dsb-gpu,WK2000_1,45,12390,2000,2000,2000,1999000,512,200,fp32,gemm-notf32,dense,0,0,33181,33337,0,0,0.019378835,0.0222989769,0.000817828,0.002480203,0.0231168049,0.066147803,0,0.000111494884,,0,16000000,36579104
dsb-gpu,WK2000_1,46,12391,2000,2000,2000,1999000,512,200,fp32,gemm-notf32,dense,0,0,33177,33337,0,0,0.019502291,0.0226290569,0.000791715,0.002439754,0.0234207719,0.066316955,0,0.000113145285,,0,16000000,36579104
dsb-gpu,WK2000_1,47,12392,2000,2000,2000,1999000,512,200,fp32,gemm-notf32,dense,0,0,33180,33337,0,0,0.019923637,0.0223329926,0.000815843,0.002419082,0.0231488356,0.066447484,0,0.000111664963,,0,16000000,36579104
dsb-gpu,WK2000_1,48,12393,2000,2000,2000,1999000,512,200,fp32,gemm-notf32,dense,0,0,33174,33337,0,0,0.019972213,0.0226842556,0.000793411,0.002409931,0.0234776666,0.066781246,0,0.000113421278,,0,16000000,36579104
dsb-gpu,WK2000_1,49,12394,2000,2000,2000,1999000,512,200,fp32,gemm-notf32,dense,0,0,33174,33337,0,0,0.01966242,0.0222806072,0.000791971,0.002421994,0.0230725782,0.066178042,0,0.000111403036,,0,16000000,36579104
dsb-gpu,WK2000_1,0,12345,2000,2000,2000,1999000,512,200,int8,gemm,dense,0,0,33164,33337,0,0,0.056422961,0.00330947208,0.00014352,0.00241937,0.00345299208,0.083472164,0,1.65473604e-05,,0,4000000,22011104
dsb-gpu,WK2000_1,1,12346,2000,2000,2000,1999000,512,200,int8,gemm,dense,0,0,33173,33337,0,0,0.057014035,0.00333907199,0.000142913,0.002418922,0.00348198499,0.084136871,0,1.66953599e-05,,0,4000000,22011104
dsb-gpu,WK2000_1,2,12347,2000,2000,2000,1999000,512,200,int8,gemm,dense,0,0,33186,33337,0,0,0.056864659,0.00334025598,0.000144353,0.002423946,0.00348460898,0.083988198,0,1.67012799e-05,,0,4000000,22011104
dsb-gpu,WK2000_1,3,12348,2000,2000,2000,1999000,512,200,int8,gemm,dense,0,0,33184,33337,0,0,0.056768243,0.00333670402,0.000147425,0.002405866,0.00348412902,0.084005607,0,1.66835201e-05,,0,4000000,22011104
dsb-gpu,WK2000_1,4,12349,2000,2000,2000,1999000,512,200,int8,gemm,dense,0,0,33197,33337,0,0,0.056899827,0.00333951998,0.000140865,0.00242033,0.00348038498,0.08401175,0,1.66975999e-05,,0,4000000,22011104
dsb-gpu,WK2000_1,5,12350,2000,2000,2000,1999000,512,200,int8,gemm,dense,0,0,33195,33337,0,0,0.056920499,0.00332473612,0.000141153,0.002401738,0.00346588912,0.083727877,0,1.66236806e-05,,0,4000000,22011104
dsb-gpu,WK2000_1,6,12351,2000,2000,2000,1999000,512,200,int8,gemm,dense,0,0,33185,33337,0,0,0.057021268,0.00337199998,0.000142624,0.002387338,0.00351462398,0.084022886,0,1.68599999e-05,,0,4000000,22011104
dsb-gpu,WK2000_1,7,12352,2000,2000,2000,1999000,512,200,int8,gemm,dense,0,0,33132,33337,0,0,0.057560214,0.00339715195,0.000141632,0.002430059,0.00353878395,0.084523369,0,1.69857597e-05,,0,4000000,22011104
dsb-gpu,WK2000_1,8,12353,2000,2000,2000,1999000,512,200,int8,gemm,dense,0,0,33234,33337,0,0,0.056829939,0.00340400004,0.000141953,0.002412362,0.00354595304,0.084038151,0,1.70200002e-05,,0,4000000,22011104
dsb-gpu,WK2000_1,9,12354,2000,2000,2000,1999000,512,200,int8,gemm,dense,0,0,33143,33337,0,0,0.056870515,0.00340524793,0.000144513,0.002408458,0.00354976093,0.084281576,0,1.70262396e-05,,0,4000000,22011104
dsb-gpu,WK2000_1,10,12355,2000,2000,2000,1999000,512,200,int8,gemm,dense,0,0,33162,33337,0,0,0.056975412,0.00338790393,0.000142336,0.00240241,0.00353023993,0.084073607,0,1.69395196e-05,,0,4000000,22011104
dsb-gpu,WK2000_1,11,12356,2000,2000,2000,1999000,512,200,int8,gemm,dense,0,0,33199,33337,0,0,0.057711958,0.00338371205,0.0001472,0.002406699,0.00353091205,0.084705738,0,1.69185603e-05,,0,4000000,22011104
dsb-gpu,WK2000_1,12,12357,2000,2000,2000,1999000,512,200,int8,gemm,dense,0,0,33145,33337,0,0,0.056920371,0.00337244797,0.000149089,0.002493387,0.00352153697,0.084060007,0,1.68622398e-05,,0,4000000,22011104
dsb-gpu,WK2000_1,13,12358,2000,2000,2000,1999000,512,200,int8,gemm,dense,0,0,33219,33337,0,0,0.057865111,0.00337926412,0.000146656,0.002424043,0.00352592012,0.085822703,0,1.68963206e-05,,0,4000000,22011104
dsb-gpu,WK2000_1,14,12359,2000,2000,2000,1999000,512,200,int8,gemm,dense,0,0,33178,33337,0,0,0.056944564,0.0033819201,0.00014416,0.002399562,0.0035260801,0.084281832,0,1.69096005e-05,,0,4000000,22011104
dsb-gpu,WK2000_1,15,12360,2000,2000,2000,1999000,512,200,int8,gemm,dense,0,0,33142,33337,0,0,0.056893875,0.00337759995,0.000142369,0.002404266,0.00351996895,0.084027975,0,1.68879998e-05,,0,4000000,22011104
dsb-gpu,WK2000_1,16,12361,2000,2000,2000,1999000,512,200,int8,gemm,dense,0,0,33183,33337,0,0,0.057180564,0.00337769604,0.000142849,0.002406346,0.00352054504,0.084548969,0,1.68884802e-05,,0,4000000,22011104
dsb-gpu,WK2000_1,17,12362,2000,2000,2000,1999000,512,200,int8,gemm,dense,0,0,33203,33337,0,0,0.057023667,0.00337504005,0.000143072,0.002413898,0.00351811205,0.084093479,0,1.68752003e-05,,0,4000000,22011104
dsb-gpu,WK2000_1,18,12363,2000,2000,2000,1999000,512,200,int8,gemm,dense,0,0,33181,33337,0,0,0.057110324,0.00333168006,0.000142369,0.002396778,0.00347404906,0.084102279,0,1.66584003e-05,,0,4000000,22011104
dsb-gpu,WK2000_1,19,12364,2000,2000,2000,1999000,512,200,int8,gemm,dense,0,0,33181,33337,0,0,0.057166676,0.00330739188,0.000141217,0.002906124,0.00344860888,0.085609869,0,1.65369594e-05,,0,4000000,22011104
dsb-gpu,WK2000_1,20,12365,2000,2000,2000,1999000,512,200,int8,gemm,dense,0,0,33114,33337,0,0,0.056913075,0.00331580806,0.000142817,0.002374794,0.00345862506,0.08387447,0,1.65790403e-05,,0,4000000,22011104
dsb-gpu,WK2000_1,21,12366,2000,2000,2000,1999000,512,200,int8,gemm,dense,0,0,33195,33337,0,0,0.057069396,0.00332096004,0.000144768,0.002405259,0.00346572804,0.084092808,0,1.66048002e-05,,0,4000000,22011104
dsb-gpu,WK2000_1,22,12367,2000,2000,2000,1999000,512,200,int8,gemm,dense,0,0,33161,33337,0,0,0.056826131,0.00338329601,0.000142208,0.002398795,0.00352550401,0.083986727,0,1.69164801e-05,,0,4000000,22011104
dsb-gpu,WK2000_1,23,12368,2000,2000,2000,1999000,512,200,int8,gemm,dense,0,0,33134,33337,0,0,0.057377877,0.00338294411,0.000140929,0.00242865,0.00352387311,0.084365192,0,1.69147205e-05,,0,4000000,22011104
dsb-gpu,WK2000_1,24,12369,2000,2000,2000,1999000,512,200,int8,gemm,dense,0,0,33172,33337,0,0,0.056829682,0.00337020802,0.00014272,0.00241505,0.00351292802,0.083907526,0,1.68510401e-05,,0,4000000,22011104
dsb-gpu,WK2000_1,25,12370,2000,2000,2000,1999000,512,200,int8,gemm,dense,0,0,33146,33337,0,0,0.0569453,0.003376544,0.0001424,0.002430538,0.003518944,0.0842234,0,1.688272e-05,,0,4000000,22011104
dsb-gpu,WK2000_1,26,12371,2000,2000,2000,1999000,512,200,int8,gemm,dense,0,0,33161,33337,0,0,0.057263189,0.00340089607,0.000141665,0.002405578,0.00354256107,0.084550281,0,1.70044804e-05,,0,4000000,22011104
dsb-gpu,WK2000_1,27,12372,2000,2000,2000,1999000,512,200,int8,gemm,dense,0,0,33191,33337,0,0,0.057272308,0.00340668797,0.000143776,0.002400267,0.00355046397,0.084298728,0,1.70334399e-05,,0,4000000,22011104
dsb-gpu,WK2000_1,28,12373,2000,2000,2000,1999000,512,200,int8,gemm,dense,0,0,33178,33337,0,0,0.056647346,0.00339888,0.000143328,0.002400938,0.003542208,0.083723013,0,1.69944e-05,,0,4000000,22011104
dsb-gpu,WK2000_1,29,12374,2000,2000,2000,1999000,512,200,int8,gemm,dense,0,0,33200,33337,0,0,0.057434005,0.00339190412,0.000143489,0.002397386,0.00353539312,0.084410632,0,1.69595206e-05,,0,4000000,22011104
dsb-gpu,WK2000_1,30,12375,2000,2000,2000,1999000,512,200,int8,gemm,dense,0,0,33200,33337,0,0,0.056799666,0.00340233588,0.000142496,0.002405674,0.00354483188,0.083890342,0,1.70116794e-05,,0,4000000,22011104
dsb-gpu,WK2000_1,31,12376,2000,2000,2000,1999000,512,200,int8,gemm,dense,0,0,33162,33337,0,0,0.056755091,0.00340111995,0.000143137,0.00239553,0.00354425695,0.083858918,0,1.70055997e-05,,0,4000000,22011104
dsb-gpu,WK2000_1,32,12377,2000,2000,2000,1999000,512,200,int8,gemm,dense,0,0,33166,33337,0,0,0.056952115,0.00340742397,0.000143617,0.002380906,0.00355104097,0.083965894,0,1.70371199e-05,,0,4000000,22011104
dsb-gpu,WK2000_1,33,12378,2000,2000,2000,1999000,512,200,int8,gemm,dense,0,0,33161,33337,0,0,0.056742803,0.003410496,0.000144225,0.00241649,0.003554721,0.083794598,0,1.705248e-05,,0,4000000,22011104
dsb-gpu,WK2000_1,34,12379,2000,2000,2000,1999000,512,200,int8,gemm,dense,0,0,33177,33337,0,0,0.056894356,0.00331721592,0.000144321,0.002402666,0.00346153692,0.083970214,0,1.65860796e-05,,0,4000000,22011104
dsb-gpu,WK2000_1,35,12380,2000,2000,2000,1999000,512,200,int8,gemm,dense,0,0,33193,33337,0,0,0.057008724,0.00331782389,0.000142561,0.002400426,0.00346038489,0.084212168,0,1.65891194e-05,,0,4000000,22011104
dsb-gpu,WK2000_1,36,12381,2000,2000,2000,1999000,512,200,int8,gemm,dense,0,0,33233,33337,0,0,0.056783922,0.00331891203,0.000143233,0.002819596,0.00346214503,0.084653642,0,1.65945601e-05,,0,4000000,22011104
dsb-gpu,WK2000_1,37,12382,2000,2000,2000,1999000,512,200,int8,gemm,dense,0,0,33216,33337,0,0,0.056983092,0.00331609607,0.000141345,0.002441195,0.00345744107,0.084349449,0,1.65804803e-05,,0,4000000,22011104
dsb-gpu,WK2000_1,38,12383,2000,2000,2000,1999000,512,200,int8,gemm,dense,0,0,33206,33337,0,0,0.056738386,0.00340982389,0.000142464,0.002398218,0.00355228789,0.084107271,0,1.70491195e-05,,0,4000000,22011104
dsb-gpu,WK2000_1,39,12384,2000,2000,2000,1999000,512,200,int8,gemm,dense,0,0,33150,33337,0,0,0.056980339,0.00340931201,0.000143648,0.002432682,0.00355296001,0.084207784,0,1.704656e-05,,0,4000000,22011104
dsb-gpu,WK2000_1,40,12385,2000,2000,2000,1999000,512,200,int8,gemm,dense,0,0,33146,33337,0,0,0.057050612,0.00340768003,0.000146272,0.002405227,0.00355395203,0.084161,0,1.70384002e-05,,0,4000000,22011104
dsb-gpu,WK2000_1,41,12386,2000,2000,2000,1999000,512,200,int8,gemm,dense,0,0,33149,33337,0,0,0.056778098,0.00339599991,0.000142016,0.002400586,0.00353801591,0.084723818,0,1.69799995e-05,,0,4000000,22011104
dsb-gpu,WK2000_1,42,12387,2000,2000,2000,1999000,512,200,int8,gemm,dense,0,0,33151,33337,0,0,0.056747891,0.00339254403,0.000143297,0.002394795,0.00353584103,0.083934183,0,1.69627202e-05,,0,4000000,22011104
dsb-gpu,WK2000_1,43,12388,2000,2000,2000,1999000,512,200,int8,gemm,dense,0,0,33160,33337,0,0,0.056914163,0.00340435195,0.000146657,0.002354026,0.00355100895,0.084051591,0,1.70217597e-05,,0,4000000,22011104
dsb-gpu,WK2000_1,44,12389,2000,2000,2000,1999000,512,200,int8,gemm,dense,0,0,33192,33337,0,0,0.056606225,0.00341155195,0.000145632,0.00239761,0.00355718395,0.083959143,0,1.70577598e-05,,0,4000000,22011104
dsb-gpu,WK2000_1,45,12390,2000,2000,2000,1999000,512,200,int8,gemm,dense,0,0,33181,33337,0,0,0.056973811,0.00339555192,0.000140929,0.002367146,0.00353648092,0.084006535,0,1.69777596e-05,,0,4000000,22011104
dsb-gpu,WK2000_1,46,12391,2000,2000,2000,1999000,512,200,int8,gemm,dense,0,0,33177,33337,0,0,0.057222773,0.00340355206,0.000142464,0.002402987,0.00354601606,0.084165768,0,1.70177603e-05,,0,4000000,22011104
dsb-gpu,WK2000_1,47,12392,2000,2000,2000,1999000,512,200,int8,gemm,dense,0,0,33180,33337,0,0,0.057094548,0.0034029119,0.000143649,0.002410218,0.0035465609,0.084184487,0,1.70145595e-05,,0,4000000,22011104
dsb-gpu,WK2000_1,48,12393,2000,2000,2000,1999000,512,200,int8,gemm,dense,0,0,33174,33337,0,0,0.056744466,0.00341551995,0.000142816,0.002377227,0.00355833595,0.08382375,0,1.70775998e-05,,0,4000000,22011104
dsb-gpu,WK2000_1,49,12394,2000,2000,2000,1999000,512,200,int8,gemm,dense,0,0,33174,33337,0,0,0.056778067,0.00341718411,0.000143841,0.002416042,0.00356102511,0.084149543,0,1.70859206e-05,,0,4000000,22011104
dsb-gpu,WK2000_1,0,12345,2000,2000,2000,1999000,512,200,fp16,block,dense,0,0,33164,33337,0,0,0.032320298,0.130055588,0.000713347,0.002412522,0.130768935,0.178739227,0,0.000650277939,,0,8000000,12096800
dsb-gpu,WK2000_1,1,12346,2000,2000,2000,1999000,512,200,fp16,block,dense,0,0,33173,33337,0,0,0.032838509,0.130018402,0.000714691,0.002404523,0.130733093,0.179143933,0,0.00065009201,,0,8000000,12096800
dsb-gpu,WK2000_1,2,12347,2000,2000,2000,1999000,512,200,fp16,block,dense,0,0,33186,33337,0,0,0.033012845,0.130282074,0.000710147,0.002440171,0.130992221,0.179540223,0,0.00065141037,,0,8000000,12096800
dsb-gpu,WK2000_1,3,12348,2000,2000,2000,1999000,512,200,fp16,block,dense,0,0,33184,33337,0,0,0.032741644,0.129972992,0.000709507,0.002421002,0.130682499,0.178934588,0,0.00064986496,,0,8000000,12096800
dsb-gpu,WK2000_1,4,12349,2000,2000,2000,1999000,512,200,fp16,block,dense,0,0,33197,33337,0,0,0.033082797,0.130081116,0.000716131,0.002393066,0.130797247,0.179313533,0,0.000650405579,,0,8000000,12096800
dsb-gpu,WK2000_1,5,12350,2000,2000,2000,1999000,512,200,fp16,block,dense,0,0,33195,33337,0,0,0.032949389,0.129981506,0.000725988,0.002800524,0.130707494,0.179518398,0,0.000649907532,,0,8000000,12096800
dsb-gpu,WK2000_1,6,12351,2000,2000,2000,1999000,512,200,fp16,block,dense,0,0,33185,33337,0,0,0.032933197,0.129992325,0.000713123,0.002423979,0.130705448,0.179370238,0,0.000649961624,,0,8000000,12096800
dsb-gpu,WK2000_1,7,12352,2000,2000,2000,1999000,512,200,fp16,block,dense,0,0,33132,33337,0,0,0.032955629,0.130027588,0.000711171,0.00242609,0.130738759,0.179127037,0,0.000650137939,,0,8000000,12096800
dsb-gpu,WK2000_1,8,12353,2000,2000,2000,1999000,512,200,fp16,block,dense,0,0,33234,33337,0,0,0.032717035,0.130274399,0.000713187,0.002503275,0.130987586,0.17926163,0,0.000651371994,,0,8000000,12096800
dsb-gpu,WK2000_1,9,12354,2000,2000,2000,1999000,512,200,fp16,block,dense,0,0,33143,33337,0,0,0.032860108,0.129985245,0.000710627,0.00237041,0.130695872,0.179020637,0,0.000649926224,,0,8000000,12096800
dsb-gpu,WK2000_1,10,12355,2000,2000,2000,1999000,512,200,fp16,block,dense,0,0,33162,33337,0,0,0.032867341,0.130163742,0.000708099,0.00236065,0.130871841,0.179158493,0,0.00065081871,,0,8000000,12096800
dsb-gpu,WK2000_1,11,12356,2000,2000,2000,1999000,512,200,fp16,block,dense,0,0,33199,33337,0,0,0.032984461,0.130032867,0.000712579,0.002419402,0.130745446,0.179249533,0,0.000650164337,,0,8000000,12096800
dsb-gpu,WK2000_1,12,12357,2000,2000,2000,1999000,512,200,fp16,block,dense,0,0,33145,33337,0,0,0.033184334,0.130008453,0.000712739,0.002912492,0.130721192,0.180011393,0,0.000650042267,,0,8000000,12096800
dsb-gpu,WK2000_1,13,12358,2000,2000,2000,1999000,512,200,fp16,block,dense,0,0,33219,33337,0,0,0.032955629,0.130282242,0.000715012,0.002449419,0.130997254,0.179806977,0,0.000651411209,,0,8000000,12096800
dsb-gpu,WK2000_1,14,12359,2000,2000,2000,1999000,512,200,fp16,block,dense,0,0,33178,33337,0,0,0.032730124,0.129981125,0.000710531,0.002412682,0.130691656,0.178903164,0,0.000649905624,,0,8000000,12096800
dsb-gpu,WK2000_1,15,12360,2000,2000,2000,1999000,512,200,fp16,block,dense,0,0,33142,33337,0,0,0.032833997,0.130117798,0.000712611,0.002412298,0.130830409,0.179095133,0,0.000650588989,,0,8000000,12096800
dsb-gpu,WK2000_1,16,12361,2000,2000,2000,1999000,512,200,fp16,block,dense,0,0,33183,33337,0,0,0.032754379,0.129990875,0.000713059,0.0027795,0.130703934,0.179279422,0,0.000649954376,,0,8000000,12096800
dsb-gpu,WK2000_1,17,12362,2000,2000,2000,1999000,512,200,fp16,block,dense,0,0,33203,33337,0,0,0.0328931,0.129982178,0.000710179,0.002408011,0.130692357,0.179247262,0,0.000649910889,,0,8000000,12096800
dsb-gpu,WK2000_1,18,12363,2000,2000,2000,1999000,512,200,fp16,block,dense,0,0,33181,33337,0,0,0.033008653,0.130230148,0.000714819,0.00240897,0.130944967,0.179372286,0,0.000651150742,,0,8000000,12096800
dsb-gpu,WK2000_1,19,12364,2000,2000,2000,1999000,512,200,fp16,block,dense,0,0,33181,33337,0,0,0.032984973,0.129953918,0.000712643,0.002400746,0.130666561,0.179100349,0,0.000649769592,,0,8000000,12096800
dsb-gpu,WK2000_1,20,12365,2000,2000,2000,1999000,512,200,fp16,block,dense,0,0,33114,33337,0,0,0.032562059,0.129980545,0.000712355,0.002418506,0.1306929,0.178726619,0,0.000649902725,,0,8000000,12096800
dsb-gpu,WK2000_1,21,12366,2000,2000,2000,1999000,512,200,fp16,block,dense,0,0,33195,33337,0,0,0.033089902,0.130271332,0.000713539,0.002373994,0.130984871,0.179471711,0,0.000651356659,,0,8000000,12096800
dsb-gpu,WK2000_1,22,12367,2000,2000,2000,1999000,512,200,fp16,block,dense,0,0,33161,33337,0,0,0.032902093,0.129979706,0.000710243,0.002413066,0.130689949,0.179135901,0,0.000649898529,,0,8000000,12096800
dsb-gpu,WK2000_1,23,12368,2000,2000,2000,1999000,512,200,fp16,block,dense,0,0,33134,33337,0,0,0.032855852,0.130218887,0.000712515,0.00236081,0.130931402,0.179306942,0,0.000651094437,,0,8000000,12096800
dsb-gpu,WK2000_1,24,12369,2000,2000,2000,1999000,512,200,fp16,block,dense,0,0,33172,33337,0,0,0.032978189,0.129983994,0.000706499,0.002420171,0.130690493,0.17918915,0,0.000649919968,,0,8000000,12096800
dsb-gpu,WK2000_1,25,12370,2000,2000,2000,1999000,512,200,fp16,block,dense,0,0,33146,33337,0,0,0.032723084,0.13020665,0.000712963,0.002383819,0.130919613,0.17923971,0,0.000651033249,,0,8000000,12096800
dsb-gpu,WK2000_1,26,12371,2000,2000,2000,1999000,512,200,fp16,block,dense,0,0,33161,33337,0,0,0.032770251,0.129995422,0.000712067,0.002440554,0.130707489,0.179193597,0,0.000649977112,,0,8000000,12096800
dsb-gpu,WK2000_1,27,12372,2000,2000,2000,1999000,512,200,fp16,block,dense,0,0,33191,33337,0,0,0.032728812,0.130278534,0.000715811,0.002924492,0.130994345,0.179757568,0,0.00065139267,,0,8000000,12096800
dsb-gpu,WK2000_1,28,12373,2000,2000,2000,1999000,512,200,fp16,block,dense,0,0,33178,33337,0,0,0.0328387,0.129985184,0.000713411,0.002381482,0.130698595,0.179279582,0,0.000649925919,,0,8000000,12096800
dsb-gpu,WK2000_1,29,12374,2000,2000,2000,1999000,512,200,fp16,block,dense,0,0,33200,33337,0,0,0.032990732,0.130144089,0.000714723,0.002428074,0.130858812,0.179336894,0,0.000650720444,,0,8000000,12096800
dsb-gpu,WK2000_1,30,12375,2000,2000,2000,1999000,512,200,fp16,block,dense,0,0,33200,33337,0,0,0.032944845,0.129965088,0.000710307,0.002439755,0.130675395,0.179154525,0,0.000649825439,,0,8000000,12096800
dsb-gpu,WK2000_1,31,12376,2000,2000,2000,1999000,512,200,fp16,block,dense,0,0,33162,33337,0,0,0.032806092,0.130000961,0.000713443,0.002390122,0.130714404,0.178963388,0,0.000650004807,,0,8000000,12096800
dsb-gpu,WK2000_1,32,12377,2000,2000,2000,1999000,512,200,fp16,block,dense,0,0,33166,33337,0,0,0.032958381,0.129994598,0.000711843,0.00241329,0.130706441,0.179212477,0,0.000649972992,,0,8000000,12096800
dsb-gpu,WK2000_1,33,12378,2000,2000,2000,1999000,512,200,fp16,block,dense,0,0,33161,33337,0,0,0.032885868,0.130084473,0.000709443,0.002424939,0.130793916,0.179133118,0,0.000650422363,,0,8000000,12096800
dsb-gpu,WK2000_1,34,12379,2000,2000,2000,1999000,512,200,fp16,block,dense,0,0,33177,33337,0,0,0.032682252,0.129989212,0.000711651,0.002420555,0.130700863,0.178866236,0,0.00064994606,,0,8000000,12096800
dsb-gpu,WK2000_1,35,12380,2000,2000,2000,1999000,512,200,fp16,block,dense,0,0,33193,33337,0,0,0.03278814,0.129992355,0.000709923,0.002378474,0.130702278,0.17899014,0,0.000649961777,,0,8000000,12096800
dsb-gpu,WK2000_1,36,12381,2000,2000,2000,1999000,512,200,fp16,block,dense,0,0,33233,33337,0,0,0.03282654,0.130301117,0.000710979,0.002408874,0.131012096,0.179468734,0,0.000651505585,,0,8000000,12096800
dsb-gpu,WK2000_1,37,12382,2000,2000,2000,1999000,512,200,fp16,block,dense,0,0,33216,33337,0,0,0.033091597,0.129966019,0.000707715,0.002427691,0.130673734,0.179356735,0,0.000649830093,,0,8000000,12096800
dsb-gpu,WK2000_1,38,12383,2000,2000,2000,1999000,512,200,fp16,block,dense,0,0,33176,33337,0,0,0.032964525,0.130124985,0.000710563,0.00242465,0.130835548,0.179268253,0,0.000650624924,,0,8000000,12096800
dsb-gpu,WK2000_1,39,12384,2000,2000,2000,1999000,512,200,fp16,block,dense,0,0,33150,33337,0,0,0.032872172,0.129981537,0.000712932,0.002406794,0.130694469,0.17901734,0,0.000649907684,,0,8000000,12096800
dsb-gpu,WK2000_1,40,12385,2000,2000,2000,1999000,512,200,fp16,block,dense,0,0,33146,33337,0,0,0.032612395,0.130255554,0.000711427,0.002386506,0.130966981,0.179047069,0,0.000651277771,,0,8000000,12096800
dsb-gpu,WK2000_1,41,12386,2000,2000,2000,1999000,512,200,fp16,block,dense,0,0,33149,33337,0,0,0.032934732,0.130004486,0.000710371,0.003073422,0.130714857,0.179855201,0,0.00065002243,,0,8000000,12096800
dsb-gpu,WK2000_1,42,12387,2000,2000,2000,1999000,512,200,fp16,block,dense,0,0,33151,33337,0,0,0.032849357,0.12998877,0.000712195,0.002416523,0.130700965,0.179307262,0,0.000649943848,,0,8000000,12096800
dsb-gpu,WK2000_1,43,12388,2000,2000,2000,1999000,512,200,fp16,block,dense,0,0,33160,33337,0,0,0.033066797,0.130001511,0.000713315,0.002388394,0.130714826,0.179192317,0,0.000650007553,,0,8000000,12096800
dsb-gpu,WK2000_1,44,12389,2000,2000,2000,1999000,512,200,fp16,block,dense,0,0,33192,33337,0,0,0.032977997,0.130188858,0.000713347,0.002452523,0.130902205,0.179416031,0,0.00065094429,,0,8000000,12096800
dsb-gpu,WK2000_1,45,12390,2000,2000,2000,1999000,512,200,fp16,block,dense,0,0,33181,33337,0,0,0.032741675,0.129983231,0.000711331,0.002361866,0.130694562,0.178889244,0,0.000649916153,,0,8000000,12096800
dsb-gpu,WK2000_1,46,12391,2000,2000,2000,1999000,512,200,fp16,block,dense,0,0,33177,33337,0,0,0.033195214,0.13027594,0.000711555,0.002419658,0.130987495,0.179722816,0,0.0006513797,,0,8000000,12096800
dsb-gpu,WK2000_1,47,12392,2000,2000,2000,1999000,512,200,fp16,block,dense,0,0,33180,33337,0,0,0.032733996,0.129982147,0.000710787,0.002431563,0.130692934,0.178946269,0,0.000649910736,,0,8000000,12096800
dsb-gpu,WK2000_1,48,12393,2000,2000,2000,1999000,512,200,fp16,block,dense,0,0,33174,33337,0,0,0.033064557,0.130125793,0.000714371,0.002429227,0.130840164,0.179574463,0,0.000650628967,,0,8000000,12096800
dsb-gpu,WK2000_1,49,12394,2000,2000,2000,1999000,512,200,fp16,block,dense,0,0,33174,33337,0,0,0.033069421,0.130104034,0.0007153,0.002423658,0.130819334,0.17942291,0,0.000650520172,,0,8000000,12096800
dsb-gpu,WK2000_1,0,12345,2000,2000,2000,1999000,512,200,fp16,cluster,dense,0,0,33164,33337,0,0,0.032707148,0.675707397,0.000728931,0.002345642,0.676436328,0.72492348,0,0.00337853699,,0,8000000,12096800
dsb-gpu,WK2000_1,1,12346,2000,2000,2000,1999000,512,200,fp16,cluster,dense,0,0,33173,33337,0,0,0.033128622,0.675416626,0.000713411,0.002790219,0.676130037,0.725067224,0,0.00337708313,,0,8000000,12096800
dsb-gpu,WK2000_1,2,12347,2000,2000,2000,1999000,512,200,fp16,cluster,dense,0,0,33186,33337,0,0,0.03280638,0.675577026,0.000716899,0.002394219,0.676293925,0.724855576,0,0.00337788513,,0,8000000,12096800
dsb-gpu,WK2000_1,3,12348,2000,2000,2000,1999000,512,200,fp16,cluster,dense,0,0,33184,33337,0,0,0.032986925,0.676181335,0.000717187,0.002802668,0.676898522,0.725908444,0,0.00338090668,,0,8000000,12096800
dsb-gpu,WK2000_1,4,12349,2000,2000,2000,1999000,512,200,fp16,cluster,dense,0,0,33197,33337,0,0,0.032828844,0.675857971,0.000717411,0.002422826,0.676575382,0.725226873,0,0.00337928986,,0,8000000,12096800
dsb-gpu,WK2000_1,5,12350,2000,2000,2000,1999000,512,200,fp16,cluster,dense,0,0,33195,33337,0,0,0.03280782,0.675566467,0.000714467,0.002454731,0.676280934,0.724714968,0,0.00337783234,,0,8000000,12096800
dsb-gpu,WK2000_1,6,12351,2000,2000,2000,1999000,512,200,fp16,cluster,dense,0,0,33185,33337,0,0,0.032573963,0.675603577,0.000716291,0.0029387,0.676319868,0.725143161,0,0.00337801788,,0,8000000,12096800
dsb-gpu,WK2000_1,7,12352,2000,2000,2000,1999000,512,200,fp16,cluster,dense,0,0,33132,33337,0,0,0.032677676,0.67571405,0.000716963,0.002410538,0.676431013,0.724929912,0,0.00337857025,,0,8000000,12096800
dsb-gpu,WK2000_1,8,12353,2000,2000,2000,1999000,512,200,fp16,cluster,dense,0,0,33234,33337,0,0,0.033042061,0.675702271,0.000713539,0.002440298,0.67641581,0.72528153,0,0.00337851135,,0,8000000,12096800
dsb-gpu,WK2000_1,9,12354,2000,2000,2000,1999000,512,200,fp16,cluster,dense,0,0,33143,33337,0,0,0.033059822,0.67545343,0.000717763,0.002997005,0.676171193,0.725545979,0,0.00337726715,,0,8000000,12096800
dsb-gpu,WK2000_1,10,12355,2000,2000,2000,1999000,512,200,fp16,cluster,dense,0,0,33162,33337,0,0,0.032661804,0.675664185,0.000714691,0.002414826,0.676378876,0.724844696,0,0.00337832092,,0,8000000,12096800
dsb-gpu,WK2000_1,11,12356,2000,2000,2000,1999000,512,200,fp16,cluster,dense,0,0,33199,33337,0,0,0.032919884,0.675726196,0.000714915,0.002402026,0.676441111,0.72492604,0,0.00337863098,,0,8000000,12096800
dsb-gpu,WK2000_1,12,12357,2000,2000,2000,1999000,512,200,fp16,cluster,dense,0,0,33145,33337,0,0,0.032902925,0.675671387,0.000714851,0.002414122,0.676386238,0.724939576,0,0.00337835693,,0,8000000,12096800
dsb-gpu,WK2000_1,13,12358,2000,2000,2000,1999000,512,200,fp16,cluster,dense,0,0,33219,33337,0,0,0.033280814,0.675444641,0.000712611,0.002418315,0.676157252,0.725045113,0,0.00337722321,,0,8000000,12096800
dsb-gpu,WK2000_1,14,12359,2000,2000,2000,1999000,512,200,fp16,cluster,dense,0,0,33178,33337,0,0,0.032555371,0.675758972,0.000717827,0.002961869,0.676476799,0.725117241,0,0.00337879486,,0,8000000,12096800
dsb-gpu,WK2000_1,15,12360,2000,2000,2000,1999000,512,200,fp16,cluster,dense,0,0,33142,33337,0,0,0.032631852,0.675569641,0.000717251,0.002399051,0.676286892,0.724981561,0,0.00337784821,,0,8000000,12096800
dsb-gpu,WK2000_1,16,12361,2000,2000,2000,1999000,512,200,fp16,cluster,dense,0,0,33183,33337,0,0,0.032586635,0.675364319,0.000716035,0.002425674,0.676080354,0.724229781,0,0.00337682159,,0,8000000,12096800
dsb-gpu,WK2000_1,17,12362,2000,2000,2000,1999000,512,200,fp16,cluster,dense,0,0,33203,33337,0,0,0.03315307,0.675854492,0.000715523,0.002425099,0.676570015,0.725340602,0,0.00337927246,,0,8000000,12096800
dsb-gpu,WK2000_1,18,12363,2000,2000,2000,1999000,512,200,fp16,cluster,dense,0,0,33181,33337,0,0,0.03278142,0.675529907,0.000715523,0.002430154,0.67624543,0.724716983,0,0.00337764954,,0,8000000,12096800
dsb-gpu,WK2000_1,19,12364,2000,2000,2000,1999000,512,200,fp16,cluster,dense,0,0,33181,33337,0,0,0.032480203,0.6757854,0.000714915,0.002421707,0.676500315,0.724668216,0,0.003378927,,0,8000000,12096800
dsb-gpu,WK2000_1,20,12365,2000,2000,2000,1999000,512,200,fp16,cluster,dense,0,0,33114,33337,0,0,0.032746828,0.675327332,0.000721763,0.003002253,0.676049095,0.725356634,0,0.00337663666,,0,8000000,12096800
dsb-gpu,WK2000_1,21,12366,2000,2000,2000,1999000,512,200,fp16,cluster,dense,0,0,33195,33337,0,0,0.032795948,0.67632782,0.000714723,0.002458699,0.677042543,0.726097054,0,0.0033816391,,0,8000000,12096800
dsb-gpu,WK2000_1,22,12367,2000,2000,2000,1999000,512,200,fp16,cluster,dense,0,0,33161,33337,0,0,0.032828813,0.675469177,0.000714276,0.002415914,0.676183453,0.724543542,0,0.00337734589,,0,8000000,12096800
dsb-gpu,WK2000_1,23,12368,2000,2000,2000,1999000,512,200,fp16,cluster,dense,0,0,33134,33337,0,0,0.032919725,0.67599469,0.000713795,0.002409354,0.676708485,0.725213433,0,0.00337997345,,0,8000000,12096800
dsb-gpu,WK2000_1,24,12369,2000,2000,2000,1999000,512,200,fp16,cluster,dense,0,0,33172,33337,0,0,0.032603532,0.676020935,0.000715011,0.002408266,0.676735946,0.725043225,0,0.00338010468,,0,8000000,12096800
dsb-gpu,WK2000_1,25,12370,2000,2000,2000,1999000,512,200,fp16,cluster,dense,0,0,33146,33337,0,0,0.033198478,0.675716919,0.000712067,0.002404906,0.676428986,0.725229562,0,0.00337858459,,0,8000000,12096800
dsb-gpu,WK2000_1,26,12371,2000,2000,2000,1999000,512,200,fp16,cluster,dense,0,0,33161,33337,0,0,0.032515883,0.676072632,0.000716995,0.002440075,0.676789627,0.724936857,0,0.00338036316,,0,8000000,12096800
dsb-gpu,WK2000_1,27,12372,2000,2000,2000,1999000,512,200,fp16,cluster,dense,0,0,33191,33337,0,0,0.032685035,0.67541626,0.000717411,0.002963213,0.676133671,0.725036761,0,0.0033770813,,0,8000000,12096800
dsb-gpu,WK2000_1,28,12373,2000,2000,2000,1999000,512,200,fp16,cluster,dense,0,0,33178,33337,0,0,0.032606091,0.675751465,0.000713667,0.002406699,0.676465132,0.725011225,0,0.00337875732,,0,8000000,12096800
dsb-gpu,WK2000_1,29,12374,2000,2000,2000,1999000,512,200,fp16,cluster,dense,0,0,33200,33337,0,0,0.033149357,0.675897278,0.000717955,0.002454602,0.676615233,0.725424154,0,0.00337948639,,0,8000000,12096800
dsb-gpu,WK2000_1,30,12375,2000,2000,2000,1999000,512,200,fp16,cluster,dense,0,0,33200,33337,0,0,0.032569644,0.675204712,0.000713603,0.002429482,0.675918315,0.724165909,0,0.00337602356,,0,8000000,12096800
dsb-gpu,WK2000_1,31,12376,2000,2000,2000,1999000,512,200,fp16,cluster,dense,0,0,33162,33337,0,0,0.032591755,0.675887024,0.000712643,0.002433802,0.676599667,0.724907128,0,0.00337943512,,0,8000000,12096800
dsb-gpu,WK2000_1,32,12377,2000,2000,2000,1999000,512,200,fp16,cluster,dense,0,0,33166,33337,0,0,0.032718796,0.67590741,0.000716963,0.00243505,0.676624373,0.72486252,0,0.00337953705,,0,8000000,12096800
dsb-gpu,WK2000_1,33,12378,2000,2000,2000,1999000,512,200,fp16,cluster,dense,0,0,33161,33337,0,0,0.032910669,0.675670166,0.000716515,0.002426026,0.676386681,0.725079705,0,0.00337835083,,0,8000000,12096800
dsb-gpu,WK2000_1,34,12379,2000,2000,2000,1999000,512,200,fp16,cluster,dense,0,0,33177,33337,0,0,0.03280574,0.675567444,0.000714531,0.002399083,0.676281975,0.724653975,0,0.00337783722,,0,8000000,12096800
dsb-gpu,WK2000_1,35,12380,2000,2000,2000,1999000,512,200,fp16,cluster,dense,0,0,33193,33337,0,0,0.032949901,0.675853516,0.000718403,0.002424106,0.676571919,0.725119769,0,0.00337926758,,0,8000000,12096800
dsb-gpu,WK2000_1,36,12381,2000,2000,2000,1999000,512,200,fp16,cluster,dense,0,0,33233,33337,0,0,0.032862893,0.675557129,0.000712035,0.002416298,0.676269164,0.724872376,0,0.00337778564,,0,8000000,12096800
dsb-gpu,WK2000_1,37,12382,2000,2000,2000,1999000,512,200,fp16,cluster,dense,0,0,33216,33337,0,0,0.032653355,0.67617572,0.000717571,0.002455242,0.676893291,0.725273273,0,0.0033808786,,0,8000000,12096800
dsb-gpu,WK2000_1,38,12383,2000,2000,2000,1999000,512,200,fp16,cluster,dense,0,0,33176,33337,0,0,0.033030989,0.675449829,0.000714339,0.002388938,0.676164168,0.724741399,0,0.00337724915,,0,8000000,12096800
dsb-gpu,WK2000_1,39,12384,2000,2000,2000,1999000,512,200,fp16,cluster,dense,0,0,33150,33337,0,0,0.033006381,0.675428772,0.000720932,0.002475115,0.676149704,0.724943704,0,0.00337714386,,0,8000000,12096800
dsb-gpu,WK2000_1,40,12385,2000,2000,2000,1999000,512,200,fp16,cluster,dense,0,0,33146,33337,0,0,0.032643116,0.675650269,0.000714339,0.002352298,0.676364608,0.724605239,0,0.00337825134,,0,8000000,12096800
dsb-gpu,WK2000_1,41,12386,2000,2000,2000,1999000,512,200,fp16,cluster,dense,0,0,33149,33337,0,0,0.03296382,0.675550659,0.000715363,0.002431915,0.676266022,0.724906232,0,0.0033777533,,0,8000000,12096800
dsb-gpu,WK2000_1,42,12387,2000,2000,2000,1999000,512,200,fp16,cluster,dense,0,0,33151,33337,0,0,0.032776876,0.675973633,0.000720195,0.002448938,0.676693828,0.725302426,0,0.00337986816,,0,8000000,12096800
dsb-gpu,WK2000_1,43,12388,2000,2000,2000,1999000,512,200,fp16,cluster,dense,0,0,33160,33337,0,0,0.032543819,0.675505737,0.000714403,0.002434186,0.67622014,0.724390006,0,0.00337752869,,0,8000000,12096800
dsb-gpu,WK2000_1,44,12389,2000,2000,2000,1999000,512,200,fp16,cluster,dense,0,0,33192,33337,0,0,0.032370474,0.675504578,0.000714883,0.002414186,0.676219461,0.724208053,0,0.00337752289,,0,8000000,12096800
dsb-gpu,WK2000_1,45,12390,2000,2000,2000,1999000,512,200,fp16,cluster,dense,0,0,33181,33337,0,0,0.032747788,0.676245422,0.000715299,0.002429962,0.676960721,0.725379802,0,0.00338122711,,0,8000000,12096800
dsb-gpu,WK2000_1,46,12391,2000,2000,2000,1999000,512,200,fp16,cluster,dense,0,0,33177,33337,0,0,0.032562508,0.675353027,0.000715331,0.002442474,0.676068358,0.724285461,0,0.00337676514,,0,8000000,12096800
dsb-gpu,WK2000_1,47,12392,2000,2000,2000,1999000,512,200,fp16,cluster,dense,0,0,33180,33337,0,0,0.032760748,0.675545349,0.000720611,0.002449003,0.67626596,0.724665176,0,0.00337772675,,0,8000000,12096800
dsb-gpu,WK2000_1,48,12393,2000,2000,2000,1999000,512,200,fp16,cluster,dense,0,0,33174,33337,0,0,0.032518571,0.675912537,0.000713827,0.002414666,0.676626364,0.72495772,0,0.00337956268,,0,8000000,12096800
dsb-gpu,WK2000_1,49,12394,2000,2000,2000,1999000,512,200,fp16,cluster,dense,0,0,33174,33337,0,0,0.033440303,0.675574402,0.000716547,0.002433802,0.676290949,0.725474171,0,0.00337787201,,0,8000000,12096800
dsb-gpu,WK2000_1,0,12345,2000,2000,2000,1999000,512,200,fp16,global-sync,dense,0,0,33173,33337,0,0,0.033240878,1.86910181,0.000733123,0.002819916,1.86983493,1.91961751,0,0.00934550903,,0,8000000,14144800
dsb-gpu,WK2000_1,1,12346,2000,2000,2000,1999000,512,200,fp16,global-sync,dense,0,0,33254,33337,0,0,0.033666384,1.87056226,0.000723331,0.003038285,1.87128559,1.92187419,0,0.00935281128,,0,8000000,14144800
dsb-gpu,WK2000_1,2,12347,2000,2000,2000,1999000,512,200,fp16,global-sync,dense,0,0,33201,33337,0,0,0.033161805,1.87143994,0.000729571,0.002873005,1.87216951,1.92234696,0,0.00935719971,,0,8000000,14144800
dsb-gpu,WK2000_1,3,12348,2000,2000,2000,1999000,512,200,fp16,global-sync,dense,0,0,33211,33337,0,0,0.033532303,1.8686637,0.000725347,0.002445802,1.86938904,1.91927386,0,0.00934331848,,0,8000000,14144800
dsb-gpu,WK2000_1,4,12349,2000,2000,2000,1999000,512,200,fp16,global-sync,dense,0,0,33172,33337,0,0,0.033521615,1.86842651,0.000726851,0.002950285,1.86915336,1.91911293,0,0.00934213257,,0,8000000,14144800
dsb-gpu,WK2000_1,5,12350,2000,2000,2000,1999000,512,200,fp16,global-sync,dense,0,0,33157,33337,0,0,0.033612015,1.8685116,0.000747075,0.002458859,1.86925867,1.91932493,0,0.00934255798,,0,8000000,14144800
dsb-gpu,WK2000_1,6,12351,2000,2000,2000,1999000,512,200,fp16,global-sync,dense,0,0,33151,33337,0,0,0.034064977,1.87222144,0.0007329,0.003016973,1.87295434,1.9238309,0,0.00936110718,,0,8000000,14144800
dsb-gpu,WK2000_1,7,12352,2000,2000,2000,1999000,512,200,fp16,global-sync,dense,0,0,33232,33337,0,0,0.034060593,1.86992944,0.000723619,0.002513099,1.87065306,1.92114664,0,0.00934964722,,0,8000000,14144800
dsb-gpu,WK2000_1,8,12353,2000,2000,2000,1999000,512,200,fp16,global-sync,dense,0,0,33162,33337,0,0,0.033504495,1.86807886,0.000721987,0.002478602,1.86880084,1.91810269,0,0.00934039429,,0,8000000,14144800
dsb-gpu,WK2000_1,9,12354,2000,2000,2000,1999000,512,200,fp16,global-sync,dense,0,0,33150,33337,0,0,0.033414126,1.86833386,0.000723235,0.003012332,1.8690571,1.919044,0,0.00934166931,,0,8000000,14144800
dsb-gpu,WK2000_1,10,12355,2000,2000,2000,1999000,512,200,fp16,global-sync,dense,0,0,33208,33337,0,0,0.033488239,1.86824829,0.000722148,0.002453034,1.86897044,1.91878291,0,0.00934124146,,0,8000000,14144800
dsb-gpu,WK2000_1,11,12356,2000,2000,2000,1999000,512,200,fp16,global-sync,dense,0,0,33139,33337,0,0,0.033327918,1.87124988,0.000721092,0.00242065,1.87197097,1.92117582,0,0.00935624939,,0,8000000,14144800
dsb-gpu,WK2000_1,12,12357,2000,2000,2000,1999000,512,200,fp16,global-sync,dense,0,0,33180,33337,0,0,0.033036781,1.87253967,0.000722947,0.002487691,1.87326262,1.92226712,0,0.00936269836,,0,8000000,14144800
dsb-gpu,WK2000_1,13,12358,2000,2000,2000,1999000,512,200,fp16,global-sync,dense,0,0,33162,33337,0,0,0.033623088,1.86987048,0.000727811,0.002486986,1.87059829,1.92021643,0,0.00934935242,,0,8000000,14144800
dsb-gpu,WK2000_1,14,12359,2000,2000,2000,1999000,512,200,fp16,global-sync,dense,0,0,33170,33337,0,0,0.033713775,1.87065295,0.000723843,0.002453098,1.8713768,1.92113009,0,0.00935326477,,0,8000000,14144800
dsb-gpu,WK2000_1,15,12360,2000,2000,2000,1999000,512,200,fp16,global-sync,dense,0,0,33222,33337,0,0,0.033446735,1.87082507,0.000722627,0.002481515,1.8715477,1.92101909,0,0.00935412537,,0,8000000,14144800
dsb-gpu,WK2000_1,16,12361,2000,2000,2000,1999000,512,200,fp16,global-sync,dense,0,0,33178,33337,0,0,0.033333486,1.86878455,0.000721859,0.002425994,1.8695064,1.91875594,0,0.00934392273,,0,8000000,14144800
dsb-gpu,WK2000_1,17,12362,2000,2000,2000,1999000,512,200,fp16,global-sync,dense,0,0,33229,33337,0,0,0.033515983,1.86770618,0.000720483,0.002459818,1.86842666,1.91791072,0,0.00933853088,,0,8000000,14144800
dsb-gpu,WK2000_1,18,12363,2000,2000,2000,1999000,512,200,fp16,global-sync,dense,0,0,33208,33337,0,0,0.033589328,1.86878955,0.000723588,0.002392106,1.86951314,1.91900743,0,0.00934394775,,0,8000000,14144800
dsb-gpu,WK2000_1,19,12364,2000,2000,2000,1999000,512,200,fp16,global-sync,dense,0,0,33138,33337,0,0,0.033531696,1.86960046,0.000722723,0.002487243,1.87032319,1.91986158,0,0.00934800232,,0,8000000,14144800
dsb-gpu,WK2000_1,20,12365,2000,2000,2000,1999000,512,200,fp16,global-sync,dense,0,0,33168,33337,0,0,0.033507023,1.87111597,0.000723235,0.002429482,1.8718392,1.92137614,0,0.00935557983,,0,8000000,14144800
dsb-gpu,WK2000_1,21,12366,2000,2000,2000,1999000,512,200,fp16,global-sync,dense,0,0,33218,33337,0,0,0.033131149,1.87153101,0.000724259,0.002372011,1.87225526,1.92134997,0,0.00935765503,,0,8000000,14144800
dsb-gpu,WK2000_1,22,12367,2000,2000,2000,1999000,512,200,fp16,global-sync,dense,0,0,33191,33337,0,0,0.033379438,1.86992615,0.000722595,0.002463819,1.87064874,1.92001979,0,0.00934963074,,0,8000000,14144800
dsb-gpu,WK2000_1,23,12368,2000,2000,2000,1999000,512,200,fp16,global-sync,dense,0,0,33158,33337,0,0,0.033033838,1.86925659,0.000719619,0.002483211,1.86997621,1.91895959,0,0.00934628296,,0,8000000,14144800
dsb-gpu,WK2000_1,24,12369,2000,2000,2000,1999000,512,200,fp16,global-sync,dense,0,0,33169,33337,0,0,0.033494671,1.86847937,0.000723779,0.00243985,1.86920315,1.91860672,0,0.00934239685,,0,8000000,14144800
dsb-gpu,WK2000_1,25,12370,2000,2000,2000,1999000,512,200,fp16,global-sync,dense,0,0,33179,33337,0,0,0.033326927,1.87161206,0.000723812,0.002459882,1.87233587,1.92165611,0,0.0093580603,,0,8000000,14144800
dsb-gpu,WK2000_1,26,12371,2000,2000,2000,1999000,512,200,fp16,global-sync,dense,0,0,33117,33337,0,0,0.033658383,1.87015283,0.000725155,0.002472235,1.87087799,1.92037729,0,0.00935076416,,0,8000000,14144800
dsb-gpu,WK2000_1,27,12372,2000,2000,2000,1999000,512,200,fp16,global-sync,dense,0,0,33182,33337,0,0,0.033224142,1.87104016,0.000722499,0.002476139,1.87176266,1.92094289,0,0.00935520081,,0,8000000,14144800
dsb-gpu,WK2000_1,28,12373,2000,2000,2000,1999000,512,200,fp16,global-sync,dense,0,0,33200,33337,0,0,0.03317467,1.86933838,0.000722627,0.002468202,1.87006101,1.91928909,0,0.00934669189,,0,8000000,14144800
dsb-gpu,WK2000_1,29,12374,2000,2000,2000,1999000,512,200,fp16,global-sync,dense,0,0,33133,33337,0,0,0.033332206,1.86915796,0.000721923,0.002443243,1.86987988,1.91916093,0,0.00934578979,,0,8000000,14144800
dsb-gpu,WK2000_1,30,12375,2000,2000,2000,1999000,512,200,fp16,global-sync,dense,0,0,33185,33337,0,0,0.033412079,1.87093079,0.000722371,0.00247777,1.87165316,1.92102632,0,0.00935465393,,0,8000000,14144800
dsb-gpu,WK2000_1,31,12376,2000,2000,2000,1999000,512,200,fp16,global-sync,dense,0,0,33184,33337,0,0,0.033260078,1.87219421,0.000720931,0.002470954,1.87291514,1.92238603,0,0.00936097107,,0,8000000,14144800
dsb-gpu,WK2000_1,32,12377,2000,2000,2000,1999000,512,200,fp16,global-sync,dense,0,0,33164,33337,0,0,0.033300782,1.86948096,0.000726243,0.002490475,1.8702072,1.91944919,0,0.00934740479,,0,8000000,14144800
dsb-gpu,WK2000_1,33,12378,2000,2000,2000,1999000,512,200,fp16,global-sync,dense,0,0,33198,33337,0,0,0.033808273,1.86749902,0.000726179,0.002480331,1.8682252,1.91835293,0,0.00933749512,,0,8000000,14144800
dsb-gpu,WK2000_1,34,12379,2000,2000,2000,1999000,512,200,fp16,global-sync,dense,0,0,33157,33337,0,0,0.033385839,1.87082056,0.000723651,0.002468587,1.87154421,1.92076852,0,0.00935410278,,0,8000000,14144800
dsb-gpu,WK2000_1,35,12380,2000,2000,2000,1999000,512,200,fp16,global-sync,dense,0,0,33213,33337,0,0,0.033469231,1.86844763,0.000723363,0.002465963,1.86917099,1.91852173,0,0.00934223816,,0,8000000,14144800
dsb-gpu,WK2000_1,36,12381,2000,2000,2000,1999000,512,200,fp16,global-sync,dense,0,0,33140,33337,0,0,0.033232462,1.87087805,0.000723523,0.002453003,1.87160157,1.92074644,0,0.00935439026,,0,8000000,14144800
dsb-gpu,WK2000_1,37,12382,2000,2000,2000,1999000,512,200,fp16,global-sync,dense,0,0,33268,33337,0,0,0.033559023,1.86899719,0.000724515,0.002458602,1.86972171,1.91923831,0,0.00934498596,,0,8000000,14144800
dsb-gpu,WK2000_1,38,12383,2000,2000,2000,1999000,512,200,fp16,global-sync,dense,0,0,33174,33337,0,0,0.033117229,1.87156775,0.000722244,0.002451594,1.87228999,1.92142065,0,0.00935783875,,0,8000000,14144800
dsb-gpu,WK2000_1,39,12384,2000,2000,2000,1999000,512,200,fp16,global-sync,dense,0,0,33158,33337,0,0,0.033386799,1.87100964,0.000721987,0.002458667,1.87173163,1.92105544,0,0.00935504822,,0,8000000,14144800
dsb-gpu,WK2000_1,40,12385,2000,2000,2000,1999000,512,200,fp16,global-sync,dense,0,0,33173,33337,0,0,0.033512303,1.87276953,0.000722499,0.002458922,1.87349203,1.92295055,0,0.00936384766,,0,8000000,14144800
dsb-gpu,WK2000_1,41,12386,2000,2000,2000,1999000,512,200,fp16,global-sync,dense,0,0,33151,33337,0,0,0.033418575,1.86799548,0.000722659,0.00244561,1.86871814,1.9181304,0,0.00933997742,,0,8000000,14144800
dsb-gpu,WK2000_1,42,12387,2000,2000,2000,1999000,512,200,fp16,global-sync,dense,0,0,33177,33337,0,0,0.033100461,1.86880347,0.000723043,0.002414955,1.86952651,1.9185113,0,0.00934401733,,0,8000000,14144800
dsb-gpu,WK2000_1,43,12388,2000,2000,2000,1999000,512,200,fp16,global-sync,dense,0,0,33184,33337,0,0,0.033565935,1.87217285,0.000721955,0.002449354,1.87289481,1.92251007,0,0.00936086426,,0,8000000,14144800
dsb-gpu,WK2000_1,44,12389,2000,2000,2000,1999000,512,200,fp16,global-sync,dense,0,0,33215,33337,0,0,0.03323467,1.86846179,0.00072202,0.002375018,1.86918381,1.91831539,0,0.00934230896,,0,8000000,14144800
dsb-gpu,WK2000_1,45,12390,2000,2000,2000,1999000,512,200,fp16,global-sync,dense,0,0,33227,33337,0,0,0.033329999,1.86766101,0.000725251,0.002968652,1.86838626,1.91821875,0,0.00933830505,,0,8000000,14144800
dsb-gpu,WK2000_1,46,12391,2000,2000,2000,1999000,512,200,fp16,global-sync,dense,0,0,33159,33337,0,0,0.033289006,1.87077112,0.000720899,0.00237393,1.87149202,1.92056756,0,0.00935385559,,0,8000000,14144800
dsb-gpu,WK2000_1,47,12392,2000,2000,2000,1999000,512,200,fp16,global-sync,dense,0,0,33217,33337,0,0,0.033170958,1.87069385,0.000722371,0.002435019,1.87141622,1.92060702,0,0.00935346924,,0,8000000,14144800
dsb-gpu,WK2000_1,48,12393,2000,2000,2000,1999000,512,200,fp16,global-sync,dense,0,0,33185,33337,0,0,0.033430191,1.871172,0.000728195,0.002469834,1.87190019,1.92134734,0,0.00935585999,,0,8000000,14144800
dsb-gpu,WK2000_1,49,12394,2000,2000,2000,1999000,512,200,fp16,global-sync,dense,0,0,33200,33337,0,0,0.033366191,1.86810547,0.000721155,0.002446699,1.86882662,1.91832026,0,0.00934052734,,0,8000000,14144800
dsb-gpu,WK2000_1,0,12345,2000,2000,2000,1999000,512,200,fp16,gemm,dense,0,0,33173,33337,0,0,0.033138605,0.00260342407,0.000711043,0.002353802,0.00331446707,0.06087562,0,1.30171204e-05,,0,8000000,22435104
dsb-gpu,WK2000_1,1,12346,2000,2000,2000,1999000,512,200,fp16,gemm,dense,0,0,33254,33337,0,0,0.03275886,0.00259657598,0.000715299,0.002390571,0.00331187498,0.060300258,0,1.29828799e-05,,0,8000000,22435104
dsb-gpu,WK2000_1,2,12347,2000,2000,2000,1999000,512,200,fp16,gemm,dense,0,0,33201,33337,0,0,0.03304587,0.00262009597,0.000718691,0.002407274,0.00333878697,0.060681251,0,1.31004798e-05,,0,8000000,22435104
dsb-gpu,WK2000_1,3,12348,2000,2000,2000,1999000,512,200,fp16,gemm,dense,0,0,33211,33337,0,0,0.032899052,0.00263116789,0.000719267,0.002382122,0.00335043489,0.060360962,0,1.31558394e-05,,0,8000000,22435104
dsb-gpu,WK2000_1,4,12349,2000,2000,2000,1999000,512,200,fp16,gemm,dense,0,0,33172,33337,0,0,0.032967885,0.00262598395,0.000716387,0.002387658,0.00334237095,0.060380002,0,1.31299198e-05,,0,8000000,22435104
dsb-gpu,WK2000_1,5,12350,2000,2000,2000,1999000,512,200,fp16,gemm,dense,0,0,33157,33337,0,0,0.033058093,0.00259881592,0.000712835,0.002493515,0.00331165092,0.060489634,0,1.29940796e-05,,0,8000000,22435104
dsb-gpu,WK2000_1,6,12351,2000,2000,2000,1999000,512,200,fp16,gemm,dense,0,0,33151,33337,0,0,0.033093358,0.00263142395,0.000716451,0.002403178,0.00334787495,0.060612483,0,1.31571198e-05,,0,8000000,22435104
dsb-gpu,WK2000_1,7,12352,2000,2000,2000,1999000,512,200,fp16,gemm,dense,0,0,33232,33337,0,0,0.032828204,0.00262102389,0.000713699,0.002384234,0.00333472289,0.060201025,0,1.31051195e-05,,0,8000000,22435104
dsb-gpu,WK2000_1,8,12353,2000,2000,2000,1999000,512,200,fp16,gemm,dense,0,0,33162,33337,0,0,0.0328363,0.00263120008,0.000711459,0.002394443,0.00334265908,0.060615267,0,1.31560004e-05,,0,8000000,22435104
dsb-gpu,WK2000_1,9,12354,2000,2000,2000,1999000,512,200,fp16,gemm,dense,0,0,33150,33337,0,0,0.033263246,0.0026292479,0.000718147,0.002375178,0.0033473949,0.060761347,0,1.31462395e-05,,0,8000000,22435104
dsb-gpu,WK2000_1,10,12355,2000,2000,2000,1999000,512,200,fp16,gemm,dense,0,0,33208,33337,0,0,0.033277486,0.00262588811,0.000715075,0.002385578,0.00334096311,0.060801699,0,1.31294405e-05,,0,8000000,22435104
dsb-gpu,WK2000_1,11,12356,2000,2000,2000,1999000,512,200,fp16,gemm,dense,0,0,33139,33337,0,0,0.033141166,0.0025956161,0.000713763,0.00237873,0.0033093791,0.060511458,0,1.29780805e-05,,0,8000000,22435104
dsb-gpu,WK2000_1,12,12357,2000,2000,2000,1999000,512,200,fp16,gemm,dense,0,0,33180,33337,0,0,0.032946348,0.00261452794,0.000716931,0.002377098,0.00333145894,0.06133687,0,1.30726397e-05,,0,8000000,22435104
dsb-gpu,WK2000_1,13,12358,2000,2000,2000,1999000,512,200,fp16,gemm,dense,0,0,33162,33337,0,0,0.033049453,0.0026014719,0.000717443,0.002372842,0.0033189149,0.060799075,0,1.30073595e-05,,0,8000000,22435104
dsb-gpu,WK2000_1,14,12359,2000,2000,2000,1999000,512,200,fp16,gemm,dense,0,0,33170,33337,0,0,0.033261806,0.00263894391,0.000717411,0.002389162,0.00335635491,0.060849891,0,1.31947196e-05,,0,8000000,22435104
dsb-gpu,WK2000_1,15,12360,2000,2000,2000,1999000,512,200,fp16,gemm,dense,0,0,33222,33337,0,0,0.033074797,0.00261030412,0.000717699,0.002376746,0.00332800312,0.060504578,0,1.30515206e-05,,0,8000000,22435104
dsb-gpu,WK2000_1,16,12361,2000,2000,2000,1999000,512,200,fp16,gemm,dense,0,0,33178,33337,0,0,0.033417806,0.00263168001,0.000715363,0.002357418,0.00334704301,0.060828932,0,1.31584001e-05,,0,8000000,22435104
dsb-gpu,WK2000_1,17,12362,2000,2000,2000,1999000,512,200,fp16,gemm,dense,0,0,33229,33337,0,0,0.033171821,0.00261136007,0.000714435,0.002400586,0.00332579507,0.060949061,0,1.30568004e-05,,0,8000000,22435104
dsb-gpu,WK2000_1,18,12363,2000,2000,2000,1999000,512,200,fp16,gemm,dense,0,0,33208,33337,0,0,0.033313998,0.00263587189,0.000718563,0.002810476,0.00335443489,0.061896008,0,1.31793594e-05,,0,8000000,22435104
dsb-gpu,WK2000_1,19,12364,2000,2000,2000,1999000,512,200,fp16,gemm,dense,0,0,33138,33337,0,0,0.033100749,0.00259673595,0.000716899,0.002369194,0.00331363495,0.060581026,0,1.29836798e-05,,0,8000000,22435104
dsb-gpu,WK2000_1,20,12365,2000,2000,2000,1999000,512,200,fp16,gemm,dense,0,0,33168,33337,0,0,0.03326011,0.00262803197,0.000713635,0.002368586,0.00334166697,0.060752291,0,1.31401598e-05,,0,8000000,22435104
dsb-gpu,WK2000_1,21,12366,2000,2000,2000,1999000,512,200,fp16,gemm,dense,0,0,33218,33337,0,0,0.033023438,0.00260112,0.000719907,0.002397099,0.003321027,0.060440131,0,1.30056e-05,,0,8000000,22435104
dsb-gpu,WK2000_1,22,12367,2000,2000,2000,1999000,512,200,fp16,gemm,dense,0,0,33191,33337,0,0,0.03286334,0.00252566409,0.000714787,0.002390666,0.00324045109,0.060284481,0,1.26283205e-05,,0,8000000,22435104
dsb-gpu,WK2000_1,23,12368,2000,2000,2000,1999000,512,200,fp16,gemm,dense,0,0,33158,33337,0,0,0.033050093,0.00249878407,0.000720195,0.002396779,0.00321897907,0.06038781,0,1.24939203e-05,,0,8000000,22435104
dsb-gpu,WK2000_1,24,12369,2000,2000,2000,1999000,512,200,fp16,gemm,dense,0,0,33169,33337,0,0,0.033280814,0.00252697611,0.000715907,0.00236145,0.00324288311,0.060612323,0,1.26348805e-05,,0,8000000,22435104
dsb-gpu,WK2000_1,25,12370,2000,2000,2000,1999000,512,200,fp16,gemm,dense,0,0,33179,33337,0,0,0.033166606,0.00251075196,0.000719363,0.00239361,0.00323011496,0.060742435,0,1.25537598e-05,,0,8000000,22435104
dsb-gpu,WK2000_1,26,12371,2000,2000,2000,1999000,512,200,fp16,gemm,dense,0,0,33117,33337,0,0,0.033226734,0.00262582397,0.000715427,0.002371562,0.00334125097,0.060877956,0,1.31291199e-05,,0,8000000,22435104
dsb-gpu,WK2000_1,27,12372,2000,2000,2000,1999000,512,200,fp16,gemm,dense,0,0,33182,33337,0,0,0.032912141,0.00261859202,0.000712195,0.002476523,0.00333078702,0.060419362,0,1.30929601e-05,,0,8000000,22435104
dsb-gpu,WK2000_1,28,12373,2000,2000,2000,1999000,512,200,fp16,gemm,dense,0,0,33200,33337,0,0,0.032898349,0.00263100791,0.000713283,0.002385194,0.00334429091,0.060565315,0,1.31550395e-05,,0,8000000,22435104
dsb-gpu,WK2000_1,29,12374,2000,2000,2000,1999000,512,200,fp16,gemm,dense,0,0,33133,33337,0,0,0.032969708,0.0026141119,0.000712963,0.002369866,0.0033270749,0.060425058,0,1.30705595e-05,,0,8000000,22435104
dsb-gpu,WK2000_1,30,12375,2000,2000,2000,1999000,512,200,fp16,gemm,dense,0,0,33185,33337,0,0,0.032999821,0.00262969589,0.000719395,0.00241009,0.00334909089,0.06056845,0,1.31484795e-05,,0,8000000,22435104
dsb-gpu,WK2000_1,31,12376,2000,2000,2000,1999000,512,200,fp16,gemm,dense,0,0,33184,33337,0,0,0.0328851,0.00261872005,0.000717411,0.002368746,0.00333613105,0.060356769,0,1.30936003e-05,,0,8000000,22435104
dsb-gpu,WK2000_1,32,12377,2000,2000,2000,1999000,512,200,fp16,gemm,dense,0,0,33164,33337,0,0,0.033009261,0.00264032006,0.000714019,0.002394794,0.00335433906,0.060524386,0,1.32016003e-05,,0,8000000,22435104
dsb-gpu,WK2000_1,33,12378,2000,2000,2000,1999000,512,200,fp16,gemm,dense,0,0,33198,33337,0,0,0.033150062,0.00260505605,0.000714019,0.002432586,0.00331907505,0.060618019,0,1.30252802e-05,,0,8000000,22435104
dsb-gpu,WK2000_1,34,12379,2000,2000,2000,1999000,512,200,fp16,gemm,dense,0,0,33157,33337,0,0,0.033038381,0.00262521601,0.000717091,0.002386058,0.00334230701,0.06058093,0,1.312608e-05,,0,8000000,22435104
dsb-gpu,WK2000_1,35,12380,2000,2000,2000,1999000,512,200,fp16,gemm,dense,0,0,33213,33337,0,0,0.033122701,0.00262291193,0.000716099,0.002836204,0.00333901093,0.061188101,0,1.31145597e-05,,0,8000000,22435104
dsb-gpu,WK2000_1,36,12381,2000,2000,2000,1999000,512,200,fp16,gemm,dense,0,0,33140,33337,0,0,0.033330926,0.0026321919,0.000716195,0.002377035,0.0033483869,0.061180422,0,1.31609595e-05,,0,8000000,22435104
dsb-gpu,WK2000_1,37,12382,2000,2000,2000,1999000,512,200,fp16,gemm,dense,0,0,33268,33337,0,0,0.033174894,0.00261340809,0.000713763,0.00238385,0.00332717109,0.060667267,0,1.30670404e-05,,0,8000000,22435104
dsb-gpu,WK2000_1,38,12383,2000,2000,2000,1999000,512,200,fp16,gemm,dense,0,0,33174,33337,0,0,0.033209966,0.00263273597,0.000714083,0.002374986,0.00334681897,0.060662371,0,1.31636798e-05,,0,8000000,22435104
dsb-gpu,WK2000_1,39,12384,2000,2000,2000,1999000,512,200,fp16,gemm,dense,0,0,33158,33337,0,0,0.032960941,0.0026180799,0.000717251,0.002395403,0.0033353309,0.060437026,0,1.30903995e-05,,0,8000000,22435104
dsb-gpu,WK2000_1,40,12385,2000,2000,2000,1999000,512,200,fp16,gemm,dense,0,0,33173,33337,0,0,0.032947853,0.00264358401,0.000715683,0.002373642,0.00335926701,0.060750019,0,1.32179201e-05,,0,8000000,22435104
dsb-gpu,WK2000_1,41,12386,2000,2000,2000,1999000,512,200,fp16,gemm,dense,0,0,33151,33337,0,0,0.032905453,0.0026126399,0.000714179,0.002388874,0.0033268189,0.060490658,0,1.30631995e-05,,0,8000000,22435104
dsb-gpu,WK2000_1,42,12387,2000,2000,2000,1999000,512,200,fp16,gemm,dense,0,0,33177,33337,0,0,0.033337774,0.00264271998,0.000714499,0.002365834,0.00335721898,0.06082778,0,1.32135999e-05,,0,8000000,22435104
dsb-gpu,WK2000_1,43,12388,2000,2000,2000,1999000,512,200,fp16,gemm,dense,0,0,33184,33337,0,0,0.032963277,0.0026169281,0.000715811,0.00237329,0.0033327391,0.060503523,0,1.30846405e-05,,0,8000000,22435104
dsb-gpu,WK2000_1,44,12389,2000,2000,2000,1999000,512,200,fp16,gemm,dense,0,0,33215,33337,0,0,0.033024269,0.00263670397,0.000714787,0.002367402,0.00335149097,0.060659971,0,1.31835198e-05,,0,8000000,22435104
dsb-gpu,WK2000_1,45,12390,2000,2000,2000,1999000,512,200,fp16,gemm,dense,0,0,33227,33337,0,0,0.033150125,0.0026188159,0.000713507,0.002374794,0.0033323229,0.060681603,0,1.30940795e-05,,0,8000000,22435104
dsb-gpu,WK2000_1,46,12391,2000,2000,2000,1999000,512,200,fp16,gemm,dense,0,0,33159,33337,0,0,0.032941836,0.00263001609,0.000716291,0.002375018,0.00334630709,0.060510498,0,1.31500804e-05,,0,8000000,22435104
dsb-gpu,WK2000_1,47,12392,2000,2000,2000,1999000,512,200,fp16,gemm,dense,0,0,33217,33337,0,0,0.03311355,0.00259619188,0.000714211,0.002356586,0.00331040288,0.060558978,0,1.29809594e-05,,0,8000000,22435104
dsb-gpu,WK2000_1,48,12393,2000,2000,2000,1999000,512,200,fp16,gemm,dense,0,0,33185,33337,0,0,0.033131726,0.00262188792,0.000715683,0.002365866,0.00333757092,0.060823203,0,1.31094396e-05,,0,8000000,22435104
dsb-gpu,WK2000_1,49,12394,2000,2000,2000,1999000,512,200,fp16,gemm,dense,0,0,33200,33337,0,0,0.033061357,0.0025967679,0.000714755,0.00238337,0.0033115229,0.060678243,0,1.29838395e-05,,0,8000000,22435104
simulated-bifurcation-2.0.0,WK2000_1,0,12345,2000,2000,2000,1999000,512,200,fp32,discrete-matched,dense,0,0,32966,33337,0,0,0.00182269599,0.037396287,1.10399997e-05,0.012095316,0.037407327,0.051328091,0,0.000186981435,,3998000,16000000,
simulated-bifurcation-2.0.0,WK2000_1,1,12346,2000,2000,2000,1999000,512,200,fp32,discrete-matched,dense,0,0,32845,33337,0,0,0.000891554999,0.035521656,8.95999256e-06,0.011955827,0.035530616,0.048380078,0,0.00017760828,,3998000,16000000,
simulated-bifurcation-2.0.0,WK2000_1,2,12347,2000,2000,2000,1999000,512,200,fp32,discrete-matched,dense,0,0,32993,33337,0,0,0.000863811001,0.035300439,8.60799628e-06,0.011979699,0.035309047,0.048154637,0,0.000176502195,,3998000,16000000,
simulated-bifurcation-2.0.0,WK2000_1,3,12348,2000,2000,2000,1999000,512,200,fp32,discrete-matched,dense,0,0,32859,33337,0,0,0.000853763006,0.035145206,8.256e-06,0.011882835,0.035153462,0.047892268,0,0.00017572603,,3998000,16000000,
simulated-bifurcation-2.0.0,WK2000_1,4,12349,2000,2000,2000,1999000,512,200,fp32,discrete-matched,dense,0,0,32878,33337,0,0,0.000859044012,0.035076053,7.48899765e-06,0.012126195,0.035083542,0.048070765,0,0.000175380265,,3998000,16000000,
simulated-bifurcation-2.0.0,WK2000_1,5,12350,2000,2000,2000,1999000,512,200,fp32,discrete-matched,dense,0,0,32934,33337,0,0,0.000862435001,0.035498424,8.57599662e-06,0.012051924,0.035507,0.048423471,0,0.00017749212,,3998000,16000000,
simulated-bifurcation-2.0.0,WK2000_1,6,12351,2000,2000,2000,1999000,512,200,fp32,discrete-matched,dense,0,0,32934,33337,0,0,0.000879555999,0.036629532,8.89599323e-06,0.011897811,0.036638428,0.049417715,0,0.00018314766,,3998000,16000000,
simulated-bifurcation-2.0.0,WK2000_1,7,12352,2000,2000,2000,1999000,512,200,fp32,discrete-matched,dense,0,0,32929,33337,0,0,0.000874083998,0.039128583,9.79199831e-06,0.012254612,0.039138375,0.052268543,0,0.000195642915,,3998000,16000000,
simulated-bifurcation-2.0.0,WK2000_1,8,12353,2000,2000,2000,1999000,512,200,fp32,discrete-matched,dense,0,0,33010,33337,0,0,0.00120240501,0.037222399,8.41599831e-06,0.011919635,0.037230815,0.050354423,0,0.000186111995,,3998000,16000000,
simulated-bifurcation-2.0.0,WK2000_1,9,12354,2000,2000,2000,1999000,512,200,fp32,discrete-matched,dense,0,0,33051,33337,0,0,0.000880868,0.039139751,8.73599492e-06,0.011885875,0.039148487,0.051916734,0,0.000195698755,,3998000,16000000,
simulated-bifurcation-2.0.0,WK2000_1,10,12355,2000,2000,2000,1999000,512,200,fp32,discrete-matched,dense,0,0,32876,33337,0,0,0.000885219997,0.04022318,9.15199053e-06,0.012122484,0.040232332,0.053241572,0,0.0002011159,,3998000,16000000,
simulated-bifurcation-2.0.0,WK2000_1,11,12356,2000,2000,2000,1999000,512,200,fp32,discrete-matched,dense,0,0,32863,33337,0,0,0.000877379003,0.041782227,9.53600102e-06,0.011980115,0.041791763,0.054651049,0,0.000208911135,,3998000,16000000,
simulated-bifurcation-2.0.0,WK2000_1,12,12357,2000,2000,2000,1999000,512,200,fp32,discrete-matched,dense,0,0,32922,33337,0,0,0.000871619995,0.041945939,9.69599932e-06,0.011908211,0.041955635,0.054736906,0,0.000209729695,,3998000,16000000,
simulated-bifurcation-2.0.0,WK2000_1,13,12358,2000,2000,2000,1999000,512,200,fp32,discrete-matched,dense,0,0,32812,33337,0,0,0.000877315993,0.042262612,9.72799899e-06,0.011925619,0.04227234,0.055076715,0,0.00021131306,,3998000,16000000,
simulated-bifurcation-2.0.0,WK2000_1,14,12359,2000,2000,2000,1999000,512,200,fp32,discrete-matched,dense,0,0,32952,33337,0,0,0.000873571,0.042528598,1.05600047e-05,0.012180788,0.042539158,0.055594925,0,0.00021264299,,3998000,16000000,
simulated-bifurcation-2.0.0,WK2000_1,15,12360,2000,2000,2000,1999000,512,200,fp32,discrete-matched,dense,0,0,32814,33337,0,0,0.000878595994,0.042837367,2.07679986e-05,0.012293205,0.042858135,0.056031408,0,0.000214186835,,3998000,16000000,
simulated-bifurcation-2.0.0,WK2000_1,16,12361,2000,2000,2000,1999000,512,200,fp32,discrete-matched,dense,0,0,32913,33337,0,0,0.000877924002,0.04355561,1.09760003e-05,0.012353908,0.043566586,0.056800018,0,0.00021777805,,3998000,16000000,
simulated-bifurcation-2.0.0,WK2000_1,17,12362,2000,2000,2000,1999000,512,200,fp32,discrete-matched,dense,0,0,32924,33337,0,0,0.000845763992,0.034528627,8.6719956e-06,0.012130484,0.034537299,0.047515115,0,0.000172643135,,3998000,16000000,
simulated-bifurcation-2.0.0,WK2000_1,18,12363,2000,2000,2000,1999000,512,200,fp32,discrete-matched,dense,0,0,32902,33337,0,0,0.000845443996,0.034958869,7.80799019e-06,0.012214037,0.034966677,0.048027854,0,0.000174794345,,3998000,16000000,
simulated-bifurcation-2.0.0,WK2000_1,19,12364,2000,2000,2000,1999000,512,200,fp32,discrete-matched,dense,0,0,32875,33337,0,0,0.000845123999,0.034971317,8.38399865e-06,0.01205618,0.034979701,0.047882477,0,0.000174856585,,3998000,16000000,
simulated-bifurcation-2.0.0,WK2000_1,20,12365,2000,2000,2000,1999000,512,200,fp32,discrete-matched,dense,0,0,32800,33337,0,0,0.000844579001,0.034874645,8.12800135e-06,0.012762935,0.034882773,0.048491759,0,0.000174373225,,3998000,16000000,
simulated-bifurcation-2.0.0,WK2000_1,21,12366,2000,2000,2000,1999000,512,200,fp32,discrete-matched,dense,0,0,32926,33337,0,0,0.000836163992,0.034141874,7.74399086e-06,0.012294868,0.034149618,0.04728209,0,0.00017070937,,3998000,16000000,
simulated-bifurcation-2.0.0,WK2000_1,22,12367,2000,2000,2000,1999000,512,200,fp32,discrete-matched,dense,0,0,33000,33337,0,0,0.000826243995,0.033909808,7.68000609e-06,0.011849587,0.033917488,0.046594567,0,0.00016954904,,3998000,16000000,
simulated-bifurcation-2.0.0,WK2000_1,23,12368,2000,2000,2000,1999000,512,200,fp32,discrete-matched,dense,0,0,32817,33337,0,0,0.000821571011,0.034219314,7.64800643e-06,0.01221954,0.034226962,0.047269257,0,0.00017109657,,3998000,16000000,
simulated-bifurcation-2.0.0,WK2000_1,24,12369,2000,2000,2000,1999000,512,200,fp32,discrete-matched,dense,0,0,32882,33337,0,0,0.000832899997,0.034665236,8.09598714e-06,0.012166196,0.034673332,0.047673836,0,0.00017332618,,3998000,16000000,
simulated-bifurcation-2.0.0,WK2000_1,25,12370,2000,2000,2000,1999000,512,200,fp32,discrete-matched,dense,0,0,33024,33337,0,0,0.000840515,0.035889945,7.55200745e-06,0.012177236,0.035897497,0.048916432,0,0.000179449725,,3998000,16000000,
simulated-bifurcation-2.0.0,WK2000_1,26,12371,2000,2000,2000,1999000,512,200,fp32,discrete-matched,dense,0,0,32897,33337,0,0,0.000863395006,0.037802882,7.74400542e-06,0.01185637,0.037810626,0.050531799,0,0.00018901441,,3998000,16000000,
simulated-bifurcation-2.0.0,WK2000_1,27,12372,2000,2000,2000,1999000,512,200,fp32,discrete-matched,dense,0,0,32906,33337,0,0,0.000871842989,0.039046247,9.15200508e-06,0.012071956,0.039055399,0.052000542,0,0.000195231235,,3998000,16000000,
simulated-bifurcation-2.0.0,WK2000_1,28,12373,2000,2000,2000,1999000,512,200,fp32,discrete-matched,dense,0,0,32991,33337,0,0,0.000874947989,0.041303248,9.63300408e-06,0.012214644,0.041312881,0.054403977,0,0.00020651624,,3998000,16000000,
simulated-bifurcation-2.0.0,WK2000_1,29,12374,2000,2000,2000,1999000,512,200,fp32,discrete-matched,dense,0,0,32937,33337,0,0,0.000835843995,0.034405075,8.06400203e-06,0.012048019,0.034413139,0.04729841,0,0.000172025375,,3998000,16000000,
simulated-bifurcation-2.0.0,WK2000_1,30,12375,2000,2000,2000,1999000,512,200,fp32,discrete-matched,dense,0,0,32893,33337,0,0,0.000847235991,0.035231382,8.09600169e-06,0.012111604,0.035239478,0.048200206,0,0.00017615691,,3998000,16000000,
simulated-bifurcation-2.0.0,WK2000_1,31,12376,2000,2000,2000,1999000,512,200,fp32,discrete-matched,dense,0,0,32961,33337,0,0,0.000845635004,0.035396407,8.57601117e-06,0.011841459,0.035404983,0.048093421,0,0.000176982035,,3998000,16000000,
simulated-bifurcation-2.0.0,WK2000_1,32,12377,2000,2000,2000,1999000,512,200,fp32,discrete-matched,dense,0,0,32938,33337,0,0,0.000851428005,0.036578364,8.44799797e-06,0.012247828,0.036586812,0.049687508,0,0.00018289182,,3998000,16000000,
simulated-bifurcation-2.0.0,WK2000_1,33,12378,2000,2000,2000,1999000,512,200,fp32,discrete-matched,dense,0,0,32968,33337,0,0,0.000844483002,0.034186258,7.64800643e-06,0.011883859,0.034193906,0.046923784,0,0.00017093129,,3998000,16000000,
simulated-bifurcation-2.0.0,WK2000_1,34,12379,2000,2000,2000,1999000,512,200,fp32,discrete-matched,dense,0,0,32837,33337,0,0,0.000839171,0.034961302,8.41601286e-06,0.011902707,0.034969718,0.047712908,0,0.00017480651,,3998000,16000000,
simulated-bifurcation-2.0.0,WK2000_1,35,12380,2000,2000,2000,1999000,512,200,fp32,discrete-matched,dense,0,0,32945,33337,0,0,0.000937156001,0.03694739,8.60799628e-06,0.01255647,0.036955998,0.050451032,0,0.00018473695,,3998000,16000000,
simulated-bifurcation-2.0.0,WK2000_1,36,12381,2000,2000,2000,1999000,512,200,fp32,discrete-matched,dense,0,0,32962,33337,0,0,0.00083309201,0.034383219,7.96800305e-06,0.011909235,0.034391187,0.047134794,0,0.000171916095,,3998000,16000000,
simulated-bifurcation-2.0.0,WK2000_1,37,12382,2000,2000,2000,1999000,512,200,fp32,discrete-matched,dense,0,0,33059,33337,0,0,0.000838178996,0.035271159,8.44799797e-06,0.011890451,0.035279607,0.048009581,0,0.000176355795,,3998000,16000000,
simulated-bifurcation-2.0.0,WK2000_1,38,12383,2000,2000,2000,1999000,512,200,fp32,discrete-matched,dense,0,0,32877,33337,0,0,0.000841283007,0.037701921,8.92899698e-06,0.0121941,0.03771085,0.050747449,0,0.000188509605,,3998000,16000000,
simulated-bifurcation-2.0.0,WK2000_1,39,12384,2000,2000,2000,1999000,512,200,fp32,discrete-matched,dense,0,0,32948,33337,0,0,0.000866308008,0.040111563,9.79199831e-06,0.011989843,0.040121355,0.05297901,0,0.000200557815,,3998000,16000000,
simulated-bifurcation-2.0.0,WK2000_1,40,12385,2000,2000,2000,1999000,512,200,fp32,discrete-matched,dense,0,0,32843,33337,0,0,0.000872612,0.042631734,1.06880034e-05,0.011894899,0.042642422,0.055411565,0,0.00021315867,,3998000,16000000,
simulated-bifurcation-2.0.0,WK2000_1,41,12386,2000,2000,2000,1999000,512,200,fp32,discrete-matched,dense,0,0,32880,33337,0,0,0.000812291997,0.033600463,7.58400711e-06,0.011898387,0.033608047,0.046320038,0,0.000168002315,,3998000,16000000,
simulated-bifurcation-2.0.0,WK2000_1,42,12387,2000,2000,2000,1999000,512,200,fp32,discrete-matched,dense,0,0,32887,33337,0,0,0.000819620007,0.034069105,7.48799357e-06,0.011893395,0.034076593,0.046790888,0,0.000170345525,,3998000,16000000,
simulated-bifurcation-2.0.0,WK2000_1,43,12388,2000,2000,2000,1999000,512,200,fp32,discrete-matched,dense,0,0,32876,33337,0,0,0.000835300001,0.035312502,7.64799188e-06,0.011905107,0.03532015,0.048061869,0,0.00017656251,,3998000,16000000,
simulated-bifurcation-2.0.0,WK2000_1,44,12389,2000,2000,2000,1999000,512,200,fp32,discrete-matched,dense,0,0,32920,33337,0,0,0.000853028003,0.037709825,8.38399865e-06,0.011892339,0.037718209,0.05046492,0,0.000188549125,,3998000,16000000,
simulated-bifurcation-2.0.0,WK2000_1,45,12390,2000,2000,2000,1999000,512,200,fp32,discrete-matched,dense,0,0,32867,33337,0,0,0.000862019995,0.039873354,8.92899698e-06,0.01222914,0.039882283,0.052974915,0,0.00019936677,,3998000,16000000,
simulated-bifurcation-2.0.0,WK2000_1,46,12391,2000,2000,2000,1999000,512,200,fp32,discrete-matched,dense,0,0,33087,33337,0,0,0.00082397199,0.03426741,7.96800305e-06,0.011919635,0.034275378,0.047020457,0,0.00017133705,,3998000,16000000,
simulated-bifurcation-2.0.0,WK2000_1,47,12392,2000,2000,2000,1999000,512,200,fp32,discrete-matched,dense,0,0,32856,33337,0,0,0.000848098993,0.035442552,8.31999932e-06,0.011898386,0.035450872,0.048198733,0,0.00017721276,,3998000,16000000,
simulated-bifurcation-2.0.0,WK2000_1,48,12393,2000,2000,2000,1999000,512,200,fp32,discrete-matched,dense,0,0,32948,33337,0,0,0.000856322993,0.037038751,8.83200846e-06,0.012122035,0.037047583,0.050027445,0,0.000185193755,,3998000,16000000,
simulated-bifurcation-2.0.0,WK2000_1,49,12394,2000,2000,2000,1999000,512,200,fp32,discrete-matched,dense,0,0,32841,33337,0,0,0.000861860011,0.034843189,8.28799966e-06,0.012209204,0.034851477,0.047924077,0,0.000174215945,,3998000,16000000,
