implementation,instance,repeat,seed,n_original,n_before_reduction,n_reduced,edges,agents,steps,precision,variant,storage,reduction,early_stopping,objective,target,success,preprocess_s,setup_s,solver_s,reconstruction_s,evaluation_s,total_s,wall_s,reduction_ratio,time_per_step_s,edge_updates_per_s,nnz_solver,coupling_bytes,gpu_memory_bytes
dsb-gpu,WK2000_1,0,12345,2000,2000,2000,1999000,512,800,fp32,auto->bit,dense,0,0,33271,33337,0,0,0.03612297,0.0241105595,0.000146209,0.002404714,0.0242567685,0.074046683,0,3.01381993e-05,,0,504000,8957248
dsb-gpu,WK2000_1,1,12346,2000,2000,2000,1999000,512,800,fp32,auto->bit,dense,0,0,33273,33337,0,0,0.036649852,0.0241111031,0.000143296,0.00242417,0.0242543991,0.074011451,0,3.01388788e-05,,0,504000,8957248
dsb-gpu,WK2000_1,2,12347,2000,2000,2000,1999000,512,800,fp32,auto->bit,dense,0,0,33285,33337,0,0,0.03662678,0.02411376,0.000145377,0.002394698,0.024259137,0.073901211,0,3.01422e-05,,0,504000,8957248
dsb-gpu,WK2000_1,3,12348,2000,2000,2000,1999000,512,800,fp32,auto->bit,dense,0,0,33301,33337,0,0,0.036383995,0.0241112633,0.000144608,0.002389898,0.0242558713,0.073593785,0,3.01390791e-05,,0,504000,8957248
dsb-gpu,WK2000_1,4,12349,2000,2000,2000,1999000,512,800,fp32,auto->bit,dense,0,0,33335,33337,0,0,0.036506203,0.0241145287,0.000145729,0.002409258,0.0242602577,0.073864955,0,3.01431608e-05,,0,504000,8957248
dsb-gpu,WK2000_1,5,12350,2000,2000,2000,1999000,512,800,fp32,auto->bit,dense,0,0,33281,33337,0,0,0.036494204,0.0241130238,0.000142881,0.00244673,0.0242559048,0.073843931,0,3.01412797e-05,,0,504000,8957248
dsb-gpu,WK2000_1,6,12351,2000,2000,2000,1999000,512,800,fp32,auto->bit,dense,0,0,33288,33337,0,0,0.036275131,0.0241135044,0.000145089,0.002399946,0.0242585934,0.073538905,0,3.01418805e-05,,0,504000,8957248
dsb-gpu,WK2000_1,7,12352,2000,2000,2000,1999000,512,800,fp32,auto->bit,dense,0,0,33294,33337,0,0,0.036438364,0.0241141758,0.000143201,0.002388618,0.0242573768,0.073700218,0,3.01427197e-05,,0,504000,8957248
dsb-gpu,WK2000_1,8,12353,2000,2000,2000,1999000,512,800,fp32,auto->bit,dense,0,0,33294,33337,0,0,0.036445436,0.0241112633,0.000144545,0.00235473,0.0242558083,0.07373769,0,3.01390791e-05,,0,504000,8957248
dsb-gpu,WK2000_1,9,12354,2000,2000,2000,1999000,512,800,fp32,auto->bit,dense,0,0,33301,33337,0,0,0.036566684,0.0241104317,0.00014304,0.002385994,0.0242534717,0.073839834,0,3.01380396e-05,,0,504000,8957248
dsb-gpu,WK2000_1,10,12355,2000,2000,2000,1999000,512,800,fp32,auto->bit,dense,0,0,33273,33337,0,0,0.036820509,0.0241082249,0.000143009,0.002378858,0.0242512339,0.073986779,0,3.01352811e-05,,0,504000,8957248
dsb-gpu,WK2000_1,11,12356,2000,2000,2000,1999000,512,800,fp32,auto->bit,dense,0,0,33329,33337,0,0,0.036457019,0.0241133442,0.000150017,0.002378891,0.0242633612,0.07367785,0,3.01416802e-05,,0,504000,8957248
dsb-gpu,WK2000_1,12,12357,2000,2000,2000,1999000,512,800,fp32,auto->bit,dense,0,0,33270,33337,0,0,0.036899261,0.0241132488,0.000143297,0.002423146,0.0242565458,0.074341277,0,3.0141561e-05,,0,504000,8957248
dsb-gpu,WK2000_1,13,12358,2000,2000,2000,1999000,512,800,fp32,auto->bit,dense,0,0,33280,33337,0,0,0.036516604,0.0241088314,0.000147969,0.002380714,0.0242568004,0.07373353,0,3.01360393e-05,,0,504000,8957248
dsb-gpu,WK2000_1,14,12359,2000,2000,2000,1999000,512,800,fp32,auto->bit,dense,0,0,33296,33337,0,0,0.0376368,0.0241133766,0.000149345,0.002359978,0.0242627216,0.074950879,0,3.01417208e-05,,0,504000,8957248
dsb-gpu,WK2000_1,15,12360,2000,2000,2000,1999000,512,800,fp32,auto->bit,dense,0,0,33280,33337,0,0,0.037337727,0.0241083832,0.00014256,0.002402218,0.0242509432,0.075237248,0,3.0135479e-05,,0,504000,8957248
dsb-gpu,WK2000_1,16,12361,2000,2000,2000,1999000,512,800,fp32,auto->bit,dense,0,0,33296,33337,0,0,0.03647126,0.0241154232,0.000143713,0.002372106,0.0242591362,0.073669466,0,3.0144279e-05,,0,504000,8957248
dsb-gpu,WK2000_1,17,12362,2000,2000,2000,1999000,512,800,fp32,auto->bit,dense,0,0,33296,33337,0,0,0.036442779,0.0241124802,0.000144705,0.002332362,0.0242571852,0.073599769,0,3.01406002e-05,,0,504000,8957248
dsb-gpu,WK2000_1,18,12363,2000,2000,2000,1999000,512,800,fp32,auto->bit,dense,0,0,33296,33337,0,0,0.036443612,0.0241101761,0.000142305,0.002374698,0.0242524811,0.073686682,0,3.01377201e-05,,0,504000,8957248
dsb-gpu,WK2000_1,19,12364,2000,2000,2000,1999000,512,800,fp32,auto->bit,dense,0,0,33270,33337,0,0,0.036709084,0.0241133766,0.000146112,0.00238481,0.0242594886,0.074077627,0,3.01417208e-05,,0,504000,8957248
dsb-gpu,WK2000_1,20,12365,2000,2000,2000,1999000,512,800,fp32,auto->bit,dense,0,0,33296,33337,0,0,0.036335003,0.0241112633,0.000143649,0.002438026,0.0242549123,0.073759482,0,3.01390791e-05,,0,504000,8957248
dsb-gpu,WK2000_1,21,12366,2000,2000,2000,1999000,512,800,fp32,auto->bit,dense,0,0,33281,33337,0,0,0.036570395,0.0241139202,0.000145249,0.00297358,0.0242591692,0.074928159,0,3.01424003e-05,,0,504000,8957248
dsb-gpu,WK2000_1,22,12367,2000,2000,2000,1999000,512,800,fp32,auto->bit,dense,0,0,33265,33337,0,0,0.036398299,0.0241099834,0.000145696,0.002373482,0.0242556794,0.073867514,0,3.01374793e-05,,0,504000,8957248
dsb-gpu,WK2000_1,23,12368,2000,2000,2000,1999000,512,800,fp32,auto->bit,dense,0,0,33278,33337,0,0,0.036909374,0.0241093445,0.000141697,0.002358026,0.0242510415,0.074086076,0,3.01366806e-05,,0,504000,8957248
dsb-gpu,WK2000_1,24,12369,2000,2000,2000,1999000,512,800,fp32,auto->bit,dense,0,0,33286,33337,0,0,0.036831517,0.0241100159,0.000144097,0.002410762,0.0242541129,0.074227804,0,3.01375198e-05,,0,504000,8957248
dsb-gpu,WK2000_1,25,12370,2000,2000,2000,1999000,512,800,fp32,auto->bit,dense,0,0,33304,33337,0,0,0.036426651,0.0241109447,0.000141088,0.002358282,0.0242520327,0.073614553,0,3.01386809e-05,,0,504000,8957248
dsb-gpu,WK2000_1,26,12371,2000,2000,2000,1999000,512,800,fp32,auto->bit,dense,0,0,33294,33337,0,0,0.036403323,0.0241116791,0.000149633,0.00235713,0.0242613121,0.073601658,0,3.01395988e-05,,0,504000,8957248
dsb-gpu,WK2000_1,27,12372,2000,2000,2000,1999000,512,800,fp32,auto->bit,dense,0,0,33296,33337,0,0,0.036462555,0.0241122551,0.000143168,0.002372138,0.0242554231,0.073673178,0,3.01403189e-05,,0,504000,8957248
dsb-gpu,WK2000_1,28,12373,2000,2000,2000,1999000,512,800,fp32,auto->bit,dense,0,0,33296,33337,0,0,0.036668445,0.0241121922,0.000144609,0.00235425,0.0242568012,0.073840571,0,3.01402402e-05,,0,504000,8957248
dsb-gpu,WK2000_1,29,12374,2000,2000,2000,1999000,512,800,fp32,auto->bit,dense,0,0,33293,33337,0,0,0.036786684,0.0245573769,0.000157984,0.00240161,0.0247153609,0.074621342,0,3.06967211e-05,,0,504000,8957248
dsb-gpu,WK2000_1,30,12375,2000,2000,2000,1999000,512,800,fp32,auto->bit,dense,0,0,33298,33337,0,0,0.037581345,0.0241105919,0.000142689,0.002355242,0.0242532809,0.075499618,0,3.01382399e-05,,0,504000,8957248
dsb-gpu,WK2000_1,31,12376,2000,2000,2000,1999000,512,800,fp32,auto->bit,dense,0,0,33277,33337,0,0,0.036468795,0.0241142406,0.000144321,0.002362762,0.0242585616,0.073687578,0,3.01428008e-05,,0,504000,8957248
dsb-gpu,WK2000_1,32,12377,2000,2000,2000,1999000,512,800,fp32,auto->bit,dense,0,0,33286,33337,0,0,0.036496603,0.0241102715,0.000143456,0.002376938,0.0242537275,0.07373577,0,3.01378393e-05,,0,504000,8957248
dsb-gpu,WK2000_1,33,12378,2000,2000,2000,1999000,512,800,fp32,auto->bit,dense,0,0,33275,33337,0,0,0.036757436,0.0241103687,0.000143009,0.002397514,0.0242533777,0.074164988,0,3.01379609e-05,,0,504000,8957248
dsb-gpu,WK2000_1,34,12379,2000,2000,2000,1999000,512,800,fp32,auto->bit,dense,0,0,33267,33337,0,0,0.036845949,0.0241164169,0.00014368,0.002398218,0.0242600969,0.074261916,0,3.01455212e-05,,0,504000,8957248
dsb-gpu,WK2000_1,35,12380,2000,2000,2000,1999000,512,800,fp32,auto->bit,dense,0,0,33282,33337,0,0,0.036968094,0.0241095676,0.000141185,0.002374634,0.0242507526,0.074331901,0,3.01369596e-05,,0,504000,8957248
dsb-gpu,WK2000_1,36,12381,2000,2000,2000,1999000,512,800,fp32,auto->bit,dense,0,0,33278,33337,0,0,0.036501339,0.0241119366,0.000142369,0.002355274,0.0242543056,0.073687994,0,3.01399207e-05,,0,504000,8957248
dsb-gpu,WK2000_1,37,12382,2000,2000,2000,1999000,512,800,fp32,auto->bit,dense,0,0,33296,33337,0,0,0.036359419,0.0241140156,0.000145185,0.002380683,0.0242592006,0.073560026,0,3.01425195e-05,,0,504000,8957248
dsb-gpu,WK2000_1,38,12383,2000,2000,2000,1999000,512,800,fp32,auto->bit,dense,0,0,33270,33337,0,0,0.036627868,0.0241104317,0.000143201,0.002394666,0.0242536327,0.073851259,0,3.01380396e-05,,0,504000,8957248
dsb-gpu,WK2000_1,39,12384,2000,2000,2000,1999000,512,800,fp32,auto->bit,dense,0,0,33337,33337,1,0,0.03660662,0.0241094723,0.000140832,0.00237553,0.0242503043,0.073785274,0,3.01368403e-05,,0,504000,8957248
dsb-gpu,WK2000_1,40,12385,2000,2000,2000,1999000,512,800,fp32,auto->bit,dense,0,0,33281,33337,0,0,0.036551644,0.0241165752,0.000159489,0.002814028,0.0242760642,0.074354461,0,3.01457191e-05,,0,504000,8957248
dsb-gpu,WK2000_1,41,12386,2000,2000,2000,1999000,512,800,fp32,auto->bit,dense,0,0,33276,33337,0,0,0.037885441,0.0241132488,0.000144416,0.002384906,0.0242576648,0.076074628,0,3.0141561e-05,,0,504000,8957248
dsb-gpu,WK2000_1,42,12387,2000,2000,2000,1999000,512,800,fp32,auto->bit,dense,0,0,33302,33337,0,0,0.036597884,0.0241111031,0.000141345,0.002361034,0.0242524481,0.073792378,0,3.01388788e-05,,0,504000,8957248
dsb-gpu,WK2000_1,43,12388,2000,2000,2000,1999000,512,800,fp32,auto->bit,dense,0,0,33282,33337,0,0,0.036559452,0.0241089916,0.000142081,0.002370666,0.0242510726,0.073765146,0,3.01362395e-05,,0,504000,8957248
dsb-gpu,WK2000_1,44,12389,2000,2000,2000,1999000,512,800,fp32,auto->bit,dense,0,0,33301,33337,0,0,0.036994974,0.0241119995,0.000144417,0.002389546,0.0242564165,0.074370813,0,3.01399994e-05,,0,504000,8957248
dsb-gpu,WK2000_1,45,12390,2000,2000,2000,1999000,512,800,fp32,auto->bit,dense,0,0,33272,33337,0,0,0.036474492,0.0241117115,0.000144577,0.002394378,0.0242562885,0.073728602,0,3.01396394e-05,,0,504000,8957248
dsb-gpu,WK2000_1,46,12391,2000,2000,2000,1999000,512,800,fp32,auto->bit,dense,0,0,33296,33337,0,0,0.036545948,0.024112896,0.000141185,0.002405034,0.024254081,0.073790522,0,3.014112e-05,,0,504000,8957248
dsb-gpu,WK2000_1,47,12392,2000,2000,2000,1999000,512,800,fp32,auto->bit,dense,0,0,33304,33337,0,0,0.0365591,0.0241132488,0.000143072,0.002356874,0.0242563208,0.073772986,0,3.0141561e-05,,0,504000,8957248
dsb-gpu,WK2000_1,48,12393,2000,2000,2000,1999000,512,800,fp32,auto->bit,dense,0,0,33297,33337,0,0,0.03650326,0.0241111679,0.000141601,0.002380234,0.0242527689,0.073767802,0,3.01389599e-05,,0,504000,8957248
dsb-gpu,WK2000_1,49,12394,2000,2000,2000,1999000,512,800,fp32,auto->bit,dense,0,0,33332,33337,0,0,0.037099358,0.0241113281,0.000143681,0.002382154,0.0242550091,0.074411421,0,3.01391602e-05,,0,504000,8957248
dsb-gpu,WK2000_1,0,12345,2000,2000,2000,1999000,512,800,fp32,bit,dense,0,0,33271,33337,0,0,0.037232895,0.0240772152,0.000143681,0.002436106,0.0242208962,0.075002687,0,3.0096519e-05,,0,504000,8957248
dsb-gpu,WK2000_1,1,12346,2000,2000,2000,1999000,512,800,fp32,bit,dense,0,0,33273,33337,0,0,0.036812573,0.0240836487,0.000144705,0.002401578,0.0242283537,0.074200412,0,3.01045609e-05,,0,504000,8957248
dsb-gpu,WK2000_1,2,12347,2000,2000,2000,1999000,512,800,fp32,bit,dense,0,0,33285,33337,0,0,0.036608284,0.0240802555,0.000144193,0.00237985,0.0242244485,0.073873819,0,3.01003194e-05,,0,504000,8957248
dsb-gpu,WK2000_1,3,12348,2000,2000,2000,1999000,512,800,fp32,bit,dense,0,0,33301,33337,0,0,0.036372763,0.0240825272,0.000147105,0.00239105,0.0242296322,0.073669082,0,3.0103159e-05,,0,504000,8957248
dsb-gpu,WK2000_1,4,12349,2000,2000,2000,1999000,512,800,fp32,bit,dense,0,0,33335,33337,0,0,0.03658166,0.0240855675,0.000145312,0.002412234,0.0242308795,0.073903867,0,3.01069593e-05,,0,504000,8957248
dsb-gpu,WK2000_1,5,12350,2000,2000,2000,1999000,512,800,fp32,bit,dense,0,0,33281,33337,0,0,0.036494428,0.0240834885,0.000144225,0.002414186,0.0242277135,0.07381049,0,3.01043606e-05,,0,504000,8957248
dsb-gpu,WK2000_1,6,12351,2000,2000,2000,1999000,512,800,fp32,bit,dense,0,0,33288,33337,0,0,0.036843453,0.0240827198,0.000145345,0.002427306,0.0242280648,0.074326813,0,3.01033998e-05,,0,504000,8957248
dsb-gpu,WK2000_1,7,12352,2000,2000,2000,1999000,512,800,fp32,bit,dense,0,0,33294,33337,0,0,0.036483228,0.0240820484,0.000143297,0.002390666,0.0242253454,0.073803387,0,3.01025605e-05,,0,504000,8957248
dsb-gpu,WK2000_1,8,12353,2000,2000,2000,1999000,512,800,fp32,bit,dense,0,0,33294,33337,0,0,0.036771069,0.0240823364,0.000143681,0.002412715,0.0242260174,0.074078812,0,3.01029205e-05,,0,504000,8957248
dsb-gpu,WK2000_1,9,12354,2000,2000,2000,1999000,512,800,fp32,bit,dense,0,0,33301,33337,0,0,0.036492891,0.0240816326,0.00014528,0.002359658,0.0242269126,0.073769562,0,3.01020408e-05,,0,504000,8957248
dsb-gpu,WK2000_1,10,12355,2000,2000,2000,1999000,512,800,fp32,bit,dense,0,0,33273,33337,0,0,0.036662973,0.0240848961,0.000143585,0.002402571,0.0242284811,0.074171036,0,3.01061201e-05,,0,504000,8957248
dsb-gpu,WK2000_1,11,12356,2000,2000,2000,1999000,512,800,fp32,bit,dense,0,0,33329,33337,0,0,0.03667062,0.0240837765,0.000144225,0.002430186,0.0242280015,0.073978971,0,3.01047206e-05,,0,504000,8957248
dsb-gpu,WK2000_1,12,12357,2000,2000,2000,1999000,512,800,fp32,bit,dense,0,0,33270,33337,0,0,0.036934494,0.0240841274,0.000144929,0.002371018,0.0242290564,0.074185788,0,3.01051593e-05,,0,504000,8957248
dsb-gpu,WK2000_1,13,12358,2000,2000,2000,1999000,512,800,fp32,bit,dense,0,0,33280,33337,0,0,0.03648806,0.0240827198,0.000144704,0.002445066,0.0242274238,0.073810554,0,3.01033998e-05,,0,504000,8957248
dsb-gpu,WK2000_1,14,12359,2000,2000,2000,1999000,512,800,fp32,bit,dense,0,0,33296,33337,0,0,0.036893693,0.0240799999,0.000141536,0.002355786,0.0242215359,0.074101819,0,3.00999999e-05,,0,504000,8957248
dsb-gpu,WK2000_1,15,12360,2000,2000,2000,1999000,512,800,fp32,bit,dense,0,0,33280,33337,0,0,0.038385091,0.0240852489,0.000151136,0.002400586,0.0242363849,0.077330121,0,3.01065612e-05,,0,504000,8957248
dsb-gpu,WK2000_1,16,12361,2000,2000,2000,1999000,512,800,fp32,bit,dense,0,0,33296,33337,0,0,0.036951358,0.0240833912,0.000145089,0.00236353,0.0242284802,0.074383613,0,3.0104239e-05,,0,504000,8957248
dsb-gpu,WK2000_1,17,12362,2000,2000,2000,1999000,512,800,fp32,bit,dense,0,0,33296,33337,0,0,0.036438204,0.0240825596,0.000144801,0.002372394,0.0242273606,0.073704058,0,3.01031995e-05,,0,504000,8957248
dsb-gpu,WK2000_1,18,12363,2000,2000,2000,1999000,512,800,fp32,bit,dense,0,0,33296,33337,0,0,0.036569019,0.02408288,0.000144353,0.002369898,0.024227233,0.07379929,0,3.01036e-05,,0,504000,8957248
dsb-gpu,WK2000_1,19,12364,2000,2000,2000,1999000,512,800,fp32,bit,dense,0,0,33270,33337,0,0,0.036449884,0.0240815353,0.000141281,0.002376842,0.0242228163,0.073714042,0,3.01019192e-05,,0,504000,8957248
dsb-gpu,WK2000_1,20,12365,2000,2000,2000,1999000,512,800,fp32,bit,dense,0,0,33296,33337,0,0,0.036721308,0.0240829754,0.000144032,0.002402027,0.0242270074,0.074004124,0,3.01037192e-05,,0,504000,8957248
dsb-gpu,WK2000_1,21,12366,2000,2000,2000,1999000,512,800,fp32,bit,dense,0,0,33281,33337,0,0,0.036520283,0.0240858879,0.000148064,0.002783564,0.0242339519,0.074185436,0,3.01073599e-05,,0,504000,8957248
dsb-gpu,WK2000_1,22,12367,2000,2000,2000,1999000,512,800,fp32,bit,dense,0,0,33265,33337,0,0,0.036393947,0.0240821762,0.000142817,0.002409258,0.0242249932,0.073800315,0,3.01027203e-05,,0,504000,8957248
dsb-gpu,WK2000_1,23,12368,2000,2000,2000,1999000,512,800,fp32,bit,dense,0,0,33278,33337,0,0,0.036453275,0.0240826569,0.000143072,0.002392074,0.0242257289,0.073733978,0,3.01033211e-05,,0,504000,8957248
dsb-gpu,WK2000_1,24,12369,2000,2000,2000,1999000,512,800,fp32,bit,dense,0,0,33286,33337,0,0,0.03653638,0.0240832958,0.000142913,0.002380202,0.0242262088,0.073780474,0,3.01041198e-05,,0,504000,8957248
dsb-gpu,WK2000_1,25,12370,2000,2000,2000,1999000,512,800,fp32,bit,dense,0,0,33304,33337,0,0,0.036376859,0.0240804157,0.000146081,0.00238769,0.0242264967,0.07363161,0,3.01005197e-05,,0,504000,8957248
dsb-gpu,WK2000_1,26,12371,2000,2000,2000,1999000,512,800,fp32,bit,dense,0,0,33294,33337,0,0,0.036547867,0.0240802231,0.000141473,0.002369386,0.0242216961,0.073752507,0,3.01002789e-05,,0,504000,8957248
dsb-gpu,WK2000_1,27,12372,2000,2000,2000,1999000,512,800,fp32,bit,dense,0,0,33296,33337,0,0,0.036599356,0.0240829124,0.000144609,0.002378186,0.0242275214,0.073848602,0,3.01036406e-05,,0,504000,8957248
dsb-gpu,WK2000_1,28,12373,2000,2000,2000,1999000,512,800,fp32,bit,dense,0,0,33296,33337,0,0,0.037100606,0.0240815678,0.000144641,0.002386027,0.0242262088,0.074364637,0,3.01019597e-05,,0,504000,8957248
dsb-gpu,WK2000_1,29,12374,2000,2000,2000,1999000,512,800,fp32,bit,dense,0,0,33293,33337,0,0,0.036747484,0.0240782394,0.0001464,0.002402411,0.0242246394,0.07408406,0,3.00977993e-05,,0,504000,8957248
dsb-gpu,WK2000_1,30,12375,2000,2000,2000,1999000,512,800,fp32,bit,dense,0,0,33298,33337,0,0,0.037295455,0.0240859203,0.000149953,0.002349002,0.0242358733,0.074657502,0,3.01074004e-05,,0,504000,8957248
dsb-gpu,WK2000_1,31,12376,2000,2000,2000,1999000,512,800,fp32,bit,dense,0,0,33277,33337,0,0,0.037404095,0.0240841599,0.000144896,0.002416011,0.0242290559,0.075633763,0,3.01051998e-05,,0,504000,8957248
dsb-gpu,WK2000_1,32,12377,2000,2000,2000,1999000,512,800,fp32,bit,dense,0,0,33286,33337,0,0,0.036510556,0.0240819511,0.000145857,0.002404714,0.0242278081,0.073779674,0,3.01024389e-05,,0,504000,8957248
dsb-gpu,WK2000_1,33,12378,2000,2000,2000,1999000,512,800,fp32,bit,dense,0,0,33275,33337,0,0,0.036557884,0.0240816956,0.000142369,0.002385258,0.0242240646,0.073804923,0,3.01021194e-05,,0,504000,8957248
dsb-gpu,WK2000_1,34,12379,2000,2000,2000,1999000,512,800,fp32,bit,dense,0,0,33267,33337,0,0,0.036514684,0.0240792637,0.000146529,0.002347402,0.0242257927,0.073757211,0,3.00990796e-05,,0,504000,8957248
dsb-gpu,WK2000_1,35,12380,2000,2000,2000,1999000,512,800,fp32,bit,dense,0,0,33282,33337,0,0,0.036540796,0.0240816631,0.000141888,0.002352202,0.0242235511,0.07378473,0,3.01020789e-05,,0,504000,8957248
dsb-gpu,WK2000_1,36,12381,2000,2000,2000,1999000,512,800,fp32,bit,dense,0,0,33278,33337,0,0,0.036475388,0.0240823364,0.000145505,0.002384491,0.0242278414,0.073715611,0,3.01029205e-05,,0,504000,8957248
dsb-gpu,WK2000_1,37,12382,2000,2000,2000,1999000,512,800,fp32,bit,dense,0,0,33296,33337,0,0,0.036452539,0.0240818882,0.000144832,0.002429835,0.0242267202,0.073852699,0,3.01023602e-05,,0,504000,8957248
dsb-gpu,WK2000_1,38,12383,2000,2000,2000,1999000,512,800,fp32,bit,dense,0,0,33270,33337,0,0,0.036809821,0.0240840645,0.000146112,0.002379978,0.0242301765,0.074036699,0,3.01050806e-05,,0,504000,8957248
dsb-gpu,WK2000_1,39,12384,2000,2000,2000,1999000,512,800,fp32,bit,dense,0,0,33337,33337,1,0,0.03660102,0.0240819836,0.000144801,0.002430602,0.0242267846,0.073865146,0,3.01024795e-05,,0,504000,8957248
dsb-gpu,WK2000_1,40,12385,2000,2000,2000,1999000,512,800,fp32,bit,dense,0,0,33281,33337,0,0,0.03655686,0.0240826569,0.000141569,0.00236193,0.0242242259,0.07374841,0,3.01033211e-05,,0,504000,8957248
dsb-gpu,WK2000_1,41,12386,2000,2000,2000,1999000,512,800,fp32,bit,dense,0,0,33276,33337,0,0,0.036503164,0.0240798397,0.000141921,0.002387818,0.0242217607,0.073891067,0,3.00997996e-05,,0,504000,8957248
dsb-gpu,WK2000_1,42,12387,2000,2000,2000,1999000,512,800,fp32,bit,dense,0,0,33302,33337,0,0,0.037988258,0.0240839996,0.000148737,0.002919628,0.0242327366,0.077216457,0,3.01049995e-05,,0,504000,8957248
dsb-gpu,WK2000_1,43,12388,2000,2000,2000,1999000,512,800,fp32,bit,dense,0,0,33282,33337,0,0,0.036439964,0.0240814075,0.000143233,0.002444586,0.0242246405,0.073779194,0,3.01017594e-05,,0,504000,8957248
dsb-gpu,WK2000_1,44,12389,2000,2000,2000,1999000,512,800,fp32,bit,dense,0,0,33301,33337,0,0,0.03667862,0.0240804157,0.00014288,0.002366666,0.0242232957,0.073889275,0,3.01005197e-05,,0,504000,8957248
dsb-gpu,WK2000_1,45,12390,2000,2000,2000,1999000,512,800,fp32,bit,dense,0,0,33272,33337,0,0,0.03671126,0.0240813446,0.000143649,0.002357802,0.0242249936,0.073890714,0,3.01016808e-05,,0,504000,8957248
dsb-gpu,WK2000_1,46,12391,2000,2000,2000,1999000,512,800,fp32,bit,dense,0,0,33296,33337,0,0,0.036503996,0.0240844803,0.000144001,0.00236897,0.0242284813,0.073757018,0,3.01056004e-05,,0,504000,8957248
dsb-gpu,WK2000_1,47,12392,2000,2000,2000,1999000,512,800,fp32,bit,dense,0,0,33304,33337,0,0,0.036539036,0.0240832958,0.000144993,0.00239857,0.0242282888,0.073868443,0,3.01041198e-05,,0,504000,8957248
dsb-gpu,WK2000_1,48,12393,2000,2000,2000,1999000,512,800,fp32,bit,dense,0,0,33297,33337,0,0,0.03657558,0.0240822086,0.000144129,0.002373706,0.0242263376,0.073810971,0,3.01027608e-05,,0,504000,8957248
dsb-gpu,WK2000_1,49,12394,2000,2000,2000,1999000,512,800,fp32,bit,dense,0,0,33332,33337,0,0,0.036578811,0.0240799675,0.000144961,0.002388779,0.0242249285,0.073821659,0,3.00999594e-05,,0,504000,8957248
dsb-gpu,WK2000_1,0,12345,2000,2000,2000,1999000,512,800,fp32,csr-row,csr,0,0,33308,33337,0,0,0.012570998,1.04141492,0.001253925,0.002933772,1.04266884,1.0619572,0,0.00130176865,7.862288e+11,3998000,31992004,42239300
dsb-gpu,WK2000_1,1,12346,2000,2000,2000,1999000,512,800,fp32,csr-row,csr,0,0,33277,33337,0,0,0.012829622,1.04039258,0.001255781,0.002346698,1.04164836,1.06118603,0,0.00130049072,7.87001385e+11,3998000,31992004,42239300
dsb-gpu,WK2000_1,2,12347,2000,2000,2000,1999000,512,800,fp32,csr-row,csr,0,0,33274,33337,0,0,0.013192184,1.04397644,0.001254854,0.002741803,1.04523129,1.06504659,0,0.00130497055,7.84299691e+11,3998000,31992004,42239300
dsb-gpu,WK2000_1,3,12348,2000,2000,2000,1999000,512,800,fp32,csr-row,csr,0,0,33291,33337,0,0,0.012527285,1.04361755,0.001259493,0.002781516,1.04487705,1.06382188,0,0.00130452194,7.84569402e+11,3998000,31992004,42239300
dsb-gpu,WK2000_1,4,12349,2000,2000,2000,1999000,512,800,fp32,csr-row,csr,0,0,33275,33337,0,0,0.01267183,1.03932861,0.001248197,0.00237137,1.04057681,1.05953277,0,0.00129916077,7.87807042e+11,3998000,31992004,42239300
dsb-gpu,WK2000_1,5,12350,2000,2000,2000,1999000,512,800,fp32,csr-row,csr,0,0,33335,33337,0,0,0.01235938,1.04565002,0.001245862,0.002361418,1.04689589,1.06474153,0,0.00130706253,7.83044404e+11,3998000,31992004,42239300
dsb-gpu,WK2000_1,6,12351,2000,2000,2000,1999000,512,800,fp32,csr-row,csr,0,0,33275,33337,0,0,0.012285141,1.04421228,0.001258277,0.002780876,1.04547056,1.06370002,0,0.00130526535,7.84122554e+11,3998000,31992004,42239300
dsb-gpu,WK2000_1,7,12352,2000,2000,2000,1999000,512,800,fp32,csr-row,csr,0,0,33292,33337,0,0,0.012501877,1.04637708,0.001245541,0.002370314,1.04762262,1.06630512,0,0.00130797134,7.82500324e+11,3998000,31992004,42239300
dsb-gpu,WK2000_1,8,12353,2000,2000,2000,1999000,512,800,fp32,csr-row,csr,0,0,33291,33337,0,0,0.012360277,1.04439636,0.001248261,0.002365418,1.04564462,1.0634942,0,0.00130549545,7.83984347e+11,3998000,31992004,42239300
dsb-gpu,WK2000_1,9,12354,2000,2000,2000,1999000,512,800,fp32,csr-row,csr,0,0,33283,33337,0,0,0.012325044,1.04488464,0.001254789,0.002735308,1.04613943,1.06435218,0,0.0013061058,7.83617986e+11,3998000,31992004,42239300
dsb-gpu,WK2000_1,10,12355,2000,2000,2000,1999000,512,800,fp32,csr-row,csr,0,0,33335,33337,0,0,0.012696758,1.04037878,0.001248325,0.002369578,1.04162711,1.06045386,0,0.00130047348,7.8701182e+11,3998000,31992004,42239300
dsb-gpu,WK2000_1,11,12356,2000,2000,2000,1999000,512,800,fp32,csr-row,csr,0,0,33290,33337,0,0,0.012378517,1.04102258,0.001260805,0.002364298,1.04228339,1.06012129,0,0.00130127823,7.86525108e+11,3998000,31992004,42239300
dsb-gpu,WK2000_1,12,12357,2000,2000,2000,1999000,512,800,fp32,csr-row,csr,0,0,33296,33337,0,0,0.012262165,1.04613489,0.001250981,0.002369642,1.04738587,1.06512985,0,0.00130766861,7.82681478e+11,3998000,31992004,42239300
dsb-gpu,WK2000_1,13,12358,2000,2000,2000,1999000,512,800,fp32,csr-row,csr,0,0,33285,33337,0,0,0.012255732,1.04074792,0.001258117,0.002735468,1.04200604,1.060137,0,0.00130093491,7.86732676e+11,3998000,31992004,42239300
dsb-gpu,WK2000_1,14,12359,2000,2000,2000,1999000,512,800,fp32,csr-row,csr,0,0,33307,33337,0,0,0.012504565,1.04478638,0.001246437,0.00236657,1.04603281,1.06464674,0,0.00130598297,7.83691689e+11,3998000,31992004,42239300
dsb-gpu,WK2000_1,15,12360,2000,2000,2000,1999000,512,800,fp32,csr-row,csr,0,0,33296,33337,0,0,0.012223317,1.04492285,0.001245445,0.002360618,1.0461683,1.06385906,0,0.00130615356,7.83589333e+11,3998000,31992004,42239300
dsb-gpu,WK2000_1,16,12361,2000,2000,2000,1999000,512,800,fp32,csr-row,csr,0,0,33304,33337,0,0,0.012292725,1.0427644,0.001249926,0.00237825,1.04401433,1.06179806,0,0.00130345551,7.85211306e+11,3998000,31992004,42239300
dsb-gpu,WK2000_1,17,12362,2000,2000,2000,1999000,512,800,fp32,csr-row,csr,0,0,33296,33337,0,0,0.012332629,1.04121667,0.001246373,0.00235553,1.04246305,1.06026618,0,0.00130152084,7.86378493e+11,3998000,31992004,42239300
dsb-gpu,WK2000_1,18,12363,2000,2000,2000,1999000,512,800,fp32,csr-row,csr,0,0,33286,33337,0,0,0.01220898,1.04048755,0.001259525,0.002732556,1.04174707,1.05984336,0,0.00130060944,7.86929551e+11,3998000,31992004,42239300
dsb-gpu,WK2000_1,19,12364,2000,2000,2000,1999000,512,800,fp32,csr-row,csr,0,0,33270,33337,0,0,0.012531637,1.04364856,0.001248037,0.002366251,1.0448966,1.06358978,0,0.0013045607,7.84546093e+11,3998000,31992004,42239300
dsb-gpu,WK2000_1,20,12365,2000,2000,2000,1999000,512,800,fp32,csr-row,csr,0,0,33291,33337,0,0,0.01228946,1.04508374,0.001249893,0.002386218,1.04633363,1.06410473,0,0.00130635468,7.83468701e+11,3998000,31992004,42239300
dsb-gpu,WK2000_1,21,12366,2000,2000,2000,1999000,512,800,fp32,csr-row,csr,0,0,33291,33337,0,0,0.012322868,1.0443175,0.00124791,0.002362954,1.04556541,1.06336296,0,0.00130539688,7.84043546e+11,3998000,31992004,42239300
dsb-gpu,WK2000_1,22,12367,2000,2000,2000,1999000,512,800,fp32,csr-row,csr,0,0,33279,33337,0,0,0.012440757,1.04559192,0.001246501,0.002374922,1.04683842,1.06477151,0,0.0013069899,7.83087919e+11,3998000,31992004,42239300
dsb-gpu,WK2000_1,23,12368,2000,2000,2000,1999000,512,800,fp32,csr-row,csr,0,0,33280,33337,0,0,0.012277748,1.04481396,0.001246437,0.002364554,1.0460604,1.06382543,0,0.00130601746,7.83670996e+11,3998000,31992004,42239300
dsb-gpu,WK2000_1,24,12369,2000,2000,2000,1999000,512,800,fp32,csr-row,csr,0,0,33302,33337,0,0,0.012330709,1.04413037,0.001250789,0.00237105,1.04538116,1.06321899,0,0.00130516296,7.84184066e+11,3998000,31992004,42239300
dsb-gpu,WK2000_1,25,12370,2000,2000,2000,1999000,512,800,fp32,csr-row,csr,0,0,33303,33337,0,0,0.012356149,1.04368835,0.001254597,0.002335242,1.04494295,1.0627901,0,0.00130461044,7.84516179e+11,3998000,31992004,42239300
dsb-gpu,WK2000_1,26,12371,2000,2000,2000,1999000,512,800,fp32,csr-row,csr,0,0,33337,33337,1,0,0.012507733,1.04025317,0.001250501,0.002372106,1.04150367,1.05979105,0,0.00130031647,7.87106851e+11,3998000,31992004,42239300
dsb-gpu,WK2000_1,27,12372,2000,2000,2000,1999000,512,800,fp32,csr-row,csr,0,0,33280,33337,0,0,0.012268372,1.04552148,0.001243013,0.002346218,1.0467645,1.06448668,0,0.00130690186,7.83140674e+11,3998000,31992004,42239300
dsb-gpu,WK2000_1,28,12373,2000,2000,2000,1999000,512,800,fp32,csr-row,csr,0,0,33289,33337,0,0,0.012300085,1.03875049,0.001249446,0.00237473,1.03999993,1.057787,0,0.00129843811,7.88245502e+11,3998000,31992004,42239300
dsb-gpu,WK2000_1,29,12374,2000,2000,2000,1999000,512,800,fp32,csr-row,csr,0,0,33276,33337,0,0,0.012240596,1.04518457,0.00124935,0.002356394,1.04643392,1.06415621,0,0.00130648071,7.83393119e+11,3998000,31992004,42239300
dsb-gpu,WK2000_1,30,12375,2000,2000,2000,1999000,512,800,fp32,csr-row,csr,0,0,33283,33337,0,0,0.012320309,1.03939526,0.001241574,0.002389642,1.04063684,1.05846547,0,0.00129924408,7.87756524e+11,3998000,31992004,42239300
dsb-gpu,WK2000_1,31,12376,2000,2000,2000,1999000,512,800,fp32,csr-row,csr,0,0,33285,33337,0,0,0.012257364,1.0432041,0.001242949,0.00233361,1.04444705,1.06217438,0,0.00130400513,7.8488035e+11,3998000,31992004,42239300
dsb-gpu,WK2000_1,32,12377,2000,2000,2000,1999000,512,800,fp32,csr-row,csr,0,0,33290,33337,0,0,0.012238484,1.04344385,0.001246342,0.002416522,1.04469019,1.06248338,0,0.00130430481,7.84700012e+11,3998000,31992004,42239300
dsb-gpu,WK2000_1,33,12378,2000,2000,2000,1999000,512,800,fp32,csr-row,csr,0,0,33296,33337,0,0,0.012351156,1.04618652,0.001243653,0.00238641,1.04743018,1.06529801,0,0.00130773315,7.82642848e+11,3998000,31992004,42239300
dsb-gpu,WK2000_1,34,12379,2000,2000,2000,1999000,512,800,fp32,csr-row,csr,0,0,33331,33337,0,0,0.012440501,1.04124109,0.001246213,0.002404459,1.0424873,1.06047322,0,0.00130155136,7.86360055e+11,3998000,31992004,42239300
dsb-gpu,WK2000_1,35,12380,2000,2000,2000,1999000,512,800,fp32,csr-row,csr,0,0,33293,33337,0,0,0.012273492,1.04655469,0.001245797,0.002367338,1.04780048,1.06559059,0,0.00130819336,7.82367524e+11,3998000,31992004,42239300
dsb-gpu,WK2000_1,36,12381,2000,2000,2000,1999000,512,800,fp32,csr-row,csr,0,0,33297,33337,0,0,0.012315253,1.04456177,0.001246149,0.002380011,1.04580792,1.06366917,0,0.00130570221,7.83860204e+11,3998000,31992004,42239300
dsb-gpu,WK2000_1,37,12382,2000,2000,2000,1999000,512,800,fp32,csr-row,csr,0,0,33284,33337,0,0,0.012241076,1.04351587,0.001250597,0.00240593,1.04476647,1.06257445,0,0.00130439484,7.84645854e+11,3998000,31992004,42239300
dsb-gpu,WK2000_1,38,12383,2000,2000,2000,1999000,512,800,fp32,csr-row,csr,0,0,33296,33337,0,0,0.012252469,1.04179163,0.001244709,0.002376427,1.04303633,1.06082363,0,0.00130223953,7.85944501e+11,3998000,31992004,42239300
dsb-gpu,WK2000_1,39,12384,2000,2000,2000,1999000,512,800,fp32,csr-row,csr,0,0,33335,33337,0,0,0.012261684,1.04169678,0.001250501,0.00240705,1.04294728,1.060785,0,0.00130212097,7.86016063e+11,3998000,31992004,42239300
dsb-gpu,WK2000_1,40,12385,2000,2000,2000,1999000,512,800,fp32,csr-row,csr,0,0,33287,33337,0,0,0.012214356,1.04117358,0.001248197,0.002384682,1.04242178,1.06021153,0,0.00130146698,7.86411039e+11,3998000,31992004,42239300
dsb-gpu,WK2000_1,41,12386,2000,2000,2000,1999000,512,800,fp32,csr-row,csr,0,0,33289,33337,0,0,0.01228034,1.04340015,0.001251109,0.002427563,1.04465126,1.06255269,0,0.00130425018,7.84732878e+11,3998000,31992004,42239300
dsb-gpu,WK2000_1,42,12387,2000,2000,2000,1999000,512,800,fp32,csr-row,csr,0,0,33294,33337,0,0,0.012229268,1.03947388,0.001244421,0.002385643,1.0407183,1.0585153,0,0.00129934235,7.87696948e+11,3998000,31992004,42239300
dsb-gpu,WK2000_1,43,12388,2000,2000,2000,1999000,512,800,fp32,csr-row,csr,0,0,33279,33337,0,0,0.012274037,1.04546472,0.001246981,0.002411338,1.0467117,1.06461775,0,0.0013068309,7.83183194e+11,3998000,31992004,42239300
dsb-gpu,WK2000_1,44,12389,2000,2000,2000,1999000,512,800,fp32,csr-row,csr,0,0,33292,33337,0,0,0.0122357,1.04449622,0.001246182,0.00241713,1.0457424,1.06359205,0,0.00130562027,7.83909398e+11,3998000,31992004,42239300
dsb-gpu,WK2000_1,45,12390,2000,2000,2000,1999000,512,800,fp32,csr-row,csr,0,0,33332,33337,0,0,0.012257844,1.04651953,0.001251173,0.002429578,1.0477707,1.06566275,0,0.00130814941,7.82393807e+11,3998000,31992004,42239300
dsb-gpu,WK2000_1,46,12391,2000,2000,2000,1999000,512,800,fp32,csr-row,csr,0,0,33278,33337,0,0,0.012377589,1.04701001,0.001257605,0.002410634,1.04826761,1.06626377,0,0.00130876251,7.82027289e+11,3998000,31992004,42239300
dsb-gpu,WK2000_1,47,12392,2000,2000,2000,1999000,512,800,fp32,csr-row,csr,0,0,33287,33337,0,0,0.012253716,1.04222583,0.001245413,0.002452075,1.04347124,1.06137895,0,0.00130278229,7.85617067e+11,3998000,31992004,42239300
dsb-gpu,WK2000_1,48,12393,2000,2000,2000,1999000,512,800,fp32,csr-row,csr,0,0,33259,33337,0,0,0.012276149,1.04726416,0.001248134,0.002441642,1.04851229,1.06644205,0,0.0013090802,7.81837507e+11,3998000,31992004,42239300
dsb-gpu,WK2000_1,49,12394,2000,2000,2000,1999000,512,800,fp32,csr-row,csr,0,0,33288,33337,0,0,0.012419572,1.04737366,0.001252869,0.002383914,1.04862653,1.06678439,0,0.00130921707,7.8175577e+11,3998000,31992004,42239300
dsb-gpu,WK2000_1,0,12345,2000,2000,2000,1999000,512,800,fp32,csr-block,csr,0,0,33308,33337,0,0,0.012402389,10.1795029,0.001263205,0.002991276,10.1807661,10.2006647,0,0.0127243787,8.04352045e+10,3998000,31992004,41215300
dsb-gpu,WK2000_1,1,12346,2000,2000,2000,1999000,512,800,fp32,csr-block,csr,0,0,33277,33337,0,0,0.01283887,10.1837773,0.001265766,0.002987021,10.1850431,10.2052665,0,0.0127297217,8.04014436e+10,3998000,31992004,41215300
dsb-gpu,WK2000_1,2,12347,2000,2000,2000,1999000,512,800,fp32,csr-block,csr,0,0,33274,33337,0,0,0.012450677,10.1785859,0.001249126,0.003049933,10.1798351,10.1996478,0,0.0127232324,8.04424509e+10,3998000,31992004,41215300
dsb-gpu,WK2000_1,3,12348,2000,2000,2000,1999000,512,800,fp32,csr-block,csr,0,0,33291,33337,0,0,0.012434677,10.2904873,0.001256421,0.002454698,10.2917437,10.3105582,0,0.0128631091,7.95676993e+10,3998000,31992004,41215300
dsb-gpu,WK2000_1,4,12349,2000,2000,2000,1999000,512,800,fp32,csr-block,csr,0,0,33275,33337,0,0,0.012286165,10.1818242,0.001260357,0.002987405,10.1830846,10.2020386,0,0.0127272803,8.04168666e+10,3998000,31992004,41215300
dsb-gpu,WK2000_1,5,12350,2000,2000,2000,1999000,512,800,fp32,csr-block,csr,0,0,33335,33337,0,0,0.012462357,10.217207,0.001261765,0.002962317,10.2184688,10.2383353,0,0.0127715088,8.01383781e+10,3998000,31992004,41215300
dsb-gpu,WK2000_1,6,12351,2000,2000,2000,1999000,512,800,fp32,csr-block,csr,0,0,33275,33337,0,0,0.012610326,10.1749258,0.001254213,0.002467051,10.17618,10.1955839,0,0.0127186572,8.0471388e+10,3998000,31992004,41215300
dsb-gpu,WK2000_1,7,12352,2000,2000,2000,1999000,512,800,fp32,csr-block,csr,0,0,33292,33337,0,0,0.012295765,10.1449063,0.001254725,0.002437354,10.146161,10.1646364,0,0.0126811328,8.07095088e+10,3998000,31992004,41215300
dsb-gpu,WK2000_1,8,12353,2000,2000,2000,1999000,512,800,fp32,csr-block,csr,0,0,33291,33337,0,0,0.012274804,10.1751904,0.001267238,0.002984301,10.1764577,10.1955628,0,0.012718988,8.0469295e+10,3998000,31992004,41215300
dsb-gpu,WK2000_1,9,12354,2000,2000,2000,1999000,512,800,fp32,csr-block,csr,0,0,33283,33337,0,0,0.012404533,10.2302734,0.001246629,0.002442954,10.2315201,10.2507671,0,0.0127878418,8.0036023e+10,3998000,31992004,41215300
dsb-gpu,WK2000_1,10,12355,2000,2000,2000,1999000,512,800,fp32,csr-block,csr,0,0,33335,33337,0,0,0.012188692,10.2368555,0.001258469,0.002417002,10.2381139,10.2565656,0,0.0127960693,7.99845619e+10,3998000,31992004,41215300
dsb-gpu,WK2000_1,11,12356,2000,2000,2000,1999000,512,800,fp32,csr-block,csr,0,0,33290,33337,0,0,0.012512213,10.1767539,0.001253221,0.002436715,10.1780071,10.1969704,0,0.0127209424,8.04569323e+10,3998000,31992004,41215300
dsb-gpu,WK2000_1,12,12357,2000,2000,2000,1999000,512,800,fp32,csr-block,csr,0,0,33296,33337,0,0,0.012238644,10.2334648,0.001249317,0.002438123,10.2347142,10.2531085,0,0.0127918311,8.0011063e+10,3998000,31992004,41215300
dsb-gpu,WK2000_1,13,12358,2000,2000,2000,1999000,512,800,fp32,csr-block,csr,0,0,33285,33337,0,0,0.012262356,10.1821328,0.001250438,0.002411658,10.1833833,10.2018453,0,0.012727666,8.04144294e+10,3998000,31992004,41215300
dsb-gpu,WK2000_1,14,12359,2000,2000,2000,1999000,512,800,fp32,csr-block,csr,0,0,33307,33337,0,0,0.012256533,10.2313809,0.001253989,0.002418538,10.2326348,10.2511252,0,0.0127892261,8.00273601e+10,3998000,31992004,41215300
dsb-gpu,WK2000_1,15,12360,2000,2000,2000,1999000,512,800,fp32,csr-block,csr,0,0,33296,33337,0,0,0.012291188,10.1446563,0.001251526,0.00244561,10.1459078,10.1644602,0,0.0126808203,8.07114977e+10,3998000,31992004,41215300
dsb-gpu,WK2000_1,16,12361,2000,2000,2000,1999000,512,800,fp32,csr-block,csr,0,0,33304,33337,0,0,0.012356597,10.2063115,0.001252133,0.002452618,10.2075637,10.2262016,0,0.0127578894,8.02239279e+10,3998000,31992004,41215300
dsb-gpu,WK2000_1,17,12362,2000,2000,2000,1999000,512,800,fp32,csr-block,csr,0,0,33296,33337,0,0,0.01224098,10.2334463,0.001250214,0.002436874,10.2346965,10.2531983,0,0.0127918079,8.0011208e+10,3998000,31992004,41215300
dsb-gpu,WK2000_1,18,12363,2000,2000,2000,1999000,512,800,fp32,csr-block,csr,0,0,33286,33337,0,0,0.012374549,10.2074834,0.001256805,0.002419306,10.2087402,10.2273917,0,0.0127593542,8.02147178e+10,3998000,31992004,41215300
dsb-gpu,WK2000_1,19,12364,2000,2000,2000,1999000,512,800,fp32,csr-block,csr,0,0,33270,33337,0,0,0.012426485,10.1831504,0.001250053,0.002414315,10.1844004,10.2032571,0,0.012728938,8.04063938e+10,3998000,31992004,41215300
dsb-gpu,WK2000_1,20,12365,2000,2000,2000,1999000,512,800,fp32,csr-block,csr,0,0,33291,33337,0,0,0.012302196,10.1847148,0.001246885,0.00242481,10.1859617,10.2045363,0,0.0127308936,8.03940427e+10,3998000,31992004,41215300
dsb-gpu,WK2000_1,21,12366,2000,2000,2000,1999000,512,800,fp32,csr-block,csr,0,0,33291,33337,0,0,0.01226642,10.1980283,0.001241414,0.00242385,10.1992697,10.2177903,0,0.0127475354,8.02890887e+10,3998000,31992004,41215300
dsb-gpu,WK2000_1,22,12367,2000,2000,2000,1999000,512,800,fp32,csr-block,csr,0,0,33279,33337,0,0,0.012237045,10.2317861,0.001259493,0.002426154,10.2330456,10.2515616,0,0.0127897327,8.00241902e+10,3998000,31992004,41215300
dsb-gpu,WK2000_1,23,12368,2000,2000,2000,1999000,512,800,fp32,csr-block,csr,0,0,33280,33337,0,0,0.012395701,10.2012695,0.001243653,0.002426986,10.2025132,10.2213815,0,0.0127515869,8.02635787e+10,3998000,31992004,41215300
dsb-gpu,WK2000_1,24,12369,2000,2000,2000,1999000,512,800,fp32,csr-block,csr,0,0,33302,33337,0,0,0.01224322,10.1779707,0.001250661,0.002433802,10.1792214,10.1976982,0,0.0127224634,8.04473135e+10,3998000,31992004,41215300
dsb-gpu,WK2000_1,25,12370,2000,2000,2000,1999000,512,800,fp32,csr-block,csr,0,0,33303,33337,0,0,0.01219394,10.1664404,0.001239941,0.002408138,10.1676804,10.1861002,0,0.0127080505,8.05385529e+10,3998000,31992004,41215300
dsb-gpu,WK2000_1,26,12371,2000,2000,2000,1999000,512,800,fp32,csr-block,csr,0,0,33337,33337,1,0,0.012216052,10.2644482,0.001242789,0.002410602,10.265691,10.2841392,0,0.0128305603,7.97695483e+10,3998000,31992004,41215300
dsb-gpu,WK2000_1,27,12372,2000,2000,2000,1999000,512,800,fp32,csr-block,csr,0,0,33280,33337,0,0,0.012234516,10.2258398,0.001251333,0.002412234,10.2270912,10.2455738,0,0.0127822998,8.0070724e+10,3998000,31992004,41215300
dsb-gpu,WK2000_1,28,12373,2000,2000,2000,1999000,512,800,fp32,csr-block,csr,0,0,33289,33337,0,0,0.012171636,10.1741367,0.001253126,0.00241761,10.1753898,10.1938087,0,0.0127176709,8.0477629e+10,3998000,31992004,41215300
dsb-gpu,WK2000_1,29,12374,2000,2000,2000,1999000,512,800,fp32,csr-block,csr,0,0,33276,33337,0,0,0.012322965,10.1960547,0.001254949,0.002409451,10.1973096,10.2158679,0,0.0127450684,8.03046301e+10,3998000,31992004,41215300
dsb-gpu,WK2000_1,30,12375,2000,2000,2000,1999000,512,800,fp32,csr-block,csr,0,0,33283,33337,0,0,0.012404565,10.2067344,0.001249765,0.002424618,10.2079841,10.2266741,0,0.012758418,8.02206043e+10,3998000,31992004,41215300
dsb-gpu,WK2000_1,31,12376,2000,2000,2000,1999000,512,800,fp32,csr-block,csr,0,0,33285,33337,0,0,0.012239732,10.1381455,0.001260133,0.002384747,10.1394056,10.1578881,0,0.0126726819,8.07633309e+10,3998000,31992004,41215300
dsb-gpu,WK2000_1,32,12377,2000,2000,2000,1999000,512,800,fp32,csr-block,csr,0,0,33290,33337,0,0,0.012242484,10.1774746,0.001241573,0.002401131,10.1787162,10.197203,0,0.0127218433,8.04512349e+10,3998000,31992004,41215300
dsb-gpu,WK2000_1,33,12378,2000,2000,2000,1999000,512,800,fp32,csr-block,csr,0,0,33296,33337,0,0,0.012223156,10.2251895,0.001253957,0.002411307,10.2264434,10.2449428,0,0.0127814868,8.00758171e+10,3998000,31992004,41215300
dsb-gpu,WK2000_1,34,12379,2000,2000,2000,1999000,512,800,fp32,csr-block,csr,0,0,33331,33337,0,0,0.012255637,10.2117314,0.001244389,0.002401834,10.2129758,10.2316704,0,0.0127646643,8.01813487e+10,3998000,31992004,41215300
dsb-gpu,WK2000_1,35,12380,2000,2000,2000,1999000,512,800,fp32,csr-block,csr,0,0,33293,33337,0,0,0.012279956,10.1693936,0.001245253,0.002417034,10.1706388,10.1891808,0,0.0127117419,8.0515165e+10,3998000,31992004,41215300
dsb-gpu,WK2000_1,36,12381,2000,2000,2000,1999000,512,800,fp32,csr-block,csr,0,0,33297,33337,0,0,0.01223458,10.1456777,0.001241222,0.00241649,10.146919,10.1654223,0,0.0126820972,8.07033716e+10,3998000,31992004,41215300
dsb-gpu,WK2000_1,37,12382,2000,2000,2000,1999000,512,800,fp32,csr-block,csr,0,0,33284,33337,0,0,0.012218804,10.1396191,0.001254149,0.002409034,10.1408733,10.1593562,0,0.0126745239,8.07515932e+10,3998000,31992004,41215300
dsb-gpu,WK2000_1,38,12383,2000,2000,2000,1999000,512,800,fp32,csr-block,csr,0,0,33296,33337,0,0,0.012208148,10.1403789,0.001246757,0.002394474,10.1416257,10.1601765,0,0.0126754736,8.07455429e+10,3998000,31992004,41215300
dsb-gpu,WK2000_1,39,12384,2000,2000,2000,1999000,512,800,fp32,csr-block,csr,0,0,33335,33337,0,0,0.012221236,10.278001,0.001251046,0.002404554,10.279252,10.2977092,0,0.0128475012,7.96643629e+10,3998000,31992004,41215300
dsb-gpu,WK2000_1,40,12385,2000,2000,2000,1999000,512,800,fp32,csr-block,csr,0,0,33287,33337,0,0,0.01228114,10.2591172,0.001248646,0.002403242,10.2603658,10.2789155,0,0.0128238965,7.98109998e+10,3998000,31992004,41215300
dsb-gpu,WK2000_1,41,12386,2000,2000,2000,1999000,512,800,fp32,csr-block,csr,0,0,33289,33337,0,0,0.01221874,10.1693857,0.001254725,0.002411659,10.1706405,10.1891257,0,0.0127117322,8.05152269e+10,3998000,31992004,41215300
dsb-gpu,WK2000_1,42,12387,2000,2000,2000,1999000,512,800,fp32,csr-block,csr,0,0,33294,33337,0,0,0.012350164,10.201957,0.001251205,0.002480683,10.2032082,10.2219062,0,0.0127524463,8.02581698e+10,3998000,31992004,41215300
dsb-gpu,WK2000_1,43,12388,2000,2000,2000,1999000,512,800,fp32,csr-block,csr,0,0,33279,33337,0,0,0.012247444,10.1695078,0.001254181,0.00245713,10.170762,10.1893347,0,0.0127118848,8.05142604e+10,3998000,31992004,41215300
dsb-gpu,WK2000_1,44,12389,2000,2000,2000,1999000,512,800,fp32,csr-block,csr,0,0,33292,33337,0,0,0.012255348,10.1704395,0.001243973,0.00245297,10.1716834,10.19027,0,0.0127130493,8.05068851e+10,3998000,31992004,41215300
dsb-gpu,WK2000_1,45,12390,2000,2000,2000,1999000,512,800,fp32,csr-block,csr,0,0,33332,33337,0,0,0.012236468,10.1653545,0.001246789,0.002461963,10.1666013,10.1851628,0,0.0127066931,8.05471566e+10,3998000,31992004,41215300
dsb-gpu,WK2000_1,46,12391,2000,2000,2000,1999000,512,800,fp32,csr-block,csr,0,0,33278,33337,0,0,0.012234292,10.2399023,0.001256869,0.002447594,10.2411592,10.2597206,0,0.0127998779,7.99607626e+10,3998000,31992004,41215300
dsb-gpu,WK2000_1,47,12392,2000,2000,2000,1999000,512,800,fp32,csr-block,csr,0,0,33287,33337,0,0,0.012242292,10.2778125,0.001243045,0.002446154,10.2790555,10.2976185,0,0.0128472656,7.96658238e+10,3998000,31992004,41215300
dsb-gpu,WK2000_1,48,12393,2000,2000,2000,1999000,512,800,fp32,csr-block,csr,0,0,33259,33337,0,0,0.012354004,10.1821104,0.001252741,0.002454314,10.1833631,10.2020665,0,0.0127276379,8.04146068e+10,3998000,31992004,41215300
dsb-gpu,WK2000_1,49,12394,2000,2000,2000,1999000,512,800,fp32,csr-block,csr,0,0,33288,33337,0,0,0.01226946,10.2752158,0.001241829,0.002481418,10.2764576,10.2950919,0,0.0128440198,7.96859564e+10,3998000,31992004,41215300
dsb-gpu,WK2000_1,0,12345,2000,2000,2000,1999000,512,800,fp32,csr-cluster,csr,0,0,33308,33337,0,0,0.012101075,7.92353613,0.001258278,0.003038349,7.92479441,7.9443078,0,0.00990442017,1.03336488e+11,3998000,31992004,41215300
dsb-gpu,WK2000_1,1,12346,2000,2000,2000,1999000,512,800,fp32,csr-cluster,csr,0,0,33277,33337,0,0,0.012379284,7.79880371,0.001260454,0.003007437,7.80006416,7.81980091,0,0.00974850464,1.0498923e+11,3998000,31992004,41215300
dsb-gpu,WK2000_1,2,12347,2000,2000,2000,1999000,512,800,fp32,csr-cluster,csr,0,0,33274,33337,0,0,0.012347221,7.8720498,0.001247141,0.002466507,7.87329695,7.89236649,0,0.00984006226,1.0401235e+11,3998000,31992004,41215300
dsb-gpu,WK2000_1,3,12348,2000,2000,2000,1999000,512,800,fp32,csr-cluster,csr,0,0,33291,33337,0,0,0.012508597,7.79080322,0.001239142,0.00247009,7.79204236,7.81086378,0,0.00973850403,1.05097045e+11,3998000,31992004,41215300
dsb-gpu,WK2000_1,4,12349,2000,2000,2000,1999000,512,800,fp32,csr-cluster,csr,0,0,33275,33337,0,0,0.012177236,7.87376611,0.001244965,0.00242321,7.87501108,7.89317117,0,0.00984220764,1.03989678e+11,3998000,31992004,41215300
dsb-gpu,WK2000_1,5,12350,2000,2000,2000,1999000,512,800,fp32,csr-cluster,csr,0,0,33335,33337,0,0,0.012185108,7.79444092,0.001239941,0.002439403,7.79568086,7.81393106,0,0.00974305115,1.05047996e+11,3998000,31992004,41215300
dsb-gpu,WK2000_1,6,12351,2000,2000,2000,1999000,512,800,fp32,csr-cluster,csr,0,0,33275,33337,0,0,0.012230355,7.79313184,0.001245797,0.002386666,7.79437763,7.81278494,0,0.00974141479,1.05065642e+11,3998000,31992004,41215300
dsb-gpu,WK2000_1,7,12352,2000,2000,2000,1999000,512,800,fp32,csr-cluster,csr,0,0,33292,33337,0,0,0.012189748,7.83413477,0.001242757,0.00238369,7.83537752,7.85361548,0,0.00979266846,1.04515741e+11,3998000,31992004,41215300
dsb-gpu,WK2000_1,8,12353,2000,2000,2000,1999000,512,800,fp32,csr-cluster,csr,0,0,33291,33337,0,0,0.012193844,7.81738184,0.001243526,0.002417194,7.81862536,7.83699163,0,0.00977172729,1.04739722e+11,3998000,31992004,41215300
dsb-gpu,WK2000_1,9,12354,2000,2000,2000,1999000,512,800,fp32,csr-cluster,csr,0,0,33283,33337,0,0,0.012198772,7.81937744,0.001249701,0.002399434,7.82062714,7.83893337,0,0.0097742218,1.04712991e+11,3998000,31992004,41215300
dsb-gpu,WK2000_1,10,12355,2000,2000,2000,1999000,512,800,fp32,csr-cluster,csr,0,0,33335,33337,0,0,0.012212756,7.82614648,0.001238374,0.002888524,7.82738486,7.84614684,0,0.00978268311,1.04622422e+11,3998000,31992004,41215300
dsb-gpu,WK2000_1,11,12356,2000,2000,2000,1999000,512,800,fp32,csr-cluster,csr,0,0,33290,33337,0,0,0.012177715,7.83714111,0.001243622,0.002400938,7.83838474,7.85670266,0,0.00979642639,1.04475648e+11,3998000,31992004,41215300
dsb-gpu,WK2000_1,12,12357,2000,2000,2000,1999000,512,800,fp32,csr-cluster,csr,0,0,33296,33337,0,0,0.012231604,7.89074463,0.001243909,0.00238849,7.89198854,7.91034532,0,0.00986343079,1.03765923e+11,3998000,31992004,41215300
dsb-gpu,WK2000_1,13,12358,2000,2000,2000,1999000,512,800,fp32,csr-cluster,csr,0,0,33285,33337,0,0,0.01220322,7.82905322,0.001244613,0.002404266,7.83029784,7.84868864,0,0.00978631653,1.04583578e+11,3998000,31992004,41215300
dsb-gpu,WK2000_1,14,12359,2000,2000,2000,1999000,512,800,fp32,csr-cluster,csr,0,0,33307,33337,0,0,0.012246676,7.87348926,0.001244229,0.002402794,7.87473349,7.89317328,0,0.00984186157,1.03993334e+11,3998000,31992004,41215300
dsb-gpu,WK2000_1,15,12360,2000,2000,2000,1999000,512,800,fp32,csr-cluster,csr,0,0,33296,33337,0,0,0.0122557,7.82541211,0.001244806,0.002398186,7.82665692,7.84510677,0,0.00978176514,1.0463224e+11,3998000,31992004,41215300
dsb-gpu,WK2000_1,16,12361,2000,2000,2000,1999000,512,800,fp32,csr-cluster,csr,0,0,33304,33337,0,0,0.01220418,7.82290234,0.001243814,0.002395786,7.82414616,7.8425619,0,0.00977862793,1.04665809e+11,3998000,31992004,41215300
dsb-gpu,WK2000_1,17,12362,2000,2000,2000,1999000,512,800,fp32,csr-cluster,csr,0,0,33296,33337,0,0,0.012183155,7.82548389,0.001253029,0.002377706,7.82673692,7.84508588,0,0.00978185486,1.04631281e+11,3998000,31992004,41215300
dsb-gpu,WK2000_1,18,12363,2000,2000,2000,1999000,512,800,fp32,csr-cluster,csr,0,0,33286,33337,0,0,0.012212339,7.89491309,0.001256294,0.002891628,7.89616938,7.91509651,0,0.00986864136,1.03711135e+11,3998000,31992004,41215300
dsb-gpu,WK2000_1,19,12364,2000,2000,2000,1999000,512,800,fp32,csr-cluster,csr,0,0,33270,33337,0,0,0.012317812,7.78069238,0.001245221,0.00238513,7.7819376,7.80105193,0,0.00972586548,1.05233617e+11,3998000,31992004,41215300
dsb-gpu,WK2000_1,20,12365,2000,2000,2000,1999000,512,800,fp32,csr-cluster,csr,0,0,33291,33337,0,0,0.012186772,7.8722417,0.001254725,0.002387787,7.87349642,7.8918918,0,0.00984030212,1.04009815e+11,3998000,31992004,41215300
dsb-gpu,WK2000_1,21,12366,2000,2000,2000,1999000,512,800,fp32,csr-cluster,csr,0,0,33291,33337,0,0,0.012341333,7.81481592,0.001249605,0.002369194,7.81606552,7.8348051,0,0.0097685199,1.04774112e+11,3998000,31992004,41215300
dsb-gpu,WK2000_1,22,12367,2000,2000,2000,1999000,512,800,fp32,csr-cluster,csr,0,0,33279,33337,0,0,0.01219218,7.88473389,0.001245573,0.00237841,7.88597946,7.90424769,0,0.00985591736,1.03845027e+11,3998000,31992004,41215300
dsb-gpu,WK2000_1,23,12368,2000,2000,2000,1999000,512,800,fp32,csr-cluster,csr,0,0,33280,33337,0,0,0.012213203,7.84976953,0.001244485,0.002395178,7.85101402,7.86933475,0,0.00981221191,1.04307572e+11,3998000,31992004,41215300
dsb-gpu,WK2000_1,24,12369,2000,2000,2000,1999000,512,800,fp32,csr-cluster,csr,0,0,33302,33337,0,0,0.012176212,7.88163672,0.001241638,0.00239809,7.88287836,7.90119066,0,0.0098520459,1.03885834e+11,3998000,31992004,41215300
dsb-gpu,WK2000_1,25,12370,2000,2000,2000,1999000,512,800,fp32,csr-cluster,csr,0,0,33303,33337,0,0,0.012252884,7.88867529,0.001244453,0.00237793,7.88991975,7.90844672,0,0.00986084412,1.03793143e+11,3998000,31992004,41215300
dsb-gpu,WK2000_1,26,12371,2000,2000,2000,1999000,512,800,fp32,csr-cluster,csr,0,0,33337,33337,1,0,0.01219858,7.89598486,0.001249349,0.002404426,7.89723421,7.91562326,0,0.00986998108,1.03697058e+11,3998000,31992004,41215300
dsb-gpu,WK2000_1,27,12372,2000,2000,2000,1999000,512,800,fp32,csr-cluster,csr,0,0,33280,33337,0,0,0.01236658,7.8186123,0.001254917,0.002415467,7.81986722,7.83844793,0,0.00977326538,1.04723238e+11,3998000,31992004,41215300
dsb-gpu,WK2000_1,28,12373,2000,2000,2000,1999000,512,800,fp32,csr-cluster,csr,0,0,33289,33337,0,0,0.012215892,7.78639063,0.001245734,0.002428938,7.78763636,7.80610805,0,0.00973298828,1.05156605e+11,3998000,31992004,41215300
dsb-gpu,WK2000_1,29,12374,2000,2000,2000,1999000,512,800,fp32,csr-cluster,csr,0,0,33276,33337,0,0,0.01223922,7.8858623,0.001250757,0.002417642,7.88711306,7.90569717,0,0.00985732788,1.03830167e+11,3998000,31992004,41215300
dsb-gpu,WK2000_1,30,12375,2000,2000,2000,1999000,512,800,fp32,csr-cluster,csr,0,0,33283,33337,0,0,0.012186771,7.78571387,0.001252837,0.002404618,7.7869667,7.80538568,0,0.00973214233,1.05165745e+11,3998000,31992004,41215300
dsb-gpu,WK2000_1,31,12376,2000,2000,2000,1999000,512,800,fp32,csr-cluster,csr,0,0,33285,33337,0,0,0.012275604,7.89026123,0.001242629,0.002412554,7.89150386,7.91002913,0,0.00986282654,1.0377228e+11,3998000,31992004,41215300
dsb-gpu,WK2000_1,32,12377,2000,2000,2000,1999000,512,800,fp32,csr-cluster,csr,0,0,33290,33337,0,0,0.012200308,7.80555127,0.001242373,0.002415434,7.80679364,7.82523833,0,0.00975693909,1.04898472e+11,3998000,31992004,41215300
dsb-gpu,WK2000_1,33,12378,2000,2000,2000,1999000,512,800,fp32,csr-cluster,csr,0,0,33296,33337,0,0,0.012218996,7.8857041,0.001248677,0.002395338,7.88695278,7.90538239,0,0.00985713013,1.0383225e+11,3998000,31992004,41215300
dsb-gpu,WK2000_1,34,12379,2000,2000,2000,1999000,512,800,fp32,csr-cluster,csr,0,0,33331,33337,0,0,0.012200276,7.78639355,0.001248741,0.002889164,7.7876423,7.80654773,0,0.00973299194,1.05156565e+11,3998000,31992004,41215300
dsb-gpu,WK2000_1,35,12380,2000,2000,2000,1999000,512,800,fp32,csr-cluster,csr,0,0,33293,33337,0,0,0.012209139,7.82059082,0.001241126,0.002396618,7.82183195,7.84024304,0,0.00977573853,1.04696745e+11,3998000,31992004,41215300
dsb-gpu,WK2000_1,36,12381,2000,2000,2000,1999000,512,800,fp32,csr-cluster,csr,0,0,33297,33337,0,0,0.0121893,7.90642578,0.001240133,0.002364682,7.90766591,7.92602049,0,0.00988303223,1.0356012e+11,3998000,31992004,41215300
dsb-gpu,WK2000_1,37,12382,2000,2000,2000,1999000,512,800,fp32,csr-cluster,csr,0,0,33284,33337,0,0,0.012182995,7.79745605,0.001248805,0.002395754,7.79870486,7.81709772,0,0.00974682007,1.05007376e+11,3998000,31992004,41215300
dsb-gpu,WK2000_1,38,12383,2000,2000,2000,1999000,512,800,fp32,csr-cluster,csr,0,0,33296,33337,0,0,0.012208947,7.82714893,0.001251269,0.002391306,7.82840019,7.84680195,0,0.00978393616,1.04609023e+11,3998000,31992004,41215300
dsb-gpu,WK2000_1,39,12384,2000,2000,2000,1999000,512,800,fp32,csr-cluster,csr,0,0,33335,33337,0,0,0.0123405,7.82441553,0.001248198,0.002382442,7.82566373,7.8442307,0,0.00978051941,1.04645567e+11,3998000,31992004,41215300
dsb-gpu,WK2000_1,40,12385,2000,2000,2000,1999000,512,800,fp32,csr-cluster,csr,0,0,33287,33337,0,0,0.01220258,7.88319043,0.001239653,0.002419755,7.88443008,7.90287422,0,0.00985398804,1.03865358e+11,3998000,31992004,41215300
dsb-gpu,WK2000_1,41,12386,2000,2000,2000,1999000,512,800,fp32,csr-cluster,csr,0,0,33289,33337,0,0,0.012194708,7.80171191,0.001237221,0.002396138,7.80294914,7.82134056,0,0.00975213989,1.04950094e+11,3998000,31992004,41215300
dsb-gpu,WK2000_1,42,12387,2000,2000,2000,1999000,512,800,fp32,csr-cluster,csr,0,0,33294,33337,0,0,0.012189235,7.8742793,0.001254149,0.002386986,7.87553345,7.89391773,0,0.00984284912,1.039829e+11,3998000,31992004,41215300
dsb-gpu,WK2000_1,43,12388,2000,2000,2000,1999000,512,800,fp32,csr-cluster,csr,0,0,33279,33337,0,0,0.012240116,7.83954053,0.00124199,0.002376714,7.84078252,7.85918837,0,0.00979942566,1.04443672e+11,3998000,31992004,41215300
dsb-gpu,WK2000_1,44,12389,2000,2000,2000,1999000,512,800,fp32,csr-cluster,csr,0,0,33292,33337,0,0,0.012205651,7.82461523,0.001240358,0.002382858,7.82585559,7.84424376,0,0.00978076904,1.04642896e+11,3998000,31992004,41215300
dsb-gpu,WK2000_1,45,12390,2000,2000,2000,1999000,512,800,fp32,csr-cluster,csr,0,0,33332,33337,0,0,0.012222868,7.81232275,0.001240101,0.002385418,7.81356285,7.83195564,0,0.00976540344,1.04807549e+11,3998000,31992004,41215300
dsb-gpu,WK2000_1,46,12391,2000,2000,2000,1999000,512,800,fp32,csr-cluster,csr,0,0,33278,33337,0,0,0.012198996,7.85786768,0.001240709,0.00237345,7.85910838,7.87747385,0,0.00982233459,1.04200075e+11,3998000,31992004,41215300
dsb-gpu,WK2000_1,47,12392,2000,2000,2000,1999000,512,800,fp32,csr-cluster,csr,0,0,33287,33337,0,0,0.01223154,7.85127539,0.001263493,0.002839948,7.85253888,7.87145828,0,0.00981409424,1.04287566e+11,3998000,31992004,41215300
dsb-gpu,WK2000_1,48,12393,2000,2000,2000,1999000,512,800,fp32,csr-cluster,csr,0,0,33259,33337,0,0,0.012328084,7.87126025,0.001238149,0.002379914,7.8724984,7.89157641,0,0.00983907532,1.04022783e+11,3998000,31992004,41215300
dsb-gpu,WK2000_1,49,12394,2000,2000,2000,1999000,512,800,fp32,csr-cluster,csr,0,0,33288,33337,0,0,0.012171188,7.89939307,0.001257958,0.002390378,7.90065102,7.9189884,0,0.00987424133,1.03652318e+11,3998000,31992004,41215300
dsb-gpu,WK2000_1,0,12345,2000,2000,2000,1999000,512,800,fp32,block,dense,0,0,33271,33337,0,0,0.018994256,0.619503601,0.000828004,0.002385994,0.620331605,0.654614229,0,0.000774379501,,0,16000000,24195200
dsb-gpu,WK2000_1,1,12346,2000,2000,2000,1999000,512,800,fp32,block,dense,0,0,33273,33337,0,0,0.019434322,0.606878174,0.000801699,0.002959597,0.607679873,0.642952868,0,0.000758597717,,0,16000000,24195200
dsb-gpu,WK2000_1,2,12347,2000,2000,2000,1999000,512,800,fp32,block,dense,0,0,33285,33337,0,0,0.019957845,0.615795837,0.000815747,0.002376202,0.616611584,0.65201233,0,0.000769744797,,0,16000000,24195200
dsb-gpu,WK2000_1,3,12348,2000,2000,2000,1999000,512,800,fp32,block,dense,0,0,33301,33337,0,0,0.019958132,0.607207336,0.000800996,0.002762348,0.608008332,0.643652199,0,0.000759009171,,0,16000000,24195200
dsb-gpu,WK2000_1,4,12349,2000,2000,2000,1999000,512,800,fp32,block,dense,0,0,33335,33337,0,0,0.020007732,0.606143982,0.000796676,0.002397066,0.606940658,0.642353826,0,0.000757679977,,0,16000000,24195200
dsb-gpu,WK2000_1,5,12350,2000,2000,2000,1999000,512,800,fp32,block,dense,0,0,33281,33337,0,0,0.019317362,0.606993591,0.000805604,0.002405034,0.607799195,0.642252833,0,0.000758741989,,0,16000000,24195200
dsb-gpu,WK2000_1,6,12351,2000,2000,2000,1999000,512,800,fp32,block,dense,0,0,33288,33337,0,0,0.019825268,0.601290283,0.000798852,0.002915277,0.602089135,0.637716014,0,0.000751612854,,0,16000000,24195200
dsb-gpu,WK2000_1,7,12352,2000,2000,2000,1999000,512,800,fp32,block,dense,0,0,33294,33337,0,0,0.019324178,0.615449036,0.00080426,0.002345162,0.616253296,0.651196103,0,0.000769311295,,0,16000000,24195200
dsb-gpu,WK2000_1,8,12353,2000,2000,2000,1999000,512,800,fp32,block,dense,0,0,33294,33337,0,0,0.019878996,0.600495728,0.000793475,0.002381738,0.601289203,0.636165735,0,0.000750619659,,0,16000000,24195200
dsb-gpu,WK2000_1,9,12354,2000,2000,2000,1999000,512,800,fp32,block,dense,0,0,33301,33337,0,0,0.019111857,0.619286926,0.000805827,0.002379882,0.620092753,0.654173972,0,0.000774108658,,0,16000000,24195200
dsb-gpu,WK2000_1,10,12355,2000,2000,2000,1999000,512,800,fp32,block,dense,0,0,33273,33337,0,0,0.019254929,0.601878357,0.000802723,0.002788172,0.60268108,0.63734878,0,0.000752347946,,0,16000000,24195200
dsb-gpu,WK2000_1,11,12356,2000,2000,2000,1999000,512,800,fp32,block,dense,0,0,33329,33337,0,0,0.019667987,0.610102905,0.000792003,0.002365194,0.610894908,0.646021873,0,0.000762628632,,0,16000000,24195200
dsb-gpu,WK2000_1,12,12357,2000,2000,2000,1999000,512,800,fp32,block,dense,0,0,33270,33337,0,0,0.019167345,0.603467102,0.000793635,0.002396362,0.604260737,0.638416433,0,0.000754333878,,0,16000000,24195200
dsb-gpu,WK2000_1,13,12358,2000,2000,2000,1999000,512,800,fp32,block,dense,0,0,33280,33337,0,0,0.019037392,0.6125979,0.0007985,0.00238465,0.6133964,0.647553816,0,0.000765747375,,0,16000000,24195200
dsb-gpu,WK2000_1,14,12359,2000,2000,2000,1999000,512,800,fp32,block,dense,0,0,33296,33337,0,0,0.019254449,0.605069397,0.000807043,0.002400714,0.60587644,0.640251608,0,0.000756336746,,0,16000000,24195200
dsb-gpu,WK2000_1,15,12360,2000,2000,2000,1999000,512,800,fp32,block,dense,0,0,33280,33337,0,0,0.020094837,0.623511047,0.000797251,0.002814572,0.624308298,0.659834091,0,0.000779388809,,0,16000000,24195200
dsb-gpu,WK2000_1,16,12361,2000,2000,2000,1999000,512,800,fp32,block,dense,0,0,33296,33337,0,0,0.019039792,0.610131958,0.000792067,0.002386922,0.610924025,0.645349262,0,0.000762664948,,0,16000000,24195200
dsb-gpu,WK2000_1,17,12362,2000,2000,2000,1999000,512,800,fp32,block,dense,0,0,33296,33337,0,0,0.019124945,0.621216492,0.000805859,0.002350826,0.622022351,0.656070716,0,0.000776520615,,0,16000000,24195200
dsb-gpu,WK2000_1,18,12363,2000,2000,2000,1999000,512,800,fp32,block,dense,0,0,33296,33337,0,0,0.019990005,0.604470398,0.000803972,0.002426059,0.60527437,0.640547226,0,0.000755587997,,0,16000000,24195200
dsb-gpu,WK2000_1,19,12364,2000,2000,2000,1999000,512,800,fp32,block,dense,0,0,33270,33337,0,0,0.019232337,0.622772461,0.00079194,0.002461962,0.623564401,0.657957443,0,0.000778465576,,0,16000000,24195200
dsb-gpu,WK2000_1,20,12365,2000,2000,2000,1999000,512,800,fp32,block,dense,0,0,33296,33337,0,0,0.01968002,0.606637939,0.000799875,0.002389898,0.607437814,0.64223296,0,0.000758297424,,0,16000000,24195200
dsb-gpu,WK2000_1,21,12366,2000,2000,2000,1999000,512,800,fp32,block,dense,0,0,33281,33337,0,0,0.019271217,0.622613647,0.000800099,0.002417515,0.623413746,0.657854403,0,0.000778267059,,0,16000000,24195200
dsb-gpu,WK2000_1,22,12367,2000,2000,2000,1999000,512,800,fp32,block,dense,0,0,33265,33337,0,0,0.019998325,0.618006287,0.000797411,0.002800876,0.618803698,0.654176883,0,0.000772507858,,0,16000000,24195200
dsb-gpu,WK2000_1,23,12368,2000,2000,2000,1999000,512,800,fp32,block,dense,0,0,33278,33337,0,0,0.019251985,0.601092041,0.000801379,0.002399498,0.60189342,0.636351432,0,0.000751365051,,0,16000000,24195200
dsb-gpu,WK2000_1,24,12369,2000,2000,2000,1999000,512,800,fp32,block,dense,0,0,33286,33337,0,0,0.019310034,0.615365784,0.000799587,0.002440043,0.616165371,0.650526596,0,0.00076920723,,0,16000000,24195200
dsb-gpu,WK2000_1,25,12370,2000,2000,2000,1999000,512,800,fp32,block,dense,0,0,33304,33337,0,0,0.019327602,0.622986389,0.000795235,0.002353546,0.623781624,0.658048996,0,0.000778732986,,0,16000000,24195200
dsb-gpu,WK2000_1,26,12371,2000,2000,2000,1999000,512,800,fp32,block,dense,0,0,33294,33337,0,0,0.019776596,0.61884198,0.000807556,0.00239857,0.619649536,0.654774006,0,0.000773552475,,0,16000000,24195200
dsb-gpu,WK2000_1,27,12372,2000,2000,2000,1999000,512,800,fp32,block,dense,0,0,33296,33337,0,0,0.01926181,0.612099792,0.000803843,0.002406954,0.612903635,0.647274038,0,0.000765124741,,0,16000000,24195200
dsb-gpu,WK2000_1,28,12373,2000,2000,2000,1999000,512,800,fp32,block,dense,0,0,33296,33337,0,0,0.019872532,0.61953656,0.000814147,0.00242129,0.620350707,0.655193048,0,0.0007744207,,0,16000000,24195200
dsb-gpu,WK2000_1,29,12374,2000,2000,2000,1999000,512,800,fp32,block,dense,0,0,33293,33337,0,0,0.019387826,0.620585815,0.000791683,0.002363402,0.621377498,0.65566921,0,0.000775732269,,0,16000000,24195200
dsb-gpu,WK2000_1,30,12375,2000,2000,2000,1999000,512,800,fp32,block,dense,0,0,33298,33337,0,0,0.019274865,0.615279663,0.000797444,0.002432555,0.616077107,0.650391972,0,0.000769099579,,0,16000000,24195200
dsb-gpu,WK2000_1,31,12376,2000,2000,2000,1999000,512,800,fp32,block,dense,0,0,33277,33337,0,0,0.019228018,0.602854858,0.000805603,0.00296526,0.603660461,0.638599825,0,0.000753568573,,0,16000000,24195200
dsb-gpu,WK2000_1,32,12377,2000,2000,2000,1999000,512,800,fp32,block,dense,0,0,33286,33337,0,0,0.019215345,0.619967346,0.000801507,0.002378026,0.620768853,0.655381752,0,0.000774959183,,0,16000000,24195200
dsb-gpu,WK2000_1,33,12378,2000,2000,2000,1999000,512,800,fp32,block,dense,0,0,33275,33337,0,0,0.019964213,0.621153137,0.000807972,0.002367307,0.621961109,0.656926784,0,0.000776441422,,0,16000000,24195200
dsb-gpu,WK2000_1,34,12379,2000,2000,2000,1999000,512,800,fp32,block,dense,0,0,33267,33337,0,0,0.019136241,0.617891174,0.000796835,0.00241329,0.618688009,0.652825293,0,0.000772363968,,0,16000000,24195200
dsb-gpu,WK2000_1,35,12380,2000,2000,2000,1999000,512,800,fp32,block,dense,0,0,33282,33337,0,0,0.019496979,0.619155396,0.000798691,0.002402538,0.619954087,0.654651605,0,0.000773944244,,0,16000000,24195200
dsb-gpu,WK2000_1,36,12381,2000,2000,2000,1999000,512,800,fp32,block,dense,0,0,33278,33337,0,0,0.01934293,0.604866028,0.0007985,0.002346249,0.605664528,0.639953271,0,0.000756082535,,0,16000000,24195200
dsb-gpu,WK2000_1,37,12382,2000,2000,2000,1999000,512,800,fp32,block,dense,0,0,33296,33337,0,0,0.019940917,0.619041321,0.000797987,0.002423306,0.619839308,0.655093591,0,0.000773801651,,0,16000000,24195200
dsb-gpu,WK2000_1,38,12383,2000,2000,2000,1999000,512,800,fp32,block,dense,0,0,33270,33337,0,0,0.01923205,0.605937012,0.000798339,0.002434506,0.606735351,0.641337309,0,0.000757421265,,0,16000000,24195200
dsb-gpu,WK2000_1,39,12384,2000,2000,2000,1999000,512,800,fp32,block,dense,0,0,33337,33337,1,0,0.019120497,0.603099792,0.000798979,0.002382443,0.603898771,0.638038256,0,0.000753874741,,0,16000000,24195200
dsb-gpu,WK2000_1,40,12385,2000,2000,2000,1999000,512,800,fp32,block,dense,0,0,33281,33337,0,0,0.019859221,0.610430115,0.000793476,0.002421418,0.611223591,0.646318002,0,0.000763037643,,0,16000000,24195200
dsb-gpu,WK2000_1,41,12386,2000,2000,2000,1999000,512,800,fp32,block,dense,0,0,33276,33337,0,0,0.019169009,0.621358032,0.000794307,0.002439562,0.622152339,0.656251068,0,0.00077669754,,0,16000000,24195200
dsb-gpu,WK2000_1,42,12387,2000,2000,2000,1999000,512,800,fp32,block,dense,0,0,33302,33337,0,0,0.019197969,0.615898926,0.000801699,0.002407562,0.616700625,0.650928485,0,0.000769873657,,0,16000000,24195200
dsb-gpu,WK2000_1,43,12388,2000,2000,2000,1999000,512,800,fp32,block,dense,0,0,33282,33337,0,0,0.019240913,0.607462036,0.000803043,0.00242865,0.608265079,0.642533922,0,0.000759327545,,0,16000000,24195200
dsb-gpu,WK2000_1,44,12389,2000,2000,2000,1999000,512,800,fp32,block,dense,0,0,33301,33337,0,0,0.01978754,0.621925659,0.000801123,0.002380938,0.622726782,0.657835939,0,0.000777407074,,0,16000000,24195200
dsb-gpu,WK2000_1,45,12390,2000,2000,2000,1999000,512,800,fp32,block,dense,0,0,33272,33337,0,0,0.019283698,0.618212952,0.000803236,0.002396107,0.619016188,0.653324176,0,0.00077276619,,0,16000000,24195200
dsb-gpu,WK2000_1,46,12391,2000,2000,2000,1999000,512,800,fp32,block,dense,0,0,33296,33337,0,0,0.019193746,0.61169989,0.000806851,0.002424138,0.612506741,0.646884564,0,0.000764624863,,0,16000000,24195200
dsb-gpu,WK2000_1,47,12392,2000,2000,2000,1999000,512,800,fp32,block,dense,0,0,33304,33337,0,0,0.019210705,0.622850098,0.000790915,0.002361098,0.623641013,0.657803714,0,0.000778562622,,0,16000000,24195200
dsb-gpu,WK2000_1,48,12393,2000,2000,2000,1999000,512,800,fp32,block,dense,0,0,33297,33337,0,0,0.019251601,0.621090332,0.000795524,0.002424202,0.621885856,0.65623558,0,0.000776362915,,0,16000000,24195200
dsb-gpu,WK2000_1,49,12394,2000,2000,2000,1999000,512,800,fp32,block,dense,0,0,33332,33337,0,0,0.019249138,0.615997314,0.00079754,0.002398282,0.616794854,0.65096599,0,0.000769996643,,0,16000000,24195200
dsb-gpu,WK2000_1,0,12345,2000,2000,2000,1999000,512,800,fp32,cluster,dense,0,0,33271,33337,0,0,0.019048336,1.66926501,0.000814051,0.002837036,1.67007907,1.705087,0,0.00208658127,,0,16000000,24195200
dsb-gpu,WK2000_1,1,12346,2000,2000,2000,1999000,512,800,fp32,cluster,dense,0,0,33273,33337,0,0,0.020039349,1.67209302,0.000800068,0.002497323,1.67289309,1.7086003,0,0.00209011627,,0,16000000,24195200
dsb-gpu,WK2000_1,2,12347,2000,2000,2000,1999000,512,800,fp32,cluster,dense,0,0,33285,33337,0,0,0.019536659,1.66916101,0.000806308,0.003066093,1.66996732,1.70525398,0,0.00208645126,,0,16000000,24195200
dsb-gpu,WK2000_1,3,12348,2000,2000,2000,1999000,512,800,fp32,cluster,dense,0,0,33301,33337,0,0,0.019760499,1.67274426,0.000809123,0.002931916,1.67355339,1.70937265,0,0.00209093033,,0,16000000,24195200
dsb-gpu,WK2000_1,4,12349,2000,2000,2000,1999000,512,800,fp32,cluster,dense,0,0,33335,33337,0,0,0.019088529,1.66897559,0.000800163,0.002464234,1.66977575,1.70442168,0,0.00208621948,,0,16000000,24195200
dsb-gpu,WK2000_1,5,12350,2000,2000,2000,1999000,512,800,fp32,cluster,dense,0,0,33281,33337,0,0,0.019633683,1.67030322,0.000803011,0.002987053,1.67110623,1.70639737,0,0.00208787903,,0,16000000,24195200
dsb-gpu,WK2000_1,6,12351,2000,2000,2000,1999000,512,800,fp32,cluster,dense,0,0,33288,33337,0,0,0.019756244,1.67051306,0.000794947,0.002484234,1.67130801,1.70671481,0,0.00208814133,,0,16000000,24195200
dsb-gpu,WK2000_1,7,12352,2000,2000,2000,1999000,512,800,fp32,cluster,dense,0,0,33294,33337,0,0,0.019172978,1.6733772,0.000816643,0.002925004,1.67419384,1.70909322,0,0.0020917215,,0,16000000,24195200
dsb-gpu,WK2000_1,8,12353,2000,2000,2000,1999000,512,800,fp32,cluster,dense,0,0,33294,33337,0,0,0.019336434,1.66865759,0.000796867,0.002449674,1.66945446,1.70417768,0,0.00208582199,,0,16000000,24195200
dsb-gpu,WK2000_1,9,12354,2000,2000,2000,1999000,512,800,fp32,cluster,dense,0,0,33301,33337,0,0,0.019188913,1.67158435,0.000802052,0.002469994,1.6723864,1.70669472,0,0.00208948044,,0,16000000,24195200
dsb-gpu,WK2000_1,10,12355,2000,2000,2000,1999000,512,800,fp32,cluster,dense,0,0,33273,33337,0,0,0.019246257,1.66942261,0.000798211,0.002438923,1.67022082,1.70458364,0,0.00208677826,,0,16000000,24195200
dsb-gpu,WK2000_1,11,12356,2000,2000,2000,1999000,512,800,fp32,cluster,dense,0,0,33329,33337,0,0,0.019024464,1.67316345,0.000802403,0.002973421,1.67396586,1.70863287,0,0.00209145432,,0,16000000,24195200
dsb-gpu,WK2000_1,12,12357,2000,2000,2000,1999000,512,800,fp32,cluster,dense,0,0,33270,33337,0,0,0.019874516,1.67356763,0.000800739,0.002428938,1.67436837,1.70980424,0,0.00209195953,,0,16000000,24195200
dsb-gpu,WK2000_1,13,12358,2000,2000,2000,1999000,512,800,fp32,cluster,dense,0,0,33280,33337,0,0,0.019688915,1.6699635,0.000798307,0.00239441,1.67076181,1.70558995,0,0.00208745438,,0,16000000,24195200
dsb-gpu,WK2000_1,14,12359,2000,2000,2000,1999000,512,800,fp32,cluster,dense,0,0,33296,33337,0,0,0.019899604,1.66975867,0.000803268,0.002462058,1.67056193,1.70562975,0,0.00208719833,,0,16000000,24195200
dsb-gpu,WK2000_1,15,12360,2000,2000,2000,1999000,512,800,fp32,cluster,dense,0,0,33280,33337,0,0,0.019294033,1.66900671,0.0008185,0.002423019,1.66982521,1.70426716,0,0.00208625839,,0,16000000,24195200
dsb-gpu,WK2000_1,16,12361,2000,2000,2000,1999000,512,800,fp32,cluster,dense,0,0,33296,33337,0,0,0.019082992,1.66918933,0.000795299,0.002431402,1.66998463,1.7041028,0,0.00208648666,,0,16000000,24195200
dsb-gpu,WK2000_1,17,12362,2000,2000,2000,1999000,512,800,fp32,cluster,dense,0,0,33296,33337,0,0,0.019653396,1.66983948,0.000804643,0.002393994,1.67064412,1.70554806,0,0.00208729935,,0,16000000,24195200
dsb-gpu,WK2000_1,18,12363,2000,2000,2000,1999000,512,800,fp32,cluster,dense,0,0,33296,33337,0,0,0.019146833,1.67310059,0.000806371,0.002460042,1.67390696,1.7082322,0,0.00209137573,,0,16000000,24195200
dsb-gpu,WK2000_1,19,12364,2000,2000,2000,1999000,512,800,fp32,cluster,dense,0,0,33270,33337,0,0,0.019606451,1.67286804,0.00080506,0.002451338,1.6736731,1.70843357,0,0.00209108505,,0,16000000,24195200
dsb-gpu,WK2000_1,20,12365,2000,2000,2000,1999000,512,800,fp32,cluster,dense,0,0,33296,33337,0,0,0.019137073,1.66033167,0.000795971,0.002458378,1.66112764,1.69547173,0,0.00207541458,,0,16000000,24195200
dsb-gpu,WK2000_1,21,12366,2000,2000,2000,1999000,512,800,fp32,cluster,dense,0,0,33281,33337,0,0,0.019285074,1.66883875,0.000803747,0.002464682,1.66964249,1.70414952,0,0.00208604843,,0,16000000,24195200
dsb-gpu,WK2000_1,22,12367,2000,2000,2000,1999000,512,800,fp32,cluster,dense,0,0,33265,33337,0,0,0.019514419,1.66848486,0.000795779,0.002452298,1.66928064,1.70395461,0,0.00208560608,,0,16000000,24195200
dsb-gpu,WK2000_1,23,12368,2000,2000,2000,1999000,512,800,fp32,cluster,dense,0,0,33278,33337,0,0,0.019419666,1.6596886,0.000801475,0.002422506,1.66049007,1.69503365,0,0.00207461075,,0,16000000,24195200
dsb-gpu,WK2000_1,24,12369,2000,2000,2000,1999000,512,800,fp32,cluster,dense,0,0,33286,33337,0,0,0.019843092,1.66998499,0.000796036,0.00247473,1.67078102,1.70584435,0,0.00208748123,,0,16000000,24195200
dsb-gpu,WK2000_1,25,12370,2000,2000,2000,1999000,512,800,fp32,cluster,dense,0,0,33304,33337,0,0,0.019311986,1.66869299,0.00079978,0.002428938,1.66949277,1.70402133,0,0.00208586624,,0,16000000,24195200
dsb-gpu,WK2000_1,26,12371,2000,2000,2000,1999000,512,800,fp32,cluster,dense,0,0,33294,33337,0,0,0.019234705,1.66906982,0.00081514,0.002363082,1.66988496,1.70419474,0,0.00208633728,,0,16000000,24195200
dsb-gpu,WK2000_1,27,12372,2000,2000,2000,1999000,512,800,fp32,cluster,dense,0,0,33296,33337,0,0,0.019772148,1.67294019,0.000794052,0.002456843,1.67373424,1.7086977,0,0.00209117523,,0,16000000,24195200
dsb-gpu,WK2000_1,28,12373,2000,2000,2000,1999000,512,800,fp32,cluster,dense,0,0,33296,33337,0,0,0.019191313,1.67366516,0.000799555,0.002471243,1.67446472,1.70887066,0,0.00209208145,,0,16000000,24195200
dsb-gpu,WK2000_1,29,12374,2000,2000,2000,1999000,512,800,fp32,cluster,dense,0,0,33293,33337,0,0,0.019293234,1.66942627,0.000804484,0.002437034,1.67023075,1.70470687,0,0.00208678284,,0,16000000,24195200
dsb-gpu,WK2000_1,30,12375,2000,2000,2000,1999000,512,800,fp32,cluster,dense,0,0,33298,33337,0,0,0.019294802,1.67175452,0.000794788,0.00247569,1.6725493,1.70704477,0,0.00208969315,,0,16000000,24195200
dsb-gpu,WK2000_1,31,12376,2000,2000,2000,1999000,512,800,fp32,cluster,dense,0,0,33277,33337,0,0,0.019058416,1.67266956,0.000814115,0.002456235,1.67348367,1.70767776,0,0.00209083694,,0,16000000,24195200
dsb-gpu,WK2000_1,32,12377,2000,2000,2000,1999000,512,800,fp32,cluster,dense,0,0,33286,33337,0,0,0.019906901,1.66028528,0.000804772,0.002434506,1.66109005,1.69617714,0,0.0020753566,,0,16000000,24195200
dsb-gpu,WK2000_1,33,12378,2000,2000,2000,1999000,512,800,fp32,cluster,dense,0,0,33275,33337,0,0,0.019180177,1.67140088,0.000795395,0.002438635,1.67219627,1.70672819,0,0.0020892511,,0,16000000,24195200
dsb-gpu,WK2000_1,34,12379,2000,2000,2000,1999000,512,800,fp32,cluster,dense,0,0,33267,33337,0,0,0.019091985,1.66887195,0.000807171,0.002453386,1.66967912,1.70411032,0,0.00208608994,,0,16000000,24195200
dsb-gpu,WK2000_1,35,12380,2000,2000,2000,1999000,512,800,fp32,cluster,dense,0,0,33282,33337,0,0,0.019487378,1.67316699,0.000804932,0.002470699,1.67397192,1.70896148,0,0.00209145874,,0,16000000,24195200
dsb-gpu,WK2000_1,36,12381,2000,2000,2000,1999000,512,800,fp32,cluster,dense,0,0,33278,33337,0,0,0.019532146,1.6697356,0.000800803,0.002438635,1.6705364,1.70529263,0,0.00208716949,,0,16000000,24195200
dsb-gpu,WK2000_1,37,12382,2000,2000,2000,1999000,512,800,fp32,cluster,dense,0,0,33296,33337,0,0,0.0198133,1.67317126,0.000804643,0.002464427,1.67397591,1.70888986,0,0.00209146408,,0,16000000,24195200
dsb-gpu,WK2000_1,38,12383,2000,2000,2000,1999000,512,800,fp32,cluster,dense,0,0,33270,33337,0,0,0.019906804,1.66820337,0.000802563,0.002394922,1.66900593,1.70421711,0,0.00208525421,,0,16000000,24195200
dsb-gpu,WK2000_1,39,12384,2000,2000,2000,1999000,512,800,fp32,cluster,dense,0,0,33337,33337,1,0,0.019273041,1.67238623,0.000815491,0.002462314,1.67320172,1.70765882,0,0.00209048279,,0,16000000,24195200
dsb-gpu,WK2000_1,40,12385,2000,2000,2000,1999000,512,800,fp32,cluster,dense,0,0,33281,33337,0,0,0.019866196,1.67331677,0.000804611,0.002472011,1.67412138,1.70927505,0,0.00209164597,,0,16000000,24195200
dsb-gpu,WK2000_1,41,12386,2000,2000,2000,1999000,512,800,fp32,cluster,dense,0,0,33276,33337,0,0,0.019036849,1.67278906,0.000794691,0.002472586,1.67358375,1.70784602,0,0.00209098633,,0,16000000,24195200
dsb-gpu,WK2000_1,42,12387,2000,2000,2000,1999000,512,800,fp32,cluster,dense,0,0,33302,33337,0,0,0.019778228,1.67085474,0.000790499,0.002456874,1.67164524,1.70647542,0,0.00208856842,,0,16000000,24195200
dsb-gpu,WK2000_1,43,12388,2000,2000,2000,1999000,512,800,fp32,cluster,dense,0,0,33282,33337,0,0,0.01950805,1.65864539,0.000806531,0.002469483,1.65945192,1.69415108,0,0.00207330673,,0,16000000,24195200
dsb-gpu,WK2000_1,44,12389,2000,2000,2000,1999000,512,800,fp32,cluster,dense,0,0,33301,33337,0,0,0.01946149,1.65982178,0.000811332,0.002451531,1.66063311,1.69525259,0,0.00207477722,,0,16000000,24195200
dsb-gpu,WK2000_1,45,12390,2000,2000,2000,1999000,512,800,fp32,cluster,dense,0,0,33272,33337,0,0,0.019664883,1.67198633,0.000798244,0.002477258,1.67278457,1.70765603,0,0.00208998291,,0,16000000,24195200
dsb-gpu,WK2000_1,46,12391,2000,2000,2000,1999000,512,800,fp32,cluster,dense,0,0,33296,33337,0,0,0.019230353,1.66995203,0.000800419,0.002394315,1.67075245,1.70517142,0,0.00208744003,,0,16000000,24195200
dsb-gpu,WK2000_1,47,12392,2000,2000,2000,1999000,512,800,fp32,cluster,dense,0,0,33304,33337,0,0,0.019218641,1.67299585,0.000796419,0.002448171,1.67379227,1.70823242,0,0.00209124481,,0,16000000,24195200
dsb-gpu,WK2000_1,48,12393,2000,2000,2000,1999000,512,800,fp32,cluster,dense,0,0,33297,33337,0,0,0.019727508,1.66944556,0.000797796,0.002451914,1.67024335,1.70518537,0,0.00208680695,,0,16000000,24195200
dsb-gpu,WK2000_1,49,12394,2000,2000,2000,1999000,512,800,fp32,cluster,dense,0,0,33332,33337,0,0,0.019635603,1.66086621,0.000803748,0.002980589,1.66166996,1.69713893,0,0.00207608276,,0,16000000,24195200
dsb-gpu,WK2000_1,0,12345,2000,2000,2000,1999000,512,800,fp32,global-sync,dense,0,0,33271,33337,0,0,0.019959796,7.36429297,0.000818627,0.003014157,7.3651116,7.40162233,0,0.00920536621,,0,16000000,28291200
dsb-gpu,WK2000_1,1,12346,2000,2000,2000,1999000,512,800,fp32,global-sync,dense,0,0,33273,33337,0,0,0.020632631,7.35229541,0.000832643,0.003024909,7.35312805,7.39030181,0,0.00919036926,,0,16000000,28291200
dsb-gpu,WK2000_1,2,12347,2000,2000,2000,1999000,512,800,fp32,global-sync,dense,0,0,33285,33337,0,0,0.020098389,7.36495703,0.000823076,0.003043821,7.36578011,7.40215334,0,0.00920619629,,0,16000000,28291200
dsb-gpu,WK2000_1,3,12348,2000,2000,2000,1999000,512,800,fp32,global-sync,dense,0,0,33301,33337,0,0,0.020667576,7.35467432,0.000804707,0.002977292,7.35547902,7.39238661,0,0.0091933429,,0,16000000,28291200
dsb-gpu,WK2000_1,4,12349,2000,2000,2000,1999000,512,800,fp32,global-sync,dense,0,0,33335,33337,0,0,0.019838196,7.36549463,0.000801475,0.002503819,7.3662961,7.40196822,0,0.00920686829,,0,16000000,28291200
dsb-gpu,WK2000_1,5,12350,2000,2000,2000,1999000,512,800,fp32,global-sync,dense,0,0,33281,33337,0,0,0.019997428,7.35441357,0.000798755,0.002422698,7.35521233,7.39076418,0,0.00919301697,,0,16000000,28291200
dsb-gpu,WK2000_1,6,12351,2000,2000,2000,1999000,512,800,fp32,global-sync,dense,0,0,33288,33337,0,0,0.019874229,7.36137988,0.000809316,0.003044845,7.3621892,7.39801297,0,0.00920172485,,0,16000000,28291200
dsb-gpu,WK2000_1,7,12352,2000,2000,2000,1999000,512,800,fp32,global-sync,dense,0,0,33294,33337,0,0,0.020007893,7.35615186,0.000831107,0.002900204,7.35698296,7.39340671,0,0.00919518982,,0,16000000,28291200
dsb-gpu,WK2000_1,8,12353,2000,2000,2000,1999000,512,800,fp32,global-sync,dense,0,0,33294,33337,0,0,0.019964405,7.36728809,0.000810275,0.002472714,7.36809836,7.40401246,0,0.00920911011,,0,16000000,28291200
dsb-gpu,WK2000_1,9,12354,2000,2000,2000,1999000,512,800,fp32,global-sync,dense,0,0,33301,33337,0,0,0.01985138,7.35067139,0.000803011,0.002497291,7.3514744,7.38684259,0,0.00918833923,,0,16000000,28291200
dsb-gpu,WK2000_1,10,12355,2000,2000,2000,1999000,512,800,fp32,global-sync,dense,0,0,33273,33337,0,0,0.020006644,7.36547852,0.000809028,0.002515339,7.36628754,7.40205859,0,0.00920684814,,0,16000000,28291200
dsb-gpu,WK2000_1,11,12356,2000,2000,2000,1999000,512,800,fp32,global-sync,dense,0,0,33329,33337,0,0,0.019999381,7.35717432,0.000815011,0.00249521,7.35798933,7.39348483,0,0.0091964679,,0,16000000,28291200
dsb-gpu,WK2000_1,12,12357,2000,2000,2000,1999000,512,800,fp32,global-sync,dense,0,0,33270,33337,0,0,0.019930549,7.36866016,0.000808644,0.002496619,7.3694688,7.40507345,0,0.0092108252,,0,16000000,28291200
dsb-gpu,WK2000_1,13,12358,2000,2000,2000,1999000,512,800,fp32,global-sync,dense,0,0,33280,33337,0,0,0.020589527,7.35429492,0.000803043,0.00242577,7.35509796,7.39120238,0,0.00919286865,,0,16000000,28291200
dsb-gpu,WK2000_1,14,12359,2000,2000,2000,1999000,512,800,fp32,global-sync,dense,0,0,33296,33337,0,0,0.019975925,7.36677637,0.000806755,0.002481675,7.36758312,7.40319236,0,0.00920847046,,0,16000000,28291200
dsb-gpu,WK2000_1,15,12360,2000,2000,2000,1999000,512,800,fp32,global-sync,dense,0,0,33280,33337,0,0,0.020134997,7.35768311,0.000804676,0.002466763,7.35848778,7.39410537,0,0.00919710388,,0,16000000,28291200
dsb-gpu,WK2000_1,16,12361,2000,2000,2000,1999000,512,800,fp32,global-sync,dense,0,0,33296,33337,0,0,0.020026741,7.3620957,0.000805507,0.002496811,7.36290121,7.39851797,0,0.00920261963,,0,16000000,28291200
dsb-gpu,WK2000_1,17,12362,2000,2000,2000,1999000,512,800,fp32,global-sync,dense,0,0,33296,33337,0,0,0.020120533,7.3546001,0.000799907,0.00247217,7.3554,7.39108859,0,0.00919325012,,0,16000000,28291200
dsb-gpu,WK2000_1,18,12363,2000,2000,2000,1999000,512,800,fp32,global-sync,dense,0,0,33296,33337,0,0,0.019982133,7.36453809,0.000811396,0.002473802,7.36534948,7.40105983,0,0.00920567261,,0,16000000,28291200
dsb-gpu,WK2000_1,19,12364,2000,2000,2000,1999000,512,800,fp32,global-sync,dense,0,0,33270,33337,0,0,0.020038485,7.3525542,0.000805859,0.002515787,7.35336006,7.38921322,0,0.00919069275,,0,16000000,28291200
dsb-gpu,WK2000_1,20,12365,2000,2000,2000,1999000,512,800,fp32,global-sync,dense,0,0,33296,33337,0,0,0.020085525,7.36453076,0.000814723,0.00250049,7.36534548,7.40136076,0,0.00920566345,,0,16000000,28291200
dsb-gpu,WK2000_1,21,12366,2000,2000,2000,1999000,512,800,fp32,global-sync,dense,0,0,33281,33337,0,0,0.020134101,7.3566377,0.000802755,0.002368778,7.35744045,7.39317945,0,0.00919579712,,0,16000000,28291200
dsb-gpu,WK2000_1,22,12367,2000,2000,2000,1999000,512,800,fp32,global-sync,dense,0,0,33265,33337,0,0,0.020146134,7.36377148,0.00081642,0.002477547,7.3645879,7.40042172,0,0.00920471436,,0,16000000,28291200
dsb-gpu,WK2000_1,23,12368,2000,2000,2000,1999000,512,800,fp32,global-sync,dense,0,0,33278,33337,0,0,0.020709943,7.35306104,0.000805955,0.002483658,7.35386699,7.39011496,0,0.00919132629,,0,16000000,28291200
dsb-gpu,WK2000_1,24,12369,2000,2000,2000,1999000,512,800,fp32,global-sync,dense,0,0,33286,33337,0,0,0.020164597,7.36248926,0.000819235,0.002484778,7.36330849,7.39905455,0,0.00920311157,,0,16000000,28291200
dsb-gpu,WK2000_1,25,12370,2000,2000,2000,1999000,512,800,fp32,global-sync,dense,0,0,33304,33337,0,0,0.020137877,7.35751953,0.000810723,0.002388714,7.35833025,7.3939655,0,0.00919689941,,0,16000000,28291200
dsb-gpu,WK2000_1,26,12371,2000,2000,2000,1999000,512,800,fp32,global-sync,dense,0,0,33294,33337,0,0,0.02091564,7.36489355,0.000813923,0.002489226,7.36570748,7.40234624,0,0.00920611694,,0,16000000,28291200
dsb-gpu,WK2000_1,27,12372,2000,2000,2000,1999000,512,800,fp32,global-sync,dense,0,0,33296,33337,0,0,0.020503447,7.35594678,0.000808804,0.002472267,7.35675558,7.39283695,0,0.00919493347,,0,16000000,28291200
dsb-gpu,WK2000_1,28,12373,2000,2000,2000,1999000,512,800,fp32,global-sync,dense,0,0,33296,33337,0,0,0.020126453,7.36466895,0.000813411,0.00250977,7.36548236,7.40120025,0,0.00920583618,,0,16000000,28291200
dsb-gpu,WK2000_1,29,12374,2000,2000,2000,1999000,512,800,fp32,global-sync,dense,0,0,33293,33337,0,0,0.020205045,7.35569238,0.0008033,0.002401514,7.35649568,7.39229458,0,0.00919461548,,0,16000000,28291200
dsb-gpu,WK2000_1,30,12375,2000,2000,2000,1999000,512,800,fp32,global-sync,dense,0,0,33298,33337,0,0,0.020470775,7.36134131,0.000801891,0.002482026,7.3621432,7.39824197,0,0.00920167664,,0,16000000,28291200
dsb-gpu,WK2000_1,31,12376,2000,2000,2000,1999000,512,800,fp32,global-sync,dense,0,0,33277,33337,0,0,0.020431159,7.35497705,0.000798628,0.002493003,7.35577568,7.39179672,0,0.00919372131,,0,16000000,28291200
dsb-gpu,WK2000_1,32,12377,2000,2000,2000,1999000,512,800,fp32,global-sync,dense,0,0,33286,33337,0,0,0.020147158,7.36247461,0.000809347,0.002498123,7.36328396,7.39919119,0,0.00920309326,,0,16000000,28291200
dsb-gpu,WK2000_1,33,12378,2000,2000,2000,1999000,512,800,fp32,global-sync,dense,0,0,33275,33337,0,0,0.020174197,7.35562305,0.00080586,0.00238433,7.35642891,7.39229413,0,0.00919452881,,0,16000000,28291200
dsb-gpu,WK2000_1,34,12379,2000,2000,2000,1999000,512,800,fp32,global-sync,dense,0,0,33267,33337,0,0,0.020188182,7.36381201,0.000803491,0.002452426,7.3646155,7.40051794,0,0.00920476501,,0,16000000,28291200
dsb-gpu,WK2000_1,35,12380,2000,2000,2000,1999000,512,800,fp32,global-sync,dense,0,0,33282,33337,0,0,0.020140406,7.35377979,0.000814404,0.002456458,7.35459419,7.39032718,0,0.00919222473,,0,16000000,28291200
dsb-gpu,WK2000_1,36,12381,2000,2000,2000,1999000,512,800,fp32,global-sync,dense,0,0,33278,33337,0,0,0.020762167,7.36254346,0.000816195,0.002428842,7.36335965,7.39997372,0,0.00920317932,,0,16000000,28291200
dsb-gpu,WK2000_1,37,12382,2000,2000,2000,1999000,512,800,fp32,global-sync,dense,0,0,33296,33337,0,0,0.020895993,7.35328516,0.000805924,0.002406411,7.35409108,7.39079816,0,0.00919160645,,0,16000000,28291200
dsb-gpu,WK2000_1,38,12383,2000,2000,2000,1999000,512,800,fp32,global-sync,dense,0,0,33270,33337,0,0,0.020235798,7.36169629,0.000807908,0.002395338,7.3625042,7.39849086,0,0.00920212036,,0,16000000,28291200
dsb-gpu,WK2000_1,39,12384,2000,2000,2000,1999000,512,800,fp32,global-sync,dense,0,0,33337,33337,1,0,0.020244086,7.35408105,0.000804483,0.002449611,7.35488554,7.39083154,0,0.00919260132,,0,16000000,28291200
dsb-gpu,WK2000_1,40,12385,2000,2000,2000,1999000,512,800,fp32,global-sync,dense,0,0,33281,33337,0,0,0.020215926,7.36454834,0.000809411,0.002464939,7.36535775,7.40110678,0,0.00920568542,,0,16000000,28291200
dsb-gpu,WK2000_1,41,12386,2000,2000,2000,1999000,512,800,fp32,global-sync,dense,0,0,33276,33337,0,0,0.02076316,7.35774707,0.000801059,0.002407786,7.35854813,7.39485731,0,0.00919718384,,0,16000000,28291200
dsb-gpu,WK2000_1,42,12387,2000,2000,2000,1999000,512,800,fp32,global-sync,dense,0,0,33302,33337,0,0,0.020104726,7.36394336,0.00080138,0.002478219,7.36474474,7.40053686,0,0.0092049292,,0,16000000,28291200
dsb-gpu,WK2000_1,43,12388,2000,2000,2000,1999000,512,800,fp32,global-sync,dense,0,0,33282,33337,0,0,0.020307574,7.35551758,0.000809987,0.002398602,7.35632757,7.39219218,0,0.00919439697,,0,16000000,28291200
dsb-gpu,WK2000_1,44,12389,2000,2000,2000,1999000,512,800,fp32,global-sync,dense,0,0,33301,33337,0,0,0.020262902,7.36600684,0.000811267,0.002458219,7.3668181,7.40297997,0,0.00920750854,,0,16000000,28291200
dsb-gpu,WK2000_1,45,12390,2000,2000,2000,1999000,512,800,fp32,global-sync,dense,0,0,33272,33337,0,0,0.02066284,7.35573633,0.000812804,0.002495659,7.35654913,7.3931527,0,0.00919467041,,0,16000000,28291200
dsb-gpu,WK2000_1,46,12391,2000,2000,2000,1999000,512,800,fp32,global-sync,dense,0,0,33296,33337,0,0,0.020602359,7.36557422,0.000799844,0.002449707,7.36637406,7.40271319,0,0.00920696777,,0,16000000,28291200
dsb-gpu,WK2000_1,47,12392,2000,2000,2000,1999000,512,800,fp32,global-sync,dense,0,0,33304,33337,0,0,0.020386934,7.35628174,0.000804324,0.002463594,7.35708606,7.39305993,0,0.00919535217,,0,16000000,28291200
dsb-gpu,WK2000_1,48,12393,2000,2000,2000,1999000,512,800,fp32,global-sync,dense,0,0,33297,33337,0,0,0.020279989,7.36450488,0.000816324,0.002457419,7.36532121,7.40120956,0,0.0092056311,,0,16000000,28291200
dsb-gpu,WK2000_1,49,12394,2000,2000,2000,1999000,512,800,fp32,global-sync,dense,0,0,33332,33337,0,0,0.020879128,7.35503027,0.000803684,0.002356554,7.35583396,7.39226719,0,0.00919378784,,0,16000000,28291200
dsb-gpu,WK2000_1,0,12345,2000,2000,2000,1999000,512,800,fp32,gemm,dense,0,0,33271,33337,0,0,0.019289138,0.0221262722,0.000791268,0.002344042,0.0229175402,0.072854484,0,2.76578403e-05,,0,16000000,36581504
dsb-gpu,WK2000_1,1,12346,2000,2000,2000,1999000,512,800,fp32,gemm,dense,0,0,33273,33337,0,0,0.019247921,0.0224212151,0.000818212,0.002378858,0.0232394271,0.072948917,0,2.80265188e-05,,0,16000000,36581504
dsb-gpu,WK2000_1,2,12347,2000,2000,2000,1999000,512,800,fp32,gemm,dense,0,0,33285,33337,0,0,0.020006261,0.0221232319,0.000781635,0.002389802,0.0229048669,0.073397911,0,2.76540399e-05,,0,16000000,36581504
dsb-gpu,WK2000_1,3,12348,2000,2000,2000,1999000,512,800,fp32,gemm,dense,0,0,33301,33337,0,0,0.020025749,0.0223865604,0.000790628,0.002390762,0.0231771884,0.073850521,0,2.79832006e-05,,0,16000000,36581504
dsb-gpu,WK2000_1,4,12349,2000,2000,2000,1999000,512,800,fp32,gemm,dense,0,0,33335,33337,0,0,0.019316338,0.0221298561,0.000789635,0.002363626,0.0229194911,0.072862293,0,2.76623201e-05,,0,16000000,36581504
dsb-gpu,WK2000_1,5,12350,2000,2000,2000,1999000,512,800,fp32,gemm,dense,0,0,33281,33337,0,0,0.01932181,0.0223915844,0.000795907,0.002456778,0.0231874914,0.07318799,0,2.79894805e-05,,0,16000000,36581504
dsb-gpu,WK2000_1,6,12351,2000,2000,2000,1999000,512,800,fp32,gemm,dense,0,0,33288,33337,0,0,0.019358866,0.0216991043,0.000782563,0.002361674,0.0224816673,0.072546675,0,2.71238804e-05,,0,16000000,36581504
dsb-gpu,WK2000_1,7,12352,2000,2000,2000,1999000,512,800,fp32,gemm,dense,0,0,33294,33337,0,0,0.019985685,0.0219825592,0.000782787,0.00236561,0.0227653462,0.073024853,0,2.7478199e-05,,0,16000000,36581504
dsb-gpu,WK2000_1,8,12353,2000,2000,2000,1999000,512,800,fp32,gemm,dense,0,0,33294,33337,0,0,0.019351922,0.0216863365,0.000775843,0.00235953,0.0224621795,0.072160785,0,2.71079206e-05,,0,16000000,36581504
dsb-gpu,WK2000_1,9,12354,2000,2000,2000,1999000,512,800,fp32,gemm,dense,0,0,33301,33337,0,0,0.019167506,0.0219852161,0.000788547,0.00236257,0.0227737631,0.072285042,0,2.74815202e-05,,0,16000000,36581504
dsb-gpu,WK2000_1,10,12355,2000,2000,2000,1999000,512,800,fp32,gemm,dense,0,0,33273,33337,0,0,0.020553303,0.0216670723,0.000796259,0.002368906,0.0224633313,0.073823833,0,2.70838404e-05,,0,16000000,36581504
dsb-gpu,WK2000_1,11,12356,2000,2000,2000,1999000,512,800,fp32,gemm,dense,0,0,33329,33337,0,0,0.019286578,0.0219440002,0.0007833,0.00236561,0.0227273002,0.072526995,0,2.74300003e-05,,0,16000000,36581504
dsb-gpu,WK2000_1,12,12357,2000,2000,2000,1999000,512,800,fp32,gemm,dense,0,0,33270,33337,0,0,0.019279922,0.0216577282,0.000793571,0.00235393,0.0224512992,0.072358002,0,2.70721602e-05,,0,16000000,36581504
dsb-gpu,WK2000_1,13,12358,2000,2000,2000,1999000,512,800,fp32,gemm,dense,0,0,33280,33337,0,0,0.019565715,0.0219521923,0.000790691,0.002379626,0.0227428833,0.072999861,0,2.74402404e-05,,0,16000000,36581504
dsb-gpu,WK2000_1,14,12359,2000,2000,2000,1999000,512,800,fp32,gemm,dense,0,0,33296,33337,0,0,0.019319698,0.0216842232,0.000785252,0.002375978,0.0224694752,0.072282994,0,2.7105279e-05,,0,16000000,36581504
dsb-gpu,WK2000_1,15,12360,2000,2000,2000,1999000,512,800,fp32,gemm,dense,0,0,33280,33337,0,0,0.019329074,0.0219487038,0.000795267,0.002809068,0.0227439708,0.073997881,0,2.74358797e-05,,0,16000000,36581504
dsb-gpu,WK2000_1,16,12361,2000,2000,2000,1999000,512,800,fp32,gemm,dense,0,0,33296,33337,0,0,0.019273938,0.0216725445,0.000784003,0.002378122,0.0224565475,0.07208149,0,2.70906806e-05,,0,16000000,36581504
dsb-gpu,WK2000_1,17,12362,2000,2000,2000,1999000,512,800,fp32,gemm,dense,0,0,33296,33337,0,0,0.020127765,0.0219124794,0.000819459,0.002337386,0.0227319384,0.073185462,0,2.73905993e-05,,0,16000000,36581504
dsb-gpu,WK2000_1,18,12363,2000,2000,2000,1999000,512,800,fp32,gemm,dense,0,0,33296,33337,0,0,0.019301362,0.0216729279,0.000788836,0.002352298,0.0224617639,0.072125682,0,2.70911598e-05,,0,16000000,36581504
dsb-gpu,WK2000_1,19,12364,2000,2000,2000,1999000,512,800,fp32,gemm,dense,0,0,33270,33337,0,0,0.019350994,0.0219514561,0.000787363,0.00236705,0.0227388191,0.072482131,0,2.74393201e-05,,0,16000000,36581504
dsb-gpu,WK2000_1,20,12365,2000,2000,2000,1999000,512,800,fp32,gemm,dense,0,0,33296,33337,0,0,0.019907317,0.0216841927,0.000779587,0.002358794,0.0224637797,0.072494996,0,2.71052408e-05,,0,16000000,36581504
dsb-gpu,WK2000_1,21,12366,2000,2000,2000,1999000,512,800,fp32,gemm,dense,0,0,33281,33337,0,0,0.020000436,0.0219132481,0.000787587,0.002370346,0.0227008351,0.073212182,0,2.73915601e-05,,0,16000000,36581504
dsb-gpu,WK2000_1,22,12367,2000,2000,2000,1999000,512,800,fp32,gemm,dense,0,0,33265,33337,0,0,0.019295922,0.0216600647,0.000789411,0.00237665,0.0224494757,0.072018097,0,2.70750809e-05,,0,16000000,36581504
dsb-gpu,WK2000_1,23,12368,2000,2000,2000,1999000,512,800,fp32,gemm,dense,0,0,33278,33337,0,0,0.019290034,0.0219352322,0.000790435,0.00236321,0.0227256672,0.072443346,0,2.74190402e-05,,0,16000000,36581504
dsb-gpu,WK2000_1,24,12369,2000,2000,2000,1999000,512,800,fp32,gemm,dense,0,0,33286,33337,0,0,0.019797588,0.0216734715,0.000787652,0.002375626,0.0224611235,0.072813332,0,2.70918393e-05,,0,16000000,36581504
dsb-gpu,WK2000_1,25,12370,2000,2000,2000,1999000,512,800,fp32,gemm,dense,0,0,33304,33337,0,0,0.019894836,0.0219647369,0.000787683,0.002379978,0.0227524199,0.073032086,0,2.74559212e-05,,0,16000000,36581504
dsb-gpu,WK2000_1,26,12371,2000,2000,2000,1999000,512,800,fp32,gemm,dense,0,0,33294,33337,0,0,0.019316241,0.0216736317,0.000784484,0.002364298,0.0224581157,0.072195762,0,2.70920396e-05,,0,16000000,36581504
dsb-gpu,WK2000_1,27,12372,2000,2000,2000,1999000,512,800,fp32,gemm,dense,0,0,33296,33337,0,0,0.019317682,0.0219431038,0.000819139,0.002387402,0.0227622428,0.072809269,0,2.74288797e-05,,0,16000000,36581504
dsb-gpu,WK2000_1,28,12373,2000,2000,2000,1999000,512,800,fp32,gemm,dense,0,0,33296,33337,0,0,0.019485266,0.021619648,0.000791491,0.002797484,0.022411139,0.072802005,0,2.702456e-05,,0,16000000,36581504
dsb-gpu,WK2000_1,29,12374,2000,2000,2000,1999000,512,800,fp32,gemm,dense,0,0,33293,33337,0,0,0.01933957,0.0219496632,0.000779619,0.002367018,0.0227292822,0.072747764,0,2.7437079e-05,,0,16000000,36581504
dsb-gpu,WK2000_1,30,12375,2000,2000,2000,1999000,512,800,fp32,gemm,dense,0,0,33298,33337,0,0,0.019268914,0.0216805439,0.000787523,0.002367434,0.0224680669,0.072126418,0,2.71006799e-05,,0,16000000,36581504
dsb-gpu,WK2000_1,31,12376,2000,2000,2000,1999000,512,800,fp32,gemm,dense,0,0,33277,33337,0,0,0.019303314,0.0219569607,0.000781444,0.002388714,0.0227384047,0.072559731,0,2.74462008e-05,,0,16000000,36581504
dsb-gpu,WK2000_1,32,12377,2000,2000,2000,1999000,512,800,fp32,gemm,dense,0,0,33286,33337,0,0,0.019264497,0.0216663036,0.000783812,0.002385386,0.0224501156,0.072516019,0,2.70828795e-05,,0,16000000,36581504
dsb-gpu,WK2000_1,33,12378,2000,2000,2000,1999000,512,800,fp32,gemm,dense,0,0,33275,33337,0,0,0.019950132,0.0219609604,0.000780323,0.002361514,0.0227412834,0.073125398,0,2.74512005e-05,,0,16000000,36581504
dsb-gpu,WK2000_1,34,12379,2000,2000,2000,1999000,512,800,fp32,gemm,dense,0,0,33267,33337,0,0,0.01929893,0.0216623039,0.000783748,0.002383722,0.0224460519,0.072167154,0,2.70778799e-05,,0,16000000,36581504
dsb-gpu,WK2000_1,35,12380,2000,2000,2000,1999000,512,800,fp32,gemm,dense,0,0,33282,33337,0,0,0.019318194,0.0219333763,0.000791299,0.002379914,0.0227246753,0.072791125,0,2.74167204e-05,,0,16000000,36581504
dsb-gpu,WK2000_1,36,12381,2000,2000,2000,1999000,512,800,fp32,gemm,dense,0,0,33278,33337,0,0,0.019456882,0.0216577606,0.000785156,0.002351146,0.0224429166,0.072290674,0,2.70722008e-05,,0,16000000,36581504
dsb-gpu,WK2000_1,37,12382,2000,2000,2000,1999000,512,800,fp32,gemm,dense,0,0,33296,33337,0,0,0.019372338,0.0219473915,0.00080122,0.002372234,0.0227486115,0.072463635,0,2.74342394e-05,,0,16000000,36581504
dsb-gpu,WK2000_1,38,12383,2000,2000,2000,1999000,512,800,fp32,gemm,dense,0,0,33270,33337,0,0,0.019360083,0.0216604481,0.000783875,0.002349834,0.0224443231,0.07240677,0,2.70755601e-05,,0,16000000,36581504
dsb-gpu,WK2000_1,39,12384,2000,2000,2000,1999000,512,800,fp32,gemm,dense,0,0,33337,33337,1,0,0.019208498,0.0219487362,0.000795395,0.002353418,0.0227441312,0.072753684,0,2.74359202e-05,,0,16000000,36581504
dsb-gpu,WK2000_1,40,12385,2000,2000,2000,1999000,512,800,fp32,gemm,dense,0,0,33281,33337,0,0,0.01938373,0.0216780472,0.000785347,0.002373035,0.0224633942,0.072327187,0,2.7097559e-05,,0,16000000,36581504
dsb-gpu,WK2000_1,41,12386,2000,2000,2000,1999000,512,800,fp32,gemm,dense,0,0,33276,33337,0,0,0.019517554,0.0219333115,0.000788771,0.00236193,0.0227220825,0.072666772,0,2.74166393e-05,,0,16000000,36581504
dsb-gpu,WK2000_1,42,12387,2000,2000,2000,1999000,512,800,fp32,gemm,dense,0,0,33302,33337,0,0,0.019294834,0.0216751995,0.000793092,0.002354922,0.0224682915,0.072304146,0,2.70939994e-05,,0,16000000,36581504
dsb-gpu,WK2000_1,43,12388,2000,2000,2000,1999000,512,800,fp32,gemm,dense,0,0,33282,33337,0,0,0.019438226,0.0219601593,0.000803779,0.002371338,0.0227639383,0.07257154,0,2.74501991e-05,,0,16000000,36581504
dsb-gpu,WK2000_1,44,12389,2000,2000,2000,1999000,512,800,fp32,gemm,dense,0,0,33301,33337,0,0,0.019927476,0.0216766071,0.000787203,0.002387594,0.0224638101,0.072872021,0,2.70957589e-05,,0,16000000,36581504
dsb-gpu,WK2000_1,45,12390,2000,2000,2000,1999000,512,800,fp32,gemm,dense,0,0,33272,33337,0,0,0.019358802,0.0219447994,0.000791043,0.00237457,0.0227358424,0.072614228,0,2.74309993e-05,,0,16000000,36581504
dsb-gpu,WK2000_1,46,12391,2000,2000,2000,1999000,512,800,fp32,gemm,dense,0,0,33296,33337,0,0,0.019852948,0.0216672001,0.000786627,0.002370666,0.0224538271,0.072490867,0,2.70840001e-05,,0,16000000,36581504
dsb-gpu,WK2000_1,47,12392,2000,2000,2000,1999000,512,800,fp32,gemm,dense,0,0,33304,33337,0,0,0.019844372,0.0219619198,0.000787811,0.002368394,0.0227497308,0.072798869,0,2.74523997e-05,,0,16000000,36581504
dsb-gpu,WK2000_1,48,12393,2000,2000,2000,1999000,512,800,fp32,gemm,dense,0,0,33297,33337,0,0,0.019898292,0.0216792316,0.000780132,0.00237761,0.0224593636,0.072737044,0,2.70990396e-05,,0,16000000,36581504
dsb-gpu,WK2000_1,49,12394,2000,2000,2000,1999000,512,800,fp32,gemm,dense,0,0,33332,33337,0,0,0.019898932,0.0218975353,0.000799011,0.002462154,0.0226965463,0.073105142,0,2.73719192e-05,,0,16000000,36581504
dsb-gpu,WK2000_1,0,12345,2000,2000,2000,1999000,512,800,fp32,gemm-notf32,dense,0,0,33271,33337,0,0,0.019561811,0.0890588837,0.000803011,0.00234705,0.0898618947,0.138636363,0,0.000111323605,,0,16000000,36581504
dsb-gpu,WK2000_1,1,12346,2000,2000,2000,1999000,512,800,fp32,gemm-notf32,dense,0,0,33273,33337,0,0,0.019299058,0.089937149,0.000786307,0.002374698,0.090723456,0.139414318,0,0.000112421436,,0,16000000,36581504
dsb-gpu,WK2000_1,2,12347,2000,2000,2000,1999000,512,800,fp32,gemm-notf32,dense,0,0,33285,33337,0,0,0.019519155,0.0890359344,0.000795811,0.002392682,0.0898317454,0.138227914,0,0.000111294918,,0,16000000,36581504
dsb-gpu,WK2000_1,3,12348,2000,2000,2000,1999000,512,800,fp32,gemm-notf32,dense,0,0,33301,33337,0,0,0.019473843,0.0898892517,0.00079946,0.00238561,0.0906887117,0.139375759,0,0.000112361565,,0,16000000,36581504
dsb-gpu,WK2000_1,4,12349,2000,2000,2000,1999000,512,800,fp32,gemm-notf32,dense,0,0,33335,33337,0,0,0.020064181,0.089101181,0.000815139,0.00236497,0.08991632,0.138858828,0,0.000111376476,,0,16000000,36581504
dsb-gpu,WK2000_1,5,12350,2000,2000,2000,1999000,512,800,fp32,gemm-notf32,dense,0,0,33281,33337,0,0,0.019543891,0.089851265,0.000787267,0.002356074,0.090638532,0.139277423,0,0.000112314081,,0,16000000,36581504
dsb-gpu,WK2000_1,6,12351,2000,2000,2000,1999000,512,800,fp32,gemm-notf32,dense,0,0,33288,33337,0,0,0.019408306,0.0889555817,0.000792099,0.002368586,0.0897476807,0.138595339,0,0.000111194477,,0,16000000,36581504
dsb-gpu,WK2000_1,7,12352,2000,2000,2000,1999000,512,800,fp32,gemm-notf32,dense,0,0,33294,33337,0,0,0.020186933,0.0897590408,0.000795907,0.002791276,0.0905549478,0.140808629,0,0.000112198801,,0,16000000,36581504
dsb-gpu,WK2000_1,8,12353,2000,2000,2000,1999000,512,800,fp32,gemm-notf32,dense,0,0,33294,33337,0,0,0.019644467,0.0889367676,0.000787587,0.00235425,0.0897243546,0.138729516,0,0.000111170959,,0,16000000,36581504
dsb-gpu,WK2000_1,9,12354,2000,2000,2000,1999000,512,800,fp32,gemm-notf32,dense,0,0,33301,33337,0,0,0.019476658,0.0898176956,0.000799267,0.002391594,0.0906169626,0.139235534,0,0.00011227212,,0,16000000,36581504
dsb-gpu,WK2000_1,10,12355,2000,2000,2000,1999000,512,800,fp32,gemm-notf32,dense,0,0,33273,33337,0,0,0.020029013,0.0889010849,0.0007969,0.002413354,0.0896979849,0.138638027,0,0.000111126356,,0,16000000,36581504
dsb-gpu,WK2000_1,11,12356,2000,2000,2000,1999000,512,800,fp32,gemm-notf32,dense,0,0,33329,33337,0,0,0.019434771,0.0897714844,0.000790564,0.002373194,0.0905620484,0.138993452,0,0.000112214355,,0,16000000,36581504
dsb-gpu,WK2000_1,12,12357,2000,2000,2000,1999000,512,800,fp32,gemm-notf32,dense,0,0,33270,33337,0,0,0.019372114,0.0889225616,0.000792932,0.00235297,0.0897154936,0.13837665,0,0.000111153202,,0,16000000,36581504
dsb-gpu,WK2000_1,13,12358,2000,2000,2000,1999000,512,800,fp32,gemm-notf32,dense,0,0,33280,33337,0,0,0.01944517,0.089761795,0.000793347,0.002369098,0.090555142,0.138752524,0,0.000112202244,,0,16000000,36581504
dsb-gpu,WK2000_1,14,12359,2000,2000,2000,1999000,512,800,fp32,gemm-notf32,dense,0,0,33296,33337,0,0,0.019959317,0.0888856964,0.000792708,0.00237713,0.0896784044,0.138453323,0,0.000111107121,,0,16000000,36581504
dsb-gpu,WK2000_1,15,12360,2000,2000,2000,1999000,512,800,fp32,gemm-notf32,dense,0,0,33280,33337,0,0,0.020266678,0.0896714554,0.000790979,0.00236353,0.0904624344,0.139999697,0,0.000112089319,,0,16000000,36581504
dsb-gpu,WK2000_1,16,12361,2000,2000,2000,1999000,512,800,fp32,gemm-notf32,dense,0,0,33296,33337,0,0,0.019457426,0.0888266907,0.000819652,0.002751788,0.0896463427,0.139330991,0,0.000111033363,,0,16000000,36581504
dsb-gpu,WK2000_1,17,12362,2000,2000,2000,1999000,512,800,fp32,gemm-notf32,dense,0,0,33296,33337,0,0,0.020022581,0.0897205429,0.000792868,0.002349962,0.0905134109,0.139891409,0,0.000112150679,,0,16000000,36581504
dsb-gpu,WK2000_1,18,12363,2000,2000,2000,1999000,512,800,fp32,gemm-notf32,dense,0,0,33296,33337,0,0,0.019534514,0.0888997421,0.000797475,0.00235409,0.0896972171,0.138258282,0,0.000111124678,,0,16000000,36581504
dsb-gpu,WK2000_1,19,12364,2000,2000,2000,1999000,512,800,fp32,gemm-notf32,dense,0,0,33270,33337,0,0,0.020155414,0.0897555847,0.000800259,0.002353546,0.0905558437,0.139566799,0,0.000112194481,,0,16000000,36581504
dsb-gpu,WK2000_1,20,12365,2000,2000,2000,1999000,512,800,fp32,gemm-notf32,dense,0,0,33296,33337,0,0,0.019439058,0.0888905563,0.000782851,0.002352458,0.0896734073,0.138108361,0,0.000111113195,,0,16000000,36581504
dsb-gpu,WK2000_1,21,12366,2000,2000,2000,1999000,512,800,fp32,gemm-notf32,dense,0,0,33281,33337,0,0,0.019661395,0.0897862701,0.000803492,0.002380618,0.0905897621,0.139697903,0,0.000112232838,,0,16000000,36581504
dsb-gpu,WK2000_1,22,12367,2000,2000,2000,1999000,512,800,fp32,gemm-notf32,dense,0,0,33265,33337,0,0,0.020022325,0.0887752609,0.000790852,0.002389322,0.0895661129,0.138726987,0,0.000110969076,,0,16000000,36581504
dsb-gpu,WK2000_1,23,12368,2000,2000,2000,1999000,512,800,fp32,gemm-notf32,dense,0,0,33278,33337,0,0,0.020329463,0.0895855713,0.000783907,0.002367818,0.0903694783,0.139593583,0,0.000111981964,,0,16000000,36581504
dsb-gpu,WK2000_1,24,12369,2000,2000,2000,1999000,512,800,fp32,gemm-notf32,dense,0,0,33286,33337,0,0,0.020160854,0.0887730865,0.000786691,0.002374314,0.0895597775,0.13881518,0,0.000110966358,,0,16000000,36581504
dsb-gpu,WK2000_1,25,12370,2000,2000,2000,1999000,512,800,fp32,gemm-notf32,dense,0,0,33304,33337,0,0,0.019572979,0.0896117783,0.000796804,0.002402122,0.0904085823,0.139178445,0,0.000112014723,,0,16000000,36581504
dsb-gpu,WK2000_1,26,12371,2000,2000,2000,1999000,512,800,fp32,gemm-notf32,dense,0,0,33294,33337,0,0,0.019405107,0.0890357437,0.000803876,0.002370634,0.0898396197,0.13853777,0,0.00011129468,,0,16000000,36581504
dsb-gpu,WK2000_1,27,12372,2000,2000,2000,1999000,512,800,fp32,gemm-notf32,dense,0,0,33296,33337,0,0,0.019456787,0.0898974686,0.000797027,0.002366506,0.0906944956,0.139276878,0,0.000112371836,,0,16000000,36581504
dsb-gpu,WK2000_1,28,12373,2000,2000,2000,1999000,512,800,fp32,gemm-notf32,dense,0,0,33296,33337,0,0,0.019435858,0.089024353,0.000790627,0.00238081,0.08981498,0.138728844,0,0.000111280441,,0,16000000,36581504
dsb-gpu,WK2000_1,29,12374,2000,2000,2000,1999000,512,800,fp32,gemm-notf32,dense,0,0,33293,33337,0,0,0.019560627,0.0899056625,0.000785859,0.002390666,0.0906915215,0.139700848,0,0.000112382078,,0,16000000,36581504
dsb-gpu,WK2000_1,30,12375,2000,2000,2000,1999000,512,800,fp32,gemm-notf32,dense,0,0,33298,33337,0,0,0.019500339,0.0886611557,0.000809475,0.00280126,0.0894706307,0.138713644,0,0.000110826445,,0,16000000,36581504
dsb-gpu,WK2000_1,31,12376,2000,2000,2000,1999000,512,800,fp32,gemm-notf32,dense,0,0,33277,33337,0,0,0.019325746,0.0895111389,0.000789283,0.002380554,0.0903004219,0.139483727,0,0.000111888924,,0,16000000,36581504
dsb-gpu,WK2000_1,32,12377,2000,2000,2000,1999000,512,800,fp32,gemm-notf32,dense,0,0,33286,33337,0,0,0.01944917,0.0887213745,0.000813667,0.002382122,0.0895350415,0.138059817,0,0.000110901718,,0,16000000,36581504
dsb-gpu,WK2000_1,33,12378,2000,2000,2000,1999000,512,800,fp32,gemm-notf32,dense,0,0,33275,33337,0,0,0.019502995,0.0894817276,0.000789059,0.002360202,0.0902707866,0.138776396,0,0.00011185216,,0,16000000,36581504
dsb-gpu,WK2000_1,34,12379,2000,2000,2000,1999000,512,800,fp32,gemm-notf32,dense,0,0,33267,33337,0,0,0.019471859,0.0889216309,0.000798531,0.00237873,0.0897201619,0.138180138,0,0.000111152039,,0,16000000,36581504
dsb-gpu,WK2000_1,35,12380,2000,2000,2000,1999000,512,800,fp32,gemm-notf32,dense,0,0,33282,33337,0,0,0.019447154,0.0897686691,0.000802051,0.002374762,0.0905707201,0.139305422,0,0.000112210836,,0,16000000,36581504
dsb-gpu,WK2000_1,36,12381,2000,2000,2000,1999000,512,800,fp32,gemm-notf32,dense,0,0,33278,33337,0,0,0.01941877,0.0888825607,0.000787683,0.00236385,0.0896702437,0.138160266,0,0.000111103201,,0,16000000,36581504
dsb-gpu,WK2000_1,37,12382,2000,2000,2000,1999000,512,800,fp32,gemm-notf32,dense,0,0,33296,33337,0,0,0.019618131,0.0898178864,0.00079082,0.002380266,0.0906087064,0.139846992,0,0.000112272358,,0,16000000,36581504
dsb-gpu,WK2000_1,38,12383,2000,2000,2000,1999000,512,800,fp32,gemm-notf32,dense,0,0,33270,33337,0,0,0.020273365,0.0889118042,0.0007977,0.002375114,0.0897095042,0.139128525,0,0.000111139755,,0,16000000,36581504
dsb-gpu,WK2000_1,39,12384,2000,2000,2000,1999000,512,800,fp32,gemm-notf32,dense,0,0,33337,33337,1,0,0.020234102,0.0897998428,0.00078602,0.002447819,0.0905858628,0.139779633,0,0.000112249804,,0,16000000,36581504
dsb-gpu,WK2000_1,40,12385,2000,2000,2000,1999000,512,800,fp32,gemm-notf32,dense,0,0,33281,33337,0,0,0.019437042,0.0889154892,0.000790979,0.002371338,0.0897064682,0.138352874,0,0.000111144361,,0,16000000,36581504
dsb-gpu,WK2000_1,41,12386,2000,2000,2000,1999000,512,800,fp32,gemm-notf32,dense,0,0,33276,33337,0,0,0.019442035,0.0897590714,0.000789924,0.00235569,0.0905489954,0.138988365,0,0.000112198839,,0,16000000,36581504
dsb-gpu,WK2000_1,42,12387,2000,2000,2000,1999000,512,800,fp32,gemm-notf32,dense,0,0,33302,33337,0,0,0.019446419,0.0889046097,0.000789283,0.002367082,0.0896938927,0.137917384,0,0.000111130762,,0,16000000,36581504
dsb-gpu,WK2000_1,43,12388,2000,2000,2000,1999000,512,800,fp32,gemm-notf32,dense,0,0,33282,33337,0,0,0.019863572,0.0897200928,0.000805283,0.00236737,0.0905253758,0.139878929,0,0.000112150116,,0,16000000,36581504
dsb-gpu,WK2000_1,44,12389,2000,2000,2000,1999000,512,800,fp32,gemm-notf32,dense,0,0,33301,33337,0,0,0.019526163,0.0888989105,0.000799652,0.002392042,0.0896985625,0.138386314,0,0.000111123638,,0,16000000,36581504
dsb-gpu,WK2000_1,45,12390,2000,2000,2000,1999000,512,800,fp32,gemm-notf32,dense,0,0,33272,33337,0,0,0.019591379,0.0897888947,0.000788899,0.002384618,0.0905777937,0.13941099,0,0.000112236118,,0,16000000,36581504
dsb-gpu,WK2000_1,46,12391,2000,2000,2000,1999000,512,800,fp32,gemm-notf32,dense,0,0,33296,33337,0,0,0.019763188,0.0888874207,0.00079098,0.002394026,0.0896784007,0.138537387,0,0.000111109276,,0,16000000,36581504
dsb-gpu,WK2000_1,47,12392,2000,2000,2000,1999000,512,800,fp32,gemm-notf32,dense,0,0,33304,33337,0,0,0.019394003,0.0897871704,0.000789987,0.002365578,0.0905771574,0.139515695,0,0.000112233963,,0,16000000,36581504
dsb-gpu,WK2000_1,48,12393,2000,2000,2000,1999000,512,800,fp32,gemm-notf32,dense,0,0,33297,33337,0,0,0.019847604,0.0889079666,0.000786659,0.002865868,0.0896946256,0.139603215,0,0.000111134958,,0,16000000,36581504
dsb-gpu,WK2000_1,49,12394,2000,2000,2000,1999000,512,800,fp32,gemm-notf32,dense,0,0,33332,33337,0,0,0.019448819,0.0897768936,0.000804548,0.002372138,0.0905814416,0.139189902,0,0.000112221117,,0,16000000,36581504
dsb-gpu,WK2000_1,0,12345,2000,2000,2000,1999000,512,800,int8,gemm,dense,0,0,33271,33337,0,0,0.056362159,0.0131895676,0.000142241,0.002501259,0.0133318086,0.100091433,0,1.64869595e-05,,0,4000000,22013504
dsb-gpu,WK2000_1,1,12346,2000,2000,2000,1999000,512,800,int8,gemm,dense,0,0,33273,33337,0,0,0.057056625,0.0133101444,0.000143937,0.002385002,0.0134540814,0.100844971,0,1.66376805e-05,,0,4000000,22013504
dsb-gpu,WK2000_1,2,12347,2000,2000,2000,1999000,512,800,int8,gemm,dense,0,0,33285,33337,0,0,0.056978993,0.0132770243,0.000145536,0.002395082,0.0134225603,0.101028972,0,1.65962803e-05,,0,4000000,22013504
dsb-gpu,WK2000_1,3,12348,2000,2000,2000,1999000,512,800,int8,gemm,dense,0,0,33301,33337,0,0,0.057136434,0.0132847996,0.000142656,0.002379114,0.0134274556,0.100825099,0,1.66059995e-05,,0,4000000,22013504
dsb-gpu,WK2000_1,4,12349,2000,2000,2000,1999000,512,800,int8,gemm,dense,0,0,33335,33337,0,0,0.057487508,0.013241312,0.000144929,0.002378826,0.013386241,0.101065612,0,1.655164e-05,,0,4000000,22013504
dsb-gpu,WK2000_1,5,12350,2000,2000,2000,1999000,512,800,int8,gemm,dense,0,0,33281,33337,0,0,0.057578356,0.0132870083,0.000144001,0.002358666,0.0134310093,0.101408749,0,1.66087604e-05,,0,4000000,22013504
dsb-gpu,WK2000_1,6,12351,2000,2000,2000,1999000,512,800,int8,gemm,dense,0,0,33288,33337,0,0,0.057147186,0.0127328959,0.000143905,0.002398282,0.0128768009,0.100150952,0,1.59161198e-05,,0,4000000,22013504
dsb-gpu,WK2000_1,7,12352,2000,2000,2000,1999000,512,800,int8,gemm,dense,0,0,33294,33337,0,0,0.057262707,0.0127944641,0.000145856,0.00236113,0.0129403201,0.100689803,0,1.59930801e-05,,0,4000000,22013504
dsb-gpu,WK2000_1,8,12353,2000,2000,2000,1999000,512,800,int8,gemm,dense,0,0,33294,33337,0,0,0.056929873,0.0127271042,0.000144576,0.002375658,0.0128716802,0.099999592,0,1.59088802e-05,,0,4000000,22013504
dsb-gpu,WK2000_1,9,12354,2000,2000,2000,1999000,512,800,int8,gemm,dense,0,0,33301,33337,0,0,0.057737492,0.0128199997,0.000144224,0.002380298,0.0129642237,0.10101982,0,1.60249996e-05,,0,4000000,22013504
dsb-gpu,WK2000_1,10,12355,2000,2000,2000,1999000,512,800,int8,gemm,dense,0,0,33273,33337,0,0,0.057045778,0.0127287998,0.000157249,0.00237633,0.0128860488,0.101096972,0,1.59109998e-05,,0,4000000,22013504
dsb-gpu,WK2000_1,11,12356,2000,2000,2000,1999000,512,800,int8,gemm,dense,0,0,33329,33337,0,0,0.057263122,0.0128067522,0.000144609,0.002483787,0.0129513612,0.100782955,0,1.60084403e-05,,0,4000000,22013504
dsb-gpu,WK2000_1,12,12357,2000,2000,2000,1999000,512,800,int8,gemm,dense,0,0,33270,33337,0,0,0.05704629,0.012701664,0.000144385,0.002384778,0.012846049,0.100358665,0,1.587708e-05,,0,4000000,22013504
dsb-gpu,WK2000_1,13,12358,2000,2000,2000,1999000,512,800,int8,gemm,dense,0,0,33280,33337,0,0,0.057435444,0.0127685757,0.000141889,0.002377066,0.0129104647,0.100543274,0,1.59607196e-05,,0,4000000,22013504
dsb-gpu,WK2000_1,14,12359,2000,2000,2000,1999000,512,800,int8,gemm,dense,0,0,33296,33337,0,0,0.05709221,0.0127347517,0.000143648,0.002393994,0.0128783997,0.100574378,0,1.59184396e-05,,0,4000000,22013504
dsb-gpu,WK2000_1,15,12360,2000,2000,2000,1999000,512,800,int8,gemm,dense,0,0,33280,33337,0,0,0.057286963,0.0127944002,0.000144353,0.002778731,0.0129387532,0.102059344,0,1.59930003e-05,,0,4000000,22013504
dsb-gpu,WK2000_1,16,12361,2000,2000,2000,1999000,512,800,int8,gemm,dense,0,0,33296,33337,0,0,0.057764597,0.0127376003,0.000145025,0.002385354,0.0128826253,0.101427181,0,1.59220004e-05,,0,4000000,22013504
dsb-gpu,WK2000_1,17,12362,2000,2000,2000,1999000,512,800,int8,gemm,dense,0,0,33296,33337,0,0,0.057237299,0.0127994556,0.000145761,0.002497995,0.0129452166,0.10013332,0,1.59993196e-05,,0,4000000,22013504
dsb-gpu,WK2000_1,18,12363,2000,2000,2000,1999000,512,800,int8,gemm,dense,0,0,33296,33337,0,0,0.057310131,0.0127493124,0.000145312,0.002395626,0.0128946244,0.100727595,0,1.59366405e-05,,0,4000000,22013504
dsb-gpu,WK2000_1,19,12364,2000,2000,2000,1999000,512,800,int8,gemm,dense,0,0,33270,33337,0,0,0.05716773,0.0127587843,0.000143265,0.002395754,0.0129020493,0.100433897,0,1.59484804e-05,,0,4000000,22013504
dsb-gpu,WK2000_1,20,12365,2000,2000,2000,1999000,512,800,int8,gemm,dense,0,0,33296,33337,0,0,0.057318963,0.0127005444,0.000143649,0.002360618,0.0128441934,0.100332681,0,1.58756804e-05,,0,4000000,22013504
dsb-gpu,WK2000_1,21,12366,2000,2000,2000,1999000,512,800,int8,gemm,dense,0,0,33281,33337,0,0,0.057138802,0.0127861757,0.000145089,0.002361866,0.0129312647,0.100867051,0,1.59827197e-05,,0,4000000,22013504
dsb-gpu,WK2000_1,22,12367,2000,2000,2000,1999000,512,800,int8,gemm,dense,0,0,33265,33337,0,0,0.057618292,0.0127326403,0.000143681,0.002372042,0.0128763213,0.100846091,0,1.59158003e-05,,0,4000000,22013504
dsb-gpu,WK2000_1,23,12368,2000,2000,2000,1999000,512,800,int8,gemm,dense,0,0,33278,33337,0,0,0.057471123,0.0127886724,0.0001432,0.00237089,0.0129318724,0.100741515,0,1.59858406e-05,,0,4000000,22013504
dsb-gpu,WK2000_1,24,12369,2000,2000,2000,1999000,512,800,int8,gemm,dense,0,0,33286,33337,0,0,0.057168562,0.0127335358,0.0001464,0.002375402,0.0128799358,0.100451402,0,1.59169197e-05,,0,4000000,22013504
dsb-gpu,WK2000_1,25,12370,2000,2000,2000,1999000,512,800,int8,gemm,dense,0,0,33304,33337,0,0,0.057351955,0.0128017597,0.00014384,0.002390954,0.0129455997,0.100769451,0,1.60021996e-05,,0,4000000,22013504
dsb-gpu,WK2000_1,26,12371,2000,2000,2000,1999000,512,800,int8,gemm,dense,0,0,33294,33337,0,0,0.057669332,0.0127384644,0.000144545,0.002391818,0.0128830094,0.100785259,0,1.59230804e-05,,0,4000000,22013504
dsb-gpu,WK2000_1,27,12372,2000,2000,2000,1999000,512,800,int8,gemm,dense,0,0,33296,33337,0,0,0.057308083,0.0127732162,0.00014368,0.002369099,0.0129168962,0.100114313,0,1.59665203e-05,,0,4000000,22013504
dsb-gpu,WK2000_1,28,12373,2000,2000,2000,1999000,512,800,int8,gemm,dense,0,0,33296,33337,0,0,0.05718181,0.0126871357,0.000147713,0.00238705,0.0128348487,0.100228712,0,1.58589196e-05,,0,4000000,22013504
dsb-gpu,WK2000_1,29,12374,2000,2000,2000,1999000,512,800,int8,gemm,dense,0,0,33293,33337,0,0,0.057239667,0.0127628164,0.000143585,0.002509034,0.0129064014,0.100926315,0,1.59535205e-05,,0,4000000,22013504
dsb-gpu,WK2000_1,30,12375,2000,2000,2000,1999000,512,800,int8,gemm,dense,0,0,33298,33337,0,0,0.057472787,0.0126966724,0.000144609,0.002821548,0.0128412814,0.101146957,0,1.58708405e-05,,0,4000000,22013504
dsb-gpu,WK2000_1,31,12376,2000,2000,2000,1999000,512,800,int8,gemm,dense,0,0,33277,33337,0,0,0.057238323,0.0127944641,0.000145409,0.002385642,0.0129398731,0.101121037,0,1.59930801e-05,,0,4000000,22013504
dsb-gpu,WK2000_1,32,12377,2000,2000,2000,1999000,512,800,int8,gemm,dense,0,0,33286,33337,0,0,0.057610772,0.0127228804,0.000147137,0.002383594,0.0128700174,0.100616426,0,1.59036005e-05,,0,4000000,22013504
dsb-gpu,WK2000_1,33,12378,2000,2000,2000,1999000,512,800,int8,gemm,dense,0,0,33275,33337,0,0,0.057082962,0.0127967043,0.0001456,0.002380714,0.0129423043,0.100630827,0,1.59958804e-05,,0,4000000,22013504
dsb-gpu,WK2000_1,34,12379,2000,2000,2000,1999000,512,800,int8,gemm,dense,0,0,33267,33337,0,0,0.057731956,0.0127253437,0.000142912,0.002397898,0.0128682557,0.100991948,0,1.59066796e-05,,0,4000000,22013504
dsb-gpu,WK2000_1,35,12380,2000,2000,2000,1999000,512,800,int8,gemm,dense,0,0,33282,33337,0,0,0.057007441,0.0128292799,0.000144896,0.002374506,0.0129741759,0.100196809,0,1.60365999e-05,,0,4000000,22013504
dsb-gpu,WK2000_1,36,12381,2000,2000,2000,1999000,512,800,int8,gemm,dense,0,0,33278,33337,0,0,0.057561844,0.012695488,0.000144833,0.002420426,0.012840321,0.100559018,0,1.586936e-05,,0,4000000,22013504
dsb-gpu,WK2000_1,37,12382,2000,2000,2000,1999000,512,800,int8,gemm,dense,0,0,33296,33337,0,0,0.057518068,0.0127704325,0.000144993,0.002384874,0.0129154255,0.10101342,0,1.59630406e-05,,0,4000000,22013504
dsb-gpu,WK2000_1,38,12383,2000,2000,2000,1999000,512,800,int8,gemm,dense,0,0,33270,33337,0,0,0.056910257,0.0127359037,0.000144609,0.002371946,0.0128805127,0.100383241,0,1.59198797e-05,,0,4000000,22013504
dsb-gpu,WK2000_1,39,12384,2000,2000,2000,1999000,512,800,int8,gemm,dense,0,0,33337,33337,1,0,0.057382899,0.0128001919,0.000144737,0.00238561,0.0129449289,0.100798827,0,1.60002398e-05,,0,4000000,22013504
dsb-gpu,WK2000_1,40,12385,2000,2000,2000,1999000,512,800,int8,gemm,dense,0,0,33281,33337,0,0,0.057050289,0.012722208,0.000144481,0.002375466,0.012866689,0.100191817,0,1.590276e-05,,0,4000000,22013504
dsb-gpu,WK2000_1,41,12386,2000,2000,2000,1999000,512,800,int8,gemm,dense,0,0,33276,33337,0,0,0.057329011,0.0127984962,0.000144929,0.002385994,0.0129434252,0.100795947,0,1.59981203e-05,,0,4000000,22013504
dsb-gpu,WK2000_1,42,12387,2000,2000,2000,1999000,512,800,int8,gemm,dense,0,0,33302,33337,0,0,0.057490452,0.0128053761,0.000145664,0.002374186,0.0129510401,0.10135003,0,1.60067201e-05,,0,4000000,22013504
dsb-gpu,WK2000_1,43,12388,2000,2000,2000,1999000,512,800,int8,gemm,dense,0,0,33282,33337,0,0,0.057496051,0.012791872,0.000143649,0.002388554,0.012935521,0.101193901,0,1.598984e-05,,0,4000000,22013504
dsb-gpu,WK2000_1,44,12389,2000,2000,2000,1999000,512,800,int8,gemm,dense,0,0,33301,33337,0,0,0.056927378,0.0127373762,0.000145793,0.002403114,0.0128831692,0.100630762,0,1.59217203e-05,,0,4000000,22013504
dsb-gpu,WK2000_1,45,12390,2000,2000,2000,1999000,512,800,int8,gemm,dense,0,0,33272,33337,0,0,0.057298451,0.01281744,0.000143136,0.002377098,0.012960576,0.100581642,0,1.60218e-05,,0,4000000,22013504
dsb-gpu,WK2000_1,46,12391,2000,2000,2000,1999000,512,800,int8,gemm,dense,0,0,33296,33337,0,0,0.057310195,0.0127365437,0.000146529,0.002392618,0.0128830727,0.100624842,0,1.59206796e-05,,0,4000000,22013504
dsb-gpu,WK2000_1,47,12392,2000,2000,2000,1999000,512,800,int8,gemm,dense,0,0,33304,33337,0,0,0.057711348,0.0128032322,0.000146913,0.002392586,0.0129501452,0.101043436,0,1.60040402e-05,,0,4000000,22013504
dsb-gpu,WK2000_1,48,12393,2000,2000,2000,1999000,512,800,int8,gemm,dense,0,0,33297,33337,0,0,0.0575493,0.0127538881,0.000144417,0.002399563,0.0128983051,0.10096062,0,1.59423602e-05,,0,4000000,22013504
dsb-gpu,WK2000_1,49,12394,2000,2000,2000,1999000,512,800,int8,gemm,dense,0,0,33332,33337,0,0,0.057009042,0.0127817602,0.000143073,0.002408043,0.0129248332,0.100715915,0,1.59772003e-05,,0,4000000,22013504
dsb-gpu,WK2000_1,0,12345,2000,2000,2000,1999000,512,800,fp16,block,dense,0,0,33271,33337,0,0,0.033068653,0.520309631,0.000710947,0.002371466,0.521020578,0.56971195,0,0.000650387039,,0,8000000,12099200
dsb-gpu,WK2000_1,1,12346,2000,2000,2000,1999000,512,800,fp16,block,dense,0,0,33273,33337,0,0,0.032858187,0.520053101,0.000726019,0.002836268,0.52077912,0.56937614,0,0.000650066376,,0,8000000,12099200
dsb-gpu,WK2000_1,2,12347,2000,2000,2000,1999000,512,800,fp16,block,dense,0,0,33285,33337,0,0,0.032784235,0.520464722,0.000715779,0.00236913,0.521180501,0.569636174,0,0.000650580902,,0,8000000,12099200
dsb-gpu,WK2000_1,3,12348,2000,2000,2000,1999000,512,800,fp16,block,dense,0,0,33301,33337,0,0,0.03296366,0.520261536,0.000719043,0.00237425,0.520980579,0.569396364,0,0.00065032692,,0,8000000,12099200
dsb-gpu,WK2000_1,4,12349,2000,2000,2000,1999000,512,800,fp16,block,dense,0,0,33335,33337,0,0,0.032885004,0.520368103,0.000711139,0.002781163,0.521079242,0.57031336,0,0.000650460129,,0,8000000,12099200
dsb-gpu,WK2000_1,5,12350,2000,2000,2000,1999000,512,800,fp16,block,dense,0,0,33281,33337,0,0,0.032917003,0.520373901,0.000710051,0.002408266,0.521083952,0.569730157,0,0.000650467377,,0,8000000,12099200
dsb-gpu,WK2000_1,6,12351,2000,2000,2000,1999000,512,800,fp16,block,dense,0,0,33288,33337,0,0,0.033074668,0.52037146,0.000712803,0.002456938,0.521084263,0.569722541,0,0.000650464325,,0,8000000,12099200
dsb-gpu,WK2000_1,7,12352,2000,2000,2000,1999000,512,800,fp16,block,dense,0,0,33294,33337,0,0,0.032840555,0.520267273,0.000717987,0.002938956,0.52098526,0.569812526,0,0.000650334091,,0,8000000,12099200
dsb-gpu,WK2000_1,8,12353,2000,2000,2000,1999000,512,800,fp16,block,dense,0,0,33294,33337,0,0,0.032756939,0.5203573,0.000714691,0.002413994,0.521071991,0.569512492,0,0.000650446625,,0,8000000,12099200
dsb-gpu,WK2000_1,9,12354,2000,2000,2000,1999000,512,800,fp16,block,dense,0,0,33301,33337,0,0,0.032420521,0.520389038,0.000712835,0.00243361,0.521101873,0.568979146,0,0.000650486298,,0,8000000,12099200
dsb-gpu,WK2000_1,10,12355,2000,2000,2000,1999000,512,800,fp16,block,dense,0,0,33273,33337,0,0,0.032649195,0.5203797,0.000715299,0.00236641,0.521094999,0.569265484,0,0.000650474625,,0,8000000,12099200
dsb-gpu,WK2000_1,11,12356,2000,2000,2000,1999000,512,800,fp16,block,dense,0,0,33329,33337,0,0,0.032730026,0.52028125,0.000712355,0.002450346,0.520993605,0.56933454,0,0.000650351562,,0,8000000,12099200
dsb-gpu,WK2000_1,12,12357,2000,2000,2000,1999000,512,800,fp16,block,dense,0,0,33270,33337,0,0,0.0331107,0.520418091,0.000717923,0.002829164,0.521136014,0.570168848,0,0.000650522614,,0,8000000,12099200
dsb-gpu,WK2000_1,13,12358,2000,2000,2000,1999000,512,800,fp16,block,dense,0,0,33280,33337,0,0,0.032983372,0.520209717,0.000710051,0.002387914,0.520919768,0.569588333,0,0.000650262146,,0,8000000,12099200
dsb-gpu,WK2000_1,14,12359,2000,2000,2000,1999000,512,800,fp16,block,dense,0,0,33296,33337,0,0,0.032997516,0.520471985,0.000710435,0.00238113,0.52118242,0.569701198,0,0.000650589981,,0,8000000,12099200
dsb-gpu,WK2000_1,15,12360,2000,2000,2000,1999000,512,800,fp16,block,dense,0,0,33280,33337,0,0,0.032761707,0.520309143,0.000712099,0.002400075,0.521021242,0.569179852,0,0.000650386429,,0,8000000,12099200
dsb-gpu,WK2000_1,16,12361,2000,2000,2000,1999000,512,800,fp16,block,dense,0,0,33296,33337,0,0,0.032868811,0.520381775,0.000715523,0.002401802,0.521097298,0.56944382,0,0.000650477219,,0,8000000,12099200
dsb-gpu,WK2000_1,17,12362,2000,2000,2000,1999000,512,800,fp16,block,dense,0,0,33296,33337,0,0,0.0329011,0.520233887,0.000715171,0.00282494,0.520949058,0.569735918,0,0.000650292358,,0,8000000,12099200
dsb-gpu,WK2000_1,18,12363,2000,2000,2000,1999000,512,800,fp16,block,dense,0,0,33296,33337,0,0,0.033004395,0.520392395,0.000711747,0.002350506,0.521104142,0.570024911,0,0.000650490494,,0,8000000,12099200
dsb-gpu,WK2000_1,19,12364,2000,2000,2000,1999000,512,800,fp16,block,dense,0,0,33270,33337,0,0,0.032913739,0.520276611,0.000713635,0.00247617,0.520990246,0.569548301,0,0.000650345764,,0,8000000,12099200
dsb-gpu,WK2000_1,20,12365,2000,2000,2000,1999000,512,800,fp16,block,dense,0,0,33296,33337,0,0,0.032800203,0.520363708,0.000709859,0.002396458,0.521073567,0.569276427,0,0.000650454636,,0,8000000,12099200
dsb-gpu,WK2000_1,21,12366,2000,2000,2000,1999000,512,800,fp16,block,dense,0,0,33281,33337,0,0,0.032818155,0.520238159,0.000711971,0.002384106,0.52095013,0.569176235,0,0.000650297699,,0,8000000,12099200
dsb-gpu,WK2000_1,22,12367,2000,2000,2000,1999000,512,800,fp16,block,dense,0,0,33265,33337,0,0,0.032858635,0.520383972,0.000711779,0.002418474,0.521095751,0.56941294,0,0.000650479965,,0,8000000,12099200
dsb-gpu,WK2000_1,23,12368,2000,2000,2000,1999000,512,800,fp16,block,dense,0,0,33278,33337,0,0,0.032845099,0.520313782,0.000714819,0.002350986,0.521028601,0.569253707,0,0.000650392227,,0,8000000,12099200
dsb-gpu,WK2000_1,24,12369,2000,2000,2000,1999000,512,800,fp16,block,dense,0,0,33286,33337,0,0,0.033053452,0.520344421,0.000710659,0.002429259,0.52105508,0.569599501,0,0.000650430527,,0,8000000,12099200
dsb-gpu,WK2000_1,25,12370,2000,2000,2000,1999000,512,800,fp16,block,dense,0,0,33304,33337,0,0,0.0329563,0.520362183,0.000713379,0.002783659,0.521075562,0.56994043,0,0.000650452728,,0,8000000,12099200
dsb-gpu,WK2000_1,26,12371,2000,2000,2000,1999000,512,800,fp16,block,dense,0,0,33294,33337,0,0,0.032741003,0.520456177,0.000712899,0.002381674,0.521169076,0.569663853,0,0.000650570221,,0,8000000,12099200
dsb-gpu,WK2000_1,27,12372,2000,2000,2000,1999000,512,800,fp16,block,dense,0,0,33296,33337,0,0,0.032791019,0.520282349,0.000711491,0.002402538,0.52099384,0.569149675,0,0.000650352936,,0,8000000,12099200
dsb-gpu,WK2000_1,28,12373,2000,2000,2000,1999000,512,800,fp16,block,dense,0,0,33296,33337,0,0,0.033041036,0.520445496,0.000712419,0.002417834,0.521157915,0.569706125,0,0.00065055687,,0,8000000,12099200
dsb-gpu,WK2000_1,29,12374,2000,2000,2000,1999000,512,800,fp16,block,dense,0,0,33293,33337,0,0,0.032712298,0.520369507,0.000712899,0.002365066,0.521082406,0.56925342,0,0.000650461884,,0,8000000,12099200
dsb-gpu,WK2000_1,30,12375,2000,2000,2000,1999000,512,800,fp16,block,dense,0,0,33298,33337,0,0,0.032944268,0.520398682,0.000710179,0.002431242,0.521108861,0.569571501,0,0.000650498352,,0,8000000,12099200
dsb-gpu,WK2000_1,31,12376,2000,2000,2000,1999000,512,800,fp16,block,dense,0,0,33277,33337,0,0,0.032761675,0.520078491,0.000709475,0.002436586,0.520787966,0.569022122,0,0.000650098114,,0,8000000,12099200
dsb-gpu,WK2000_1,32,12377,2000,2000,2000,1999000,512,800,fp16,block,dense,0,0,33286,33337,0,0,0.033763759,0.520438538,0.000712611,0.002459114,0.521151149,0.570724978,0,0.000650548172,,0,8000000,12099200
dsb-gpu,WK2000_1,33,12378,2000,2000,2000,1999000,512,800,fp16,block,dense,0,0,33275,33337,0,0,0.032763883,0.52010791,0.000712643,0.002361386,0.520820553,0.569131083,0,0.000650134888,,0,8000000,12099200
dsb-gpu,WK2000_1,34,12379,2000,2000,2000,1999000,512,800,fp16,block,dense,0,0,33267,33337,0,0,0.032954732,0.520416992,0.000712003,0.002454026,0.521128995,0.569627437,0,0.00065052124,,0,8000000,12099200
dsb-gpu,WK2000_1,35,12380,2000,2000,2000,1999000,512,800,fp16,block,dense,0,0,33282,33337,0,0,0.032966284,0.520240112,0.000715075,0.002802892,0.520955187,0.569773454,0,0.00065030014,,0,8000000,12099200
dsb-gpu,WK2000_1,36,12381,2000,2000,2000,1999000,512,800,fp16,block,dense,0,0,33308,33337,0,0,0.032786187,0.52044574,0.000708963,0.002423466,0.521154703,0.569729678,0,0.000650557175,,0,8000000,12099200
dsb-gpu,WK2000_1,37,12382,2000,2000,2000,1999000,512,800,fp16,block,dense,0,0,33296,33337,0,0,0.032893164,0.520170837,0.000712099,0.002382218,0.520882936,0.569197004,0,0.000650213547,,0,8000000,12099200
dsb-gpu,WK2000_1,38,12383,2000,2000,2000,1999000,512,800,fp16,block,dense,0,0,33270,33337,0,0,0.032670635,0.520246887,0.000712227,0.002362922,0.520959114,0.569195435,0,0.000650308609,,0,8000000,12099200
dsb-gpu,WK2000_1,39,12384,2000,2000,2000,1999000,512,800,fp16,block,dense,0,0,33337,33337,1,0,0.033009836,0.520328125,0.000713699,0.002375722,0.521041824,0.569707725,0,0.000650410156,,0,8000000,12099200
dsb-gpu,WK2000_1,40,12385,2000,2000,2000,1999000,512,800,fp16,block,dense,0,0,33281,33337,0,0,0.033279725,0.520369141,0.000713955,0.00236433,0.521083096,0.56985435,0,0.000650461426,,0,8000000,12099200
dsb-gpu,WK2000_1,41,12386,2000,2000,2000,1999000,512,800,fp16,block,dense,0,0,33276,33337,0,0,0.032884395,0.520001465,0.000709827,0.002372618,0.520711292,0.569093835,0,0.000650001831,,0,8000000,12099200
dsb-gpu,WK2000_1,42,12387,2000,2000,2000,1999000,512,800,fp16,block,dense,0,0,33302,33337,0,0,0.032889419,0.520418701,0.000712003,0.002376554,0.521130704,0.569429228,0,0.000650523376,,0,8000000,12099200
dsb-gpu,WK2000_1,43,12388,2000,2000,2000,1999000,512,800,fp16,block,dense,0,0,33282,33337,0,0,0.03287614,0.520244934,0.000710243,0.00241409,0.520955177,0.569309707,0,0.000650306168,,0,8000000,12099200
dsb-gpu,WK2000_1,44,12389,2000,2000,2000,1999000,512,800,fp16,block,dense,0,0,33301,33337,0,0,0.032792523,0.52046521,0.000712451,0.002423338,0.521177661,0.569423276,0,0.000650581512,,0,8000000,12099200
dsb-gpu,WK2000_1,45,12390,2000,2000,2000,1999000,512,800,fp16,block,dense,0,0,33272,33337,0,0,0.032767979,0.520283264,0.000708739,0.002380138,0.520992003,0.569283884,0,0.00065035408,,0,8000000,12099200
dsb-gpu,WK2000_1,46,12391,2000,2000,2000,1999000,512,800,fp16,block,dense,0,0,33296,33337,0,0,0.032830923,0.520415405,0.000713571,0.002390123,0.521128976,0.569603662,0,0.000650519257,,0,8000000,12099200
dsb-gpu,WK2000_1,47,12392,2000,2000,2000,1999000,512,800,fp16,block,dense,0,0,33304,33337,0,0,0.03258817,0.520219971,0.000714915,0.002389258,0.520934886,0.568953866,0,0.000650274963,,0,8000000,12099200
dsb-gpu,WK2000_1,48,12393,2000,2000,2000,1999000,512,800,fp16,block,dense,0,0,33297,33337,0,0,0.03285678,0.520414185,0.000712291,0.002374602,0.521126476,0.569424941,0,0.000650517731,,0,8000000,12099200
dsb-gpu,WK2000_1,49,12394,2000,2000,2000,1999000,512,800,fp16,block,dense,0,0,33332,33337,0,0,0.032802379,0.520244629,0.000714243,0.00236865,0.520958872,0.569178283,0,0.000650305786,,0,8000000,12099200
dsb-gpu,WK2000_1,0,12345,2000,2000,2000,1999000,512,800,fp16,cluster,dense,0,0,33271,33337,0,0,0.033191373,2.70104761,0.000736643,0.002848204,2.70178425,2.75159703,0,0.00337630951,,0,8000000,12099200
dsb-gpu,WK2000_1,1,12346,2000,2000,2000,1999000,512,800,fp16,cluster,dense,0,0,33273,33337,0,0,0.033435374,2.70026074,0.000722147,0.002862924,2.70098289,2.7510891,0,0.00337532593,,0,8000000,12099200
dsb-gpu,WK2000_1,2,12347,2000,2000,2000,1999000,512,800,fp16,cluster,dense,0,0,33285,33337,0,0,0.033097932,2.70080347,0.000730275,0.003008941,2.70153374,2.75146132,0,0.00337600433,,0,8000000,12099200
dsb-gpu,WK2000_1,3,12348,2000,2000,2000,1999000,512,800,fp16,cluster,dense,0,0,33301,33337,0,0,0.033062573,2.70106494,0.000723044,0.002470538,2.70178799,2.75106513,0,0.00337633118,,0,8000000,12099200
dsb-gpu,WK2000_1,4,12349,2000,2000,2000,1999000,512,800,fp16,cluster,dense,0,0,33335,33337,0,0,0.033286317,2.7002644,0.000729379,0.002827468,2.70099378,2.7506896,0,0.00337533051,,0,8000000,12099200
dsb-gpu,WK2000_1,5,12350,2000,2000,2000,1999000,512,800,fp16,cluster,dense,0,0,33281,33337,0,0,0.03317902,2.7005979,0.000736835,0.002455498,2.70133474,2.75080346,0,0.00337574738,,0,8000000,12099200
dsb-gpu,WK2000_1,6,12351,2000,2000,2000,1999000,512,800,fp16,cluster,dense,0,0,33288,33337,0,0,0.033399501,2.70005225,0.000725379,0.002933836,2.70077763,2.75051764,0,0.00337506531,,0,8000000,12099200
dsb-gpu,WK2000_1,7,12352,2000,2000,2000,1999000,512,800,fp16,cluster,dense,0,0,33294,33337,0,0,0.033087851,2.70088452,0.000725123,0.002460554,2.70160964,2.75093357,0,0.00337610565,,0,8000000,12099200
dsb-gpu,WK2000_1,8,12353,2000,2000,2000,1999000,512,800,fp16,cluster,dense,0,0,33294,33337,0,0,0.033410316,2.70162451,0.000720227,0.00240881,2.70234474,2.75172977,0,0.00337703064,,0,8000000,12099200
dsb-gpu,WK2000_1,9,12354,2000,2000,2000,1999000,512,800,fp16,cluster,dense,0,0,33301,33337,0,0,0.033231787,2.70068652,0.000732771,0.002469707,2.70141929,2.75059338,0,0.00337585815,,0,8000000,12099200
dsb-gpu,WK2000_1,10,12355,2000,2000,2000,1999000,512,800,fp16,cluster,dense,0,0,33273,33337,0,0,0.03303169,2.70061108,0.000720419,0.002459147,2.7013315,2.75039188,0,0.00337576385,,0,8000000,12099200
dsb-gpu,WK2000_1,11,12356,2000,2000,2000,1999000,512,800,fp16,cluster,dense,0,0,33329,33337,0,0,0.032926858,2.7013208,0.000720675,0.002456171,2.70204148,2.75091527,0,0.003376651,,0,8000000,12099200
dsb-gpu,WK2000_1,12,12357,2000,2000,2000,1999000,512,800,fp16,cluster,dense,0,0,33270,33337,0,0,0.033195531,2.70094604,0.000723555,0.002444138,2.7016696,2.75078141,0,0.00337618256,,0,8000000,12099200
dsb-gpu,WK2000_1,13,12358,2000,2000,2000,1999000,512,800,fp16,cluster,dense,0,0,33280,33337,0,0,0.032911178,2.70083618,0.000719043,0.00246881,2.70155522,2.75050759,0,0.00337604523,,0,8000000,12099200
dsb-gpu,WK2000_1,14,12359,2000,2000,2000,1999000,512,800,fp16,cluster,dense,0,0,33296,33337,0,0,0.033127435,2.70176489,0.000723843,0.00247729,2.70248874,2.75160366,0,0.00337720612,,0,8000000,12099200
dsb-gpu,WK2000_1,15,12360,2000,2000,2000,1999000,512,800,fp16,cluster,dense,0,0,33280,33337,0,0,0.033222859,2.70046875,0.000721635,0.002454955,2.70119039,2.75028429,0,0.00337558594,,0,8000000,12099200
dsb-gpu,WK2000_1,16,12361,2000,2000,2000,1999000,512,800,fp16,cluster,dense,0,0,33296,33337,0,0,0.033145035,2.70052588,0.000719171,0.002458538,2.70124505,2.75032772,0,0.00337565735,,0,8000000,12099200
dsb-gpu,WK2000_1,17,12362,2000,2000,2000,1999000,512,800,fp16,cluster,dense,0,0,33296,33337,0,0,0.033490093,2.70102417,0.000723939,0.002408043,2.70174811,2.75119934,0,0.00337628021,,0,8000000,12099200
dsb-gpu,WK2000_1,18,12363,2000,2000,2000,1999000,512,800,fp16,cluster,dense,0,0,33296,33337,0,0,0.03319918,2.70180762,0.000723939,0.002456235,2.70253156,2.7516163,0,0.00337725952,,0,8000000,12099200
dsb-gpu,WK2000_1,19,12364,2000,2000,2000,1999000,512,800,fp16,cluster,dense,0,0,33270,33337,0,0,0.033322891,2.70116309,0.000722947,0.002445899,2.70188603,2.75106954,0,0.00337645386,,0,8000000,12099200
dsb-gpu,WK2000_1,20,12365,2000,2000,2000,1999000,512,800,fp16,cluster,dense,0,0,33296,33337,0,0,0.033098507,2.70175317,0.000722755,0.00245313,2.70247593,2.75177665,0,0.00337719147,,0,8000000,12099200
dsb-gpu,WK2000_1,21,12366,2000,2000,2000,1999000,512,800,fp16,cluster,dense,0,0,33281,33337,0,0,0.033582124,2.70103784,0.000724163,0.00245393,2.701762,2.75133652,0,0.0033762973,,0,8000000,12099200
dsb-gpu,WK2000_1,22,12367,2000,2000,2000,1999000,512,800,fp16,cluster,dense,0,0,33265,33337,0,0,0.033049322,2.70092358,0.000718691,0.002454698,2.70164227,2.7507993,0,0.00337615448,,0,8000000,12099200
dsb-gpu,WK2000_1,23,12368,2000,2000,2000,1999000,512,800,fp16,cluster,dense,0,0,33278,33337,0,0,0.033442892,2.70182251,0.000720227,0.002451691,2.70254274,2.75199508,0,0.00337727814,,0,8000000,12099200
dsb-gpu,WK2000_1,24,12369,2000,2000,2000,1999000,512,800,fp16,cluster,dense,0,0,33286,33337,0,0,0.033185323,2.70080322,0.000718787,0.002461003,2.70152201,2.75072503,0,0.00337600403,,0,8000000,12099200
dsb-gpu,WK2000_1,25,12370,2000,2000,2000,1999000,512,800,fp16,cluster,dense,0,0,33304,33337,0,0,0.033051883,2.70069043,0.000719427,0.00245425,2.70140986,2.75035037,0,0.00337586304,,0,8000000,12099200
dsb-gpu,WK2000_1,26,12371,2000,2000,2000,1999000,512,800,fp16,cluster,dense,0,0,33294,33337,0,0,0.033371372,2.70198706,0.000720675,0.002444619,2.70270774,2.75213192,0,0.00337748383,,0,8000000,12099200
dsb-gpu,WK2000_1,27,12372,2000,2000,2000,1999000,512,800,fp16,cluster,dense,0,0,33296,33337,0,0,0.033507276,2.70074805,0.000718083,0.002466538,2.70146613,2.75100052,0,0.00337593506,,0,8000000,12099200
dsb-gpu,WK2000_1,28,12373,2000,2000,2000,1999000,512,800,fp16,cluster,dense,0,0,33296,33337,0,0,0.033171755,2.7003418,0.000719235,0.002467626,2.70106103,2.75017514,0,0.00337542725,,0,8000000,12099200
dsb-gpu,WK2000_1,29,12374,2000,2000,2000,1999000,512,800,fp16,cluster,dense,0,0,33293,33337,0,0,0.033480332,2.70111865,0.000721987,0.002460523,2.70184064,2.75121418,0,0.00337639832,,0,8000000,12099200
dsb-gpu,WK2000_1,30,12375,2000,2000,2000,1999000,512,800,fp16,cluster,dense,0,0,33298,33337,0,0,0.033470796,2.70093872,0.000722243,0.003029837,2.70166096,2.7516098,0,0.0033761734,,0,8000000,12099200
dsb-gpu,WK2000_1,31,12376,2000,2000,2000,1999000,512,800,fp16,cluster,dense,0,0,33277,33337,0,0,0.033273324,2.70025708,0.000725859,0.002466954,2.70098294,2.75021456,0,0.00337532135,,0,8000000,12099200
dsb-gpu,WK2000_1,32,12377,2000,2000,2000,1999000,512,800,fp16,cluster,dense,0,0,33286,33337,0,0,0.033712429,2.70119897,0.000720163,0.002465642,2.70191914,2.75158379,0,0.00337649872,,0,8000000,12099200
dsb-gpu,WK2000_1,33,12378,2000,2000,2000,1999000,512,800,fp16,cluster,dense,0,0,33275,33337,0,0,0.032984842,2.70078467,0.000717123,0.002456459,2.70150179,2.75032276,0,0.00337598083,,0,8000000,12099200
dsb-gpu,WK2000_1,34,12379,2000,2000,2000,1999000,512,800,fp16,cluster,dense,0,0,33267,33337,0,0,0.033387212,2.70073364,0.000722403,0.002473194,2.70145605,2.75085594,0,0.00337591705,,0,8000000,12099200
dsb-gpu,WK2000_1,35,12380,2000,2000,2000,1999000,512,800,fp16,cluster,dense,0,0,33282,33337,0,0,0.032965962,2.70085327,0.000720803,0.002449162,2.70157407,2.7505232,0,0.00337606659,,0,8000000,12099200
dsb-gpu,WK2000_1,36,12381,2000,2000,2000,1999000,512,800,fp16,cluster,dense,0,0,33308,33337,0,0,0.033073675,2.70089111,0.000717731,0.00245185,2.70160884,2.7507346,0,0.00337611389,,0,8000000,12099200
dsb-gpu,WK2000_1,37,12382,2000,2000,2000,1999000,512,800,fp16,cluster,dense,0,0,33296,33337,0,0,0.03298481,2.69991016,0.000724291,0.002472618,2.70063445,2.74964765,0,0.0033748877,,0,8000000,12099200
dsb-gpu,WK2000_1,38,12383,2000,2000,2000,1999000,512,800,fp16,cluster,dense,0,0,33270,33337,0,0,0.033505549,2.70152759,0.000734339,0.002484394,2.70226193,2.75187105,0,0.00337690948,,0,8000000,12099200
dsb-gpu,WK2000_1,39,12384,2000,2000,2000,1999000,512,800,fp16,cluster,dense,0,0,33337,33337,1,0,0.033302828,2.70025708,0.000723299,0.002452459,2.70098038,2.75043738,0,0.00337532135,,0,8000000,12099200
dsb-gpu,WK2000_1,40,12385,2000,2000,2000,1999000,512,800,fp16,cluster,dense,0,0,33281,33337,0,0,0.032897066,2.70105884,0.000722947,0.002457578,2.70178178,2.75069738,0,0.00337632355,,0,8000000,12099200
dsb-gpu,WK2000_1,41,12386,2000,2000,2000,1999000,512,800,fp16,cluster,dense,0,0,33276,33337,0,0,0.03340414,2.69991382,0.000722883,0.002441034,2.7006367,2.74989572,0,0.00337489227,,0,8000000,12099200
dsb-gpu,WK2000_1,42,12387,2000,2000,2000,1999000,512,800,fp16,cluster,dense,0,0,33302,33337,0,0,0.033293515,2.70100732,0.000736515,0.002455146,2.70174384,2.75118977,0,0.00337625916,,0,8000000,12099200
dsb-gpu,WK2000_1,43,12388,2000,2000,2000,1999000,512,800,fp16,cluster,dense,0,0,33282,33337,0,0,0.03394987,2.70033057,0.000723587,0.002466378,2.70105415,2.75113918,0,0.00337541321,,0,8000000,12099200
dsb-gpu,WK2000_1,44,12389,2000,2000,2000,1999000,512,800,fp16,cluster,dense,0,0,33301,33337,0,0,0.033429804,2.70131592,0.00072282,0.002458122,2.70203874,2.75148606,0,0.0033766449,,0,8000000,12099200
dsb-gpu,WK2000_1,45,12390,2000,2000,2000,1999000,512,800,fp16,cluster,dense,0,0,33272,33337,0,0,0.033281932,2.70137061,0.000720451,0.002470826,2.70209106,2.75145546,0,0.00337671326,,0,8000000,12099200
dsb-gpu,WK2000_1,46,12391,2000,2000,2000,1999000,512,800,fp16,cluster,dense,0,0,33296,33337,0,0,0.033419596,2.69998145,0.000719715,0.002462987,2.70070116,2.75024362,0,0.00337497681,,0,8000000,12099200
dsb-gpu,WK2000_1,47,12392,2000,2000,2000,1999000,512,800,fp16,cluster,dense,0,0,33304,33337,0,0,0.033550573,2.70101123,0.000723267,0.002460074,2.7017345,2.75119364,0,0.00337626404,,0,8000000,12099200
dsb-gpu,WK2000_1,48,12393,2000,2000,2000,1999000,512,800,fp16,cluster,dense,0,0,33297,33337,0,0,0.033305035,2.70109106,0.000725379,0.002461003,2.70181644,2.75106887,0,0.00337636383,,0,8000000,12099200
dsb-gpu,WK2000_1,49,12394,2000,2000,2000,1999000,512,800,fp16,cluster,dense,0,0,33332,33337,0,0,0.033643085,2.70104126,0.000723075,0.002461898,2.70176433,2.7514322,0,0.00337630157,,0,8000000,12099200
dsb-gpu,WK2000_1,0,12345,2000,2000,2000,1999000,512,800,fp16,global-sync,dense,0,0,33288,33337,0,0,0.033790893,7.63462939,0.000747363,0.003059309,7.63537676,7.68675967,0,0.00954328674,,0,8000000,14147200
dsb-gpu,WK2000_1,1,12346,2000,2000,2000,1999000,512,800,fp16,global-sync,dense,0,0,33298,33337,0,0,0.033578509,7.62679688,0.000747715,0.002909004,7.62754459,7.67791185,0,0.00953349609,,0,8000000,14147200
dsb-gpu,WK2000_1,2,12347,2000,2000,2000,1999000,512,800,fp16,global-sync,dense,0,0,33294,33337,0,0,0.033330796,7.61841211,0.000735395,0.002393802,7.6191475,7.66852861,0,0.00952301514,,0,8000000,14147200
dsb-gpu,WK2000_1,3,12348,2000,2000,2000,1999000,512,800,fp16,global-sync,dense,0,0,33291,33337,0,0,0.033253611,7.62050977,0.000737059,0.002483594,7.62124682,7.67043086,0,0.00952563721,,0,8000000,14147200
dsb-gpu,WK2000_1,4,12349,2000,2000,2000,1999000,512,800,fp16,global-sync,dense,0,0,33303,33337,0,0,0.033565485,7.61983496,0.000754563,0.002495115,7.62058952,7.67028353,0,0.0095247937,,0,8000000,14147200
dsb-gpu,WK2000_1,5,12350,2000,2000,2000,1999000,512,800,fp16,global-sync,dense,0,0,33296,33337,0,0,0.0334475,7.62647168,0.000733123,0.002481131,7.6272048,7.67685482,0,0.0095330896,,0,8000000,14147200
dsb-gpu,WK2000_1,6,12351,2000,2000,2000,1999000,512,800,fp16,global-sync,dense,0,0,33274,33337,0,0,0.033467533,7.61884912,0.000731395,0.002368746,7.61958052,7.66886724,0,0.0095235614,,0,8000000,14147200
dsb-gpu,WK2000_1,7,12352,2000,2000,2000,1999000,512,800,fp16,global-sync,dense,0,0,33335,33337,0,0,0.03350718,7.62235889,0.000734243,0.002448139,7.62309313,7.67275218,0,0.00952794861,,0,8000000,14147200
dsb-gpu,WK2000_1,8,12353,2000,2000,2000,1999000,512,800,fp16,global-sync,dense,0,0,33293,33337,0,0,0.033449388,7.62,0.000729955,0.002460107,7.62072995,7.67037989,0,0.009525,,0,8000000,14147200
dsb-gpu,WK2000_1,9,12354,2000,2000,2000,1999000,512,800,fp16,global-sync,dense,0,0,33284,33337,0,0,0.033381324,7.62765479,0.000726883,0.002453706,7.62838167,7.67768075,0,0.00953456848,,0,8000000,14147200
dsb-gpu,WK2000_1,10,12355,2000,2000,2000,1999000,512,800,fp16,global-sync,dense,0,0,33302,33337,0,0,0.033516044,7.61058789,0.000727331,0.003078125,7.61131522,7.66136426,0,0.00951323486,,0,8000000,14147200
dsb-gpu,WK2000_1,11,12356,2000,2000,2000,1999000,512,800,fp16,global-sync,dense,0,0,33294,33337,0,0,0.033146059,7.62224756,0.000727395,0.002471211,7.62297495,7.67203631,0,0.00952780945,,0,8000000,14147200
dsb-gpu,WK2000_1,12,12357,2000,2000,2000,1999000,512,800,fp16,global-sync,dense,0,0,33286,33337,0,0,0.033368619,7.6177998,0.000728356,0.002363978,7.61852816,7.66780819,0,0.00952224976,,0,8000000,14147200
dsb-gpu,WK2000_1,13,12358,2000,2000,2000,1999000,512,800,fp16,global-sync,dense,0,0,33308,33337,0,0,0.033353227,7.62715869,0.000738275,0.002478026,7.62789697,7.6773706,0,0.00953394836,,0,8000000,14147200
dsb-gpu,WK2000_1,14,12359,2000,2000,2000,1999000,512,800,fp16,global-sync,dense,0,0,33272,33337,0,0,0.033762637,7.622396,0.000729283,0.00248161,7.62312528,7.67305692,0,0.009527995,,0,8000000,14147200
dsb-gpu,WK2000_1,15,12360,2000,2000,2000,1999000,512,800,fp16,global-sync,dense,0,0,33286,33337,0,0,0.033350508,7.63895166,0.000731299,0.002491466,7.63968296,7.68907616,0,0.00954868958,,0,8000000,14147200
dsb-gpu,WK2000_1,16,12361,2000,2000,2000,1999000,512,800,fp16,global-sync,dense,0,0,33265,33337,0,0,0.033202507,7.62378271,0.000731524,0.002441706,7.62451424,7.67369996,0,0.00952972839,,0,8000000,14147200
dsb-gpu,WK2000_1,17,12362,2000,2000,2000,1999000,512,800,fp16,global-sync,dense,0,0,33293,33337,0,0,0.033194635,7.63068115,0.000728227,0.002475402,7.63140938,7.68058636,0,0.00953835144,,0,8000000,14147200
dsb-gpu,WK2000_1,18,12363,2000,2000,2000,1999000,512,800,fp16,global-sync,dense,0,0,33276,33337,0,0,0.033342636,7.62240137,0.000731875,0.003041869,7.62313324,7.67300153,0,0.00952800171,,0,8000000,14147200
dsb-gpu,WK2000_1,19,12364,2000,2000,2000,1999000,512,800,fp16,global-sync,dense,0,0,33281,33337,0,0,0.033378187,7.62680127,0.000729251,0.002451563,7.62753052,7.67720715,0,0.00953350159,,0,8000000,14147200
dsb-gpu,WK2000_1,20,12365,2000,2000,2000,1999000,512,800,fp16,global-sync,dense,0,0,33289,33337,0,0,0.03348334,7.62325,0.000741123,0.002493899,7.62399112,7.67351561,0,0.0095290625,,0,8000000,14147200
dsb-gpu,WK2000_1,21,12366,2000,2000,2000,1999000,512,800,fp16,global-sync,dense,0,0,33308,33337,0,0,0.033479372,7.62781104,0.000729635,0.002483435,7.62854067,7.67808372,0,0.00953476379,,0,8000000,14147200
dsb-gpu,WK2000_1,22,12367,2000,2000,2000,1999000,512,800,fp16,global-sync,dense,0,0,33277,33337,0,0,0.033564109,7.62485498,0.000732323,0.002486154,7.6255873,7.67524826,0,0.00953106873,,0,8000000,14147200
dsb-gpu,WK2000_1,23,12368,2000,2000,2000,1999000,512,800,fp16,global-sync,dense,0,0,33293,33337,0,0,0.033465452,7.62729297,0.000733411,0.002439339,7.62802638,7.67747972,0,0.00953411621,,0,8000000,14147200
dsb-gpu,WK2000_1,24,12369,2000,2000,2000,1999000,512,800,fp16,global-sync,dense,0,0,33304,33337,0,0,0.033246123,7.61303809,0.000731043,0.002501354,7.61376913,7.66306408,0,0.00951629761,,0,8000000,14147200
dsb-gpu,WK2000_1,25,12370,2000,2000,2000,1999000,512,800,fp16,global-sync,dense,0,0,33285,33337,0,0,0.033474668,7.63075537,0.000729091,0.002423018,7.63148446,7.68091443,0,0.00953844421,,0,8000000,14147200
dsb-gpu,WK2000_1,26,12371,2000,2000,2000,1999000,512,800,fp16,global-sync,dense,0,0,33335,33337,0,0,0.033643021,7.62383643,0.000727139,0.002501323,7.62456356,7.67422115,0,0.00952979553,,0,8000000,14147200
dsb-gpu,WK2000_1,27,12372,2000,2000,2000,1999000,512,800,fp16,global-sync,dense,0,0,33289,33337,0,0,0.033493612,7.64020801,0.000729731,0.002385098,7.64093774,7.69033062,0,0.00955026001,,0,8000000,14147200
dsb-gpu,WK2000_1,28,12373,2000,2000,2000,1999000,512,800,fp16,global-sync,dense,0,0,33276,33337,0,0,0.033238571,7.61731055,0.000727651,0.00240337,7.6180382,7.66738349,0,0.00952163818,,0,8000000,14147200
dsb-gpu,WK2000_1,29,12374,2000,2000,2000,1999000,512,800,fp16,global-sync,dense,0,0,33294,33337,0,0,0.033441836,7.63853711,0.000729283,0.002373386,7.63926639,7.68885497,0,0.00954817139,,0,8000000,14147200
dsb-gpu,WK2000_1,30,12375,2000,2000,2000,1999000,512,800,fp16,global-sync,dense,0,0,33296,33337,0,0,0.03338766,7.62787549,0.000730339,0.002433707,7.62860583,7.67797477,0,0.00953484436,,0,8000000,14147200
dsb-gpu,WK2000_1,31,12376,2000,2000,2000,1999000,512,800,fp16,global-sync,dense,0,0,33291,33337,0,0,0.033911567,7.62979443,0.000727587,0.002504235,7.63052202,7.68045919,0,0.00953724304,,0,8000000,14147200
dsb-gpu,WK2000_1,32,12377,2000,2000,2000,1999000,512,800,fp16,global-sync,dense,0,0,33272,33337,0,0,0.033480653,7.6230083,0.000727331,0.002516746,7.62373563,7.67324732,0,0.00952876038,,0,8000000,14147200
dsb-gpu,WK2000_1,33,12378,2000,2000,2000,1999000,512,800,fp16,global-sync,dense,0,0,33304,33337,0,0,0.033453612,7.62721777,0.000728227,0.003036973,7.627946,7.67799108,0,0.00953402222,,0,8000000,14147200
dsb-gpu,WK2000_1,34,12379,2000,2000,2000,1999000,512,800,fp16,global-sync,dense,0,0,33291,33337,0,0,0.033390732,7.62190576,0.000727811,0.002453258,7.62263357,7.67210101,0,0.0095273822,,0,8000000,14147200
dsb-gpu,WK2000_1,35,12380,2000,2000,2000,1999000,512,800,fp16,global-sync,dense,0,0,33332,33337,0,0,0.033502317,7.63776953,0.000728931,0.002468106,7.63849846,7.68810873,0,0.00954721191,,0,8000000,14147200
dsb-gpu,WK2000_1,36,12381,2000,2000,2000,1999000,512,800,fp16,global-sync,dense,0,0,33267,33337,0,0,0.033385356,7.62519922,0.000728931,0.002486379,7.62592815,7.6753361,0,0.00953149902,,0,8000000,14147200
dsb-gpu,WK2000_1,37,12382,2000,2000,2000,1999000,512,800,fp16,global-sync,dense,0,0,33296,33337,0,0,0.0334683,7.62247314,0.000728771,0.002485706,7.62320192,7.67269685,0,0.00952809143,,0,8000000,14147200
dsb-gpu,WK2000_1,38,12383,2000,2000,2000,1999000,512,800,fp16,global-sync,dense,0,0,33291,33337,0,0,0.0334851,7.62849756,0.000729315,0.002497003,7.62922687,7.67888184,0,0.00953562195,,0,8000000,14147200
dsb-gpu,WK2000_1,39,12384,2000,2000,2000,1999000,512,800,fp16,global-sync,dense,0,0,33299,33337,0,0,0.033503468,7.61749268,0.000729251,0.002487946,7.61822193,7.66784736,0,0.00952186584,,0,8000000,14147200
dsb-gpu,WK2000_1,40,12385,2000,2000,2000,1999000,512,800,fp16,global-sync,dense,0,0,33291,33337,0,0,0.033383436,7.62503418,0.000731587,0.00247569,7.62576577,7.67532845,0,0.00953129272,,0,8000000,14147200
dsb-gpu,WK2000_1,41,12386,2000,2000,2000,1999000,512,800,fp16,global-sync,dense,0,0,33275,33337,0,0,0.033513804,7.62689404,0.000730019,0.002497002,7.62762406,7.67722004,0,0.00953361755,,0,8000000,14147200
dsb-gpu,WK2000_1,42,12387,2000,2000,2000,1999000,512,800,fp16,global-sync,dense,0,0,33289,33337,0,0,0.033372812,7.625229,0.000728227,0.00240737,7.62595723,7.67533437,0,0.00953153625,,0,8000000,14147200
dsb-gpu,WK2000_1,43,12388,2000,2000,2000,1999000,512,800,fp16,global-sync,dense,0,0,33291,33337,0,0,0.033626221,7.62562061,0.000729411,0.002435242,7.62635002,7.67603168,0,0.00953202576,,0,8000000,14147200
dsb-gpu,WK2000_1,44,12389,2000,2000,2000,1999000,512,800,fp16,global-sync,dense,0,0,33291,33337,0,0,0.033555373,7.62405762,0.000731715,0.002489483,7.62478933,7.67469785,0,0.00953007202,,0,8000000,14147200
dsb-gpu,WK2000_1,45,12390,2000,2000,2000,1999000,512,800,fp16,global-sync,dense,0,0,33286,33337,0,0,0.033817262,7.63013184,0.000729731,0.00246833,7.63086157,7.68069615,0,0.00953766479,,0,8000000,14147200
dsb-gpu,WK2000_1,46,12391,2000,2000,2000,1999000,512,800,fp16,global-sync,dense,0,0,33308,33337,0,0,0.033416364,7.62046924,0.000731075,0.002374154,7.62120031,7.67057909,0,0.00952558655,,0,8000000,14147200
dsb-gpu,WK2000_1,47,12392,2000,2000,2000,1999000,512,800,fp16,global-sync,dense,0,0,33311,33337,0,0,0.033292427,7.63082715,0.000735587,0.0029275,7.63156274,7.68133148,0,0.00953853394,,0,8000000,14147200
dsb-gpu,WK2000_1,48,12393,2000,2000,2000,1999000,512,800,fp16,global-sync,dense,0,0,33280,33337,0,0,0.033459404,7.61332275,0.000731331,0.002479466,7.61405408,7.66392431,0,0.00951665344,,0,8000000,14147200
dsb-gpu,WK2000_1,49,12394,2000,2000,2000,1999000,512,800,fp16,global-sync,dense,0,0,33302,33337,0,0,0.033642573,7.6267417,0.000736196,0.002422954,7.6274779,7.67706942,0,0.00953342712,,0,8000000,14147200
dsb-gpu,WK2000_1,0,12345,2000,2000,2000,1999000,512,800,fp16,gemm,dense,0,0,33288,33337,0,0,0.033312587,0.0103705282,0.000713283,0.002342122,0.0110838112,0.074060822,0,1.29631603e-05,,0,8000000,22437504
dsb-gpu,WK2000_1,1,12346,2000,2000,2000,1999000,512,800,fp16,gemm,dense,0,0,33298,33337,0,0,0.032966602,0.0103853436,0.000715363,0.002376426,0.0111007066,0.074021142,0,1.29816794e-05,,0,8000000,22437504
dsb-gpu,WK2000_1,2,12347,2000,2000,2000,1999000,512,800,fp16,gemm,dense,0,0,33294,33337,0,0,0.032964586,0.0104442883,0.000716931,0.00236753,0.0111612193,0.073752661,0,1.30553603e-05,,0,8000000,22437504
dsb-gpu,WK2000_1,3,12348,2000,2000,2000,1999000,512,800,fp16,gemm,dense,0,0,33291,33337,0,0,0.032966858,0.0104043522,0.000713027,0.002363754,0.0111173792,0.074144471,0,1.30054402e-05,,0,8000000,22437504
dsb-gpu,WK2000_1,4,12349,2000,2000,2000,1999000,512,800,fp16,gemm,dense,0,0,33303,33337,0,0,0.032846793,0.010354784,0.000712643,0.002390186,0.011067427,0.073586997,0,1.294348e-05,,0,8000000,22437504
dsb-gpu,WK2000_1,5,12350,2000,2000,2000,1999000,512,800,fp16,gemm,dense,0,0,33296,33337,0,0,0.033214379,0.0104060163,0.000715331,0.002355466,0.0111213473,0.074518808,0,1.30075204e-05,,0,8000000,22437504
dsb-gpu,WK2000_1,6,12351,2000,2000,2000,1999000,512,800,fp16,gemm,dense,0,0,33274,33337,0,0,0.033065994,0.0100663042,0.000713475,0.002363626,0.0107797792,0.073486132,0,1.25828803e-05,,0,8000000,22437504
dsb-gpu,WK2000_1,7,12352,2000,2000,2000,1999000,512,800,fp16,gemm,dense,0,0,33335,33337,0,0,0.032997322,0.0100782404,0.000716547,0.00239569,0.0107947874,0.073645076,0,1.25978005e-05,,0,8000000,22437504
dsb-gpu,WK2000_1,8,12353,2000,2000,2000,1999000,512,800,fp16,gemm,dense,0,0,33293,33337,0,0,0.033472524,0.0101068163,0.000716963,0.002424906,0.0108237793,0.07419711,0,1.26335204e-05,,0,8000000,22437504
dsb-gpu,WK2000_1,9,12354,2000,2000,2000,1999000,512,800,fp16,gemm,dense,0,0,33284,33337,0,0,0.033168907,0.0100513601,0.000712931,0.002375978,0.0107642911,0.073657812,0,1.25642002e-05,,0,8000000,22437504
dsb-gpu,WK2000_1,10,12355,2000,2000,2000,1999000,512,800,fp16,gemm,dense,0,0,33302,33337,0,0,0.034027758,0.010067296,0.000719683,0.00237857,0.010786979,0.074811577,0,1.258412e-05,,0,8000000,22437504
dsb-gpu,WK2000_1,11,12356,2000,2000,2000,1999000,512,800,fp16,gemm,dense,0,0,33294,33337,0,0,0.033241484,0.0100588484,0.000713027,0.00237025,0.0107718754,0.073643061,0,1.25735605e-05,,0,8000000,22437504
dsb-gpu,WK2000_1,12,12357,2000,2000,2000,1999000,512,800,fp16,gemm,dense,0,0,33286,33337,0,0,0.033173515,0.0100705919,0.000718404,0.00236305,0.0107889959,0.073618933,0,1.25882399e-05,,0,8000000,22437504
dsb-gpu,WK2000_1,13,12358,2000,2000,2000,1999000,512,800,fp16,gemm,dense,0,0,33308,33337,0,0,0.033638765,0.0100684156,0.000716131,0.002377706,0.0107845466,0.073959926,0,1.25855196e-05,,0,8000000,22437504
dsb-gpu,WK2000_1,14,12359,2000,2000,2000,1999000,512,800,fp16,gemm,dense,0,0,33272,33337,0,0,0.033063274,0.0100212803,0.000714819,0.002815404,0.0107360993,0.074625401,0,1.25266004e-05,,0,8000000,22437504
dsb-gpu,WK2000_1,15,12360,2000,2000,2000,1999000,512,800,fp16,gemm,dense,0,0,33286,33337,0,0,0.033017355,0.0100049601,0.000711779,0.002359498,0.0107167391,0.073852086,0,1.25062001e-05,,0,8000000,22437504
dsb-gpu,WK2000_1,16,12361,2000,2000,2000,1999000,512,800,fp16,gemm,dense,0,0,33265,33337,0,0,0.033305163,0.0100231037,0.000712387,0.00237425,0.0107354907,0.073600052,0,1.25288796e-05,,0,8000000,22437504
dsb-gpu,WK2000_1,17,12362,2000,2000,2000,1999000,512,800,fp16,gemm,dense,0,0,33293,33337,0,0,0.033148395,0.0100095358,0.000712963,0.002374826,0.0107224988,0.073717109,0,1.25119197e-05,,0,8000000,22437504
dsb-gpu,WK2000_1,18,12363,2000,2000,2000,1999000,512,800,fp16,gemm,dense,0,0,33276,33337,0,0,0.033120171,0.0100448961,0.000713667,0.002371658,0.0107585631,0.073226898,0,1.25561202e-05,,0,8000000,22437504
dsb-gpu,WK2000_1,19,12364,2000,2000,2000,1999000,512,800,fp16,gemm,dense,0,0,33281,33337,0,0,0.033011819,0.0100681276,0.000715331,0.002368394,0.0107834586,0.073430131,0,1.25851595e-05,,0,8000000,22437504
dsb-gpu,WK2000_1,20,12365,2000,2000,2000,1999000,512,800,fp16,gemm,dense,0,0,33289,33337,0,0,0.033016362,0.0100968637,0.000716387,0.002363242,0.0108132507,0.073167826,0,1.26210797e-05,,0,8000000,22437504
dsb-gpu,WK2000_1,21,12366,2000,2000,2000,1999000,512,800,fp16,gemm,dense,0,0,33308,33337,0,0,0.033197195,0.00999728012,0.000711587,0.002385738,0.0107088671,0.073719221,0,1.24966002e-05,,0,8000000,22437504
dsb-gpu,WK2000_1,22,12367,2000,2000,2000,1999000,512,800,fp16,gemm,dense,0,0,33277,33337,0,0,0.033159531,0.0100045118,0.000714211,0.002362986,0.0107187228,0.073402579,0,1.25056398e-05,,0,8000000,22437504
dsb-gpu,WK2000_1,23,12368,2000,2000,2000,1999000,512,800,fp16,gemm,dense,0,0,33293,33337,0,0,0.033331116,0.0100287037,0.000716259,0.00237233,0.0107449627,0.073643477,0,1.25358796e-05,,0,8000000,22437504
dsb-gpu,WK2000_1,24,12369,2000,2000,2000,1999000,512,800,fp16,gemm,dense,0,0,33304,33337,0,0,0.033132203,0.0100253763,0.000719843,0.002412202,0.0107452193,0.07346274,0,1.25317204e-05,,0,8000000,22437504
dsb-gpu,WK2000_1,25,12370,2000,2000,2000,1999000,512,800,fp16,gemm,dense,0,0,33285,33337,0,0,0.03321102,0.0100304003,0.000715043,0.002350986,0.0107454433,0.073546005,0,1.25380003e-05,,0,8000000,22437504
dsb-gpu,WK2000_1,26,12371,2000,2000,2000,1999000,512,800,fp16,gemm,dense,0,0,33335,33337,0,0,0.033011626,0.0100723839,0.000714531,0.00236481,0.0107869149,0.073376851,0,1.25904799e-05,,0,8000000,22437504
dsb-gpu,WK2000_1,27,12372,2000,2000,2000,1999000,512,800,fp16,gemm,dense,0,0,33289,33337,0,0,0.033265516,0.0100223684,0.000713923,0.00238897,0.0107362914,0.074085782,0,1.25279605e-05,,0,8000000,22437504
dsb-gpu,WK2000_1,28,12373,2000,2000,2000,1999000,512,800,fp16,gemm,dense,0,0,33276,33337,0,0,0.03341246,0.0100491199,0.000713059,0.00278142,0.0107621789,0.074167511,0,1.25613999e-05,,0,8000000,22437504
dsb-gpu,WK2000_1,29,12374,2000,2000,2000,1999000,512,800,fp16,gemm,dense,0,0,33294,33337,0,0,0.033294092,0.0100424318,0.000712003,0.002367626,0.0107544348,0.074181367,0,1.25530398e-05,,0,8000000,22437504
dsb-gpu,WK2000_1,30,12375,2000,2000,2000,1999000,512,800,fp16,gemm,dense,0,0,33296,33337,0,0,0.033466348,0.0100449276,0.000713827,0.002363082,0.0107587546,0.073721428,0,1.25561595e-05,,0,8000000,22437504
dsb-gpu,WK2000_1,31,12376,2000,2000,2000,1999000,512,800,fp16,gemm,dense,0,0,33291,33337,0,0,0.032981546,0.0100410557,0.000720035,0.002389258,0.0107610907,0.07352914,0,1.25513196e-05,,0,8000000,22437504
dsb-gpu,WK2000_1,32,12377,2000,2000,2000,1999000,512,800,fp16,gemm,dense,0,0,33272,33337,0,0,0.033625069,0.0100316801,0.000716131,0.002376361,0.0107478111,0.073826261,0,1.25396001e-05,,0,8000000,22437504
dsb-gpu,WK2000_1,33,12378,2000,2000,2000,1999000,512,800,fp16,gemm,dense,0,0,33304,33337,0,0,0.033311563,0.0100256004,0.000714947,0.002404778,0.0107405474,0.073804149,0,1.25320005e-05,,0,8000000,22437504
dsb-gpu,WK2000_1,34,12379,2000,2000,2000,1999000,512,800,fp16,gemm,dense,0,0,33291,33337,0,0,0.033285388,0.0100654078,0.000714179,0.00237489,0.0107795868,0.073481268,0,1.25817597e-05,,0,8000000,22437504
dsb-gpu,WK2000_1,35,12380,2000,2000,2000,1999000,512,800,fp16,gemm,dense,0,0,33332,33337,0,0,0.033335499,0.0100512638,0.000715619,0.002390474,0.0107668828,0.073898294,0,1.25640798e-05,,0,8000000,22437504
dsb-gpu,WK2000_1,36,12381,2000,2000,2000,1999000,512,800,fp16,gemm,dense,0,0,33267,33337,0,0,0.033166603,0.0100863361,0.000715331,0.002397194,0.0108016671,0.073734453,0,1.26079202e-05,,0,8000000,22437504
dsb-gpu,WK2000_1,37,12382,2000,2000,2000,1999000,512,800,fp16,gemm,dense,0,0,33296,33337,0,0,0.033302156,0.010002944,0.000718243,0.002383722,0.010721187,0.073935893,0,1.250368e-05,,0,8000000,22437504
dsb-gpu,WK2000_1,38,12383,2000,2000,2000,1999000,512,800,fp16,gemm,dense,0,0,33291,33337,0,0,0.033354028,0.00992649555,0.000712515,0.002385258,0.0106390106,0.073495988,0,1.24081194e-05,,0,8000000,22437504
dsb-gpu,WK2000_1,39,12384,2000,2000,2000,1999000,512,800,fp16,gemm,dense,0,0,33299,33337,0,0,0.033387724,0.00996553612,0.000710979,0.002372714,0.0106765151,0.073802389,0,1.24569201e-05,,0,8000000,22437504
dsb-gpu,WK2000_1,40,12385,2000,2000,2000,1999000,512,800,fp16,gemm,dense,0,0,33291,33337,0,0,0.033499244,0.00996144009,0.000712675,0.00236753,0.0106741151,0.073687957,0,1.24518001e-05,,0,8000000,22437504
dsb-gpu,WK2000_1,41,12386,2000,2000,2000,1999000,512,800,fp16,gemm,dense,0,0,33275,33337,0,0,0.03307809,0.00995414352,0.000713474,0.002380906,0.0106676175,0.073420084,0,1.24426794e-05,,0,8000000,22437504
dsb-gpu,WK2000_1,42,12387,2000,2000,2000,1999000,512,800,fp16,gemm,dense,0,0,33289,33337,0,0,0.033271244,0.0101189117,0.000714787,0.002391435,0.0108336987,0.073793622,0,1.26486397e-05,,0,8000000,22437504
dsb-gpu,WK2000_1,43,12388,2000,2000,2000,1999000,512,800,fp16,gemm,dense,0,0,33291,33337,0,0,0.033272587,0.0101289597,0.000713539,0.002382794,0.0108424987,0.07404047,0,1.26611996e-05,,0,8000000,22437504
dsb-gpu,WK2000_1,44,12389,2000,2000,2000,1999000,512,800,fp16,gemm,dense,0,0,33291,33337,0,0,0.033213067,0.0100923843,0.000715363,0.00237969,0.0108077473,0.073473556,0,1.26154804e-05,,0,8000000,22437504
dsb-gpu,WK2000_1,45,12390,2000,2000,2000,1999000,512,800,fp16,gemm,dense,0,0,33286,33337,0,0,0.033158699,0.010080224,0.000710563,0.002391146,0.010790787,0.073638356,0,1.260028e-05,,0,8000000,22437504
dsb-gpu,WK2000_1,46,12391,2000,2000,2000,1999000,512,800,fp16,gemm,dense,0,0,33308,33337,0,0,0.032998187,0.0100592003,0.000718211,0.002351818,0.0107774113,0.073550613,0,1.25740004e-05,,0,8000000,22437504
dsb-gpu,WK2000_1,47,12392,2000,2000,2000,1999000,512,800,fp16,gemm,dense,0,0,33311,33337,0,0,0.033272747,0.0100223684,0.000716547,0.002401706,0.0107389154,0.073616628,0,1.25279605e-05,,0,8000000,22437504
dsb-gpu,WK2000_1,48,12393,2000,2000,2000,1999000,512,800,fp16,gemm,dense,0,0,33280,33337,0,0,0.032923626,0.0100850563,0.000716355,0.00237185,0.0108014113,0.073199282,0,1.26063204e-05,,0,8000000,22437504
dsb-gpu,WK2000_1,49,12394,2000,2000,2000,1999000,512,800,fp16,gemm,dense,0,0,33302,33337,0,0,0.033024522,0.0100502081,0.000713859,0.002379658,0.0107640671,0.073985782,0,1.25627601e-05,,0,8000000,22437504
