family,instance,agents,steps,label,runs,n,edges,nnz,target,dt,auto_choice,us_per_step,solver_s,wall_s,total_s,setup_s,best,median_obj,q1_obj,q3_obj,successes,median_gap_pct,best_gap_pct,gpu_mem_bytes,p_batch,tts99_solver_s,tts99_wall_s,ref_solver_s,ref_wall_s,speedup_solver,speedup_wall
G-set,G1,512,200,auto,50,800,19176.0,0.0,11624.0,0.58,bit,21.899840849999997,0.00437996817,0.0126462815,0.00445427298,0.007230529,11619,11593.0,11582.0,11602.0,0.0,0.26668960770818995,0.04301445285615967,3543200.0,0.0,inf,inf,0.035334016499999996,0.035947091,8.06718568002744,2.842502833738123
G-set,G1,512,200,bit,50,800,19176.0,0.0,11624.0,0.58,,21.861199125,0.004372239825,0.012578777,0.00444665588,0.007186289,11619,11593.0,11582.0,11602.0,0.0,0.26668960770818995,0.04301445285615967,3543200.0,0.0,inf,inf,0.035334016499999996,0.035947091,8.081445189251484,2.8577572366534523
G-set,G1,512,200,csr-block,50,800,19176.0,38352.0,11624.0,0.58,,79.60304024999999,0.01592060805,0.0179906735,0.015987120549999997,0.001753768,11623,11592.5,11579.0,11599.75,0.0,0.27099105299380594,0.008602890571231933,4001316.0,0.0,inf,inf,0.035334016499999996,0.035947091,2.2193886306999433,1.9980959023018234
G-set,G1,512,200,csr-row,50,800,19176.0,38352.0,11624.0,0.58,,17.188159825,0.003437631965,0.005725674,0.00350294498,0.001945465,11623,11592.5,11579.0,11599.75,0.0,0.27099105299380594,0.008602890571231933,4410916.0,0.0,inf,inf,0.035334016499999996,0.035947091,10.278592024902816,6.278228729054431
G-set,G1,512,200,gemm-fp16,50,800,19176.0,0.0,11624.0,0.58,,6.964399800000001,0.0013928799600000001,0.020002603,0.0015908169650000002,0.009998317,11621,11589.0,11582.0,11598.0,0.0,0.3011011699931177,0.025808671713695802,9571104.0,0.0,inf,inf,0.035334016499999996,0.035947091,25.367596285899605,1.7971206547467846
G-set,G1,512,200,gemm-fp32,50,800,19176.0,0.0,11624.0,0.58,,28.764479150000003,0.00575289583,0.019885562,0.00591315254,0.005449833,11619,11593.0,11582.0,11602.0,0.0,0.26668960770818995,0.04301445285615967,13308704.0,0.0,inf,inf,0.035334016499999996,0.035947091,6.141953121372614,1.8076980172851038
G-set,G1,512,200,gemm-int8,50,800,19176.0,0.0,11624.0,0.58,,7.937040025,0.0015874080050000002,0.018253443,0.00166147252,0.0085160865,11619,11593.0,11582.0,11602.0,0.0,0.26668960770818995,0.04301445285615967,10323104.0,0.0,inf,inf,0.035334016499999996,0.035947091,22.258938085675076,1.9693320871026907
G-set,G1,512,200,gemm-tf32,50,800,19176.0,0.0,11624.0,0.58,,13.111760025,0.002622352005,0.017176734,0.002781457075,0.005472409,11619,11593.0,11582.0,11602.0,0.0,0.26668960770818995,0.04301445285615967,13308704.0,0.0,inf,inf,0.035334016499999996,0.035947091,13.474169917932125,2.092777998425079
G-set,G1,512,200,public-matched,50,800,19176.0,38352.0,11624.0,0.58,,176.67008249999998,0.035334016499999996,0.035947091,0.0353427525,0.0002764009915,11624,11615.0,11610.25,11619.75,4.0,0.0774260151410874,0.0,,0.08,1.9787049239999996,2.013037096,0.035334016499999996,0.035947091,1.0,1.0
G-set,G1,512,400,auto,50,800,19176.0,0.0,11624.0,0.58,bit,21.843800549999997,0.00873752022,0.016941805,0.008811023915,0.0071861605,11622,11605.5,11599.0,11609.75,0.0,0.15915347556779078,0.017205781142463867,3544000.0,0.0,inf,inf,0.072352697,0.07297022,8.280690078906622,4.307110133778544
G-set,G1,512,400,bit,50,800,19176.0,0.0,11624.0,0.58,,21.844640974999997,0.00873785639,0.016953261,0.008812224779999999,0.0071920000000000005,11622,11605.5,11599.0,11609.75,0.0,0.15915347556779078,0.017205781142463867,3544000.0,0.0,inf,inf,0.072352697,0.07297022,8.280371497385069,4.304199646309934
G-set,G1,512,400,csr-block,50,800,19176.0,38352.0,11624.0,0.58,,79.45019962500001,0.031780079850000004,0.033919914499999995,0.03184521685,0.001749944,11624,11604.0,11598.0,11610.0,2.0,0.1720578114246387,0.0,4002116.0,0.04,3.5911490230500003,3.8329503384999994,0.072352697,0.07297022,2.276668194085736,2.151250115916419
G-set,G1,512,400,csr-row,50,800,19176.0,38352.0,11624.0,0.58,,17.3280400125,0.006931216005,0.009204105,0.006996576504999999,0.0019406965000000002,11624,11604.0,11598.0,11610.0,2.0,0.1720578114246387,0.0,4411716.0,0.04,0.783227408565,1.040063865,0.072352697,0.07297022,10.438672946825871,7.928008209380488
G-set,G1,512,400,gemm-fp16,50,800,19176.0,0.0,11624.0,0.58,,6.832120124999999,0.00273284805,0.0227820715,0.00292913705,0.009984541,11620,11604.5,11598.0,11609.0,0.0,0.16775636613902273,0.034411562284927734,9571904.0,0.0,inf,inf,0.072352697,0.07297022,26.475199380368032,3.2029668592691407
G-set,G1,512,400,gemm-fp32,50,800,19176.0,0.0,11624.0,0.58,,28.669599374999997,0.01146783975,0.027194347,0.01162984115,0.005484665,11622,11605.5,11599.0,11609.75,0.0,0.15915347556779078,0.017205781142463867,13309504.0,0.0,inf,inf,0.072352697,0.07297022,6.309182773503614,2.683286346239533
G-set,G1,512,400,gemm-int8,50,800,19176.0,0.0,11624.0,0.58,,7.5642800375,0.0030257120150000002,0.020748510499999998,0.0030996645150000003,0.008368661999999999,11622,11605.5,11599.0,11609.75,0.0,0.15915347556779078,0.017205781142463867,10323904.0,0.0,inf,inf,0.072352697,0.07297022,23.91261846511192,3.516889561783243
G-set,G1,512,400,gemm-tf32,50,800,19176.0,0.0,11624.0,0.58,,12.68436015,0.00507374406,0.021564658,0.00523424106,0.0055280095,11622,11605.5,11599.0,11609.75,0.0,0.15915347556779078,0.017205781142463867,13309504.0,0.0,inf,inf,0.072352697,0.07297022,14.26021812381289,3.38378749155215
G-set,G1,512,400,public-matched,50,800,19176.0,38352.0,11624.0,0.58,,180.8817425,0.072352697,0.07297022,0.072360809,0.0002859369995,11624,11623.0,11622.0,11624.0,21.0,0.008602890571231933,0.0,,0.42,0.651174273,0.65673198,0.072352697,0.07297022,1.0,1.0
G-set,G1,512,800,auto,50,800,19176.0,0.0,11624.0,0.58,bit,21.804540187500002,0.01744363215,0.025662947999999998,0.01751689695,0.007191009,11624,11622.5,11619.25,11624.0,20.0,0.012904335856847901,0.0,3545600.0,0.4,0.1744363215,0.25662947999999997,0.1437101415,0.144329904,8.238544602650315,5.624057844016986
G-set,G1,512,800,bit,50,800,19176.0,0.0,11624.0,0.58,,21.805379375,0.0174443035,0.025587188,0.01751812765,0.00712584,11624,11622.5,11619.25,11624.0,20.0,0.012904335856847901,0.0,3545600.0,0.4,0.17444303500000002,0.25587188,0.1437101415,0.144329904,8.238227539437156,5.640709874019763
G-set,G1,512,800,csr-block,50,800,19176.0,38352.0,11624.0,0.58,,79.6549391875,0.06372395135,0.065807883,0.06379390325,0.0017519760000000001,11624,11621.5,11619.0,11624.0,15.0,0.021507226428079833,0.0,4003716.0,0.3,0.82841136755,0.855502479,0.1437101415,0.144329904,2.2551982175537204,2.193200835832996
G-set,G1,512,800,csr-row,50,800,19176.0,38352.0,11624.0,0.58,,17.339979375,0.0138719835,0.0161754655,0.0139379995,0.001953417,11624,11621.5,11619.0,11624.0,15.0,0.021507226428079833,0.0,4413316.0,0.3,0.1803357855,0.21028105149999998,0.1437101415,0.144329904,10.359739939137038,8.922766643099083
G-set,G1,512,800,gemm-fp16,50,800,19176.0,0.0,11624.0,0.58,,6.4841401562500005,0.005187312125,0.028423041000000003,0.005386417125,0.010149598499999999,11624,11621.5,11620.0,11624.0,19.0,0.021507226428079833,0.0,9573504.0,0.38,0.05187312125,0.28423041000000004,0.1437101415,0.144329904,27.704163165234633,5.077919143134614
G-set,G1,512,800,gemm-fp32,50,800,19176.0,0.0,11624.0,0.58,,28.553979375,0.0228431835,0.0415417405,0.0230052647,0.005458025,11624,11622.5,11619.25,11624.0,20.0,0.012904335856847901,0.0,13311104.0,0.4,0.228431835,0.415417405,0.1437101415,0.144329904,6.291160840169235,3.4743345431085153
G-set,G1,512,800,gemm-int8,50,800,19176.0,0.0,11624.0,0.58,,7.635039981249999,0.006108031985,0.026167366999999997,0.006181312475,0.008422230499999999,11624,11622.5,11619.25,11624.0,20.0,0.012904335856847901,0.0,10325504.0,0.4,0.061080319849999995,0.26167366999999997,0.1437101415,0.144329904,23.528059750328893,5.515644887007547
G-set,G1,512,800,gemm-tf32,50,800,19176.0,0.0,11624.0,0.58,,12.519379875,0.0100155039,0.0299806,0.0101760488,0.0053405525,11624,11622.5,11619.25,11624.0,20.0,0.012904335856847901,0.0,13311104.0,0.4,0.100155039,0.299806,0.1437101415,0.144329904,14.348767963636856,4.8141099244177905
G-set,G1,512,800,public-matched,50,800,19176.0,38352.0,11624.0,0.58,,179.637676875,0.1437101415,0.144329904,0.1437191975,0.0002794579995,11624,11624.0,11624.0,11624.0,50.0,0.0,0.0,,1.0,0.1437101415,0.144329904,0.1437101415,0.144329904,1.0,1.0
G-set,G1,512,1600,auto,50,800,19176.0,0.0,11624.0,0.58,bit,21.78496003125,0.03485593605,0.0431129,0.034932402,0.007231553,11624,11624.0,11624.0,11624.0,50.0,0.0,0.0,3548800.0,1.0,0.03485593605,0.0431129,0.284080171,0.284759294,8.150123140933408,6.604967283574058
G-set,G1,512,1600,bit,50,800,19176.0,0.0,11624.0,0.58,,21.791230437499998,0.0348659687,0.0430981475,0.0349403848,0.0072079845,11624,11624.0,11624.0,11624.0,50.0,0.0,0.0,3548800.0,1.0,0.0348659687,0.0430981475,0.284080171,0.284759294,8.147777950595131,6.607228164505214
G-set,G1,512,1600,csr-block,50,800,19176.0,38352.0,11624.0,0.58,,78.312110625,0.125299377,0.127374371,0.125369889,0.0017591920000000001,11624,11624.0,11624.0,11624.0,48.0,0.0,0.0,4006916.0,0.96,0.250598754,0.254748742,0.284080171,0.284759294,2.267211360516182,2.2356090300143663
G-set,G1,512,1600,csr-row,50,800,19176.0,38352.0,11624.0,0.58,,17.32963025,0.0277274084,0.0300095765,0.0277947369,0.0019465365,11624,11624.0,11624.0,11624.0,48.0,0.0,0.0,4416516.0,0.96,0.0554548168,0.060019153,0.284080171,0.284759294,10.24546423170223,9.488947436495813
G-set,G1,512,1600,gemm-fp16,50,800,19176.0,0.0,11624.0,0.58,,6.458230031249999,0.010333168050000001,0.039555252,0.0105324969,0.010082557499999999,11624,11624.0,11624.0,11624.0,50.0,0.0,0.0,9576704.0,1.0,0.010333168050000001,0.039555252,0.284080171,0.284759294,27.492069191693826,7.199026162189537
G-set,G1,512,1600,gemm-fp32,50,800,19176.0,0.0,11624.0,0.58,,28.496190312499998,0.045593904500000004,0.070275343,0.0457536655,0.005323639999999999,11624,11624.0,11624.0,11624.0,50.0,0.0,0.0,13314304.0,1.0,0.045593904500000004,0.070275343,0.284080171,0.284759294,6.230661184106309,4.052051286323853
G-set,G1,512,1600,gemm-int8,50,800,19176.0,0.0,11624.0,0.58,,7.59933978125,0.01215894365,0.0374914665,0.01223380805,0.008462087,11624,11624.0,11624.0,11624.0,50.0,0.0,0.0,10328704.0,1.0,0.01215894365,0.0374914665,0.284080171,0.284759294,23.36388580927423,7.595309561977257
G-set,G1,512,1600,gemm-tf32,50,800,19176.0,0.0,11624.0,0.58,,12.49682009375,0.019994912150000002,0.047871418,0.020155777149999998,0.005359481,11624,11624.0,11624.0,11624.0,50.0,0.0,0.0,13314304.0,1.0,0.019994912150000002,0.047871418,0.284080171,0.284759294,14.207622862699097,5.948419869242227
G-set,G1,512,1600,public-matched,50,800,19176.0,38352.0,11624.0,0.58,,177.550106875,0.284080171,0.284759294,0.284088155,0.00028377699349999995,11624,11624.0,11624.0,11624.0,50.0,0.0,0.0,,1.0,0.284080171,0.284759294,0.284080171,0.284759294,1.0,1.0
G-set,G1,512,3200,auto,50,800,19176.0,0.0,11624.0,0.58,bit,21.787389515625,0.06971964645,0.077956582,0.0697923349,0.007180366,11624,11624.0,11624.0,11624.0,50.0,0.0,0.0,3555200.0,1.0,0.06971964645,0.077956582,0.5597756205,0.560412168,8.028950934245593,7.1887729505636875
G-set,G1,512,3200,bit,50,800,19176.0,0.0,11624.0,0.58,,21.787049765625,0.06971855925,0.07801727,0.06979142585,0.0072448140000000005,11624,11624.0,11624.0,11624.0,50.0,0.0,0.0,3555200.0,1.0,0.06971855925,0.07801727,0.5597756205,0.560412168,8.029076138718398,7.1831809546783685
G-set,G1,512,3200,csr-block,50,800,19176.0,38352.0,11624.0,0.58,,77.68875125,0.248604004,0.250731113,0.248672005,0.001776279,11624,11624.0,11624.0,11624.0,50.0,0.0,0.0,4013316.0,1.0,0.248604004,0.250731113,0.5597756205,0.560412168,2.251675803660829,2.235112193674983
G-set,G1,512,3200,csr-row,50,800,19176.0,38352.0,11624.0,0.58,,17.25986003125,0.0552315521,0.057549073,0.0553026886,0.0019684719999999998,11624,11624.0,11624.0,11624.0,50.0,0.0,0.0,4422916.0,1.0,0.0552315521,0.057549073,0.5597756205,0.560412168,10.135069524870367,9.737987751774908
G-set,G1,512,3200,gemm-fp16,50,800,19176.0,0.0,11624.0,0.58,,6.403635140625001,0.02049163245,0.064125212,0.02069076945,0.0102303785,11624,11624.0,11624.0,11624.0,50.0,0.0,0.0,9583104.0,1.0,0.02049163245,0.064125212,0.5597756205,0.560412168,27.317278009249087,8.739342148295744
G-set,G1,512,3200,gemm-fp32,50,800,19176.0,0.0,11624.0,0.58,,28.293060062499997,0.0905377922,0.129448109,0.09070152175,0.005579479,11624,11624.0,11624.0,11624.0,50.0,0.0,0.0,13320704.0,1.0,0.0905377922,0.129448109,0.5597756205,0.560412168,6.1827840827335745,4.329241827704103
G-set,G1,512,3200,gemm-int8,50,800,19176.0,0.0,11624.0,0.58,,7.151375109375,0.02288440035,0.059390553,0.02295990375,0.008617652,11624,11624.0,11624.0,11624.0,50.0,0.0,0.0,10335104.0,1.0,0.02288440035,0.059390553,0.5597756205,0.560412168,24.461013263998414,9.436048995873133
G-set,G1,512,3200,gemm-tf32,50,800,19176.0,0.0,11624.0,0.58,,12.396300421875,0.03966816135,0.086197048,0.0398368178,0.005653687500000001,11624,11624.0,11624.0,11624.0,50.0,0.0,0.0,13320704.0,1.0,0.03966816135,0.086197048,0.5597756205,0.560412168,14.111458697593504,6.501523903695635
G-set,G1,512,3200,public-matched,50,800,19176.0,38352.0,11624.0,0.58,,174.92988140625,0.5597756205,0.560412168,0.5597841004999999,0.0002932010025,11624,11624.0,11624.0,11624.0,50.0,0.0,0.0,,1.0,0.5597756205,0.560412168,0.5597756205,0.560412168,1.0,1.0
G-set,G11,512,200,auto,50,800,1600.0,3200.0,564.0,1.18,csr-row,6.5388,0.0013077599999999998,0.003200255,0.001363760505,0.00169796,564,562.0,562.0,562.0,7.0,0.3546099290780142,0.0,4129700.0,0.14,0.040540559999999996,0.099207905,0.035884003,0.0364433175,27.439287789808528,11.387629267042783
G-set,G11,512,200,bit,50,800,1600.0,0.0,564.0,1.18,,21.877920625,0.004375584125,0.0117253495,0.004448657,0.0064899975000000006,564,562.0,560.0,562.0,3.0,0.3546099290780142,0.0,3543200.0,0.06,0.328168809375,0.8794012124999999,0.035884003,0.0364433175,8.200962882869952,3.1080794222807606
G-set,G11,512,200,csr-block,50,800,1600.0,3200.0,564.0,1.18,,3.1990399949999997,0.000639807999,0.0025193075,0.000694673011,0.0016921515,564,562.0,562.0,562.0,7.0,0.3546099290780142,0.0,3720100.0,0.14,0.019834047969,0.0780985325,0.035884003,0.0364433175,56.0855804492685,14.465609100913646
G-set,G11,512,200,csr-row,50,800,1600.0,3200.0,564.0,1.18,,6.5218398,0.00130436796,0.003196719,0.00136028799,0.001699304,564,562.0,562.0,562.0,7.0,0.3546099290780142,0.0,4129700.0,0.14,0.04043540676,0.099098289,0.035884003,0.0364433175,27.510644312361062,11.400225512470755
G-set,G11,512,200,gemm-fp16,50,800,1600.0,0.0,564.0,1.18,,6.997759925,0.001399551985,0.019545257,0.001598209035,0.0096601875,564,562.0,560.0,562.0,4.0,0.3546099290780142,0.0,9571104.0,0.08,0.07837491115999999,1.094534392,0.035884003,0.0364433175,25.639635672411266,1.864560670652732
G-set,G11,512,200,gemm-fp32,50,800,1600.0,0.0,564.0,1.18,,28.756721024999997,0.005751344205,0.0197530655,0.00591105649,0.005493081,564,562.0,560.0,562.0,3.0,0.3546099290780142,0.0,13308704.0,0.06,0.431350815375,1.4814799125,0.035884003,0.0364433175,6.239237597500043,1.8449449023494608
G-set,G11,512,200,gemm-int8,50,800,1600.0,0.0,564.0,1.18,,7.91191995,0.00158238399,0.0172692785,0.0016558725100000002,0.007788132,564,562.0,560.0,562.0,3.0,0.3546099290780142,0.0,10323104.0,0.06,0.11867879925000001,1.2951958874999998,0.035884003,0.0364433175,22.67717774369039,2.1102976305582195
G-set,G11,512,200,gemm-tf32,50,800,1600.0,0.0,564.0,1.18,,13.097679625000001,0.0026195359250000003,0.017012781,0.00278038493,0.0055258015,564,562.0,560.0,562.0,3.0,0.3546099290780142,0.0,13308704.0,0.06,0.196465194375,1.275958575,0.035884003,0.0364433175,13.698610756788913,2.1421140670652257
G-set,G11,512,200,public-matched,50,800,1600.0,3200.0,564.0,1.18,,179.42001499999998,0.035884003,0.0364433175,0.035891442999999995,0.0002772809965,560,558.0,558.0,558.0,0.0,1.0638297872340425,0.7092198581560284,,0.0,inf,inf,0.035884003,0.0364433175,1.0,1.0
G-set,G11,512,400,auto,50,800,1600.0,3200.0,564.0,1.18,csr-row,6.350559887500001,0.0025402239550000004,0.004428052,0.002596048465,0.001691352,564,564.0,562.0,564.0,32.0,0.0,0.0,4130500.0,0.64,0.012701119775000002,0.022140260000000002,0.07243848950000001,0.0729956595,28.516576011897342,16.48482436520619
G-set,G11,512,400,bit,50,800,1600.0,0.0,564.0,1.18,,21.81244015,0.00872497606,0.016096697,0.00879715251,0.006514189,564,564.0,562.0,564.0,30.0,0.0,0.0,3544000.0,0.6,0.05234985636,0.096580182,0.07243848950000001,0.0729956595,8.302428453883918,4.534822237133494
G-set,G11,512,400,csr-block,50,800,1600.0,3200.0,564.0,1.18,,3.144519925,0.0012578079700000001,0.0031461264999999997,0.00131249604,0.001693624,564,564.0,562.0,564.0,32.0,0.0,0.0,3720900.0,0.64,0.006289039850000001,0.015730632499999998,0.07243848950000001,0.0729956595,57.591056208683426,23.20175603237823
G-set,G11,512,400,csr-row,50,800,1600.0,3200.0,564.0,1.18,,6.3507601625,0.0025403040650000003,0.0044355405,0.0025972004249999996,0.0016974475,564,564.0,562.0,564.0,32.0,0.0,0.0,4130500.0,0.64,0.012701520325000002,0.0221777025,0.07243848950000001,0.0729956595,28.51567672470736,16.456993121807816
G-set,G11,512,400,gemm-fp16,50,800,1600.0,0.0,564.0,1.18,,6.8238401375,0.002729536055,0.022228533,0.002927024555,0.009673916000000001,564,564.0,562.5,564.0,37.0,0.0,0.0,9571904.0,0.74,0.01091814422,0.088914132,0.07243848950000001,0.0729956595,26.538755319720444,3.283872107079671
G-set,G11,512,400,gemm-fp32,50,800,1600.0,0.0,564.0,1.18,,28.66735925,0.0114669437,0.0270015625,0.011628496450000001,0.005517689,564,564.0,562.0,564.0,30.0,0.0,0.0,13309504.0,0.6,0.0688016622,0.162009375,0.07243848950000001,0.0729956595,6.31715750902309,2.703386498466524
G-set,G11,512,400,gemm-int8,50,800,1600.0,0.0,564.0,1.18,,7.57676005,0.00303070402,0.0198988745,0.003104639975,0.0077336835,564,564.0,562.0,564.0,30.0,0.0,0.0,10323904.0,0.6,0.01818422412,0.11939324700000001,0.07243848950000001,0.0729956595,23.901538725645672,3.6683310656590153
G-set,G11,512,400,gemm-tf32,50,800,1600.0,0.0,564.0,1.18,,12.672840350000001,0.00506913614,0.021404322,0.0052282881400000005,0.005522521,564,564.0,562.0,564.0,30.0,0.0,0.0,13309504.0,0.6,0.030414816839999997,0.128425932,0.07243848950000001,0.0729956595,14.290105355110864,3.4103233683365444
G-set,G11,512,400,public-matched,50,800,1600.0,3200.0,564.0,1.18,,181.09622375,0.07243848950000001,0.0729956595,0.07244669749999999,0.0002789450005,564,560.0,560.0,561.5,2.0,0.7092198581560284,0.0,,0.04,8.185549313500001,8.248509523500001,0.07243848950000001,0.0729956595,1.0,1.0
G-set,G11,512,800,auto,50,800,1600.0,3200.0,564.0,1.18,csr-row,6.3142198375,0.0050513758699999994,0.006943727,0.0051093283650000005,0.0016906,564,564.0,564.0,564.0,49.0,0.0,0.0,4132100.0,0.98,0.010102751739999999,0.013887454,0.13519039049999998,0.13571938449999998,26.76308276778461,19.54561066412893
G-set,G11,512,800,bit,50,800,1600.0,0.0,564.0,1.18,,21.783599875,0.0174268799,0.024762369,0.0175003679,0.0064820615000000005,564,564.0,564.0,564.0,50.0,0.0,0.0,3545600.0,1.0,0.0174268799,0.024762369,0.13519039049999998,0.13571938449999998,7.757578595580955,5.480872387452105
G-set,G11,512,800,csr-block,50,800,1600.0,3200.0,564.0,1.18,,3.11867996875,0.0024949439750000003,0.004376708,0.00255155206,0.0016920874999999998,564,564.0,564.0,564.0,49.0,0.0,0.0,3722500.0,0.98,0.004989887950000001,0.008753416,0.13519039049999998,0.13571938449999998,54.1857419864508,31.00946750388648
G-set,G11,512,800,csr-row,50,800,1600.0,3200.0,564.0,1.18,,6.316079800000001,0.0050528638399999996,0.0069475675,0.00511155261,0.001694648,564,564.0,564.0,564.0,49.0,0.0,0.0,4132100.0,0.98,0.010105727679999999,0.013895135,0.13519039049999998,0.13571938449999998,26.755201561101238,19.53480617496699
G-set,G11,512,800,gemm-fp16,50,800,1600.0,0.0,564.0,1.18,,6.4346998875,0.00514775991,0.027637981,0.005347632985,0.009685868,564,564.0,564.0,564.0,49.0,0.0,0.0,9573504.0,0.98,0.01029551982,0.055275962,0.13519039049999998,0.13571938449999998,26.261984409447717,4.910611397409962
G-set,G11,512,800,gemm-fp32,50,800,1600.0,0.0,564.0,1.18,,28.545520312500003,0.022836416249999998,0.041388588000000004,0.0229986889,0.0054914165000000004,564,564.0,564.0,564.0,50.0,0.0,0.0,13311104.0,1.0,0.022836416249999998,0.041388588000000004,0.13519039049999998,0.13571938449999998,5.919947728225527,3.279149907215969
G-set,G11,512,800,gemm-int8,50,800,1600.0,0.0,564.0,1.18,,7.6152402187499995,0.006092192175,0.025289411,0.006165201175,0.0077477150000000005,564,564.0,564.0,564.0,50.0,0.0,0.0,10325504.0,1.0,0.006092192175,0.025289411,0.13519039049999998,0.13571938449999998,22.190762637916944,5.366648693399778
G-set,G11,512,800,gemm-tf32,50,800,1600.0,0.0,564.0,1.18,,12.49420046875,0.009995360375,0.029779831,0.0101561923,0.0053541365,564,564.0,564.0,564.0,50.0,0.0,0.0,13311104.0,1.0,0.009995360375,0.029779831,0.13519039049999998,0.13571938449999998,13.525314288630637,4.557426282909396
G-set,G11,512,800,public-matched,50,800,1600.0,3200.0,564.0,1.18,,168.987988125,0.13519039049999998,0.13571938449999998,0.13519914249999998,0.000277792991,564,562.0,562.0,562.0,12.0,0.3546099290780142,0.0,,0.24,2.2982366384999997,2.3072295364999995,0.13519039049999998,0.13571938449999998,1.0,1.0
G-set,G11,512,1600,auto,50,800,1600.0,3200.0,564.0,1.18,csr-row,6.30222021875,0.01008355235,0.011979334000000001,0.010141648449999999,0.001698344,564,564.0,564.0,564.0,50.0,0.0,0.0,4135300.0,1.0,0.01008355235,0.011979334000000001,0.282873558,0.283428232,28.05296667101649,23.659765392633677
G-set,G11,512,1600,bit,50,800,1600.0,0.0,564.0,1.18,,21.769980187500003,0.0348319683,0.042152784,0.034905328,0.006453534,564,564.0,564.0,564.0,50.0,0.0,0.0,3548800.0,1.0,0.0348319683,0.042152784,0.282873558,0.283428232,8.121090245709714,6.723831858887423
G-set,G11,512,1600,csr-block,50,800,1600.0,3200.0,564.0,1.18,,3.1058500718749995,0.004969360115,0.0068635035,0.005027392015,0.0016981359999999998,564,564.0,564.0,564.0,50.0,0.0,0.0,3725700.0,1.0,0.004969360115,0.0068635035,0.282873558,0.283428232,56.92353772996788,41.29497886902804
G-set,G11,512,1600,csr-row,50,800,1600.0,3200.0,564.0,1.18,,6.29918009375,0.01007868815,0.011964406,0.010136496,0.001690856,564,564.0,564.0,564.0,50.0,0.0,0.0,4135300.0,1.0,0.01007868815,0.011964406,0.282873558,0.283428232,28.066505659270746,23.689285702942545
G-set,G11,512,1600,gemm-fp16,50,800,1600.0,0.0,564.0,1.18,,6.4210900625,0.0102737441,0.039133857999999994,0.0104745771,0.009724604,564,564.0,564.0,564.0,50.0,0.0,0.0,9576704.0,1.0,0.0102737441,0.039133857999999994,0.282873558,0.283428232,27.53363868582244,7.242532336065615
G-set,G11,512,1600,gemm-fp32,50,800,1600.0,0.0,564.0,1.18,,28.493720312500002,0.0455899525,0.0700868145,0.045749938000000004,0.005270696,564,564.0,564.0,564.0,50.0,0.0,0.0,13314304.0,1.0,0.0455899525,0.0700868145,0.282873558,0.283428232,6.204734650688658,4.0439593955293835
G-set,G11,512,1600,gemm-int8,50,800,1600.0,0.0,564.0,1.18,,7.59346990625,0.01214955185,0.036223332999999996,0.012224512199999999,0.0076096029999999995,564,564.0,564.0,564.0,50.0,0.0,0.0,10328704.0,1.0,0.01214955185,0.036223332999999996,0.282873558,0.283428232,23.282633095639657,7.82446584912548
G-set,G11,512,1600,gemm-tf32,50,800,1600.0,0.0,564.0,1.18,,12.462779874999999,0.019940447799999997,0.047789289,0.02010344155,0.0053559765,564,564.0,564.0,564.0,50.0,0.0,0.0,13314304.0,1.0,0.019940447799999997,0.047789289,0.282873558,0.283428232,14.185918031389448,5.930789888922599
G-set,G11,512,1600,public-matched,50,800,1600.0,3200.0,564.0,1.18,,176.79597375,0.282873558,0.283428232,0.28288119,0.00028310549550000005,564,564.0,562.0,564.0,33.0,0.0,0.0,,0.66,1.41436779,1.41714116,0.282873558,0.283428232,1.0,1.0
G-set,G11,512,3200,auto,50,800,1600.0,3200.0,564.0,1.18,csr-row,6.474860015625,0.02071955205,0.022653807,0.02077692835,0.001712855,564,564.0,564.0,564.0,50.0,0.0,0.0,4141700.0,1.0,0.02071955205,0.022653807,0.5553512135,0.55594872,26.803244209133375,24.541072500529378
G-set,G11,512,3200,bit,50,800,1600.0,0.0,564.0,1.18,,21.793805359375,0.06974017715,0.0771831225,0.06981265295,0.006546507,564,564.0,564.0,564.0,50.0,0.0,0.0,3555200.0,1.0,0.06974017715,0.0771831225,0.5553512135,0.55594872,7.963146011308921,7.202983009659915
G-set,G11,512,3200,csr-block,50,800,1600.0,3200.0,564.0,1.18,,3.09946000625,0.00991827202,0.011834178,0.00997507212,0.001711031,564,564.0,564.0,564.0,50.0,0.0,0.0,3732100.0,1.0,0.00991827202,0.011834178,0.5553512135,0.55594872,55.992738692803066,46.97822865263645
G-set,G11,512,3200,csr-row,50,800,1600.0,3200.0,564.0,1.18,,6.462205046875,0.02067905615,0.022614399,0.02073814365,0.001710919,564,564.0,564.0,564.0,50.0,0.0,0.0,4141700.0,1.0,0.02067905615,0.022614399,0.5553512135,0.55594872,26.85573313751073,24.5838379344063
G-set,G11,512,3200,gemm-fp16,50,800,1600.0,0.0,564.0,1.18,,6.39068484375,0.0204501915,0.063425434,0.0206519525,0.009926218,564,564.0,564.0,564.0,50.0,0.0,0.0,9583104.0,1.0,0.0204501915,0.063425434,0.5553512135,0.55594872,27.156284257778225,8.765390868275334
G-set,G11,512,3200,gemm-fp32,50,800,1600.0,0.0,564.0,1.18,,28.245345359375,0.09038510515,0.129112815,0.09054875365000001,0.005573719499999999,564,564.0,564.0,564.0,50.0,0.0,0.0,13320704.0,1.0,0.09038510515,0.129112815,0.5553512135,0.55594872,6.144278004416306,4.3059143277141
G-set,G11,512,3200,gemm-int8,50,800,1600.0,0.0,564.0,1.18,,7.178444859375,0.02297102355,0.0586600545,0.02304444755,0.007875665,564,564.0,564.0,564.0,50.0,0.0,0.0,10335104.0,1.0,0.02297102355,0.0586600545,0.5553512135,0.55594872,24.176163168837117,9.477466816877913
G-set,G11,512,3200,gemm-tf32,50,800,1600.0,0.0,564.0,1.18,,12.4140948125,0.0397251034,0.08636292300000001,0.039891761299999995,0.00566684,564,564.0,564.0,564.0,50.0,0.0,0.0,13320704.0,1.0,0.0397251034,0.08636292300000001,0.5553512135,0.55594872,13.979855707562487,6.437354140966256
G-set,G11,512,3200,public-matched,50,800,1600.0,3200.0,564.0,1.18,,173.54725421875003,0.5553512135,0.55594872,0.5553608295,0.000278481493,564,564.0,564.0,564.0,38.0,0.0,0.0,,0.76,2.221404854,2.22379488,0.5553512135,0.55594872,1.0,1.0
G-set,G22,512,200,auto,50,2000,19990.0,39980.0,13359.0,0.71,csr-row,23.1376803,0.0046275360599999996,0.009524395,0.004736768685,0.0044783719999999996,13352,13337.5,13334.25,13342.0,0.0,0.16094019013399208,0.052399131671532304,10572740.0,0.0,inf,inf,0.042007486499999996,0.0432519885,9.077722130165313,4.5411796234826465
G-set,G22,512,200,bit,50,2000,19990.0,0.0,13359.0,0.71,,46.793999674999995,0.009358799934999999,0.039131905999999994,0.009571953055,0.026902779,13354,13338.5,13334.0,13344.0,0.0,0.15345459989520172,0.03742795119395164,9466848.0,0.0,inf,inf,0.042007486499999996,0.0432519885,4.48855481383896,1.1052870386635398
G-set,G22,512,200,csr-block,50,2000,19990.0,39980.0,13359.0,0.71,,52.4256015,0.010485120300000001,0.0151280045,0.0105940644,0.0042592515,13352,13337.5,13334.25,13342.0,0.0,0.16094019013399208,0.052399131671532304,9548740.0,0.0,inf,inf,0.042007486499999996,0.0432519885,4.006390513230448,2.8590676648727857
G-set,G22,512,200,csr-row,50,2000,19990.0,39980.0,13359.0,0.71,,23.149679900000002,0.0046299359799999995,0.009529227000000001,0.00473715196,0.0044903405,13352,13337.5,13334.25,13342.0,0.0,0.16094019013399208,0.052399131671532304,10572740.0,0.0,inf,inf,0.042007486499999996,0.0432519885,9.073016707241814,4.538876920446957
G-set,G22,512,200,gemm-fp16,50,2000,19990.0,0.0,13359.0,0.71,,12.968880550000002,0.0025937761100000003,0.0491677115,0.003302339015,0.0324839395,13354,13336.5,13333.0,13342.0,0.0,0.16842578037278239,0.03742795119395164,22435104.0,0.0,inf,inf,0.042007486499999996,0.0432519885,16.19549441374105,0.8796827670126561
G-set,G22,512,200,gemm-fp32,50,2000,19990.0,0.0,13359.0,0.71,,113.146081,0.0226292162,0.054363687,0.0234194278,0.018231059,13354,13338.5,13334.0,13344.0,0.0,0.15345459989520172,0.03742795119395164,36579104.0,0.0,inf,inf,0.042007486499999996,0.0432519885,1.8563385549341296,0.7956043985758361
G-set,G22,512,200,gemm-int8,50,2000,19990.0,0.0,13359.0,0.71,,16.60391985,0.0033207839700000004,0.0507038945,0.0035406250000000004,0.0340078345,13354,13338.5,13334.0,13344.0,0.0,0.15345459989520172,0.03742795119395164,22523104.0,0.0,inf,inf,0.042007486499999996,0.0432519885,12.64987029553747,0.8530308948950657
G-set,G22,512,200,gemm-tf32,50,2000,19990.0,0.0,13359.0,0.71,,27.4289596,0.00548579192,0.0377276915,0.0062715074,0.018217651,13354,13338.5,13334.0,13344.0,0.0,0.15345459989520172,0.03742795119395164,36579104.0,0.0,inf,inf,0.042007486499999996,0.0432519885,7.657506356894411,1.1464255240742731
G-set,G22,512,200,public-matched,50,2000,19990.0,39980.0,13359.0,0.71,,210.0374325,0.042007486499999996,0.0432519885,0.0420167985,0.000884676003,13351,13326.5,13322.25,13332.0,0.0,0.24328168276068568,0.059884721910322625,,0.0,inf,inf,0.042007486499999996,0.0432519885,1.0,1.0
G-set,G22,512,400,auto,50,2000,19990.0,39980.0,13359.0,0.71,csr-row,23.115559825,0.009246223929999998,0.014145408,0.009357664365,0.004471797,13357,13353.0,13352.0,13354.0,0.0,0.044913541432741975,0.014971180477580656,10573540.0,0.0,inf,inf,0.081715699,0.0829570005,8.837737396221597,5.864588741448816
G-set,G22,512,400,bit,50,2000,19990.0,0.0,13359.0,0.71,,46.73991925,0.0186959677,0.048829598,0.01891116855,0.0272110035,13356,13353.0,13352.0,13354.0,0.0,0.044913541432741975,0.022456770716370988,9467648.0,0.0,inf,inf,0.081715699,0.0829570005,4.370765948638219,1.6989081192108115
G-set,G22,512,400,csr-block,50,2000,19990.0,39980.0,13359.0,0.71,,52.280080375,0.02091203215,0.02557922,0.02102481655,0.0042670115,13357,13353.0,13352.0,13354.0,0.0,0.044913541432741975,0.014971180477580656,9549540.0,0.0,inf,inf,0.081715699,0.0829570005,3.907592452701925,3.2431403498621147
G-set,G22,512,400,csr-row,50,2000,19990.0,39980.0,13359.0,0.71,,23.1272399375,0.009250895975,0.014158048,0.009362896975,0.0044842765,13357,13353.0,13352.0,13354.0,0.0,0.044913541432741975,0.014971180477580656,10573540.0,0.0,inf,inf,0.081715699,0.0829570005,8.833274011601889,5.859352963063835
G-set,G22,512,400,gemm-fp16,50,2000,19990.0,0.0,13359.0,0.71,,12.8266400125,0.0051306560049999995,0.053435779,0.005837491005000001,0.0324881155,13356,13353.0,13352.0,13354.0,0.0,0.044913541432741975,0.022456770716370988,22435904.0,0.0,inf,inf,0.081715699,0.0829570005,15.926949481774896,1.5524617036087376
G-set,G22,512,400,gemm-fp32,50,2000,19990.0,0.0,13359.0,0.71,,113.05580137500002,0.04522232055,0.078977511,0.0460156677,0.018313091,13356,13353.0,13352.0,13354.0,0.0,0.044913541432741975,0.022456770716370988,36579904.0,0.0,inf,inf,0.081715699,0.0829570005,1.8069771300137318,1.0503876287010363
G-set,G22,512,400,gemm-int8,50,2000,19990.0,0.0,13359.0,0.71,,15.9323197625,0.006372927905000001,0.056052334499999995,0.0065896009049999996,0.034071674999999996,13356,13353.0,13352.0,13354.0,0.0,0.044913541432741975,0.022456770716370988,22523904.0,0.0,inf,inf,0.081715699,0.0829570005,12.822316558122116,1.4799918904358926
G-set,G22,512,400,gemm-tf32,50,2000,19990.0,0.0,13359.0,0.71,,27.429360125000002,0.01097174405,0.045598559,0.01175704355,0.018362548,13356,13353.0,13352.0,13354.0,0.0,0.044913541432741975,0.022456770716370988,36579904.0,0.0,inf,inf,0.081715699,0.0829570005,7.4478313226783674,1.819289958263813
G-set,G22,512,400,public-matched,50,2000,19990.0,39980.0,13359.0,0.71,,204.2892475,0.081715699,0.0829570005,0.081726243,0.000888244009,13355,13351.0,13348.25,13352.0,0.0,0.059884721910322625,0.029942360955161312,,0.0,inf,inf,0.081715699,0.0829570005,1.0,1.0
G-set,G22,512,800,auto,50,2000,19990.0,39980.0,13359.0,0.71,csr-row,23.022459749999996,0.018417967799999997,0.023326218000000003,0.0185214243,0.0044878604999999995,13358,13356.0,13355.0,13357.0,0.0,0.022456770716370988,0.007485590238790328,10575140.0,0.0,inf,inf,0.132743947,0.13404220900000002,7.207306932092694,5.746418429254155
G-set,G22,512,800,bit,50,2000,19990.0,0.0,13359.0,0.71,,46.659238312499994,0.03732739065,0.067483315,0.03754326575,0.0272210355,13359,13356.0,13355.0,13356.0,1.0,0.022456770716370988,0.0,9469248.0,0.02,8.5106450682,15.386195820000001,0.132743947,0.13404220900000002,3.556207511118916,1.9863014880048502
G-set,G22,512,800,csr-block,50,2000,19990.0,39980.0,13359.0,0.71,,52.1976399375,0.041758111949999996,0.046449299,0.04186401645,0.0042981155,13358,13356.0,13355.0,13357.0,0.0,0.022456770716370988,0.007485590238790328,9551140.0,0.0,inf,inf,0.132743947,0.13404220900000002,3.1788780862253523,2.885774637847603
G-set,G22,512,800,csr-row,50,2000,19990.0,39980.0,13359.0,0.71,,23.0247998125,0.01841983985,0.023334378500000003,0.0185232324,0.0044849799999999995,13358,13356.0,13355.0,13357.0,0.0,0.022456770716370988,0.007485590238790328,10575140.0,0.0,inf,inf,0.132743947,0.13404220900000002,7.206574437182199,5.744408791517632
G-set,G22,512,800,gemm-fp16,50,2000,19990.0,0.0,13359.0,0.71,,12.462679743750002,0.009970143795,0.062406715,0.010680850799999999,0.032750869,13358,13356.0,13355.0,13357.0,0.0,0.022456770716370988,0.007485590238790328,22437504.0,0.0,inf,inf,0.132743947,0.13404220900000002,13.314145686301005,2.1478811855422935
G-set,G22,512,800,gemm-fp32,50,2000,19990.0,0.0,13359.0,0.71,,114.19020175,0.09135216139999999,0.129284972,0.09214600440000001,0.018550165,13359,13356.0,13355.0,13356.0,1.0,0.022456770716370988,0.0,36581504.0,0.02,20.8282927992,29.476973616,0.132743947,0.13404220900000002,1.4531013274963411,1.0367965195521722
G-set,G22,512,800,gemm-int8,50,2000,19990.0,0.0,13359.0,0.71,,15.744639687500001,0.01259571175,0.06722270550000001,0.01281182475,0.034287771999999994,13359,13356.0,13355.0,13356.0,1.0,0.022456770716370988,0.0,22525504.0,0.02,2.871822279,15.326776854000002,0.132743947,0.13404220900000002,10.538820642668327,1.9940019968401899
G-set,G22,512,800,gemm-tf32,50,2000,19990.0,0.0,13359.0,0.71,,26.8769395,0.021501551600000002,0.0608217645,0.022300243400000003,0.0185066765,13359,13356.0,13355.0,13356.0,1.0,0.022456770716370988,0.0,36581504.0,0.02,4.902353764800001,13.867362306,0.132743947,0.13404220900000002,6.173691530242868,2.2038526850039024
G-set,G22,512,800,public-matched,50,2000,19990.0,39980.0,13359.0,0.71,,165.92993374999998,0.132743947,0.13404220900000002,0.13275239500000002,0.0008452360050000001,13358,13356.0,13355.0,13357.0,0.0,0.022456770716370988,0.007485590238790328,,0.0,inf,inf,0.132743947,0.13404220900000002,1.0,1.0
G-set,G22,512,1600,auto,50,2000,19990.0,39980.0,13359.0,0.71,csr-row,23.0135905625,0.036821744899999995,0.041772782,0.0369293299,0.004520053,13359,13358.0,13357.0,13358.0,2.0,0.007485590238790328,0.0,10578340.0,0.04,4.160857173699999,4.720324366,0.2856413685,0.2868682225,7.757409902103798,6.867347798382209
G-set,G22,512,1600,bit,50,2000,19990.0,0.0,13359.0,0.71,,46.670661,0.0746730576,0.104921725,0.0748899676,0.027234236000000002,13359,13358.0,13358.0,13358.0,1.0,0.007485590238790328,0.0,9472448.0,0.02,17.0254571328,23.922153299999998,0.2856413685,0.2868682225,3.825226630334205,2.7341165282976427
G-set,G22,512,1600,csr-block,50,2000,19990.0,39980.0,13359.0,0.71,,52.20190046875,0.08352304075,0.088207713,0.08362705614999999,0.0042932515,13359,13358.0,13357.0,13358.0,2.0,0.007485590238790328,0.0,9554340.0,0.04,9.43810360475,9.967471568999999,0.2856413685,0.2868682225,3.419911032154322,3.252189777327069
G-set,G22,512,1600,csr-row,50,2000,19990.0,39980.0,13359.0,0.71,,23.04080009375,0.03686528015,0.041787646,0.03697188815,0.0045029165,13359,13358.0,13357.0,13358.0,2.0,0.007485590238790328,0.0,10578340.0,0.04,4.165776656949999,4.722003998,0.2856413685,0.2868682225,7.748248957766296,6.864905060696647
G-set,G22,512,1600,gemm-fp16,50,2000,19990.0,0.0,13359.0,0.71,,12.406759843749999,0.01985081575,0.080097564,0.02056081875,0.0328102455,13359,13358.0,13357.0,13358.0,1.0,0.007485590238790328,0.0,22440704.0,0.02,4.525985991,18.262244592,0.2856413685,0.2868682225,14.38940203250841,3.5814849812411276
G-set,G22,512,1600,gemm-fp32,50,2000,19990.0,0.0,13359.0,0.71,,113.44539624999999,0.181512634,0.22811914900000002,0.1823060615,0.0190289345,13359,13358.0,13358.0,13358.0,1.0,0.007485590238790328,0.0,36584704.0,0.02,41.384880552,52.01116597200001,0.2856413685,0.2868682225,1.5736721031771264,1.2575367905655301
G-set,G22,512,1600,gemm-int8,50,2000,19990.0,0.0,13359.0,0.71,,15.684279781250002,0.02509484765,0.090399387,0.02531011265,0.035084863,13359,13358.0,13358.0,13358.0,1.0,0.007485590238790328,0.0,22528704.0,0.02,5.7216252642,20.611060236,0.2856413685,0.2868682225,11.382470716055531,3.173342563705659
G-set,G22,512,1600,gemm-tf32,50,2000,19990.0,0.0,13359.0,0.71,,27.031190406249998,0.043249904650000004,0.092370116,0.04404285145,0.018928934,13359,13358.0,13358.0,13358.0,1.0,0.007485590238790328,0.0,36584704.0,0.02,9.860978260200001,21.060386448,0.2856413685,0.2868682225,6.6044392655094555,3.105638868094525
G-set,G22,512,1600,public-matched,50,2000,19990.0,39980.0,13359.0,0.71,,178.5258553125,0.2856413685,0.2868682225,0.2856508885,0.0008852039975,13359,13358.0,13358.0,13358.0,2.0,0.007485590238790328,0.0,,0.04,32.277474640499996,32.4161091425,0.2856413685,0.2868682225,1.0,1.0
G-set,G22,512,3200,auto,50,2000,19990.0,39980.0,13359.0,0.71,csr-row,22.999950640625002,0.07359984205,0.07860199500000001,0.07370541055,0.004539523,13359,13358.0,13358.0,13359.0,14.0,0.007485590238790328,0.0,10584740.0,0.28,1.1039976307500001,1.179029925,0.53166817,0.5328269105,7.223767812420189,6.778796269738446
G-set,G22,512,3200,bit,50,2000,19990.0,0.0,13359.0,0.71,,46.65802703125,0.1493056865,0.1793621135,0.14951945449999998,0.0271271545,13359,13358.0,13358.0,13358.0,8.0,0.007485590238790328,0.0,9478848.0,0.16,4.0312535355,4.8427770645,0.53166817,0.5328269105,3.5609371783706307,2.9706770292935913
G-set,G22,512,3200,csr-block,50,2000,19990.0,39980.0,13359.0,0.71,,52.160770781249994,0.1669144665,0.171642721,0.16702342399999998,0.0043232340000000005,13359,13358.0,13358.0,13359.0,14.0,0.007485590238790328,0.0,9560740.0,0.28,2.5037169974999998,2.574640815,0.53166817,0.5328269105,3.185273159052394,3.104279094363693
G-set,G22,512,3200,csr-row,50,2000,19990.0,39980.0,13359.0,0.71,,23.018034703125,0.07365771104999999,0.07860529050000001,0.07376219155,0.004513411,13359,13358.0,13358.0,13359.0,14.0,0.007485590238790328,0.0,10584740.0,0.28,1.1048656657499998,1.1790793575,0.53166817,0.5328269105,7.218092476958664,6.778512071016389
G-set,G22,512,3200,gemm-fp16,50,2000,19990.0,0.0,13359.0,0.71,,12.339320171875,0.03948582455,0.115922535,0.0401987224,0.032971994000000004,13359,13358.0,13358.0,13358.75,13.0,0.007485590238790328,0.0,22447104.0,0.26,0.6317731928,1.85476056,0.53166817,0.5328269105,13.464785807543684,4.596404922476894
G-set,G22,512,3200,gemm-fp32,50,2000,19990.0,0.0,13359.0,0.71,,113.71524812499999,0.36388879399999996,0.4259648935,0.36468242900000003,0.019242448500000002,13359,13358.0,13358.0,13358.0,8.0,0.007485590238790328,0.0,36591104.0,0.16,9.824997437999999,11.5010521245,0.53166817,0.5328269105,1.4610732145821452,1.2508704793062952
G-set,G22,512,3200,gemm-int8,50,2000,19990.0,0.0,13359.0,0.71,,15.89673459375,0.0508695507,0.1360715,0.0510900157,0.035704214,13359,13358.0,13358.0,13358.0,8.0,0.007485590238790328,0.0,22535104.0,0.16,1.3734778689,3.6739305000000004,0.53166817,0.5328269105,10.451599486999203,3.9157862631043234
G-set,G22,512,3200,gemm-tf32,50,2000,19990.0,0.0,13359.0,0.71,,26.964010000000002,0.086284832,0.1550830995,0.087082451,0.019530018500000003,13359,13358.0,13358.0,13358.0,8.0,0.007485590238790328,0.0,36591104.0,0.16,2.329690464,4.1872436865,0.53166817,0.5328269105,6.161780207209535,3.4357509762048575
G-set,G22,512,3200,public-matched,50,2000,19990.0,39980.0,13359.0,0.71,,166.146303125,0.53166817,0.5328269105,0.531677434,0.0008199395014999999,13359,13358.0,13358.0,13358.0,5.0,0.007485590238790328,0.0,,0.1,23.39339948,23.444384061999997,0.53166817,0.5328269105,1.0,1.0
G-set,G32,512,200,auto,50,2000,4000.0,8000.0,1410.0,1.17,csr-row,12.084720125,0.002416944025,0.006976752,0.002519104925,0.004240228,1398,1390.0,1390.0,1392.0,0.0,1.4184397163120568,0.851063829787234,10316900.0,0.0,inf,inf,0.043675319,0.044882685,18.070471863741236,6.433177644841037
G-set,G32,512,200,bit,50,2000,4000.0,0.0,1410.0,1.17,,46.776320925,0.009355264185,0.038498976000000004,0.009569232935000001,0.0263586965,1402,1390.0,1390.0,1392.0,0.0,1.4184397163120568,0.5673758865248227,9466848.0,0.0,inf,inf,0.043675319,0.044882685,4.668528663255488,1.1658150336258293
G-set,G32,512,200,csr-block,50,2000,4000.0,8000.0,1410.0,1.17,,7.128320050000001,0.00142566401,0.005752842,0.001526416005,0.0040446265000000006,1398,1390.0,1390.0,1392.0,0.0,1.4184397163120568,0.851063829787234,9292900.0,0.0,inf,inf,0.043675319,0.044882685,30.635071583240705,7.801828209431094
G-set,G32,512,200,csr-row,50,2000,4000.0,8000.0,1410.0,1.17,,12.087519775,0.0024175039549999998,0.006974976000000001,0.00251760054,0.0042433315,1398,1390.0,1390.0,1392.0,0.0,1.4184397163120568,0.851063829787234,10316900.0,0.0,inf,inf,0.043675319,0.044882685,18.066286472735058,6.434815689688394
G-set,G32,512,200,gemm-fp16,50,2000,4000.0,0.0,1410.0,1.17,,13.00567985,0.0026011359699999997,0.048514125500000005,0.003309714995,0.032070914500000006,1394,1390.0,1390.0,1392.0,0.0,1.4184397163120568,1.1347517730496455,22435104.0,0.0,inf,inf,0.043675319,0.044882685,16.790863493383625,0.9251467389636858
G-set,G32,512,200,gemm-fp32,50,2000,4000.0,0.0,1410.0,1.17,,111.5767195,0.0223153439,0.054170567,0.02310514055,0.018328451500000002,1402,1390.0,1390.0,1392.0,0.0,1.4184397163120568,0.5673758865248227,36579104.0,0.0,inf,inf,0.043675319,0.044882685,1.957187807444007,0.8285437551355147
G-set,G32,512,200,gemm-int8,50,2000,4000.0,0.0,1410.0,1.17,,16.513519875,0.003302703975,0.049724003,0.0035169129749999996,0.033205528,1402,1390.0,1390.0,1392.0,0.0,1.4184397163120568,0.5673758865248227,22523104.0,0.0,inf,inf,0.043675319,0.044882685,13.224109496522466,0.902636197652872
G-set,G32,512,200,gemm-tf32,50,2000,4000.0,0.0,1410.0,1.17,,27.426319125000003,0.005485263825,0.0375646355,0.006284691315,0.0182715555,1402,1390.0,1390.0,1392.0,0.0,1.4184397163120568,0.5673758865248227,36579104.0,0.0,inf,inf,0.043675319,0.044882685,7.962300518881604,1.1948122057513375
G-set,G32,512,200,public-matched,50,2000,4000.0,8000.0,1410.0,1.17,,218.376595,0.043675319,0.044882685,0.043685271,0.0008678119995,1388,1382.0,1380.0,1384.0,0.0,1.9858156028368796,1.5602836879432624,,0.0,inf,inf,0.043675319,0.044882685,1.0,1.0
G-set,G32,512,400,auto,50,2000,4000.0,8000.0,1410.0,1.17,csr-row,12.035119525,0.00481404781,0.009388027,0.0049152798349999995,0.004251524,1400,1396.0,1396.0,1396.0,0.0,0.9929078014184398,0.7092198581560284,10317700.0,0.0,inf,inf,0.08404020749999999,0.08525987700000001,17.457285597668374,9.081767340464616
G-set,G32,512,400,bit,50,2000,4000.0,0.0,1410.0,1.17,,46.715359750000005,0.0186861439,0.047803771,0.0188998722,0.026358329,1400,1396.0,1394.0,1396.0,0.0,0.9929078014184398,0.7092198581560284,9467648.0,0.0,inf,inf,0.08404020749999999,0.08525987700000001,4.49746121777431,1.783538729611938
G-set,G32,512,400,csr-block,50,2000,4000.0,8000.0,1410.0,1.17,,7.017200000000001,0.0028068800000000003,0.007125488,0.00290673699,0.004034179,1400,1396.0,1396.0,1396.0,0.0,0.9929078014184398,0.7092198581560284,9293700.0,0.0,inf,inf,0.08404020749999999,0.08525987700000001,29.940791020635004,11.96547899596491
G-set,G32,512,400,csr-row,50,2000,4000.0,8000.0,1410.0,1.17,,12.056559912500001,0.004822623965,0.009377515,0.004923552370000001,0.0042392195,1400,1396.0,1396.0,1396.0,0.0,0.9929078014184398,0.7092198581560284,10317700.0,0.0,inf,inf,0.08404020749999999,0.08525987700000001,17.426241006953564,9.091947813466575
G-set,G32,512,400,gemm-fp16,50,2000,4000.0,0.0,1410.0,1.17,,12.860520475000001,0.00514420819,0.0529700335,0.00585075547,0.032174130999999995,1398,1396.0,1394.0,1396.0,0.0,0.9929078014184398,0.851063829787234,22435904.0,0.0,inf,inf,0.08404020749999999,0.08525987700000001,16.336859706294273,1.6095869941256506
G-set,G32,512,400,gemm-fp32,50,2000,4000.0,0.0,1410.0,1.17,,111.21047974999999,0.0444841919,0.078232725,0.045280307049999996,0.018281619,1400,1396.0,1394.0,1396.0,0.0,0.9929078014184398,0.7092198581560284,36579904.0,0.0,inf,inf,0.08404020749999999,0.08525987700000001,1.8892151101434305,1.0898236895110072
G-set,G32,512,400,gemm-int8,50,2000,4000.0,0.0,1410.0,1.17,,16.5321201125,0.0066128480449999995,0.05566979,0.006828432545000001,0.0333914005,1400,1396.0,1394.0,1396.0,0.0,0.9929078014184398,0.7092198581560284,22523904.0,0.0,inf,inf,0.08404020749999999,0.08525987700000001,12.70862522896517,1.5315286262082184
G-set,G32,512,400,gemm-tf32,50,2000,4000.0,0.0,1410.0,1.17,,27.247720875,0.010899088349999999,0.045276655,0.011701315100000002,0.0182887075,1400,1396.0,1394.0,1396.0,0.0,0.9929078014184398,0.7092198581560284,36579904.0,0.0,inf,inf,0.08404020749999999,0.08525987700000001,7.710755689029716,1.883086924155506
G-set,G32,512,400,public-matched,50,2000,4000.0,8000.0,1410.0,1.17,,210.10051875,0.08404020749999999,0.08525987700000001,0.08404993599999999,0.0008952999995,1394,1388.0,1386.0,1388.0,0.0,1.5602836879432624,1.1347517730496455,,0.0,inf,inf,0.08404020749999999,0.08525987700000001,1.0,1.0
G-set,G32,512,800,auto,50,2000,4000.0,8000.0,1410.0,1.17,csr-row,12.05101966875,0.009640815734999999,0.014191281,0.009739408075,0.004241187,1402,1400.0,1400.0,1400.0,0.0,0.7092198581560284,0.5673758865248227,10319300.0,0.0,inf,inf,0.13562789949999998,0.136744128,14.068093741032381,9.635784676520744
G-set,G32,512,800,bit,50,2000,4000.0,0.0,1410.0,1.17,,46.68854,0.037350832,0.066584752,0.03756614435,0.0263976725,1402,1400.0,1398.5,1402.0,0.0,0.7092198581560284,0.5673758865248227,9469248.0,0.0,inf,inf,0.13562789949999998,0.136744128,3.631188175406641,2.05368532423159
G-set,G32,512,800,csr-block,50,2000,4000.0,8000.0,1410.0,1.17,,6.9628998625000005,0.00557031989,0.009898174,0.00567014379,0.004043873999999999,1402,1400.0,1400.0,1400.0,0.0,0.7092198581560284,0.5673758865248227,9295300.0,0.0,inf,inf,0.13562789949999998,0.136744128,24.3483143119811,13.81508629773532
G-set,G32,512,800,csr-row,50,2000,4000.0,8000.0,1410.0,1.17,,12.04741955,0.009637935640000001,0.014207392999999999,0.009737184265,0.004242019,1402,1400.0,1400.0,1400.0,0.0,0.7092198581560284,0.5673758865248227,10319300.0,0.0,inf,inf,0.13562789949999998,0.136744128,14.07229769589953,9.624857143038135
G-set,G32,512,800,gemm-fp16,50,2000,4000.0,0.0,1410.0,1.17,,12.502080187499999,0.010001664149999999,0.0616264255,0.010710771000000001,0.032266307,1406,1400.0,1400.0,1400.0,0.0,0.7092198581560284,0.28368794326241137,22437504.0,0.0,inf,inf,0.13562789949999998,0.136744128,13.560533273855231,2.2189203233927626
G-set,G32,512,800,gemm-fp32,50,2000,4000.0,0.0,1410.0,1.17,,111.32398125,0.089059185,0.126375169,0.0898557656,0.018355172,1402,1400.0,1398.5,1402.0,0.0,0.7092198581560284,0.5673758865248227,36581504.0,0.0,inf,inf,0.13562789949999998,0.136744128,1.5228962571350724,1.0820490218295968
G-set,G32,512,800,gemm-int8,50,2000,4000.0,0.0,1410.0,1.17,,15.788019875,0.0126304159,0.0664717115,0.01284664135,0.0335699775,1402,1400.0,1398.5,1402.0,0.0,0.7092198581560284,0.5673758865248227,22525504.0,0.0,inf,inf,0.13562789949999998,0.136744128,10.738197425470366,2.0571777815590018
G-set,G32,512,800,gemm-tf32,50,2000,4000.0,0.0,1410.0,1.17,,27.3181593125,0.02185452745,0.061033158500000004,0.022648963350000002,0.018698293499999998,1402,1400.0,1398.5,1402.0,0.0,0.7092198581560284,0.5673758865248227,36581504.0,0.0,inf,inf,0.13562789949999998,0.136744128,6.205940613920708,2.240489126906319
G-set,G32,512,800,public-matched,50,2000,4000.0,8000.0,1410.0,1.17,,169.534874375,0.13562789949999998,0.136744128,0.1356364115,0.0008432040049999999,1398,1392.0,1390.0,1394.0,0.0,1.276595744680851,0.851063829787234,,0.0,inf,inf,0.13562789949999998,0.136744128,1.0,1.0
G-set,G32,512,1600,auto,50,2000,4000.0,8000.0,1410.0,1.17,csr-row,11.9822198125,0.0191715517,0.023739964000000002,0.0192720477,0.004248739,1406,1402.0,1402.0,1404.0,0.0,0.5673758865248227,0.28368794326241137,10322500.0,0.0,inf,inf,0.26880781899999995,0.26995460849999997,14.021182176923109,11.371314990199647
G-set,G32,512,1600,bit,50,2000,4000.0,0.0,1410.0,1.17,,46.68637990625,0.07469820785,0.104175148,0.074914561,0.026641226,1406,1402.0,1402.0,1404.0,0.0,0.5673758865248227,0.28368794326241137,9472448.0,0.0,inf,inf,0.26880781899999995,0.26995460849999997,3.5985845810355666,2.5913532515451765
G-set,G32,512,1600,csr-block,50,2000,4000.0,8000.0,1410.0,1.17,,6.945149874999999,0.0111122398,0.015429462500000001,0.01121240035,0.00403221,1406,1402.0,1402.0,1404.0,0.0,0.5673758865248227,0.28368794326241137,9298500.0,0.0,inf,inf,0.26880781899999995,0.26995460849999997,24.190246416388526,17.496047480591105
G-set,G32,512,1600,csr-row,50,2000,4000.0,8000.0,1410.0,1.17,,11.9606995625,0.019137119299999998,0.0237329885,0.019236640200000002,0.0042583715,1406,1402.0,1402.0,1404.0,0.0,0.5673758865248227,0.28368794326241137,10322500.0,0.0,inf,inf,0.26880781899999995,0.26995460849999997,14.046409743602318,11.374657199197648
G-set,G32,512,1600,gemm-fp16,50,2000,4000.0,0.0,1410.0,1.17,,12.36590028125,0.01978544045,0.0793839945,0.02050406795,0.032479316,1406,1404.0,1402.0,1404.0,0.0,0.425531914893617,0.28368794326241137,22440704.0,0.0,inf,inf,0.26880781899999995,0.26995460849999997,13.586142784099605,3.400617595528025
G-set,G32,512,1600,gemm-fp32,50,2000,4000.0,0.0,1410.0,1.17,,112.4325275,0.179892044,0.2261455925,0.1806913275,0.0189786145,1406,1402.0,1402.0,1404.0,0.0,0.5673758865248227,0.28368794326241137,36584704.0,0.0,inf,inf,0.26880781899999995,0.26995460849999997,1.4942729707379385,1.1937204060256004
G-set,G32,512,1600,gemm-int8,50,2000,4000.0,0.0,1410.0,1.17,,15.96264003125,0.02554022405,0.089740426,0.025757873049999998,0.0344610055,1406,1402.0,1402.0,1404.0,0.0,0.5673758865248227,0.28368794326241137,22528704.0,0.0,inf,inf,0.26880781899999995,0.26995460849999997,10.524881006280754,3.0081716850775813
G-set,G32,512,1600,gemm-tf32,50,2000,4000.0,0.0,1410.0,1.17,,27.044540625,0.043271265,0.09244991,0.044042436500000004,0.018904518500000002,1406,1402.0,1402.0,1404.0,0.0,0.5673758865248227,0.28368794326241137,36584704.0,0.0,inf,inf,0.26880781899999995,0.26995460849999997,6.2121553183157445,2.9200094245629873
G-set,G32,512,1600,public-matched,50,2000,4000.0,8000.0,1410.0,1.17,,168.00488687499998,0.26880781899999995,0.26995460849999997,0.2688156915,0.0008774599915,1402,1396.0,1394.0,1396.0,0.0,0.9929078014184398,0.5673758865248227,,0.0,inf,inf,0.26880781899999995,0.26995460849999997,1.0,1.0
G-set,G32,512,3200,auto,50,2000,4000.0,8000.0,1410.0,1.17,csr-row,11.915555000000001,0.038129776000000004,0.0426915075,0.038231313,0.00419957,1408,1406.0,1404.0,1406.0,0.0,0.28368794326241137,0.14184397163120568,10328900.0,0.0,inf,inf,0.5322020125,0.533354337,13.95764854480131,12.493218633706013
G-set,G32,512,3200,bit,50,2000,4000.0,0.0,1410.0,1.17,,46.684992343750004,0.1493919755,0.178159036,0.1496053925,0.025979613,1408,1405.0,1404.0,1406.0,0.0,0.3546099290780142,0.14184397163120568,9478848.0,0.0,inf,inf,0.5322020125,0.533354337,3.56245381131599,2.993697928405944
G-set,G32,512,3200,csr-block,50,2000,4000.0,8000.0,1410.0,1.17,,6.9306150156249995,0.02217796805,0.026480927,0.02227670405,0.004013057,1408,1406.0,1404.0,1406.0,0.0,0.28368794326241137,0.14184397163120568,9304900.0,0.0,inf,inf,0.5322020125,0.533354337,23.9968788529299,20.141075008439092
G-set,G32,512,3200,csr-row,50,2000,4000.0,8000.0,1410.0,1.17,,11.929830312500002,0.038175456999999996,0.042751268,0.0382706095,0.00424077,1408,1406.0,1404.0,1406.0,0.0,0.28368794326241137,0.14184397163120568,10328900.0,0.0,inf,inf,0.5322020125,0.533354337,13.940946731823015,12.475754801003797
G-set,G32,512,3200,gemm-fp16,50,2000,4000.0,0.0,1410.0,1.17,,12.340095046875,0.03948830415,0.11493721900000001,0.04020537915,0.0324797525,1410,1405.0,1404.0,1406.0,1.0,0.3546099290780142,0.0,22447104.0,0.02,9.0033333462,26.205685932,0.5322020125,0.533354337,13.477459312468348,4.640397093651622
G-set,G32,512,3200,gemm-fp32,50,2000,4000.0,0.0,1410.0,1.17,,113.68696203125,0.3637982785,0.42602339,0.36458840400000003,0.019176512,1408,1405.0,1404.0,1406.0,0.0,0.3546099290780142,0.14184397163120568,36591104.0,0.0,inf,inf,0.5322020125,0.533354337,1.4629041530772389,1.2519367469471572
G-set,G32,512,3200,gemm-int8,50,2000,4000.0,0.0,1410.0,1.17,,15.899100296875,0.05087712095,0.1343733805,0.051097072349999995,0.034483265,1408,1405.0,1404.0,1406.0,0.0,0.3546099290780142,0.14184397163120568,22535104.0,0.0,inf,inf,0.5322020125,0.533354337,10.460537124791847,3.9691963915427433
G-set,G32,512,3200,gemm-tf32,50,2000,4000.0,0.0,1410.0,1.17,,26.948825125,0.0862362404,0.154269352,0.0870416361,0.0192918885,1408,1405.0,1404.0,1406.0,0.0,0.3546099290780142,0.14184397163120568,36591104.0,0.0,inf,inf,0.5322020125,0.533354337,6.171442656027477,3.457292910648902
G-set,G32,512,3200,public-matched,50,2000,4000.0,8000.0,1410.0,1.17,,166.31312890624997,0.5322020125,0.533354337,0.5322105884999999,0.0008635555059999999,1400,1396.0,1396.0,1398.0,0.0,0.9929078014184398,0.7092198581560284,,0.0,inf,inf,0.5322020125,0.533354337,1.0,1.0
G-set,G43,512,200,auto,50,1000,9990.0,19980.0,6660.0,0.71,csr-row,13.4948802,0.00269897604,0.005198424,0.0027642240699999997,0.002217658,6660,6656.0,6655.0,6658.0,2.0,0.06006006006006006,0.0,5288740.0,0.04,0.30498429252,0.587421912,0.043108722,0.043789525,15.972250720684428,8.423615503467975
G-set,G43,512,200,bit,50,1000,9990.0,0.0,6660.0,0.71,,26.852399124999998,0.005370479825,0.015188517499999998,0.00555987285,0.0087195915,6660,6656.0,6656.0,6658.0,1.0,0.06006006006006006,0.0,4487872.0,0.02,1.2244694001,3.4629819899999994,0.043108722,0.043789525,8.026977738436994,2.883067751674909
G-set,G43,512,200,csr-block,50,1000,9990.0,19980.0,6660.0,0.71,,21.223039625,0.004244607924999999,0.0067401744999999996,0.004312400095,0.0022152905,6660,6656.0,6655.0,6658.0,2.0,0.06006006006006006,0.0,4776740.0,0.04,0.47964069552499994,0.7616397184999999,0.043108722,0.043789525,10.15611400669003,6.496793962826928
G-set,G43,512,200,csr-row,50,1000,9990.0,19980.0,6660.0,0.71,,13.510639675,0.002702127935,0.00521484,0.00276940803,0.002225978,6660,6656.0,6655.0,6658.0,2.0,0.06006006006006006,0.0,5288740.0,0.04,0.30534045665500004,0.58927692,0.043108722,0.043789525,15.953619901420398,8.397098472819875
G-set,G43,512,200,gemm-fp16,50,1000,9990.0,0.0,6660.0,0.71,,7.897039950000001,0.00157940799,0.022971801,0.001817969,0.012537849,6660,6656.0,6655.0,6658.0,4.0,0.06006006006006006,0.0,11315104.0,0.08,0.08844684744,1.286420856,0.043108722,0.043789525,27.294228136708362,1.9062295115650707
G-set,G43,512,200,gemm-fp32,50,1000,9990.0,0.0,6660.0,0.71,,34.593359225,0.006918671845,0.022441990000000002,0.0071835529,0.006376957,6660,6656.0,6656.0,6658.0,1.0,0.06006006006006006,0.0,16387104.0,0.02,1.57745718066,5.11677372,0.043108722,0.043789525,6.230779977107008,1.9512318203510473
G-set,G43,512,200,gemm-int8,50,1000,9990.0,0.0,6660.0,0.71,,8.509519999999998,0.001701904,0.0254114815,0.001890736975,0.010910397,6660,6656.0,6656.0,6658.0,1.0,0.06006006006006006,0.0,13147392.0,0.02,0.388034112,5.793817782,0.043108722,0.043789525,25.329702497908226,1.7232181051702948
G-set,G43,512,200,gemm-tf32,50,1000,9990.0,0.0,6660.0,0.71,,14.51496005,0.00290299201,0.018937782,0.0031662250399999998,0.0064686380000000005,6660,6656.0,6656.0,6658.0,1.0,0.06006006006006006,0.0,16387104.0,0.02,0.66188217828,4.317814296,0.043108722,0.043789525,14.849755649172456,2.312283719392271
G-set,G43,512,200,public-matched,50,1000,9990.0,19980.0,6660.0,0.71,,215.54361,0.043108722,0.043789525,0.043116338000000004,0.00036139349699999997,6659,6655.0,6653.0,6656.0,0.0,0.07507507507507508,0.015015015015015015,,0.0,inf,inf,0.043108722,0.043789525,1.0,1.0
G-set,G43,512,400,auto,50,1000,9990.0,19980.0,6660.0,0.71,csr-row,13.4653204625,0.005386128185,0.007908196499999999,0.00545342397,0.00222753,6660,6659.0,6659.0,6660.0,19.0,0.015015015015015015,0.0,5289540.0,0.38,0.05386128185,0.07908196499999999,0.08475827,0.0854177135,15.736400451078383,10.80116224982523
G-set,G43,512,400,bit,50,1000,9990.0,0.0,6660.0,0.71,,26.799800375,0.01071992015,0.0206311505,0.01090908825,0.008829608,6660,6660.0,6659.0,6660.0,28.0,0.0,0.0,4488672.0,0.56,0.0643195209,0.123786903,0.08475827,0.0854177135,7.906613931261419,4.140230255215287
G-set,G43,512,400,csr-block,50,1000,9990.0,19980.0,6660.0,0.71,,21.158320912500002,0.008463328365000002,0.010969969999999999,0.008529712095,0.00222545,6660,6659.0,6659.0,6660.0,19.0,0.015015015015015015,0.0,4777540.0,0.38,0.08463328365000002,0.10969969999999998,0.08475827,0.0854177135,10.014767990158205,7.786503837293996
G-set,G43,512,400,csr-row,50,1000,9990.0,19980.0,6660.0,0.71,,13.46563995,0.00538625598,0.007888868,0.0054531360049999995,0.0022190025,6660,6659.0,6659.0,6660.0,19.0,0.015015015015015015,0.0,5289540.0,0.38,0.0538625598,0.07888868,0.08475827,0.0854177135,15.736027087223581,10.827626156249542
G-set,G43,512,400,gemm-fp16,50,1000,9990.0,0.0,6660.0,0.71,,7.772440012500001,0.003108976005,0.025972135,0.0033479209800000003,0.012562601,6660,6659.0,6659.0,6660.0,19.0,0.015015015015015015,0.0,11315904.0,0.38,0.031089760049999998,0.25972135,0.08475827,0.0854177135,27.262439421754237,3.2888214041702772
G-set,G43,512,400,gemm-fp32,50,1000,9990.0,0.0,6660.0,0.71,,34.476959625000006,0.01379078385,0.030896653,0.0140530413,0.0063707650000000005,6660,6660.0,6659.0,6660.0,28.0,0.0,0.0,16387904.0,0.56,0.0827447031,0.185379918,0.08475827,0.0854177135,6.1460081545691105,2.764626754231276
G-set,G43,512,400,gemm-int8,50,1000,9990.0,0.0,6660.0,0.71,,8.485159875,0.00339406395,0.028600582,0.00358409697,0.011159278,6660,6660.0,6659.0,6660.0,28.0,0.0,0.0,13148192.0,0.56,0.0203643837,0.171603492,0.08475827,0.0854177135,24.972502359597556,2.9865725634534295
G-set,G43,512,400,gemm-tf32,50,1000,9990.0,0.0,6660.0,0.71,,14.089760187500001,0.005635904075,0.02374014,0.0058979690750000004,0.006443053000000001,6660,6660.0,6659.0,6660.0,28.0,0.0,0.0,16387904.0,0.56,0.03381542445,0.14244084,0.08475827,0.0854177135,15.038983785400925,3.598029055431013
G-set,G43,512,400,public-matched,50,1000,9990.0,19980.0,6660.0,0.71,,211.89567499999998,0.08475827,0.0854177135,0.0847654865,0.000363329498,6660,6659.0,6658.0,6660.0,18.0,0.015015015015015015,0.0,,0.36,0.9323409699999999,0.9395948485000001,0.08475827,0.0854177135,1.0,1.0
G-set,G43,512,800,auto,50,1000,9990.0,19980.0,6660.0,0.71,csr-row,13.442180125,0.0107537441,0.0132455325,0.010818128650000002,0.002220554,6660,6660.0,6660.0,6660.0,44.0,0.0,0.0,5291140.0,0.88,0.0322612323,0.0397365975,0.161304379,0.1620941095,14.999834243777476,12.23764386218523
G-set,G43,512,800,bit,50,1000,9990.0,0.0,6660.0,0.71,,26.777079125,0.0214216633,0.031397935,0.021610497149999998,0.0088599925,6660,6660.0,6660.0,6660.0,45.0,0.0,0.0,4490272.0,0.9,0.0428433266,0.06279587,0.161304379,0.1620941095,7.52996519182523,5.16257229973882
G-set,G43,512,800,csr-block,50,1000,9990.0,19980.0,6660.0,0.71,,21.120499375,0.0168963995,0.019392456,0.01696363205,0.002219626,6660,6660.0,6660.0,6660.0,44.0,0.0,0.0,4779140.0,0.88,0.0506891985,0.05817736799999999,0.161304379,0.1620941095,9.546671703637216,8.358616850800127
G-set,G43,512,800,csr-row,50,1000,9990.0,19980.0,6660.0,0.71,,13.450120062499998,0.010760096050000001,0.013278412,0.0108279846,0.0022320425,6660,6660.0,6660.0,6660.0,44.0,0.0,0.0,5291140.0,0.88,0.03228028815,0.039835235999999996,0.161304379,0.1620941095,14.990979471786405,12.207341472760447
G-set,G43,512,800,gemm-fp16,50,1000,9990.0,0.0,6660.0,0.71,,7.38260000625,0.005906080005,0.032021714,0.00614694496,0.0126362335,6660,6660.0,6660.0,6660.0,47.0,0.0,0.0,11317504.0,0.94,0.01181216001,0.064043428,0.161304379,0.1620941095,27.3115804160191,5.062006034405279
G-set,G43,512,800,gemm-fp32,50,1000,9990.0,0.0,6660.0,0.71,,34.3525195,0.0274820156,0.047913963000000004,0.027745569050000002,0.006413436999999999,6660,6660.0,6660.0,6660.0,45.0,0.0,0.0,16389504.0,0.9,0.0549640312,0.09582792600000001,0.161304379,0.1620941095,5.869452275545612,3.383024474514871
G-set,G43,512,800,gemm-int8,50,1000,9990.0,0.0,6660.0,0.71,,8.2174000125,0.00657392001,0.034290606,0.00676220901,0.011148749999999999,6660,6660.0,6660.0,6660.0,45.0,0.0,0.0,13149792.0,0.9,0.01314784002,0.068581212,0.161304379,0.1620941095,24.53701577667964,4.727070425643688
G-set,G43,512,800,gemm-tf32,50,1000,9990.0,0.0,6660.0,0.71,,13.8855004375,0.01110840035,0.033087767000000004,0.0113733292,0.0065049255,6660,6660.0,6660.0,6660.0,45.0,0.0,0.0,16389504.0,0.9,0.0222168007,0.06617553400000001,0.161304379,0.1620941095,14.520936761160215,4.898913532001116
G-set,G43,512,800,public-matched,50,1000,9990.0,19980.0,6660.0,0.71,,201.63047375,0.161304379,0.1620941095,0.161311515,0.00036036899850000004,6660,6660.0,6660.0,6660.0,47.0,0.0,0.0,,0.94,0.322608758,0.324188219,0.161304379,0.1620941095,1.0,1.0
G-set,G43,512,1600,auto,50,1000,9990.0,19980.0,6660.0,0.71,csr-row,13.44254015625,0.02150806425,0.024021518,0.0215736476,0.002231466,6660,6660.0,6660.0,6660.0,50.0,0.0,0.0,5294340.0,1.0,0.02150806425,0.024021518,0.32210606799999997,0.322779142,14.976060339786272,13.437083451595358
G-set,G43,512,1600,bit,50,1000,9990.0,0.0,6660.0,0.71,,26.76540015625,0.042824640250000004,0.052803185,0.0430145283,0.008888376,6660,6660.0,6660.0,6660.0,50.0,0.0,0.0,4493472.0,1.0,0.042824640250000004,0.052803185,0.32210606799999997,0.322779142,7.521512524556465,6.1128725852427275
G-set,G43,512,1600,csr-block,50,1000,9990.0,19980.0,6660.0,0.71,,21.10080959375,0.03376129535,0.0362657175,0.03382793615,0.002223546,6660,6660.0,6660.0,6660.0,50.0,0.0,0.0,4782340.0,1.0,0.03376129535,0.0362657175,0.32210606799999997,0.322779142,9.540690446286446,8.900393105416983
G-set,G43,512,1600,csr-row,50,1000,9990.0,19980.0,6660.0,0.71,,13.438540125,0.0215016642,0.024009277500000002,0.0215676482,0.0022201540000000002,6660,6660.0,6660.0,6660.0,50.0,0.0,0.0,5294340.0,1.0,0.0215016642,0.024009277500000002,0.32210606799999997,0.322779142,14.980518019623801,13.443933995931364
G-set,G43,512,1600,gemm-fp16,50,1000,9990.0,0.0,6660.0,0.71,,7.35229996875,0.01176367995,0.044099001,0.01200537825,0.0126178655,6660,6660.0,6660.0,6660.0,50.0,0.0,0.0,11320704.0,1.0,0.01176367995,0.044099001,0.32210606799999997,0.322779142,27.38140355476094,7.319420727920798
G-set,G43,512,1600,gemm-fp32,50,1000,9990.0,0.0,6660.0,0.71,,34.2751503125,0.0548402405,0.0811912505,0.05510333,0.00622958,6660,6660.0,6660.0,6660.0,50.0,0.0,0.0,16392704.0,1.0,0.0548402405,0.0811912505,0.32210606799999997,0.322779142,5.873534927331327,3.975540960537367
G-set,G43,512,1600,gemm-int8,50,1000,9990.0,0.0,6660.0,0.71,,8.1647998125,0.0130636797,0.045741453,0.0132538728,0.0109224775,6660,6660.0,6660.0,6660.0,50.0,0.0,0.0,13152992.0,1.0,0.0130636797,0.045741453,0.32210606799999997,0.322779142,24.65661095472204,7.056600104067529
G-set,G43,512,1600,gemm-tf32,50,1000,9990.0,0.0,6660.0,0.71,,13.88782025,0.0222205124,0.052124206,0.022491888699999997,0.006430574,6660,6660.0,6660.0,6660.0,50.0,0.0,0.0,16392704.0,1.0,0.0222205124,0.052124206,0.32210606799999997,0.322779142,14.495888402645475,6.192499929879029
G-set,G43,512,1600,public-matched,50,1000,9990.0,19980.0,6660.0,0.71,,201.31629249999997,0.32210606799999997,0.322779142,0.322112948,0.0003641449875,6660,6660.0,6660.0,6660.0,50.0,0.0,0.0,,1.0,0.32210606799999997,0.322779142,0.32210606799999997,0.322779142,1.0,1.0
G-set,G43,512,3200,auto,50,1000,9990.0,19980.0,6660.0,0.71,csr-row,13.41102003125,0.0429152641,0.045472143000000007,0.0429857126,0.002221625,6660,6660.0,6660.0,6660.0,50.0,0.0,0.0,5300740.0,1.0,0.0429152641,0.045472143000000007,0.6138595945,0.614527709,14.303992003162344,13.51437756078485
G-set,G43,512,3200,bit,50,1000,9990.0,0.0,6660.0,0.71,,26.769075390624998,0.08566104125,0.09555443350000001,0.08584953649999999,0.008755765,6660,6660.0,6660.0,6660.0,50.0,0.0,0.0,4499872.0,1.0,0.08566104125,0.09555443350000001,0.6138595945,0.614527709,7.166146775037013,6.431179449146124
G-set,G43,512,3200,csr-block,50,1000,9990.0,19980.0,6660.0,0.71,,21.08063459375,0.0674580307,0.06995106300000001,0.06752663835,0.002205449,6660,6660.0,6660.0,6660.0,50.0,0.0,0.0,4788740.0,1.0,0.0674580307,0.06995106300000001,0.6138595945,0.614527709,9.099874220016329,8.785108941089286
G-set,G43,512,3200,csr-row,50,1000,9990.0,19980.0,6660.0,0.71,,13.433270453125001,0.04298646545,0.0454895195,0.043052305449999995,0.002214057,6660,6660.0,6660.0,6660.0,50.0,0.0,0.0,5300740.0,1.0,0.04298646545,0.0454895195,0.6138595945,0.614527709,14.280299347105313,13.509215216045533
G-set,G43,512,3200,gemm-fp16,50,1000,9990.0,0.0,6660.0,0.71,,7.294605078125,0.02334273625,0.070878059,0.023583201249999998,0.012719781,6660,6660.0,6660.0,6660.0,50.0,0.0,0.0,11327104.0,1.0,0.02334273625,0.070878059,0.6138595945,0.614527709,26.297670843965435,8.67021074885812
G-set,G43,512,3200,gemm-fp32,50,1000,9990.0,0.0,6660.0,0.71,,34.08433921875,0.1090698855,0.1498372555,0.1093350865,0.0063302025,6660,6660.0,6660.0,6660.0,50.0,0.0,0.0,16399104.0,1.0,0.1090698855,0.1498372555,0.6138595945,0.614527709,5.628130915201154,4.101301154705146
G-set,G43,512,3200,gemm-int8,50,1000,9990.0,0.0,6660.0,0.71,,7.750250109374999,0.02480080035,0.069165982,0.0249935848,0.010988893,6660,6660.0,6660.0,6660.0,50.0,0.0,0.0,13159392.0,1.0,0.02480080035,0.069165982,0.6138595945,0.614527709,24.751604215869595,8.884825910517687
G-set,G43,512,3200,gemm-tf32,50,1000,9990.0,0.0,6660.0,0.71,,13.790519828125,0.04412966345,0.092829367,0.0444027542,0.006569292,6660,6660.0,6660.0,6660.0,50.0,0.0,0.0,16399104.0,1.0,0.04412966345,0.092829367,0.6138595945,0.614527709,13.910362022033505,6.619970908559573
G-set,G43,512,3200,public-matched,50,1000,9990.0,19980.0,6660.0,0.71,,191.83112328125003,0.6138595945,0.614527709,0.6138677225,0.00035352149299999996,6660,6660.0,6660.0,6660.0,50.0,0.0,0.0,,1.0,0.6138595945,0.614527709,0.6138595945,0.614527709,1.0,1.0
G-set,G48,512,200,auto,50,3000,6000.0,12000.0,6000.0,1.1,csr-row,17.129679925,0.003425935985,0.010141374,0.0035691359999999997,0.006337853,6000,6000.0,6000.0,6000.0,50.0,0.0,0.0,15472900.0,1.0,0.003425935985,0.010141374,0.059327539,0.06195299,17.317176753960858,6.108934548711052
G-set,G48,512,200,csr-block,50,3000,6000.0,12000.0,6000.0,1.1,,9.91943985,0.00198388797,0.008443382999999999,0.002126241,0.006127164,6000,6000.0,6000.0,6000.0,50.0,0.0,0.0,13936900.0,1.0,0.00198388797,0.008443382999999999,0.059327539,0.06195299,29.90468206730443,7.337460588960611
G-set,G48,512,200,csr-row,50,3000,6000.0,12000.0,6000.0,1.1,,17.10712015,0.00342142403,0.010120446,0.0035640651100000004,0.006336381,6000,6000.0,6000.0,6000.0,50.0,0.0,0.0,15472900.0,1.0,0.00342142403,0.010120446,0.059327539,0.06195299,17.340013538164108,6.121567172039652
G-set,G48,512,200,gemm-fp16,50,3000,6000.0,0.0,6000.0,1.1,,23.670800925,0.004734160185,0.0873283185,0.006190518645,0.060996967,6000,6000.0,6000.0,6000.0,50.0,0.0,0.0,37555104.0,1.0,0.004734160185,0.0873283185,0.059327539,0.06195299,12.531797970836934,0.7094261181726521
G-set,G48,512,200,gemm-fp32,50,3000,6000.0,0.0,6000.0,1.1,,238.56448174999997,0.04771289635,0.1093522915,0.04959306365,0.03995235799999999,6000,6000.0,6000.0,6000.0,50.0,0.0,0.0,64771104.0,1.0,0.04771289635,0.1093522915,0.059327539,0.06195299,1.2434277425709035,0.5665449635319256
G-set,G48,512,200,gemm-int8,50,3000,6000.0,0.0,6000.0,1.1,,22.290160649999997,0.00445803213,0.110761498,0.00497806585,0.08061940549999999,6000,6000.0,6000.0,6000.0,50.0,0.0,0.0,44459200.0,1.0,0.00445803213,0.110761498,0.059327539,0.06195299,13.308010635625454,0.5593368735406594
G-set,G48,512,200,gemm-tf32,50,3000,6000.0,0.0,6000.0,1.1,,76.55256025,0.015310512049999999,0.077137456,0.0171650962,0.0396970775,6000,6000.0,6000.0,6000.0,50.0,0.0,0.0,64771104.0,1.0,0.015310512049999999,0.077137456,0.059327539,0.06195299,3.8749545936969496,0.8031505472516491
G-set,G48,512,200,public-matched,50,3000,6000.0,12000.0,6000.0,1.1,,296.637695,0.059327539,0.06195299,0.059335187,0.00226244099,6000,6000.0,6000.0,6000.0,50.0,0.0,0.0,,1.0,0.059327539,0.06195299,0.059327539,0.06195299,1.0,1.0
G-set,G48,512,400,auto,50,3000,6000.0,12000.0,6000.0,1.1,csr-row,17.100439674999997,0.0068401758699999995,0.013561486000000001,0.0069829609,0.0063427169999999995,6000,6000.0,6000.0,6000.0,50.0,0.0,0.0,15473700.0,1.0,0.0068401758699999995,0.013561486000000001,0.11758859399999999,0.120254445,17.19087290075774,8.8673501561702
G-set,G48,512,400,csr-block,50,3000,6000.0,12000.0,6000.0,1.1,,9.769840250000001,0.0039079361,0.0103520955,0.00405100859,0.006115356,6000,6000.0,6000.0,6000.0,50.0,0.0,0.0,13937700.0,1.0,0.0039079361,0.0103520955,0.11758859399999999,0.120254445,30.089692101157944,11.616435049309581
G-set,G48,512,400,csr-row,50,3000,6000.0,12000.0,6000.0,1.1,,17.084079987500004,0.0068336319950000005,0.013540446000000001,0.0069768490450000005,0.006331453,6000,6000.0,6000.0,6000.0,50.0,0.0,0.0,15473700.0,1.0,0.0068336319950000005,0.013540446000000001,0.11758859399999999,0.120254445,17.207334852979596,8.881128804767583
G-set,G48,512,400,gemm-fp16,50,3000,6000.0,0.0,6000.0,1.1,,23.5453999,0.00941815996,0.093554859,0.010870758500000001,0.060666740999999996,6000,6000.0,6000.0,6000.0,50.0,0.0,0.0,37555904.0,1.0,0.00941815996,0.093554859,0.11758859399999999,0.120254445,12.485304401221912,1.2853896236431717
G-set,G48,512,400,gemm-fp32,50,3000,6000.0,0.0,6000.0,1.1,,238.498802125,0.09539952085,0.15851326799999998,0.0972820911,0.039835157999999996,6000,6000.0,6000.0,6000.0,50.0,0.0,0.0,64771904.0,1.0,0.09539952085,0.15851326799999998,0.11758859399999999,0.120254445,1.232591033500982,0.7586396174735355
G-set,G48,512,400,gemm-int8,50,3000,6000.0,0.0,6000.0,1.1,,22.0855999,0.00883423996,0.1175452815,0.00935670646,0.080691435,6000,6000.0,6000.0,6000.0,50.0,0.0,0.0,44460000.0,1.0,0.00883423996,0.1175452815,0.11758859399999999,0.120254445,13.310550147202475,1.023047828593613
G-set,G48,512,400,gemm-tf32,50,3000,6000.0,0.0,6000.0,1.1,,75.98959925,0.0303958397,0.0934355145,0.0322600874,0.038769761,6000,6000.0,6000.0,6000.0,50.0,0.0,0.0,64771904.0,1.0,0.0303958397,0.0934355145,0.11758859399999999,0.120254445,3.868575277425219,1.2870314424179685
G-set,G48,512,400,public-matched,50,3000,6000.0,12000.0,6000.0,1.1,,293.971485,0.11758859399999999,0.120254445,0.117595794,0.002379705985,6000,6000.0,6000.0,6000.0,50.0,0.0,0.0,,1.0,0.11758859399999999,0.120254445,0.11758859399999999,0.120254445,1.0,1.0
G-set,G48,512,800,auto,50,3000,6000.0,12000.0,6000.0,1.1,csr-row,17.1745800625,0.01373966405,0.0204510215,0.01388243255,0.006338061,6000,6000.0,6000.0,6000.0,50.0,0.0,0.0,15475300.0,1.0,0.01373966405,0.0204510215,0.233709966,0.23642802499999999,17.009874852071075,11.56069514669475
G-set,G48,512,800,csr-block,50,3000,6000.0,12000.0,6000.0,1.1,,9.69585985,0.00775668788,0.014206433000000001,0.007897200435,0.0061234359999999995,6000,6000.0,6000.0,6000.0,50.0,0.0,0.0,13939300.0,1.0,0.00775668788,0.014206433000000001,0.233709966,0.23642802499999999,30.130123786803704,16.64232147506696
G-set,G48,512,800,csr-row,50,3000,6000.0,12000.0,6000.0,1.1,,17.2145801875,0.01377166415,0.0204702535,0.0139125288,0.006336637,6000,6000.0,6000.0,6000.0,50.0,0.0,0.0,15475300.0,1.0,0.01377166415,0.0204702535,0.233709966,0.23642802499999999,16.970350384270734,11.549833762439727
G-set,G48,512,800,gemm-fp16,50,3000,6000.0,0.0,6000.0,1.1,,23.237479937499998,0.01858998395,0.106385814,0.02004584645,0.060649061000000004,6000,6000.0,6000.0,6000.0,50.0,0.0,0.0,37557504.0,1.0,0.01858998395,0.106385814,0.233709966,0.23642802499999999,12.571821827742891,2.2223642054381423
G-set,G48,512,800,gemm-fp32,50,3000,6000.0,0.0,6000.0,1.1,,238.46475625,0.19077180500000002,0.2575561845,0.19260679749999998,0.039178483,6000,6000.0,6000.0,6000.0,50.0,0.0,0.0,64773504.0,1.0,0.19077180500000002,0.2575561845,0.233709966,0.23642802499999999,1.2250760325929713,0.9179667941539955
G-set,G48,512,800,gemm-int8,50,3000,6000.0,0.0,6000.0,1.1,,21.4633,0.01717064,0.13020709349999998,0.01768393885,0.07989164,6000,6000.0,6000.0,6000.0,50.0,0.0,0.0,44461600.0,1.0,0.01717064,0.13020709349999998,0.233709966,0.23642802499999999,13.611022419665195,1.8157845217549535
G-set,G48,512,800,gemm-tf32,50,3000,6000.0,0.0,6000.0,1.1,,75.95057962499999,0.0607604637,0.12867807599999997,0.06257444035000001,0.0388483695,6000,6000.0,6000.0,6000.0,50.0,0.0,0.0,64773504.0,1.0,0.0607604637,0.12867807599999997,0.233709966,0.23642802499999999,3.84641511549228,1.8373605850308177
G-set,G48,512,800,public-matched,50,3000,6000.0,12000.0,6000.0,1.1,,292.1374575,0.233709966,0.23642802499999999,0.233717518,0.002348809985,6000,6000.0,6000.0,6000.0,50.0,0.0,0.0,,1.0,0.233709966,0.23642802499999999,0.233709966,0.23642802499999999,1.0,1.0
G-set,G48,512,1600,auto,50,3000,6000.0,12000.0,6000.0,1.1,csr-row,17.18469021875,0.027495504349999998,0.0342662525,0.02763521635,0.006363245,6000,6000.0,6000.0,6000.0,50.0,0.0,0.0,15478500.0,1.0,0.027495504349999998,0.0342662525,0.4691318595,0.47198255899999997,17.062129631384632,13.773976567761531
G-set,G48,512,1600,csr-block,50,3000,6000.0,12000.0,6000.0,1.1,,9.6500801875,0.0154401283,0.021907204,0.01558081695,0.0061186035,6000,6000.0,6000.0,6000.0,50.0,0.0,0.0,13942500.0,1.0,0.0154401283,0.021907204,0.4691318595,0.47198255899999997,30.3839353135427,21.54462792239484
G-set,G48,512,1600,csr-row,50,3000,6000.0,12000.0,6000.0,1.1,,17.170270062500002,0.0274724321,0.034156252,0.0276078571,0.006331645,6000,6000.0,6000.0,6000.0,50.0,0.0,0.0,15478500.0,1.0,0.0274724321,0.034156252,0.4691318595,0.47198255899999997,17.076458967751897,13.818335776419497
G-set,G48,512,1600,gemm-fp16,50,3000,6000.0,0.0,6000.0,1.1,,23.400089718750003,0.03744014355,0.133855315,0.0389017339,0.061148423,6000,6000.0,6000.0,6000.0,50.0,0.0,0.0,37560704.0,1.0,0.03744014355,0.133855315,0.4691318595,0.47198255899999997,12.530183247654776,3.526065132340841
G-set,G48,512,1600,gemm-fp32,50,3000,6000.0,0.0,6000.0,1.1,,238.289394375,0.38126303100000003,0.45953829,0.383144488,0.040998890999999996,6000,6000.0,6000.0,6000.0,50.0,0.0,0.0,64776704.0,1.0,0.38126303100000003,0.45953829,0.4691318595,0.47198255899999997,1.2304677384259686,1.0270799393016847
G-set,G48,512,1600,gemm-int8,50,3000,6000.0,0.0,6000.0,1.1,,21.104708906250004,0.03376753425,0.157414485,0.03428280025,0.0806314665,6000,6000.0,6000.0,6000.0,50.0,0.0,0.0,44464800.0,1.0,0.03376753425,0.157414485,0.4691318595,0.47198255899999997,13.89298537544239,2.9983426175805867
G-set,G48,512,1600,gemm-tf32,50,3000,6000.0,0.0,6000.0,1.1,,75.721328125,0.121154125,0.20140456750000002,0.1230231095,0.040482888499999994,6000,6000.0,6000.0,6000.0,50.0,0.0,0.0,64776704.0,1.0,0.121154125,0.20140456750000002,0.4691318595,0.47198255899999997,3.8721905630534663,2.3434550907093996
G-set,G48,512,1600,public-matched,50,3000,6000.0,12000.0,6000.0,1.1,,293.20741218750004,0.4691318595,0.47198255899999997,0.4691384195,0.002466954,6000,6000.0,6000.0,6000.0,50.0,0.0,0.0,,1.0,0.4691318595,0.47198255899999997,0.4691318595,0.47198255899999997,1.0,1.0
G-set,G48,512,3200,auto,50,3000,6000.0,12000.0,6000.0,1.1,csr-row,17.231935265624998,0.05514219285,0.061836997000000005,0.05527878535,0.0062766825,6000,6000.0,6000.0,6000.0,50.0,0.0,0.0,15484900.0,1.0,0.05514219285,0.061836997000000005,0.928104717,0.9309465525,16.83111731745358,15.054847383678737
G-set,G48,512,3200,csr-block,50,3000,6000.0,12000.0,6000.0,1.1,,9.6370548125,0.0308385754,0.037248637,0.030975536900000003,0.006068746,6000,6000.0,6000.0,6000.0,50.0,0.0,0.0,13948900.0,1.0,0.0308385754,0.037248637,0.928104717,0.9309465525,30.09557688582463,24.992768258876158
G-set,G48,512,3200,csr-row,50,3000,6000.0,12000.0,6000.0,1.1,,17.235354781250003,0.0551531353,0.061817253,0.0552943358,0.0062717065,6000,6000.0,6000.0,6000.0,50.0,0.0,0.0,15484900.0,1.0,0.0551531353,0.061817253,0.928104717,0.9309465525,16.827778003039473,15.059655797063645
G-set,G48,512,3200,gemm-fp16,50,3000,6000.0,0.0,6000.0,1.1,,23.332319265625,0.07466342165,0.1843784095,0.07612702765000001,0.059046473,6000,6000.0,6000.0,6000.0,50.0,0.0,0.0,37567104.0,1.0,0.07466342165,0.1843784095,0.928104717,0.9309465525,12.430514119091406,5.049108271540871
G-set,G48,512,3200,gemm-fp32,50,3000,6000.0,0.0,6000.0,1.1,,238.69335171875002,0.7638187255,0.8546514905,0.7657065665,0.037879567,6000,6000.0,6000.0,6000.0,50.0,0.0,0.0,64783104.0,1.0,0.7638187255,0.8546514905,0.928104717,0.9309465525,1.2150850535805566,1.089270378450244
G-set,G48,512,3200,gemm-int8,50,3000,6000.0,0.0,6000.0,1.1,,21.04107975,0.0673314552,0.210806273,0.0678542582,0.08053937,6000,6000.0,6000.0,6000.0,50.0,0.0,0.0,44471200.0,1.0,0.0673314552,0.210806273,0.928104717,0.9309465525,13.784117902148058,4.416123577593917
G-set,G48,512,3200,gemm-tf32,50,3000,6000.0,0.0,6000.0,1.1,,75.78956359375,0.2425266035,0.33927127,0.244322179,0.0376972465,6000,6000.0,6000.0,6000.0,50.0,0.0,0.0,64783104.0,1.0,0.2425266035,0.33927127,0.928104717,0.9309465525,3.8268161249369905,2.7439592880941555
G-set,G48,512,3200,public-matched,50,3000,6000.0,12000.0,6000.0,1.1,,290.0327240625,0.928104717,0.9309465525,0.9281117729999999,0.002623611,6000,6000.0,6000.0,6000.0,50.0,0.0,0.0,,1.0,0.928104717,0.9309465525,0.928104717,0.9309465525,1.0,1.0
G-set,G55,512,200,auto,50,5000,12498.0,24996.0,10299.0,0.93,csr-row,29.212880125,0.005842576025000001,0.0165099475,0.006060209015,0.0101597745,10239,10227.0,10223.25,10230.75,0.0,0.6990969997087095,0.5825808330905913,25824868.0,0.0,inf,inf,0.133460771,0.14208317450000002,22.842795785442945,8.605913162352577
G-set,G55,512,200,csr-block,50,5000,12498.0,24996.0,10299.0,0.93,,32.907599225,0.006581519845,0.0168077885,0.006798064885,0.009752635999999999,10239,10227.0,10223.25,10230.75,0.0,0.6990969997087095,0.5825808330905913,23264868.0,0.0,inf,inf,0.133460771,0.14208317450000002,20.27810811835363,8.453412803237024
G-set,G55,512,200,csr-row,50,5000,12498.0,24996.0,10299.0,0.93,,29.267039299999997,0.00585340786,0.016529404,0.006071441069999999,0.010171614499999999,10239,10227.0,10223.25,10230.75,0.0,0.6990969997087095,0.5825808330905913,25824868.0,0.0,inf,inf,0.133460771,0.14208317450000002,22.8005247869401,8.595783278090366
G-set,G55,512,200,gemm-fp16,50,5000,12498.0,0.0,10299.0,0.93,,43.488559725,0.008697711944999999,0.20488850349999999,0.01265870635,0.1531150035,10235,10223.0,10220.25,10227.0,0.0,0.737935721914749,0.6214195552966307,79795104.0,0.0,inf,inf,0.133460771,0.14208317450000002,15.34435399147954,0.693465822009872
G-set,G55,512,200,gemm-fp32,50,5000,12498.0,0.0,10299.0,0.93,,606.453535,0.121290707,0.272799742,0.12592690150000002,0.10788553249999999,10240,10225.5,10221.25,10230.0,0.0,0.7136615205359744,0.5728711525390814,145155104.0,0.0,inf,inf,0.133460771,0.14208317450000002,1.100337975604347,0.5208332436766014
G-set,G55,512,200,gemm-int8,50,5000,12498.0,0.0,10299.0,0.93,,47.59735825,0.00951947165,0.28573921950000003,0.01089173345,0.22853962500000002,10240,10225.5,10221.25,10230.0,0.0,0.7136615205359744,0.5728711525390814,93907392.0,0.0,inf,inf,0.133460771,0.14208317450000002,14.019766632741641,0.49724771681193736
G-set,G55,512,200,gemm-tf32,50,5000,12498.0,0.0,10299.0,0.93,,113.0081605,0.022601632099999998,0.1767686155,0.0272480056,0.1093420515,10240,10225.5,10221.25,10230.0,0.0,0.7136615205359744,0.5728711525390814,145155104.0,0.0,inf,inf,0.133460771,0.14208317450000002,5.904917415233921,0.8037805472318135
G-set,G55,512,200,public-matched,50,5000,12498.0,24996.0,10299.0,0.93,,667.303855,0.133460771,0.14208317450000002,0.133468547,0.008201089005,10211,10179.0,10176.0,10184.0,0.0,1.1651616661811826,0.8544518885328672,,0.0,inf,inf,0.133460771,0.14208317450000002,1.0,1.0
G-set,G55,512,400,auto,50,5000,12498.0,24996.0,10299.0,0.93,csr-row,29.242121000000004,0.011696848400000001,0.0224389985,0.0119145454,0.010222175,10264,10250.0,10246.0,10253.75,0.0,0.4757743470239829,0.339838819302845,25825668.0,0.0,inf,inf,0.26656814900000003,0.27495516,22.789741294757654,12.253450616345464
G-set,G55,512,400,csr-block,50,5000,12498.0,24996.0,10299.0,0.93,,32.66644,0.013066576,0.023271706,0.01328476915,0.009734573,10264,10250.0,10246.0,10253.75,0.0,0.4757743470239829,0.339838819302845,23265668.0,0.0,inf,inf,0.26656814900000003,0.27495516,20.400765204289176,11.81499800659221
G-set,G55,512,400,csr-row,50,5000,12498.0,24996.0,10299.0,0.93,,29.212199375,0.01168487975,0.022390694,0.01190107275,0.010201822499999999,10264,10250.0,10246.0,10253.75,0.0,0.4757743470239829,0.339838819302845,25825668.0,0.0,inf,inf,0.26656814900000003,0.27495516,22.813084490664103,12.279885563171913
G-set,G55,512,400,gemm-fp16,50,5000,12498.0,0.0,10299.0,0.93,,42.902278875,0.01716091155,0.216011914,0.021087281450000002,0.1539173905,10262,10248.0,10245.0,10252.0,0.0,0.49519370812700264,0.35925818040586466,79795904.0,0.0,inf,inf,0.26656814900000003,0.27495516,15.533449270647864,1.2728703473272311
G-set,G55,512,400,gemm-fp32,50,5000,12498.0,0.0,10299.0,0.93,,606.5121449999999,0.24260485799999998,0.397020517,0.24725576249999998,0.108294159,10258,10250.0,10248.0,10254.0,0.0,0.4757743470239829,0.3980969026119041,145155904.0,0.0,inf,inf,0.26656814900000003,0.27495516,1.0987749841349015,0.6925464761308544
G-set,G55,512,400,gemm-int8,50,5000,12498.0,0.0,10299.0,0.93,,47.31307987500001,0.018925231950000003,0.29855770400000003,0.02029733375,0.228372824,10258,10250.0,10248.0,10254.0,0.0,0.4757743470239829,0.3980969026119041,93908192.0,0.0,inf,inf,0.26656814900000003,0.27495516,14.085330615987509,0.9209447832570414
G-set,G55,512,400,gemm-tf32,50,5000,12498.0,0.0,10299.0,0.93,,112.51880162500001,0.04500752065,0.19854945000000002,0.049651046000000004,0.107614603,10258,10250.0,10248.0,10254.0,0.0,0.4757743470239829,0.3980969026119041,145155904.0,0.0,inf,inf,0.26656814900000003,0.27495516,5.92274680209473,1.3848195499911984
G-set,G55,512,400,public-matched,50,5000,12498.0,24996.0,10299.0,0.93,,666.4203725,0.26656814900000003,0.27495516,0.266575493,0.00801545702,10230,10219.5,10214.25,10222.0,0.0,0.7719196038450336,0.6699679580541801,,0.0,inf,inf,0.26656814900000003,0.27495516,1.0,1.0
G-set,G55,512,800,auto,50,5000,12498.0,24996.0,10299.0,0.93,csr-row,29.1976595,0.0233581276,0.0341006035,0.0235772325,0.0102326545,10276,10266.0,10264.0,10268.75,0.0,0.3204194581998252,0.22332265268472667,25827268.0,0.0,inf,inf,0.531948053,0.540498312,22.77357423974343,15.85010986682391
G-set,G55,512,800,csr-block,50,5000,12498.0,24996.0,10299.0,0.93,,32.602080125,0.0260816641,0.036325366,0.0262991691,0.009762716500000001,10276,10266.0,10264.0,10268.75,0.0,0.3204194581998252,0.22332265268472667,23267268.0,0.0,inf,inf,0.531948053,0.540498312,20.395479788423472,14.879363142548929
G-set,G55,512,800,csr-row,50,5000,12498.0,24996.0,10299.0,0.93,,29.2258608125,0.023380688650000002,0.034087178999999995,0.023599009650000002,0.010202542500000002,10276,10266.0,10264.0,10268.75,0.0,0.3204194581998252,0.22332265268472667,25827268.0,0.0,inf,inf,0.531948053,0.540498312,22.75159902101515,15.85635209062035
G-set,G55,512,800,gemm-fp16,50,5000,12498.0,0.0,10299.0,0.93,,42.874660500000005,0.0342997284,0.23709793099999998,0.0382629144,0.153058619,10277,10265.0,10263.0,10268.0,0.0,0.3301291387513351,0.2136129721332168,79797504.0,0.0,inf,inf,0.531948053,0.540498312,15.508812396310404,2.279641622009768
G-set,G55,512,800,gemm-fp32,50,5000,12498.0,0.0,10299.0,0.93,,606.661243125,0.4853289945,0.6440007320000001,0.48997051999999996,0.10808796600000001,10277,10267.0,10264.0,10270.0,0.0,0.31070977764831537,0.2136129721332168,145157504.0,0.0,inf,inf,0.531948053,0.540498312,1.0960566111407135,0.8392821392010467
G-set,G55,512,800,gemm-int8,50,5000,12498.0,0.0,10299.0,0.93,,47.224881625,0.0377799053,0.32533714199999997,0.0391374468,0.230027807,10277,10267.0,10264.0,10270.0,0.0,0.31070977764831537,0.2136129721332168,93909792.0,0.0,inf,inf,0.531948053,0.540498312,14.080184923068085,1.661348312944853
G-set,G55,512,800,gemm-tf32,50,5000,12498.0,0.0,10299.0,0.93,,112.2704791875,0.08981638335,0.249623396,0.09445777925,0.1078987965,10277,10267.0,10264.0,10270.0,0.0,0.31070977764831537,0.2136129721332168,145157504.0,0.0,inf,inf,0.531948053,0.540498312,5.922617156906486,2.165255022810442
G-set,G55,512,800,public-matched,50,5000,12498.0,24996.0,10299.0,0.93,,664.9350662500001,0.531948053,0.540498312,0.531958197,0.008116401499999999,10260,10242.0,10239.0,10246.0,0.0,0.5534517914360617,0.37867754150888433,,0.0,inf,inf,0.531948053,0.540498312,1.0,1.0
G-set,G55,512,1600,auto,50,5000,12498.0,24996.0,10299.0,0.93,csr-row,29.142990124999997,0.046628784199999995,0.05737911,0.0468463697,0.0102134385,10284,10274.0,10273.0,10276.75,0.0,0.24274201378774637,0.14564520827264782,25830468.0,0.0,inf,inf,1.0605005749999998,1.069061775,22.74347472692629,18.631550315088543
G-set,G55,512,1600,csr-block,50,5000,12498.0,24996.0,10299.0,0.93,,32.51905084375,0.052030481350000005,0.06232862,0.05225084895,0.009805229,10284,10274.0,10273.0,10276.75,0.0,0.24274201378774637,0.14564520827264782,23270468.0,0.0,inf,inf,1.0605005749999998,1.069061775,20.382294137665127,17.15202061268162
G-set,G55,512,1600,csr-row,50,5000,12498.0,24996.0,10299.0,0.93,,29.131760593750002,0.04661081695,0.057372694,0.046830161950000004,0.010193470999999999,10284,10274.0,10273.0,10276.75,0.0,0.24274201378774637,0.14564520827264782,25830468.0,0.0,inf,inf,1.0605005749999998,1.069061775,22.75224174117377,18.633633885137066
G-set,G55,512,1600,gemm-fp16,50,5000,12498.0,0.0,10299.0,0.93,,42.5744915,0.0681191864,0.2817283265,0.07206616345,0.15565456700000002,10284,10275.0,10273.25,10277.0,0.0,0.2330323332362365,0.14564520827264782,79800704.0,0.0,inf,inf,1.0605005749999998,1.069061775,15.568309474113152,3.7946549013416297
G-set,G55,512,1600,gemm-fp32,50,5000,12498.0,0.0,10299.0,0.93,,606.2914087500001,0.970066254,1.13892931,0.974707021,0.1087359845,10283,10275.0,10273.0,10277.0,0.0,0.2330323332362365,0.15535488882415768,145160704.0,0.0,inf,inf,1.0605005749999998,1.069061775,1.093224891214492,0.9386550733337437
G-set,G55,512,1600,gemm-int8,50,5000,12498.0,0.0,10299.0,0.93,,47.169370656249995,0.07547099305,0.3774924555,0.07685838835,0.2309854025,10283,10275.0,10273.0,10277.0,0.0,0.2330323332362365,0.15535488882415768,93912992.0,0.0,inf,inf,1.0605005749999998,1.069061775,14.051763891557801,2.8320083207596713
G-set,G55,512,1600,gemm-tf32,50,5000,12498.0,0.0,10299.0,0.93,,112.5006103125,0.18000097650000002,0.352166776,0.1846410455,0.10880585649999999,10283,10275.0,10273.0,10277.0,0.0,0.2330323332362365,0.15535488882415768,145160704.0,0.0,inf,inf,1.0605005749999998,1.069061775,5.891637898975508,3.0356690291533917
G-set,G55,512,1600,public-matched,50,5000,12498.0,24996.0,10299.0,0.93,,662.812859375,1.0605005749999998,1.069061775,1.06051251,0.008207266000000001,10272,10259.0,10255.5,10261.0,0.0,0.3883872220603942,0.2621613748907661,,0.0,inf,inf,1.0605005749999998,1.069061775,1.0,1.0
G-set,G55,512,3200,auto,50,5000,12498.0,24996.0,10299.0,0.93,csr-row,29.1255355,0.09320171360000001,0.103964678,0.0934235386,0.0102353235,10287,10281.0,10279.25,10282.0,0.0,0.17477424992717738,0.11651616661811826,25836868.0,0.0,inf,inf,2.11920567,2.128196185,22.737840197822283,20.47037730449182
G-set,G55,512,3200,csr-block,50,5000,12498.0,24996.0,10299.0,0.93,,32.49224546875,0.10397518550000001,0.114299426,0.104195714,0.009823561,10287,10281.0,10279.25,10282.0,0.0,0.17477424992717738,0.11651616661811826,23276868.0,0.0,inf,inf,2.11920567,2.128196185,20.38184072294826,18.61948269976439
G-set,G55,512,3200,csr-row,50,5000,12498.0,24996.0,10299.0,0.93,,29.114480015625,0.09316633604999999,0.10394039050000001,0.09338296104999999,0.010214682999999999,10287,10281.0,10279.25,10282.0,0.0,0.17477424992717738,0.11651616661811826,25836868.0,0.0,inf,inf,2.11920567,2.128196185,22.746474315171913,20.47516056811428
G-set,G55,512,3200,gemm-fp16,50,5000,12498.0,0.0,10299.0,0.93,,42.56299484375,0.1362015835,0.365898387,0.14012043600000001,0.1542205435,10287,10280.0,10279.0,10282.0,0.0,0.18448393047868725,0.11651616661811826,79807104.0,0.0,inf,inf,2.11920567,2.128196185,15.55933209836727,5.8163584771419075
G-set,G55,512,3200,gemm-fp32,50,5000,12498.0,0.0,10299.0,0.93,,606.4953234375,1.940785035,2.130572785,1.945430615,0.1099801635,10286,10281.0,10280.0,10282.0,0.0,0.17477424992717738,0.12622584716962812,145167104.0,0.0,inf,inf,2.11920567,2.128196185,1.0919321984570023,0.9988845253179183
G-set,G55,512,3200,gemm-int8,50,5000,12498.0,0.0,10299.0,0.93,,47.04746,0.150551872,0.4774591405,0.15191959,0.23102548299999998,10286,10281.0,10280.0,10282.0,0.0,0.17477424992717738,0.12622584716962812,93919392.0,0.0,inf,inf,2.11920567,2.128196185,14.07624921462285,4.457336773930711
G-set,G55,512,3200,gemm-tf32,50,5000,12498.0,0.0,10299.0,0.93,,112.62338640625,0.36039483650000004,0.5535162695,0.36503320149999996,0.108691852,10286,10281.0,10280.0,10282.0,0.0,0.17477424992717738,0.12622584716962812,145167104.0,0.0,inf,inf,2.11920567,2.128196185,5.880233164772325,3.8448665419038783
G-set,G55,512,3200,public-matched,50,5000,12498.0,24996.0,10299.0,0.93,,662.251771875,2.11920567,2.128196185,2.11921482,0.008645539985,10284,10274.0,10271.25,10278.0,0.0,0.24274201378774637,0.14564520827264782,,0.0,inf,inf,2.11920567,2.128196185,1.0,1.0
G-set,G58,512,200,auto,50,5000,29570.0,59140.0,19293.0,0.51,csr-row,68.57175825,0.013714351650000001,0.024836762499999998,0.013966144650000002,0.0104336445,19118,19101.0,19097.0,19106.0,0.0,0.9951795988182243,0.907064738506194,26098020.0,0.0,inf,inf,0.133438311,0.1421583795,9.729830064551392,5.723708132249524
G-set,G58,512,200,csr-block,50,5000,29570.0,59140.0,19293.0,0.51,,107.164159,0.0214328318,0.0320318495,0.0216888973,0.009968219,19118,19101.0,19097.0,19106.0,0.0,0.9951795988182243,0.907064738506194,23538020.0,0.0,inf,inf,0.133438311,0.1421583795,6.225883366471434,4.438032199795393
G-set,G58,512,200,csr-row,50,5000,29570.0,59140.0,19293.0,0.51,,69.4919205,0.013898384100000001,0.0249635945,0.014162257000000001,0.010395419999999999,19118,19101.0,19097.0,19106.0,0.0,0.9951795988182243,0.907064738506194,26098020.0,0.0,inf,inf,0.133438311,0.1421583795,9.600994622101428,5.694627810910804
G-set,G58,512,200,gemm-fp16,50,5000,29570.0,0.0,19293.0,0.51,,43.24664117500001,0.008649328235,0.206691241,0.012606754250000001,0.15512749199999998,19121,19101.0,19097.0,19108.0,0.0,0.9951795988182242,0.8915150572746592,79795104.0,0.0,inf,inf,0.133438311,0.1421583795,15.42759245279122,0.687781343864494
G-set,G58,512,200,gemm-fp32,50,5000,29570.0,0.0,19293.0,0.51,,606.822795,0.12136455900000001,0.2727652,0.1260005315,0.1084084645,19116,19101.0,19098.25,19106.0,0.0,0.9951795988182242,0.9174311926605505,145155104.0,0.0,inf,inf,0.133438311,0.1421583795,1.0994833425794428,0.5211749134420373
G-set,G58,512,200,gemm-int8,50,5000,29570.0,0.0,19293.0,0.51,,47.45599985,0.00949119997,0.286216831,0.0108398621,0.22819233449999998,19116,19101.0,19098.25,19106.0,0.0,0.9951795988182242,0.9174311926605505,93907392.0,0.0,inf,inf,0.133438311,0.1421583795,14.059161267466164,0.4966807123233084
G-set,G58,512,200,gemm-tf32,50,5000,29570.0,0.0,19293.0,0.51,,113.62520225,0.022725040449999998,0.1750023335,0.027362692100000002,0.108718962,19116,19101.0,19098.25,19106.0,0.0,0.9951795988182242,0.9174311926605505,145155104.0,0.0,inf,inf,0.133438311,0.1421583795,5.871862419501217,0.812322765399011
G-set,G58,512,200,public-matched,50,5000,29570.0,59140.0,19293.0,0.51,,667.191555,0.133438311,0.1421583795,0.13344632699999998,0.008174049999999999,19120,19091.0,19088.0,19097.0,0.0,1.0470118695900068,0.8966982843518375,,0.0,inf,inf,0.133438311,0.1421583795,1.0,1.0
G-set,G58,512,400,auto,50,5000,29570.0,59140.0,19293.0,0.51,csr-row,69.73768,0.027895072,0.0389762375,0.028148273,0.010427038,19167,19147.0,19144.0,19152.0,0.0,0.7567511532680247,0.6530866117244597,26098820.0,0.0,inf,inf,0.265971867,0.274397902,9.534725954462493,7.040133158055599
G-set,G58,512,400,csr-block,50,5000,29570.0,59140.0,19293.0,0.51,,106.89271925,0.0427570877,0.053444286,0.04301440265,0.010044220999999999,19167,19147.0,19144.0,19152.0,0.0,0.7567511532680247,0.6530866117244597,23538820.0,0.0,inf,inf,0.265971867,0.274397902,6.220532812387967,5.134279499963757
G-set,G58,512,400,csr-row,50,5000,29570.0,59140.0,19293.0,0.51,,69.271841,0.0277087364,0.038797517000000004,0.0279663214,0.010421566,19167,19147.0,19144.0,19152.0,0.0,0.7567511532680247,0.6530866117244597,26098820.0,0.0,inf,inf,0.265971867,0.274397902,9.598845041522715,7.072563483895117
G-set,G58,512,400,gemm-fp16,50,5000,29570.0,0.0,19293.0,0.51,,43.177321,0.0172709284,0.216777878,0.02122465835,0.15417702300000002,19161,19147.0,19143.25,19150.75,0.0,0.7567511532680247,0.6841859741875291,79795904.0,0.0,inf,inf,0.265971867,0.274397902,15.399975081825941,1.2658021405671294
G-set,G58,512,400,gemm-fp32,50,5000,29570.0,0.0,19293.0,0.51,,606.74863875,0.2426994555,0.3980481255,0.247343016,0.1098365855,19165,19147.5,19145.0,19150.0,0.0,0.7541595397294356,0.6634530658788161,145155904.0,0.0,inf,inf,0.265971867,0.274397902,1.0958898381212065,0.6893586087243112
G-set,G58,512,400,gemm-int8,50,5000,29570.0,0.0,19293.0,0.51,,47.632079125,0.019052831649999998,0.29909014700000003,0.02039787795,0.22864272000000002,19165,19147.5,19145.0,19150.0,0.0,0.7541595397294356,0.6634530658788161,93908192.0,0.0,inf,inf,0.265971867,0.274397902,13.95970278255201,0.9174421315858325
G-set,G58,512,400,gemm-tf32,50,5000,29570.0,0.0,19293.0,0.51,,112.53243925,0.0450129757,0.199340968,0.04964792565,0.1086321965,19165,19147.5,19145.0,19150.0,0.0,0.7541595397294356,0.6634530658788161,145155904.0,0.0,inf,inf,0.265971867,0.274397902,5.908782142567837,1.376525381375694
G-set,G58,512,400,public-matched,50,5000,29570.0,59140.0,19293.0,0.51,,664.9296674999999,0.265971867,0.274397902,0.26598017100000004,0.00803774552,19154,19141.0,19138.0,19143.0,0.0,0.7878505157310941,0.7204685637277769,,0.0,inf,inf,0.265971867,0.274397902,1.0,1.0
G-set,G58,512,800,auto,50,5000,29570.0,59140.0,19293.0,0.51,csr-row,68.58093975,0.0548647518,0.065933429,0.0551221608,0.0104088305,19194,19178.0,19175.0,19182.0,0.0,0.5960711138754989,0.5131394806406469,26100420.0,0.0,inf,inf,0.529796381,0.5383788965,9.656407139711147,8.165492143598357
G-set,G58,512,800,csr-block,50,5000,29570.0,59140.0,19293.0,0.51,,106.8912983125,0.08551303865000001,0.0962022685,0.08577136025,0.010031884500000001,19194,19178.0,19175.0,19182.0,0.0,0.5960711138754989,0.5131394806406469,23540420.0,0.0,inf,inf,0.529796381,0.5383788965,6.195504093456746,5.5963222582427985
G-set,G58,512,800,csr-row,50,5000,29570.0,59140.0,19293.0,0.51,,68.2030200625,0.05456241605,0.065704485,0.05481993705,0.010451038499999999,19194,19178.0,19175.0,19182.0,0.0,0.5960711138754989,0.5131394806406469,26100420.0,0.0,inf,inf,0.529796381,0.5383788965,9.709914247831406,8.193944393598093
G-set,G58,512,800,gemm-fp16,50,5000,29570.0,0.0,19293.0,0.51,,42.49451875,0.033995615,0.2379358285,0.0379493449,0.154245679,19196,19179.0,19175.25,19181.75,0.0,0.5908878867983206,0.5027730264862904,79797504.0,0.0,inf,inf,0.529796381,0.5383788965,15.5842564107165,2.2627062930961657
G-set,G58,512,800,gemm-fp32,50,5000,29570.0,0.0,19293.0,0.51,,606.9850925000001,0.48558807400000004,0.6449714980000001,0.490231407,0.10939183150000001,19199,19178.0,19175.0,19182.75,0.0,0.5960711138754989,0.4872233452547556,145157504.0,0.0,inf,inf,0.529796381,0.5383788965,1.0910407593741687,0.8347328496987318
G-set,G58,512,800,gemm-int8,50,5000,29570.0,0.0,19293.0,0.51,,47.087979312499996,0.03767038345,0.32685383,0.03904605335,0.230894874,19199,19178.0,19175.0,19182.75,0.0,0.5960711138754989,0.4872233452547556,93909792.0,0.0,inf,inf,0.529796381,0.5383788965,14.06400287119987,1.647154927020436
G-set,G58,512,800,gemm-tf32,50,5000,29570.0,0.0,19293.0,0.51,,112.286644,0.08982931520000001,0.250051258,0.0944715917,0.1090333655,19199,19178.0,19175.0,19182.75,0.0,0.5960711138754989,0.4872233452547556,145157504.0,0.0,inf,inf,0.529796381,0.5383788965,5.8978116422287945,2.1530741369035624
G-set,G58,512,800,public-matched,50,5000,29570.0,59140.0,19293.0,0.51,,662.24547625,0.529796381,0.5383788965,0.529805453,0.008108481005,19191,19173.0,19170.0,19178.0,0.0,0.6219872492613902,0.5286891618721816,,0.0,inf,inf,0.529796381,0.5383788965,1.0,1.0
G-set,G58,512,1600,auto,50,5000,29570.0,59140.0,19293.0,0.51,csr-row,68.2676196875,0.10922819149999999,0.12026367199999999,0.109492225,0.010339982000000001,19211,19200.0,19197.0,19203.75,0.0,0.48204011817757736,0.4250246203286166,26103620.0,0.0,inf,inf,1.06318001,1.07191355,9.733567821636964,8.913028615989708
G-set,G58,512,1600,csr-block,50,5000,29570.0,59140.0,19293.0,0.51,,106.79930687500001,0.170878891,0.1814601845,0.17114014,0.0099140125,19211,19200.0,19197.0,19203.75,0.0,0.48204011817757736,0.4250246203286166,23543620.0,0.0,inf,inf,1.06318001,1.07191355,6.221833508973322,5.907155627299607
G-set,G58,512,1600,csr-row,50,5000,29570.0,59140.0,19293.0,0.51,,69.12323,0.110597168,0.12165059,0.1108601135,0.010314606,19211,19200.0,19197.0,19203.75,0.0,0.48204011817757736,0.4250246203286166,26103620.0,0.0,inf,inf,1.06318001,1.07191355,9.613085300701371,8.811412669679614
G-set,G58,512,1600,gemm-fp16,50,5000,29570.0,0.0,19293.0,0.51,,42.811920625,0.068499073,0.2793158685,0.0724483851,0.15298692200000003,19218,19201.5,19198.25,19206.0,0.0,0.47426527756181,0.38874203078836883,79800704.0,0.0,inf,inf,1.06318001,1.07191355,15.521086102873246,3.837639285431433
G-set,G58,512,1600,gemm-fp32,50,5000,29570.0,0.0,19293.0,0.51,,606.7831421875,0.9708530275,1.139141345,0.975518888,0.1088319405,19222,19202.0,19199.0,19209.0,0.0,0.47167366402322086,0.36800912247965584,145160704.0,0.0,inf,inf,1.06318001,1.07191355,1.0950988253471763,0.9409837986347516
G-set,G58,512,1600,gemm-int8,50,5000,29570.0,0.0,19293.0,0.51,,47.074968812499996,0.0753199501,0.37941643199999997,0.0766917641,0.232306592,19222,19202.0,19199.0,19209.0,0.0,0.47167366402322086,0.36800912247965584,93912992.0,0.0,inf,inf,1.06318001,1.07191355,14.115516653800862,2.82516375041975
G-set,G58,512,1600,gemm-tf32,50,5000,29570.0,0.0,19293.0,0.51,,112.292861875,0.179668579,0.35053200949999996,0.184306088,0.108705988,19222,19202.0,19199.0,19209.0,0.0,0.47167366402322086,0.36800912247965584,145160704.0,0.0,inf,inf,1.06318001,1.07191355,5.917450986240616,3.057961957679646
G-set,G58,512,1600,public-matched,50,5000,29570.0,59140.0,19293.0,0.51,,664.48750625,1.06318001,1.07191355,1.063189145,0.008285106510000001,19215,19201.0,19197.0,19203.75,0.0,0.4768568911003991,0.40429171201990355,,0.0,inf,inf,1.06318001,1.07191355,1.0,1.0
G-set,G58,512,3200,auto,50,5000,29570.0,59140.0,19293.0,0.51,csr-row,69.1202903125,0.221184929,0.232212539,0.221447346,0.010297886,19232,19220.0,19218.0,19223.0,0.0,0.37837557663401233,0.31617685170787335,26110020.0,0.0,inf,inf,2.1211558950000002,2.130231275,9.589965756663286,9.173627247579425
G-set,G58,512,3200,csr-block,50,5000,29570.0,59140.0,19293.0,0.51,,106.677050625,0.34136656200000004,0.35191128,0.3416202905,0.009864267999999999,19232,19220.0,19218.0,19223.0,0.0,0.37837557663401233,0.31617685170787335,23550020.0,0.0,inf,inf,2.1211558950000002,2.130231275,6.213719008014616,6.053319106452058
G-set,G58,512,3200,csr-row,50,5000,29570.0,59140.0,19293.0,0.51,,68.963053125,0.22068177,0.2316897845,0.2209399155,0.0102788935,19232,19220.0,19218.0,19223.0,0.0,0.37837557663401233,0.31617685170787335,26110020.0,0.0,inf,inf,2.1211558950000002,2.130231275,9.611831076939433,9.194325419211566
G-set,G58,512,3200,gemm-fp16,50,5000,29570.0,0.0,19293.0,0.51,,42.595343593749995,0.1363050995,0.36330945849999996,0.1402325735,0.1526753365,19241,19220.5,19218.0,19223.0,0.0,0.3757839630954232,0.26952780801326903,79807104.0,0.0,inf,inf,2.1211558950000002,2.130231275,15.561823459143582,5.86340714550926
G-set,G58,512,3200,gemm-fp32,50,5000,29570.0,0.0,19293.0,0.51,,606.9992640625001,1.942397645,2.128706365,1.947053215,0.1085447075,19231,19220.0,19218.0,19223.0,0.0,0.37837557663401233,0.3213600787850516,145167104.0,0.0,inf,inf,2.1211558950000002,2.130231275,1.0920296883906078,1.0007163552592655
G-set,G58,512,3200,gemm-int8,50,5000,29570.0,0.0,19293.0,0.51,,47.114839531250006,0.1507674865,0.482355929,0.152132021,0.2334169645,19231,19220.0,19218.0,19223.0,0.0,0.37837557663401233,0.3213600787850516,93919392.0,0.0,inf,inf,2.1211558950000002,2.130231275,14.069053907057079,4.416305775314726
G-set,G58,512,3200,gemm-tf32,50,5000,29570.0,0.0,19293.0,0.51,,112.4297428125,0.359775177,0.5516847460000001,0.3644157805,0.10814734549999999,19231,19220.0,19218.0,19223.0,0.0,0.37837557663401233,0.3213600787850516,145167104.0,0.0,inf,inf,2.1211558950000002,2.130231275,5.8957816731197115,3.861319875971339
G-set,G58,512,3200,public-matched,50,5000,29570.0,59140.0,19293.0,0.51,,662.8612171875,2.1211558950000002,2.130231275,2.1211629800000003,0.008626947499999999,19229,19217.0,19215.0,19219.0,0.0,0.39392525786554705,0.33172653293940807,,0.0,inf,inf,2.1211558950000002,2.130231275,1.0,1.0
G-set,G60,512,200,auto,50,7000,17148.0,34296.0,14188.0,0.93,csr-row,40.72583915,0.00814516783,0.0226042955,0.008439841775,0.0138476475,14100,14078.5,14074.25,14083.75,0.0,0.7717789681420919,0.6202424584155625,36147268.0,0.0,inf,inf,0.216910208,0.23421487200000002,26.630538808676704,10.361520534891257
G-set,G60,512,200,csr-block,50,7000,17148.0,34296.0,14188.0,0.93,,46.59855845,0.00931971169,0.023355323,0.00961352092,0.013453326,14100,14078.5,14074.25,14083.75,0.0,0.7717789681420919,0.6202424584155625,32563268.0,0.0,inf,inf,0.216910208,0.23421487200000002,23.27434744926106,10.028329387694617
G-set,G60,512,200,csr-row,50,7000,17148.0,34296.0,14188.0,0.93,,40.730159275,0.008146031855,0.022645847,0.008440240929999999,0.013883743,14100,14078.5,14074.25,14083.75,0.0,0.7717789681420919,0.6202424584155625,36147268.0,0.0,inf,inf,0.216910208,0.23421487200000002,26.627714187842447,10.342508805256877
G-set,G60,512,200,gemm-fp16,50,7000,17148.0,0.0,14188.0,0.93,,76.10752099999999,0.0152215042,0.37335004,0.02287656495,0.282410469,14096,14077.0,14073.0,14080.75,0.0,0.7823512827741753,0.6484352974344516,138035104.0,0.0,inf,inf,0.216910208,0.23421487200000002,14.250247882860355,0.6273331911254115
G-set,G60,512,200,gemm-fp32,50,7000,17148.0,0.0,14188.0,0.93,,1195.5916975,0.2391183395,0.5631376275,0.247732664,0.24754524249999998,14097,14077.5,14073.25,14082.0,0.0,0.7788271778968142,0.6413870876797293,257539104.0,0.0,inf,inf,0.216910208,0.23421487200000002,0.9071249342629364,0.41591053512047554
G-set,G60,512,200,gemm-int8,50,7000,17148.0,0.0,14188.0,0.93,,71.11743925,0.014223487850000001,0.6420690655000001,0.016880714800000002,0.5471038345,14097,14077.5,14073.25,14082.0,0.0,0.7788271778968142,0.6413870876797293,161139200.0,0.0,inf,inf,0.216910208,0.23421487200000002,15.250141898212398,0.36478143019958337
G-set,G60,512,200,gemm-tf32,50,7000,17148.0,0.0,14188.0,0.93,,157.435522,0.0314871044,0.3566862525,0.0401009831,0.2480935325,14097,14077.5,14073.25,14082.0,0.0,0.7788271778968142,0.6413870876797293,257539104.0,0.0,inf,inf,0.216910208,0.23421487200000002,6.888858538545068,0.656641152717261
G-set,G60,512,200,public-matched,50,7000,17148.0,34296.0,14188.0,0.93,,1084.55104,0.216910208,0.23421487200000002,0.216918656,0.016867782999999997,14042,14015.5,14012.25,14020.0,0.0,1.2158161826895968,1.0290386241894558,,0.0,inf,inf,0.216910208,0.23421487200000002,1.0,1.0
G-set,G60,512,400,auto,50,7000,17148.0,34296.0,14188.0,0.93,csr-row,40.450358375,0.016180143350000002,0.030656674000000002,0.016477456850000002,0.01385389,14129,14115.0,14111.0,14119.0,0.0,0.5145193120947279,0.4158443755286157,36148068.0,0.0,inf,inf,0.432122071,0.4491415355,26.70693711746379,14.650693532507798
G-set,G60,512,400,csr-block,50,7000,17148.0,34296.0,14188.0,0.93,,46.271920125,0.01850876805,0.0325390355,0.0188040804,0.013446944499999999,14129,14115.0,14111.0,14119.0,0.0,0.5145193120947279,0.4158443755286157,32564068.0,0.0,inf,inf,0.432122071,0.4491415355,23.346884559396702,13.80316068372709
G-set,G60,512,400,csr-row,50,7000,17148.0,34296.0,14188.0,0.93,,40.4382395,0.0161752958,0.030721091,0.0164716808,0.013913778500000001,14129,14115.0,14111.0,14119.0,0.0,0.5145193120947279,0.4158443755286157,36148068.0,0.0,inf,inf,0.432122071,0.4491415355,26.714940879164633,14.619973473598318
G-set,G60,512,400,gemm-fp16,50,7000,17148.0,0.0,14188.0,0.93,,75.895319,0.0303581276,0.392255555,0.0380082761,0.282433622,14130,14114.5,14111.0,14118.0,0.0,0.5180434169720891,0.4087961657738935,138035904.0,0.0,inf,inf,0.432122071,0.4491415355,14.234147661992171,1.1450227530875887
G-set,G60,512,400,gemm-fp32,50,7000,17148.0,0.0,14188.0,0.93,,1195.3508,0.47814032,0.805548986,0.486759375,0.24753878299999998,14127,14113.5,14111.0,14117.75,0.0,0.5250916267268113,0.4299407950380603,257539904.0,0.0,inf,inf,0.432122071,0.4491415355,0.9037557656714664,0.5575595566574272
G-set,G60,512,400,gemm-int8,50,7000,17148.0,0.0,14188.0,0.93,,71.10388037499999,0.02844155215,0.666755106,0.0310985716,0.551819215,14127,14113.5,14111.0,14117.75,0.0,0.5250916267268113,0.4299407950380603,161140000.0,0.0,inf,inf,0.432122071,0.4491415355,15.193336450872987,0.6736229411042561
G-set,G60,512,400,gemm-tf32,50,7000,17148.0,0.0,14188.0,0.93,,156.86416150000002,0.0627456646,0.3928310295,0.0713591776,0.2483421465,14127,14113.5,14111.0,14117.75,0.0,0.5250916267268113,0.4299407950380603,257539904.0,0.0,inf,inf,0.432122071,0.4491415355,6.8868833210191225,1.1433453616728615
G-set,G60,512,400,public-matched,50,7000,17148.0,34296.0,14188.0,0.93,,1080.3051775,0.432122071,0.4491415355,0.43213058299999996,0.016635926000000002,14085,14068.0,14065.0,14073.0,0.0,0.845785170566676,0.7259656047363969,,0.0,inf,inf,0.432122071,0.4491415355,1.0,1.0
G-set,G60,512,800,auto,50,7000,17148.0,34296.0,14188.0,0.93,csr-row,40.4209399375,0.03233675195,0.046859200000000004,0.03263742545,0.013869106499999999,14151,14136.0,14133.0,14138.0,0.0,0.3665069072455596,0.2607837609247251,36149668.0,0.0,inf,inf,0.8634833075,0.880641588,26.702846001204524,18.793355157578446
G-set,G60,512,800,csr-block,50,7000,17148.0,34296.0,14188.0,0.93,,46.1481785625,0.03691854285,0.051020468,0.03721792125,0.013497855999999999,14151,14136.0,14133.0,14138.0,0.0,0.3665069072455596,0.2607837609247251,32565668.0,0.0,inf,inf,0.8634833075,0.880641588,23.388878347889616,17.260554881621236
G-set,G60,512,800,csr-row,50,7000,17148.0,34296.0,14188.0,0.93,,40.583739249999994,0.0324669914,0.0469823045,0.0327689449,0.013894931,14151,14136.0,14133.0,14138.0,0.0,0.3665069072455596,0.2607837609247251,36149668.0,0.0,inf,inf,0.8634833075,0.880641588,26.595729085633725,18.7441122220814
G-set,G60,512,800,gemm-fp16,50,7000,17148.0,0.0,14188.0,0.93,,75.38470025000001,0.060307760200000005,0.422022097,0.0679655716,0.27916075799999995,14152,14135.5,14133.0,14139.0,0.0,0.3700310121229208,0.2537355511700028,138037504.0,0.0,inf,inf,0.8634833075,0.880641588,14.317946888367443,2.086719141628264
G-set,G60,512,800,gemm-fp32,50,7000,17148.0,0.0,14188.0,0.93,,1196.2610625,0.95700885,1.28678847,0.965620727,0.24732436600000002,14145,14135.0,14132.25,14137.0,0.0,0.37355511700028193,0.3030730194530589,257541504.0,0.0,inf,inf,0.8634833075,0.880641588,0.9022730641414654,0.6843716807627286
G-set,G60,512,800,gemm-int8,50,7000,17148.0,0.0,14188.0,0.93,,70.91915843750002,0.05673532675,0.7041384625,0.0593922827,0.553819767,14145,14135.0,14132.25,14137.0,0.0,0.37355511700028193,0.3030730194530589,161141600.0,0.0,inf,inf,0.8634833075,0.880641588,15.219500035751535,1.250665366117534
G-set,G60,512,800,gemm-tf32,50,7000,17148.0,0.0,14188.0,0.93,,156.75067875,0.12540054299999998,0.462807572,0.1340150165,0.24949104849999998,14145,14135.0,14132.25,14137.0,0.0,0.37355511700028193,0.3030730194530589,257541504.0,0.0,inf,inf,0.8634833075,0.880641588,6.885801981734642,1.9028245026207133
G-set,G60,512,800,public-matched,50,7000,17148.0,34296.0,14188.0,0.93,,1079.354134375,0.8634833075,0.880641588,0.863493404,0.0167517185,14117,14106.0,14099.25,14109.0,0.0,0.5779531998872286,0.5004228925852833,,0.0,inf,inf,0.8634833075,0.880641588,1.0,1.0
G-set,G60,512,1600,auto,50,7000,17148.0,34296.0,14188.0,0.93,csr-row,40.46520946875,0.06474433515,0.079249371,0.0650414864,0.013880834,14160,14149.0,14147.0,14151.0,0.0,0.27488018043416973,0.19734987313222443,36152868.0,0.0,inf,inf,1.7275535,1.7455261800000001,26.682697351012955,22.02574175636044
G-set,G60,512,1600,csr-block,50,7000,17148.0,34296.0,14188.0,0.93,,46.06523990625,0.07370438385,0.087745203,0.0740034919,0.0134112,14160,14149.0,14147.0,14151.0,0.0,0.27488018043416973,0.19734987313222443,32568868.0,0.0,inf,inf,1.7275535,1.7455261800000001,23.43895179309609,19.893123730080152
G-set,G60,512,1600,csr-row,50,7000,17148.0,34296.0,14188.0,0.93,,40.44964075,0.0647194252,0.0792603305,0.0650148982,0.0139054105,14160,14149.0,14147.0,14151.0,0.0,0.27488018043416973,0.19734987313222443,36152868.0,0.0,inf,inf,1.7275535,1.7455261800000001,26.692967291681075,22.022696208666453
G-set,G60,512,1600,gemm-fp16,50,7000,17148.0,0.0,14188.0,0.93,,75.2840303125,0.1204544485,0.4936829835,0.1281140845,0.282340518,14161,14149.5,14147.0,14151.75,0.0,0.2713560755568086,0.19030166337750212,138040704.0,0.0,inf,inf,1.7275535,1.7455261800000001,14.341965128834573,3.535722798515295
G-set,G60,512,1600,gemm-fp32,50,7000,17148.0,0.0,14188.0,0.93,,1196.2892125,1.91406274,2.24955645,1.922689925,0.243776509,14158,14149.0,14147.0,14151.0,0.0,0.27488018043416973,0.211446292641669,257544704.0,0.0,inf,inf,1.7275535,1.7455261800000001,0.9025584500955282,0.7759423774406728
G-set,G60,512,1600,gemm-int8,50,7000,17148.0,0.0,14188.0,0.93,,70.5383396875,0.1128613435,0.7704736695000001,0.115523356,0.5514673889999999,14158,14149.0,14147.0,14151.0,0.0,0.27488018043416973,0.211446292641669,161144800.0,0.0,inf,inf,1.7275535,1.7455261800000001,15.306866340821115,2.265523468352607
G-set,G60,512,1600,gemm-tf32,50,7000,17148.0,0.0,14188.0,0.93,,156.691336875,0.250706139,0.594539098,0.25933206799999997,0.244948803,14158,14149.0,14147.0,14151.0,0.0,0.27488018043416973,0.211446292641669,257544704.0,0.0,inf,inf,1.7275535,1.7455261800000001,6.8907506887974534,2.9359316920819225
G-set,G60,512,1600,public-matched,50,7000,17148.0,34296.0,14188.0,0.93,,1079.7209375,1.7275535,1.7455261800000001,1.72756233,0.017574377000000002,14143,14127.0,14125.25,14132.75,0.0,0.4299407950380603,0.31716943896250355,,0.0,inf,inf,1.7275535,1.7455261800000001,1.0,1.0
G-set,G60,512,3200,auto,50,7000,17148.0,34296.0,14188.0,0.93,csr-row,40.674455312499994,0.130158257,0.1448998055,0.130460082,0.013920396,14168,14159.0,14157.0,14161.0,0.0,0.20439808288694675,0.140964195094446,36159268.0,0.0,inf,inf,3.4445373999999997,3.4625982950000003,26.464225008790642,23.89650064092046
G-set,G60,512,3200,csr-block,50,7000,17148.0,34296.0,14188.0,0.93,,46.02975843750001,0.147295227,0.161466276,0.147597218,0.01353809,14168,14159.0,14157.0,14161.0,0.0,0.20439808288694675,0.140964195094446,32575268.0,0.0,inf,inf,3.4445373999999997,3.4625982950000003,23.38526149255332,21.44471514906308
G-set,G60,512,3200,csr-row,50,7000,17148.0,34296.0,14188.0,0.93,,40.7045984375,0.13025471500000002,0.1448441415,0.130559996,0.013944587000000001,14168,14159.0,14157.0,14161.0,0.0,0.20439808288694675,0.140964195094446,36159268.0,0.0,inf,inf,3.4445373999999997,3.4625982950000003,26.444627359554694,23.905684131518708
G-set,G60,512,3200,gemm-fp16,50,7000,17148.0,0.0,14188.0,0.93,,75.39920328125001,0.2412774505,0.6343043740000001,0.248949579,0.2826382315,14168,14159.0,14157.0,14161.75,0.0,0.20439808288694675,0.140964195094446,138047104.0,0.0,inf,inf,3.4445373999999997,3.4625982950000003,14.276250817728199,5.45889077378489
G-set,G60,512,3200,gemm-fp32,50,7000,17148.0,0.0,14188.0,0.93,,1195.6563187499999,3.82610022,4.18357517,3.834729475,0.248396809,14165,14160.0,14158.0,14161.0,0.0,0.19734987313222443,0.1621088243586129,257551104.0,0.0,inf,inf,3.4445373999999997,3.4625982950000003,0.9002736995739228,0.8276648928959008
G-set,G60,512,3200,gemm-int8,50,7000,17148.0,0.0,14188.0,0.93,,70.279498125,0.224894394,0.9060056785,0.227543997,0.546303335,14165,14160.0,14158.0,14161.0,0.0,0.19734987313222443,0.1621088243586129,161151200.0,0.0,inf,inf,3.4445373999999997,3.4625982950000003,15.31624394336837,3.8218284688157174
G-set,G60,512,3200,gemm-tf32,50,7000,17148.0,0.0,14188.0,0.93,,156.75356375,0.501611404,0.8767946075,0.5102449135,0.2491396285,14165,14160.0,14158.0,14161.0,0.0,0.19734987313222443,0.1621088243586129,257551104.0,0.0,inf,inf,3.4445373999999997,3.4625982950000003,6.866943958076359,3.949155555225059
G-set,G60,512,3200,public-matched,50,7000,17148.0,34296.0,14188.0,0.93,,1076.4179374999999,3.4445373999999997,3.4625982950000003,3.444545895,0.017479865,14161,14149.0,14146.25,14152.5,0.0,0.27488018043416973,0.19030166337750212,,0.0,inf,inf,3.4445373999999997,3.4625982950000003,1.0,1.0
G-set,G63,512,200,auto,50,7000,41459.0,82918.0,27047.0,0.5,csr-row,85.14967899999999,0.0170299358,0.031763783500000004,0.0173653295,0.0139046905,26794,26767.0,26763.25,26774.5,0.0,1.0352349613635523,0.9354087329463526,36536244.0,0.0,inf,inf,0.21645003000000002,0.23439973749999998,12.709973340005194,7.379465280009857
G-set,G63,512,200,csr-block,50,7000,41459.0,82918.0,27047.0,0.5,,167.6995945,0.0335399189,0.047892068999999995,0.0338787862,0.013549057,26794,26767.0,26763.25,26774.5,0.0,1.0352349613635523,0.9354087329463526,32952244.0,0.0,inf,inf,0.21645003000000002,0.23439973749999998,6.453504871176061,4.894333078405946
G-set,G63,512,200,csr-row,50,7000,41459.0,82918.0,27047.0,0.5,,85.71479775,0.01714295955,0.0319335605,0.01748131255,0.013943154999999999,26794,26767.0,26763.25,26774.5,0.0,1.0352349613635523,0.9354087329463526,36536244.0,0.0,inf,inf,0.21645003000000002,0.23439973749999998,12.626176324379184,7.340231838538643
G-set,G63,512,200,gemm-fp16,50,7000,41459.0,0.0,27047.0,0.5,,75.98511925,0.01519702385,0.37193899350000004,0.022852372949999998,0.280408684,26788,26766.0,26762.0,26771.0,0.0,1.0389322290827079,0.957592339261286,138035104.0,0.0,inf,inf,0.21645003000000002,0.23439973749999998,14.242922307449035,0.6302101731637878
G-set,G63,512,200,gemm-fp32,50,7000,41459.0,0.0,27047.0,0.5,,1195.7987975,0.2391597595,0.5633208205,0.2477852755,0.246803883,26786,26770.0,26765.0,26775.75,0.0,1.0241431582060856,0.9649868746995969,257539104.0,0.0,inf,inf,0.21645003000000002,0.23439973749999998,0.9050436848260838,0.4161034511239053
G-set,G63,512,200,gemm-int8,50,7000,41459.0,0.0,27047.0,0.5,,70.9872795,0.0141974559,0.656906474,0.016882187,0.559639473,26786,26770.0,26765.0,26775.75,0.0,1.0241431582060856,0.9649868746995969,161139200.0,0.0,inf,inf,0.21645003000000002,0.23439973749999998,15.24569130727147,0.356823606978183
G-set,G63,512,200,gemm-tf32,50,7000,41459.0,0.0,27047.0,0.5,,157.5580025,0.0315116005,0.35673365700000004,0.04013031325,0.2470344605,26786,26770.0,26765.0,26775.75,0.0,1.0241431582060856,0.9649868746995969,257539104.0,0.0,inf,inf,0.21645003000000002,0.23439973749999998,6.868899915128082,0.65707211220611
G-set,G63,512,200,public-matched,50,7000,41459.0,82918.0,27047.0,0.5,,1082.25015,0.21645003000000002,0.23439973749999998,0.216457198,0.016918055,26775,26754.0,26747.0,26759.75,0.0,1.0832994417125743,1.005656819610308,,0.0,inf,inf,0.21645003000000002,0.23439973749999998,1.0,1.0
G-set,G63,512,400,auto,50,7000,41459.0,82918.0,27047.0,0.5,csr-row,85.660958375,0.03426438335,0.049011578,0.03459606435,0.013898755,26855,26831.5,26829.0,26838.75,0.0,0.7967611934780197,0.7098754020778645,36537044.0,0.0,inf,inf,0.431777847,0.44938537700000003,12.601360502814945,9.16896364773238
G-set,G63,512,400,csr-block,50,7000,41459.0,82918.0,27047.0,0.5,,166.40203474999998,0.06656081389999999,0.080894771,0.0668967376,0.013520017,26855,26831.5,26829.0,26838.75,0.0,0.7967611934780197,0.7098754020778645,32953044.0,0.0,inf,inf,0.431777847,0.44938537700000003,6.48696765710673,5.555184487758795
G-set,G63,512,400,csr-row,50,7000,41459.0,82918.0,27047.0,0.5,,85.37704,0.034150816,0.048973961999999996,0.0344851695,0.013905251,26855,26831.5,26829.0,26838.75,0.0,0.7967611934780197,0.7098754020778645,36537044.0,0.0,inf,inf,0.431777847,0.44938537700000003,12.643265888580817,9.1760061601714
G-set,G63,512,400,gemm-fp16,50,7000,41459.0,0.0,27047.0,0.5,,75.469839625,0.03018793585,0.387499452,0.03784398885,0.2790888375,26854,26832.0,26829.0,26837.75,0.0,0.7949125596184419,0.71357266979702,138035904.0,0.0,inf,inf,0.431777847,0.44938537700000003,14.302993392640325,1.1597058387581927
G-set,G63,512,400,gemm-fp32,50,7000,41459.0,0.0,27047.0,0.5,,1196.3946150000002,0.478557846,0.807593732,0.4871858305,0.2490903425,26860,26833.5,26828.0,26837.75,0.0,0.7893666580397087,0.6913890634820867,257539904.0,0.0,inf,inf,0.431777847,0.44938537700000003,0.9022479740098128,0.5564498078595786
G-set,G63,512,400,gemm-int8,50,7000,41459.0,0.0,27047.0,0.5,,71.107840625,0.02844313625,0.6661611205,0.03112455445,0.551345102,26860,26833.5,26828.0,26837.75,0.0,0.7893666580397087,0.6913890634820867,161140000.0,0.0,inf,inf,0.431777847,0.44938537700000003,15.18038809802488,0.6745896197945405
G-set,G63,512,400,gemm-tf32,50,7000,41459.0,0.0,27047.0,0.5,,157.174320125,0.06286972804999999,0.39034556200000003,0.0714881378,0.246728107,26860,26833.5,26828.0,26837.75,0.0,0.7893666580397087,0.6913890634820867,257539904.0,0.0,inf,inf,0.431777847,0.44938537700000003,6.867817952967908,1.1512501248829363
G-set,G63,512,400,public-matched,50,7000,41459.0,82918.0,27047.0,0.5,,1079.4446174999998,0.431777847,0.44938537700000003,0.431786023,0.016558501500000003,26840,26824.0,26818.25,26827.0,0.0,0.8244907013716863,0.7653344178651976,,0.0,inf,inf,0.431777847,0.44938537700000003,1.0,1.0
G-set,G63,512,800,auto,50,7000,41459.0,82918.0,27047.0,0.5,csr-row,85.02645968750001,0.06802116775,0.0828231155,0.06836648125,0.013946621499999999,26903,26878.0,26873.0,26881.75,0.0,0.6248382445372869,0.5324065515583983,36538644.0,0.0,inf,inf,0.864219121,0.8823419655,12.705149728923905,10.65332981225513
G-set,G63,512,800,csr-block,50,7000,41459.0,82918.0,27047.0,0.5,,166.31760624999998,0.133054085,0.14734290900000002,0.133393529,0.013501077,26903,26878.0,26873.0,26881.75,0.0,0.6248382445372869,0.5324065515583983,32954644.0,0.0,inf,inf,0.864219121,0.8823419655,6.49524680884469,5.988357169600879
G-set,G63,512,800,csr-row,50,7000,41459.0,82918.0,27047.0,0.5,,85.07502075000001,0.0680600166,0.082947929,0.06839929859999999,0.013944487,26903,26878.0,26873.0,26881.75,0.0,0.6248382445372869,0.5324065515583983,36538644.0,0.0,inf,inf,0.864219121,0.8823419655,12.697897593518954,10.637299521968776
G-set,G63,512,800,gemm-fp16,50,7000,41459.0,0.0,27047.0,0.5,,75.1746201875,0.06013969615,0.424238712,0.0678015693,0.281306775,26891,26878.0,26874.25,26882.0,0.0,0.6248382445372869,0.5767737641882649,138037504.0,0.0,inf,inf,0.864219121,0.8823419655,14.37019433627451,2.07982426059223
G-set,G63,512,800,gemm-fp32,50,7000,41459.0,0.0,27047.0,0.5,,1196.4245606250001,0.9571396485,1.29048356,0.9657652265,0.24879321,26893,26878.0,26875.0,26882.0,0.0,0.6248382445372869,0.5693792287499537,257541504.0,0.0,inf,inf,0.864219121,0.8823419655,0.9029185264181436,0.6837297218261347
G-set,G63,512,800,gemm-int8,50,7000,41459.0,0.0,27047.0,0.5,,70.58467862500001,0.0564677429,0.6974544364999999,0.059106844500000005,0.5489571885,26893,26878.0,26875.0,26882.0,0.0,0.6248382445372869,0.5693792287499537,161141600.0,0.0,inf,inf,0.864219121,0.8823419655,15.304651410106212,1.26508904284531
G-set,G63,512,800,gemm-tf32,50,7000,41459.0,0.0,27047.0,0.5,,156.80641687500002,0.1254451335,0.4593593965,0.1340705005,0.246290795,26893,26878.0,26875.0,26882.0,0.0,0.6248382445372869,0.5693792287499537,257541504.0,0.0,inf,inf,0.864219121,0.8823419655,6.889219987158769,1.920809658456611
G-set,G63,512,800,public-matched,50,7000,41459.0,82918.0,27047.0,0.5,,1080.27390125,0.864219121,0.8823419655,0.8642284170000001,0.016984471,26888,26870.0,26868.0,26873.75,0.0,0.6544163862905312,0.5878655673457315,,0.0,inf,inf,0.864219121,0.8823419655,1.0,1.0
G-set,G63,512,1600,auto,50,7000,41459.0,82918.0,27047.0,0.5,csr-row,85.4549503125,0.1367279205,0.1514984075,0.1370652185,0.0139409355,26933,26911.0,26909.0,26915.75,0.0,0.502828409805154,0.421488519983732,36541844.0,0.0,inf,inf,1.723670235,1.74180539,12.606570981967067,11.497186133788238
G-set,G63,512,1600,csr-block,50,7000,41459.0,82918.0,27047.0,0.5,,164.7960378125,0.26367366049999996,0.27798181,0.26401841449999996,0.013506117,26933,26911.0,26909.0,26915.75,0.0,0.502828409805154,0.421488519983732,32957844.0,0.0,inf,inf,1.723670235,1.74180539,6.537134697987781,6.265897002397387
G-set,G63,512,1600,csr-row,50,7000,41459.0,82918.0,27047.0,0.5,,85.4203415625,0.1366725465,0.1515209515,0.137007971,0.013938503500000001,26933,26911.0,26909.0,26915.75,0.0,0.502828409805154,0.421488519983732,36541844.0,0.0,inf,inf,1.723670235,1.74180539,12.611678637304092,11.495475528346322
G-set,G63,512,1600,gemm-fp16,50,7000,41459.0,0.0,27047.0,0.5,,75.5752896875,0.12092046349999999,0.49548383149999997,0.1285817435,0.28185905,26928,26913.0,26909.25,26916.0,0.0,0.4954338743668429,0.43997485857950974,138040704.0,0.0,inf,inf,1.723670235,1.74180539,14.254578465124723,3.515362720771243
G-set,G63,512,1600,gemm-fp32,50,7000,41459.0,0.0,27047.0,0.5,,1196.176453125,1.9138823249999999,2.2517727,1.92250388,0.24641951550000002,26937,26912.0,26909.0,26918.0,0.0,0.4991311420859985,0.40669944910710987,257544704.0,0.0,inf,inf,1.723670235,1.74180539,0.9006145322962842,0.7735262933066023
G-set,G63,512,1600,gemm-int8,50,7000,41459.0,0.0,27047.0,0.5,,70.51385156250001,0.1128221625,0.769497139,0.1154910375,0.5498525839999999,26937,26912.0,26909.0,26918.0,0.0,0.4991311420859985,0.40669944910710987,161144800.0,0.0,inf,inf,1.723670235,1.74180539,15.277762779985713,2.2635631787579653
G-set,G63,512,1600,gemm-tf32,50,7000,41459.0,0.0,27047.0,0.5,,157.1918584375,0.2515069735,0.6005276595,0.26014728350000005,0.247279969,26937,26912.0,26909.0,26918.0,0.0,0.4991311420859985,0.40669944910710987,257544704.0,0.0,inf,inf,1.723670235,1.74180539,6.8533695547809526,2.9004582261044045
G-set,G63,512,1600,public-matched,50,7000,41459.0,82918.0,27047.0,0.5,,1077.293896875,1.723670235,1.74180539,1.72367888,0.017261849,26924,26906.5,26902.25,26911.75,0.0,0.5194661145413539,0.45476392945613187,,0.0,inf,inf,1.723670235,1.74180539,1.0,1.0
G-set,G63,512,3200,auto,50,7000,41459.0,82918.0,27047.0,0.5,csr-row,85.8844184375,0.274830139,0.289806526,0.275177597,0.0140909555,26954,26939.0,26937.0,26942.0,0.0,0.3993049136687988,0.3438458978814656,36548244.0,0.0,inf,inf,3.45407026,3.4724745749999997,12.568018458848869,11.982044100000701
G-set,G63,512,3200,csr-block,50,7000,41459.0,82918.0,27047.0,0.5,,166.4663315625,0.532692261,0.5471293455,0.5330403420000001,0.013587386,26954,26939.0,26937.0,26942.0,0.0,0.3993049136687988,0.3438458978814656,32964244.0,0.0,inf,inf,3.45407026,3.4724745749999997,6.484175785688765,6.346716007028725
G-set,G63,512,3200,csr-row,50,7000,41459.0,82918.0,27047.0,0.5,,85.08683671874999,0.2722778775,0.2872171545,0.2726215435,0.0140326675,26954,26939.0,26937.0,26942.0,0.0,0.3993049136687988,0.3438458978814656,36548244.0,0.0,inf,inf,3.45407026,3.4724745749999997,12.685827771666833,12.0900667686268
G-set,G63,512,3200,gemm-fp16,50,7000,41459.0,0.0,27047.0,0.5,,75.43401,0.241388832,0.6300135585,0.249058304,0.279806999,26959,26940.5,26937.25,26944.75,0.0,0.3937590120900655,0.3253595592856879,138047104.0,0.0,inf,inf,3.45407026,3.4724745749999997,14.309155197370522,5.511745784118708
G-set,G63,512,3200,gemm-fp32,50,7000,41459.0,0.0,27047.0,0.5,,1195.83396875,3.8266687,4.18535473,3.835292205,0.24847969949999998,26958,26939.0,26936.0,26943.75,0.0,0.3993049136687988,0.32905682700484346,257551104.0,0.0,inf,inf,3.45407026,3.4724745749999997,0.90263112142423,0.8296727037519229
G-set,G63,512,3200,gemm-int8,50,7000,41459.0,0.0,27047.0,0.5,,70.2172184375,0.224695099,0.9149148385,0.2273699325,0.5531321490000001,26958,26939.0,26936.0,26943.75,0.0,0.3993049136687988,0.32905682700484346,161151200.0,0.0,inf,inf,3.45407026,3.4724745749999997,15.372254559054712,3.7954074290598574
G-set,G63,512,3200,gemm-tf32,50,7000,41459.0,0.0,27047.0,0.5,,156.75656796875,0.5016210175,0.874205406,0.5102435034999999,0.2480092445,26958,26939.0,26936.0,26943.75,0.0,0.3993049136687988,0.32905682700484346,257551104.0,0.0,inf,inf,3.45407026,3.4724745749999997,6.885816462026534,3.972149509905913
G-set,G63,512,3200,public-matched,50,7000,41459.0,82918.0,27047.0,0.5,,1079.39695625,3.45407026,3.4724745749999997,3.45407923,0.017412121,26948,26936.0,26933.25,26940.0,0.0,0.4103967168262654,0.3660295041963989,,0.0,inf,inf,3.45407026,3.4724745749999997,1.0,1.0
G-set,G64,512,200,auto,50,7000,41459.0,82918.0,8751.0,0.58,csr-row,88.75392425,0.01775078485,0.032619137500000006,0.01808672235,0.013955374,8550,8518.0,8506.5,8527.0,0.0,2.6625528511027308,2.296880356530682,36536244.0,0.0,inf,inf,0.21658406,0.234332758,12.201379366050961,7.183904172818792
G-set,G64,512,200,csr-block,50,7000,41459.0,82918.0,8751.0,0.58,,166.2945555,0.033258911099999997,0.047631556000000005,0.0335932646,0.013521835999999999,8550,8518.0,8506.5,8527.0,0.0,2.6625528511027308,2.296880356530682,32952244.0,0.0,inf,inf,0.21658406,0.234332758,6.512061063839219,4.919695632030161
G-set,G64,512,200,csr-row,50,7000,41459.0,82918.0,8751.0,0.58,,87.07808025,0.01741561605,0.032285504,0.017747490050000002,0.013983422499999999,8550,8518.0,8506.5,8527.0,0.0,2.6625528511027308,2.296880356530682,36536244.0,0.0,inf,inf,0.21658406,0.234332758,12.436198603494132,7.258141548603361
G-set,G64,512,200,gemm-fp16,50,7000,41459.0,0.0,8751.0,0.58,,76.20384225000001,0.01524076845,0.36673595400000003,0.0228994263,0.275846237,8547,8512.5,8504.0,8519.0,0.0,2.725402811107302,2.3311621528968116,138035104.0,0.0,inf,inf,0.21658406,0.234332758,14.210835937212863,0.638968597008626
G-set,G64,512,200,gemm-fp32,50,7000,41459.0,0.0,8751.0,0.58,,1196.558075,0.239311615,0.560012336,0.2479294305,0.245005988,8542,8513.5,8508.25,8521.75,0.0,2.7139755456519254,2.3882984801736944,257539104.0,0.0,inf,inf,0.21658406,0.234332758,0.9050294529164411,0.4184421358889494
G-set,G64,512,200,gemm-int8,50,7000,41459.0,0.0,8751.0,0.58,,71.1901615,0.0142380323,0.6442553085,0.016903595,0.548581884,8542,8513.5,8508.25,8521.75,0.0,2.7139755456519254,2.3882984801736944,161139200.0,0.0,inf,inf,0.21658406,0.234332758,15.211656739955563,0.36372654584032815
G-set,G64,512,200,gemm-tf32,50,7000,41459.0,0.0,8751.0,0.58,,157.65168175000002,0.03153033635,0.3551402385,0.040148214249999994,0.24728798149999998,8542,8513.5,8508.25,8521.75,0.0,2.7139755456519254,2.3882984801736944,257539104.0,0.0,inf,inf,0.21658406,0.234332758,6.869069127453186,0.6598316174752471
G-set,G64,512,200,public-matched,50,7000,41459.0,82918.0,8751.0,0.58,,1082.9203,0.21658406,0.234332758,0.21659282800000002,0.016607669499999998,8559,8515.5,8508.0,8526.75,0.0,2.6911210147411726,2.1940349674322936,,0.0,inf,inf,0.21658406,0.234332758,1.0,1.0
G-set,G64,512,400,auto,50,7000,41459.0,82918.0,8751.0,0.58,csr-row,86.88055987499999,0.034752223949999994,0.049639021500000005,0.035089153449999994,0.0139553745,8610,8575.5,8571.0,8582.75,0.0,2.005485087418581,1.6112444292080905,36537044.0,0.0,inf,inf,0.4319051385,0.4493808755,12.428129466517209,9.05297610469618
G-set,G64,512,400,csr-block,50,7000,41459.0,82918.0,8751.0,0.58,,164.8759175,0.06595036700000001,0.080358454,0.06627969895,0.013561164,8610,8575.5,8571.0,8582.75,0.0,2.005485087418581,1.6112444292080905,32953044.0,0.0,inf,inf,0.4319051385,0.4493808755,6.5489421537259975,5.592204094668123
G-set,G64,512,400,csr-row,50,7000,41459.0,82918.0,8751.0,0.58,,86.342163125,0.03453686525,0.0494166365,0.034868226249999995,0.013975950000000001,8610,8575.5,8571.0,8582.75,0.0,2.005485087418581,1.6112444292080905,36537044.0,0.0,inf,inf,0.4319051385,0.4493808755,12.505626534822815,9.093716354005599
G-set,G64,512,400,gemm-fp16,50,7000,41459.0,0.0,8751.0,0.58,,76.22663975,0.0304906559,0.383655914,0.038150515649999994,0.27580823899999996,8619,8574.5,8569.0,8583.75,0.0,2.016912352873957,1.5083990401097016,138035904.0,0.0,inf,inf,0.4319051385,0.4493808755,14.165163908461542,1.1713122595055319
G-set,G64,512,400,gemm-fp32,50,7000,41459.0,0.0,8751.0,0.58,,1196.2858575,0.47851434299999995,0.8032771475,0.487156764,0.2465796905,8622,8577.5,8569.0,8589.0,0.0,1.9826305565078277,1.4741172437435721,257539904.0,0.0,inf,inf,0.4319051385,0.4493808755,0.9025960137207424,0.5594344080353661
G-set,G64,512,400,gemm-int8,50,7000,41459.0,0.0,8751.0,0.58,,70.958681125,0.028383472450000002,0.6605326245,0.031041562699999997,0.5466052195,8622,8577.5,8569.0,8589.0,0.0,1.9826305565078277,1.4741172437435721,161140000.0,0.0,inf,inf,0.4319051385,0.4493808755,15.216782909872608,0.680331082571683
G-set,G64,512,400,gemm-tf32,50,7000,41459.0,0.0,8751.0,0.58,,156.927318625,0.06277092745,0.3921557475,0.07140021395,0.24905243700000002,8622,8577.5,8569.0,8589.0,0.0,1.9826305565078277,1.4741172437435721,257539904.0,0.0,inf,inf,0.4319051385,0.4493808755,6.880655680036475,1.145924491391013
G-set,G64,512,400,public-matched,50,7000,41459.0,82918.0,8751.0,0.58,,1079.7628462500002,0.4319051385,0.4493808755,0.43191430649999996,0.0165295415,8622,8583.0,8573.0,8591.0,0.0,1.9197805965032568,1.4741172437435721,,0.0,inf,inf,0.4319051385,0.4493808755,1.0,1.0
G-set,G64,512,800,auto,50,7000,41459.0,82918.0,8751.0,0.58,csr-row,84.72177981249999,0.06777742384999999,0.0826508685,0.0681233112,0.01400885,8644,8623.0,8612.25,8629.0,0.0,1.4626899782881957,1.2227174037252886,36538644.0,0.0,inf,inf,0.8625336795,0.8805499315,12.725973200293009,10.653849711210235
G-set,G64,512,800,csr-block,50,7000,41459.0,82918.0,8751.0,0.58,,164.73042500000003,0.13178434,0.1461714065,0.13212414449999998,0.01356256,8644,8623.0,8612.25,8629.0,0.0,1.4626899782881957,1.2227174037252886,32954644.0,0.0,inf,inf,0.8625336795,0.8805499315,6.5450392626316605,6.024091527777699
G-set,G64,512,800,csr-row,50,7000,41459.0,82918.0,8751.0,0.58,,85.306501375,0.0682452011,0.083065398,0.0685850271,0.0139771855,8644,8623.0,8612.25,8629.0,0.0,1.4626899782881957,1.2227174037252886,36538644.0,0.0,inf,inf,0.8625336795,0.8805499315,12.638744784942835,10.600682747586427
G-set,G64,512,800,gemm-fp16,50,7000,41459.0,0.0,8751.0,0.58,,75.3494000625,0.06027952005,0.418301133,0.0679365309,0.276484707,8659,8620.0,8612.5,8628.5,0.0,1.4969717746543254,1.0513084218946407,138037504.0,0.0,inf,inf,0.8625336795,0.8805499315,14.308900913354236,2.105062267426371
G-set,G64,512,800,gemm-fp32,50,7000,41459.0,0.0,8751.0,0.58,,1196.487731875,0.9571901855,1.29070112,0.9658254660000001,0.24924085099999999,8645,8618.5,8610.0,8629.75,0.0,1.51411267283739,1.211290138269912,257541504.0,0.0,inf,inf,0.8625336795,0.8805499315,0.9011100328504152,0.6822260536196018
G-set,G64,512,800,gemm-int8,50,7000,41459.0,0.0,8751.0,0.58,,70.62439918749999,0.05649951935,0.7089845880000001,0.05916332285,0.5581219879999999,8645,8618.5,8610.0,8629.75,0.0,1.51411267283739,1.211290138269912,161141600.0,0.0,inf,inf,0.8625336795,0.8805499315,15.266212693896131,1.2419874090408294
G-set,G64,512,800,gemm-tf32,50,7000,41459.0,0.0,8751.0,0.58,,157.0586825,0.12564694599999998,0.459371662,0.1342782455,0.247118057,8645,8618.5,8610.0,8629.75,0.0,1.51411267283739,1.211290138269912,257541504.0,0.0,inf,inf,0.8625336795,0.8805499315,6.864740504715492,1.9168573169408958
G-set,G64,512,800,public-matched,50,7000,41459.0,82918.0,8751.0,0.58,,1078.167099375,0.8625336795,0.8805499315,0.8625423034999999,0.016995095,8671,8629.0,8621.25,8634.75,0.0,1.3941263855559365,0.9141812364301222,,0.0,inf,inf,0.8625336795,0.8805499315,1.0,1.0
G-set,G64,512,1600,auto,50,7000,41459.0,82918.0,8751.0,0.58,csr-row,85.35273531249999,0.1365643765,0.151452487,0.136910589,0.014008098,8685,8652.5,8644.25,8657.5,0.0,1.125585647354588,0.7541995200548508,36541844.0,0.0,inf,inf,1.727165575,1.74549178,12.647262919257717,11.525012329444284
G-set,G64,512,1600,csr-block,50,7000,41459.0,82918.0,8751.0,0.58,,174.36442375,0.278983078,0.293429603,0.2793234,0.013591200000000001,8685,8652.5,8644.25,8657.5,0.0,1.125585647354588,0.7541995200548508,32957844.0,0.0,inf,inf,1.727165575,1.74549178,6.190933111003958,5.94858787986705
G-set,G64,512,1600,csr-row,50,7000,41459.0,82918.0,8751.0,0.58,,85.11041625,0.136176666,0.1510179415,0.1365150355,0.013988386,8685,8652.5,8644.25,8657.5,0.0,1.125585647354588,0.7541995200548508,36541844.0,0.0,inf,inf,1.727165575,1.74549178,12.68327111929734,11.558174894073762
G-set,G64,512,1600,gemm-fp16,50,7000,41459.0,0.0,8751.0,0.58,,75.4322696875,0.12069163150000001,0.4903128535,0.1283586585,0.277965419,8677,8652.0,8645.0,8657.75,0.0,1.1312992800822763,0.8456176436978632,138040704.0,0.0,inf,inf,1.727165575,1.74549178,14.310566138962168,3.5599551746199536
G-set,G64,512,1600,gemm-fp32,50,7000,41459.0,0.0,8751.0,0.58,,1196.3053125000001,1.9140885,2.2526418049999997,1.922712325,0.24752815350000001,8680,8651.0,8646.0,8657.0,0.0,1.142726545537653,0.8113358473317335,257544704.0,0.0,inf,inf,1.727165575,1.74549178,0.9023436351036015,0.7748643286854033
G-set,G64,512,1600,gemm-int8,50,7000,41459.0,0.0,8751.0,0.58,,70.5258703125,0.1128413925,0.780353015,0.115496235,0.560734847,8680,8651.0,8646.0,8657.0,0.0,1.142726545537653,0.8113358473317335,161144800.0,0.0,inf,inf,1.727165575,1.74549178,15.30613489194579,2.236797637028416
G-set,G64,512,1600,gemm-tf32,50,7000,41459.0,0.0,8751.0,0.58,,157.2372915625,0.25157966649999997,0.5980552025000001,0.2602028115,0.24703176999999998,8680,8651.0,8646.0,8657.0,0.0,1.142726545537653,0.8113358473317335,257544704.0,0.0,inf,inf,1.727165575,1.74549178,6.865282870545502,2.91861315260442
G-set,G64,512,1600,public-matched,50,7000,41459.0,82918.0,8751.0,0.58,,1079.4784843749999,1.727165575,1.74549178,1.727174265,0.0174746655,8687,8659.0,8653.0,8665.0,0.0,1.0513084218946407,0.7313449891440978,,0.0,inf,inf,1.727165575,1.74549178,1.0,1.0
G-set,G64,512,3200,auto,50,7000,41459.0,82918.0,8751.0,0.58,csr-row,85.59404375,0.27390094,0.2895627605,0.274231629,0.0140442015,8699,8675.0,8671.0,8680.75,0.0,0.8684721746086161,0.5942178036795795,36548244.0,0.0,inf,inf,3.45028897,3.46860343,12.596849685875485,11.978762130912893
G-set,G64,512,3200,csr-block,50,7000,41459.0,82918.0,8751.0,0.58,,166.67170515624997,0.5333494565,0.5482034255,0.5336977345,0.013584248,8699,8675.0,8671.0,8680.75,0.0,0.8684721746086161,0.5942178036795795,32964244.0,0.0,inf,inf,3.45028897,3.46860343,6.469096251905527,6.327219547809994
G-set,G64,512,3200,csr-row,50,7000,41459.0,82918.0,8751.0,0.58,,85.5461978125,0.273747833,0.2893796395,0.274083338,0.013990858,8699,8675.0,8671.0,8680.75,0.0,0.8684721746086161,0.5942178036795795,36548244.0,0.0,inf,inf,3.45028897,3.46860343,12.603895096404289,11.986342356335681
G-set,G64,512,3200,gemm-fp16,50,7000,41459.0,0.0,8751.0,0.58,,75.46594859375,0.2414910355,0.6268211585000001,0.24915698949999998,0.2768037425,8695,8674.0,8669.25,8679.5,0.0,0.8798994400639927,0.6399268655010856,138047104.0,0.0,inf,inf,3.45028897,3.46860343,14.287441199861847,5.533641267471668
G-set,G64,512,3200,gemm-fp32,50,7000,41459.0,0.0,8751.0,0.58,,1196.1046984375,3.8275350350000004,4.189505414999999,3.8361571899999998,0.248964564,8701,8673.0,8669.0,8678.75,0.0,0.8913267055193692,0.5713632727688265,257551104.0,0.0,inf,inf,3.45028897,3.46860343,0.901438899565814,0.8279267088618861
G-set,G64,512,3200,gemm-int8,50,7000,41459.0,0.0,8751.0,0.58,,70.5654859375,0.225809555,0.9090459854999999,0.2284906485,0.5490278395,8701,8673.0,8669.0,8678.75,0.0,0.8913267055193692,0.5713632727688265,161151200.0,0.0,inf,inf,3.45028897,3.46860343,15.279641156017512,3.8156523270846128
G-set,G64,512,3200,gemm-tf32,50,7000,41459.0,0.0,8751.0,0.58,,157.07928171875,0.5026537015,0.875312665,0.511285746,0.247020907,8701,8673.0,8669.0,8678.75,0.0,0.8913267055193692,0.5713632727688265,257551104.0,0.0,inf,inf,3.45028897,3.46860343,6.8641471448509765,3.962702207673414
G-set,G64,512,3200,public-matched,50,7000,41459.0,82918.0,8751.0,0.58,,1078.215303125,3.45028897,3.46860343,3.45029698,0.017472647,8704,8683.0,8677.25,8690.0,0.0,0.7770540509656039,0.5370814764026968,,0.0,inf,inf,3.45028897,3.46860343,1.0,1.0
G-set,G66,512,200,auto,50,9000,18000.0,36000.0,6364.0,1.16,csr-block,28.124480249999998,0.00562489605,0.0235784865,0.00600278592,0.0172460385,6238,6222.0,6222.0,6224.0,0.0,2.231301068510371,1.9798868636077938,41800900.0,0.0,inf,inf,0.363133102,0.392022695,64.55818894644284,16.626287484567765
G-set,G66,512,200,csr-block,50,9000,18000.0,36000.0,6364.0,1.16,,28.148640375,0.005629728075,0.023574725999999997,0.006006657990000001,0.017236806,6238,6222.0,6222.0,6224.0,0.0,2.231301068510371,1.9798868636077938,41800900.0,0.0,inf,inf,0.363133102,0.392022695,64.50277831580702,16.62893961100545
G-set,G66,512,200,csr-row,50,9000,18000.0,36000.0,6364.0,1.16,,50.3782415,0.0100756483,0.028707471999999998,0.01045517025,0.017852873499999998,6238,6222.0,6222.0,6224.0,0.0,2.231301068510371,1.9798868636077938,46408900.0,0.0,inf,inf,0.363133102,0.392022695,36.04066866843694,13.655772093063437
G-set,G66,512,200,gemm-fp16,50,9000,18000.0,0.0,6364.0,1.16,,117.127843,0.023425568600000002,0.6358172145000001,0.03594222455,0.494914961,6238,6220.0,6218.0,6222.0,0.0,2.262727844123193,1.9798868636077938,212275104.0,0.0,inf,inf,0.363133102,0.392022695,15.501570450674139,0.6165650851531009
G-set,G66,512,200,gemm-fp32,50,9000,18000.0,0.0,6364.0,1.16,,1934.585725,0.38691714499999996,1.0017912,0.40113804,0.4951856825,6238,6222.0,6220.0,6225.5,0.0,2.231301068510371,1.9798868636077938,401923104.0,0.0,inf,inf,0.363133102,0.392022695,0.9385293639546524,0.39132175946444725
G-set,G66,512,200,gemm-int8,50,9000,18000.0,0.0,6364.0,1.16,,100.05680075,0.020011360149999997,1.1971422600000001,0.0243767061,1.05326575,6238,6222.0,6220.0,6225.5,0.0,2.231301068510371,1.9798868636077938,246667392.0,0.0,inf,inf,0.363133102,0.392022695,18.14634783833022,0.3274654216951626
G-set,G66,512,200,gemm-tf32,50,9000,18000.0,0.0,6364.0,1.16,,348.0854415,0.06961708829999999,0.7002299590000001,0.0838330293,0.504418354,6238,6222.0,6220.0,6225.5,0.0,2.231301068510371,1.9798868636077938,401923104.0,0.0,inf,inf,0.363133102,0.392022695,5.2161489494526885,0.5598485039969562
G-set,G66,512,200,public-matched,50,9000,18000.0,36000.0,6364.0,1.16,,1815.6655099999998,0.363133102,0.392022695,0.36314075,0.028363846499999998,6202,6176.0,6174.0,6180.0,0.0,2.95411690760528,2.545568824638592,,0.0,inf,inf,0.363133102,0.392022695,1.0,1.0
G-set,G66,512,400,auto,50,9000,18000.0,36000.0,6364.0,1.16,csr-block,27.774440124999998,0.011109776049999999,0.029315785,0.0114873463,0.017490554999999998,6260,6250.0,6248.0,6254.0,0.0,1.7913262099308613,1.6341923318667504,41801700.0,0.0,inf,inf,0.7241886275,0.753099564,65.18480878829237,25.68921705490745
G-set,G66,512,400,csr-block,50,9000,18000.0,36000.0,6364.0,1.16,,27.807639875,0.01112305595,0.029309112999999998,0.01149921795,0.017477002999999998,6260,6250.0,6248.0,6254.0,0.0,1.7913262099308613,1.6341923318667504,41801700.0,0.0,inf,inf,0.7241886275,0.753099564,65.10698415573465,25.695065012714647
G-set,G66,512,400,csr-row,50,9000,18000.0,36000.0,6364.0,1.16,,50.190360625,0.020076144249999997,0.038882586,0.02045358625,0.0180267015,6260,6250.0,6248.0,6254.0,0.0,1.7913262099308613,1.6341923318667504,46409700.0,0.0,inf,inf,0.7241886275,0.753099564,36.07209723550378,19.36855650496086
G-set,G66,512,400,gemm-fp16,50,9000,18000.0,0.0,6364.0,1.16,,116.908083,0.0467632332,0.6608268035,0.0592866372,0.495406326,6260,6250.0,6248.0,6252.0,0.0,1.7913262099308613,1.6341923318667504,212275904.0,0.0,inf,inf,0.7241886275,0.753099564,15.48628223379559,1.1396322909592755
G-set,G66,512,400,gemm-fp32,50,9000,18000.0,0.0,6364.0,1.16,,1935.1321412500001,0.7740528565,1.388459485,0.7882850845,0.4942514445,6260,6248.0,6246.0,6254.0,0.0,1.8227529855436833,1.6341923318667504,401923904.0,0.0,inf,inf,0.7241886275,0.753099564,0.9355803307470902,0.5423993801302743
G-set,G66,512,400,gemm-int8,50,9000,18000.0,0.0,6364.0,1.16,,99.37523837500001,0.03975009535,1.21595283,0.0441006895,1.049615525,6260,6248.0,6246.0,6254.0,0.0,1.8227529855436833,1.6341923318667504,246668192.0,0.0,inf,inf,0.7241886275,0.753099564,18.21853812232428,0.6193493245950996
G-set,G66,512,400,gemm-tf32,50,9000,18000.0,0.0,6364.0,1.16,,348.7763975,0.13951055899999998,0.7547197985,0.15375662750000002,0.491601496,6260,6248.0,6246.0,6254.0,0.0,1.8227529855436833,1.6341923318667504,401923904.0,0.0,inf,inf,0.7241886275,0.753099564,5.190923416054838,0.9978531973015412
G-set,G66,512,400,public-matched,50,9000,18000.0,36000.0,6364.0,1.16,,1810.47156875,0.7241886275,0.753099564,0.7241987075,0.028581719499999998,6222,6210.0,6208.0,6214.0,0.0,2.4198617221873038,2.231301068510371,,0.0,inf,inf,0.7241886275,0.753099564,1.0,1.0
G-set,G66,512,800,auto,50,9000,18000.0,36000.0,6364.0,1.16,csr-block,27.635780562500003,0.022108624450000003,0.0405292065,0.0224880177,0.0175793335,6284,6270.0,6268.0,6272.0,0.0,1.47705845380264,1.257071024512885,41803300.0,0.0,inf,inf,1.44821564,1.4779934799999999,65.50455652612978,36.46736779808408
G-set,G66,512,800,csr-block,50,9000,18000.0,36000.0,6364.0,1.16,,27.6336395625,0.022106911649999998,0.040478102,0.02248708915,0.017594182,6284,6270.0,6268.0,6272.0,0.0,1.47705845380264,1.257071024512885,41803300.0,0.0,inf,inf,1.44821564,1.4779934799999999,65.50963169023204,36.51340865735256
G-set,G66,512,800,csr-row,50,9000,18000.0,36000.0,6364.0,1.16,,50.4847216875,0.04038777735,0.0595368675,0.04076952335,0.018175449,6284,6270.0,6268.0,6272.0,0.0,1.47705845380264,1.257071024512885,46411300.0,0.0,inf,inf,1.44821564,1.4779934799999999,35.85777022215856,24.824844538554196
G-set,G66,512,800,gemm-fp16,50,9000,18000.0,0.0,6364.0,1.16,,116.64579868750002,0.09331663895,0.7162100425,0.105848634,0.497079792,6276,6268.0,6266.0,6270.0,0.0,1.508485229415462,1.3827781269641735,212277504.0,0.0,inf,inf,1.44821564,1.4779934799999999,15.519372067997097,2.063631326420559
G-set,G66,512,800,gemm-fp32,50,9000,18000.0,0.0,6364.0,1.16,,1934.93400625,1.547947205,2.169842905,1.562182975,0.492176,6280,6269.0,6268.0,6272.0,0.0,1.492771841609051,1.3199245757385292,401925504.0,0.0,inf,inf,1.44821564,1.4779934799999999,0.935571727073211,0.6811522975208198
G-set,G66,512,800,gemm-int8,50,9000,18000.0,0.0,6364.0,1.16,,98.39303968749999,0.07871443175000001,1.30239266,0.08307969555,1.0896095950000002,6280,6269.0,6268.0,6272.0,0.0,1.492771841609051,1.3199245757385292,246669792.0,0.0,inf,inf,1.44821564,1.4779934799999999,18.39834967747194,1.1348293992995937
G-set,G66,512,800,gemm-tf32,50,9000,18000.0,0.0,6364.0,1.16,,346.05546937500003,0.2768443755,0.9007642629999999,0.291079021,0.4909314575,6280,6269.0,6268.0,6272.0,0.0,1.492771841609051,1.3199245757385292,401925504.0,0.0,inf,inf,1.44821564,1.4779934799999999,5.231154280755831,1.6408216230487822
G-set,G66,512,800,public-matched,50,9000,18000.0,36000.0,6364.0,1.16,,1810.26955,1.44821564,1.4779934799999999,1.4482233,0.0294990195,6244,6230.0,6228.0,6234.0,0.0,2.1055939660590823,1.8856065367693273,,0.0,inf,inf,1.44821564,1.4779934799999999,1.0,1.0
G-set,G66,512,1600,auto,50,9000,18000.0,36000.0,6364.0,1.16,csr-block,27.485389687500003,0.0439766235,0.061984989000000004,0.044356161049999995,0.017243828,6310,6286.0,6284.0,6288.0,0.0,1.225644248900063,0.8485229415461975,41806500.0,0.0,inf,inf,2.89981092,2.929010665,65.93982641709636,47.253548193740905
G-set,G66,512,1600,csr-block,50,9000,18000.0,36000.0,6364.0,1.16,,27.47367978125,0.04395788765,0.0620079175,0.04433764965,0.017273235999999997,6310,6286.0,6284.0,6288.0,0.0,1.225644248900063,0.8485229415461975,41806500.0,0.0,inf,inf,2.89981092,2.929010665,65.96793146860868,47.23607537698714
G-set,G66,512,1600,csr-row,50,9000,18000.0,36000.0,6364.0,1.16,,50.37492990625,0.08059988785,0.09924037,0.08098257785,0.017826023,6310,6286.0,6284.0,6288.0,0.0,1.225644248900063,0.8485229415461975,46414500.0,0.0,inf,inf,2.89981092,2.929010665,35.977853038662765,29.514306173989475
G-set,G66,512,1600,gemm-fp16,50,9000,18000.0,0.0,6364.0,1.16,,116.5229703125,0.1864367525,0.8239165655,0.198971712,0.4961282425,6296,6286.0,6284.0,6288.0,0.0,1.225644248900063,1.0685103708359522,212280704.0,0.0,inf,inf,2.89981092,2.929010665,15.553858781143488,3.5549845550471577
G-set,G66,512,1600,gemm-fp32,50,9000,18000.0,0.0,6364.0,1.16,,1934.8519124999998,3.09576306,3.726162635,3.1099895699999998,0.4903679835,6300,6286.0,6284.0,6288.0,0.0,1.225644248900063,1.005656819610308,401928704.0,0.0,inf,inf,2.89981092,2.929010665,0.9367031209423373,0.7860662434558495
G-set,G66,512,1600,gemm-int8,50,9000,18000.0,0.0,6364.0,1.16,,97.983918125,0.15677426900000002,1.368403795,0.1611477785,1.07296985,6300,6286.0,6284.0,6288.0,0.0,1.225644248900063,1.005656819610308,246672992.0,0.0,inf,inf,2.89981092,2.929010665,18.496727418961843,2.1404578646319816
G-set,G66,512,1600,gemm-tf32,50,9000,18000.0,0.0,6364.0,1.16,,348.578453125,0.5577255249999999,1.203453035,0.57195489,0.499180362,6300,6286.0,6284.0,6288.0,0.0,1.225644248900063,1.005656819610308,401928704.0,0.0,inf,inf,2.89981092,2.929010665,5.199351275880731,2.4338387787604856
G-set,G66,512,1600,public-matched,50,9000,18000.0,36000.0,6364.0,1.16,,1812.381825,2.89981092,2.929010665,2.89982011,0.028745647,6254,6244.0,6242.0,6248.0,0.0,1.8856065367693273,1.7284726587052168,,0.0,inf,inf,2.89981092,2.929010665,1.0,1.0
G-set,G66,512,3200,auto,50,9000,18000.0,36000.0,6364.0,1.16,csr-block,27.401180265624998,0.08768377685,0.105684546,0.08806768370000001,0.017238051999999997,6306,6296.0,6296.0,6299.5,0.0,1.0685103708359522,0.9113764927718416,41812900.0,0.0,inf,inf,5.786153369999999,5.815585835,65.98887020911894,55.02777894319573
G-set,G66,512,3200,csr-block,50,9000,18000.0,36000.0,6364.0,1.16,,27.477645875,0.0879284668,0.10587414649999999,0.0883095881,0.017183459999999998,6306,6296.0,6296.0,6299.5,0.0,1.0685103708359522,0.9113764927718416,41812900.0,0.0,inf,inf,5.786153369999999,5.815585835,65.80523442039592,54.92923463614416
G-set,G66,512,3200,csr-row,50,9000,18000.0,36000.0,6364.0,1.16,,50.160005,0.16051201599999998,0.179178855,0.160892796,0.0178047905,6306,6296.0,6296.0,6299.5,0.0,1.0685103708359522,0.9113764927718416,46420900.0,0.0,inf,inf,5.786153369999999,5.815585835,36.04810103437988,32.45687575690781
G-set,G66,512,3200,gemm-fp16,50,9000,18000.0,0.0,6364.0,1.16,,116.02282046875,0.37127302549999996,1.010711825,0.38379575850000003,0.490717983,6304,6298.0,6296.0,6300.0,0.0,1.03708359522313,0.9428032683846637,212287104.0,0.0,inf,inf,5.786153369999999,5.815585835,15.584631720033212,5.7539505239290145
G-set,G66,512,3200,gemm-fp32,50,9000,18000.0,0.0,6364.0,1.16,,1935.0387578124999,6.192124025,6.838783084999999,6.206343085,0.48722997,6306,6298.0,6296.0,6299.5,0.0,1.03708359522313,0.9113764927718416,401935104.0,0.0,inf,inf,5.786153369999999,5.815585835,0.934437576934677,0.8503831402045413
G-set,G66,512,3200,gemm-int8,50,9000,18000.0,0.0,6364.0,1.16,,98.20373531250002,0.314251953,1.518603085,0.31862832399999996,1.038899615,6306,6298.0,6296.0,6299.5,0.0,1.03708359522313,0.9113764927718416,246679392.0,0.0,inf,inf,5.786153369999999,5.815585835,18.412465904388508,3.829562768865309
G-set,G66,512,3200,gemm-tf32,50,9000,18000.0,0.0,6364.0,1.16,,346.48845781250003,1.108763065,1.7709556050000002,1.122994555,0.489226492,6306,6298.0,6296.0,6299.5,0.0,1.03708359522313,0.9113764927718416,401935104.0,0.0,inf,inf,5.786153369999999,5.815585835,5.218566123502679,3.2838687873262637
G-set,G66,512,3200,public-matched,50,9000,18000.0,36000.0,6364.0,1.16,,1808.172928125,5.786153369999999,5.815585835,5.786163275,0.028950191,6266,6252.0,6250.0,6256.0,0.0,1.759899434318039,1.5399120050282842,,0.0,inf,inf,5.786153369999999,5.815585835,1.0,1.0
G-set,G70,512,200,auto,50,10000,9999.0,19998.0,9591.0,0.98,csr-row,51.87687875,0.01037537575,0.03063104,0.01079021025,0.0195409545,9373,9363.0,9360.0,9366.0,0.0,2.37722865186112,2.2729642373058074,51404884.0,0.0,inf,inf,0.456067487,0.4911131895,43.95672002529643,16.033186907790267
G-set,G70,512,200,csr-block,50,10000,9999.0,19998.0,9591.0,0.98,,31.645839224999996,0.006329167845,0.025915443,0.006741026495,0.0189076865,9373,9363.0,9360.0,9366.0,0.0,2.37722865186112,2.2729642373058074,46284884.0,0.0,inf,inf,0.456067487,0.4911131895,72.05804904673057,18.950599821889984
G-set,G70,512,200,csr-row,50,10000,9999.0,19998.0,9591.0,0.98,,51.9402385,0.0103880477,0.030668561,0.01080109085,0.019552891,9373,9363.0,9360.0,9366.0,0.0,2.37722865186112,2.2729642373058074,51404884.0,0.0,inf,inf,0.456067487,0.4911131895,43.90309903948554,16.013571341022487
G-set,G70,512,200,gemm-fp16,50,10000,9999.0,0.0,9591.0,0.98,,139.38791750000001,0.0278775835,0.794122939,0.04313014355,0.629841203,9383,9361.5,9359.0,9365.0,0.0,2.3928683140444167,2.168699822750495,255395104.0,0.0,inf,inf,0.456067487,0.4911131895,16.359649214215427,0.6184347100191246
G-set,G70,512,200,gemm-fp32,50,10000,9999.0,0.0,9591.0,0.98,,2176.26854,0.43525370799999996,1.2205431500000001,0.4526511135,0.6465128760000001,9390,9363.0,9360.0,9367.0,0.0,2.37722865186112,2.0957147325617766,486115104.0,0.0,inf,inf,0.456067487,0.4911131895,1.0478198775046392,0.40237265638662584
G-set,G70,512,200,gemm-int8,50,10000,9999.0,0.0,9591.0,0.98,,139.08456325000003,0.02781691265,1.524138915,0.033433074199999996,1.3702230499999999,9390,9363.0,9360.0,9367.0,0.0,2.37722865186112,2.0957147325617766,195835104.0,0.0,inf,inf,0.456067487,0.4911131895,16.395330881552738,0.32222337784741883
G-set,G70,512,200,gemm-tf32,50,10000,9999.0,0.0,9591.0,0.98,,409.0948105,0.0818189621,0.846666661,0.0992178231,0.625164246,9390,9363.0,9360.0,9367.0,0.0,2.37722865186112,2.0957147325617766,486115104.0,0.0,inf,inf,0.456067487,0.4911131895,5.574105015443602,0.580054952110604
G-set,G70,512,200,public-matched,50,10000,9999.0,19998.0,9591.0,0.98,,2280.3374350000004,0.456067487,0.4911131895,0.45607815900000004,0.034715824,9316,9302.0,9299.0,9307.0,0.0,3.0132415806485247,2.8672714002710875,,0.0,inf,inf,0.456067487,0.4911131895,1.0,1.0
G-set,G70,512,400,auto,50,10000,9999.0,19998.0,9591.0,0.98,csr-row,51.880838874999995,0.02075233555,0.041109188500000005,0.02116640185,0.019630606000000002,9433,9403.0,9399.25,9406.0,0.0,1.9601709936398708,1.647377749973934,51405684.0,0.0,inf,inf,0.9108320729999999,0.9464483435,43.89058141458203,23.022793152435977
G-set,G70,512,400,csr-block,50,10000,9999.0,19998.0,9591.0,0.98,,31.20136025,0.012480544100000001,0.032165400999999996,0.0128938417,0.01901433,9433,9403.0,9399.25,9406.0,0.0,1.9601709936398708,1.647377749973934,46285684.0,0.0,inf,inf,0.9108320729999999,0.9464483435,72.98015741156668,29.424422331933624
G-set,G70,512,400,csr-row,50,10000,9999.0,19998.0,9591.0,0.98,,51.91619875,0.020766479499999997,0.041008644,0.021179505199999997,0.019529869,9433,9403.0,9399.25,9406.0,0.0,1.9601709936398708,1.647377749973934,51405684.0,0.0,inf,inf,0.9108320729999999,0.9464483435,43.86068774921623,23.079240159708768
G-set,G70,512,400,gemm-fp16,50,10000,9999.0,0.0,9591.0,0.98,,139.229679125,0.05569187165,0.8300316139999999,0.07094645875,0.632717352,9415,9403.0,9399.25,9406.0,0.0,1.9601709936398708,1.835053696173496,255395904.0,0.0,inf,inf,0.9108320729999999,0.9464483435,16.35484759291619,1.1402557776552353
G-set,G70,512,400,gemm-fp32,50,10000,9999.0,0.0,9591.0,0.98,,2176.3147737500003,0.8705259095,1.6344581100000002,0.8879207105,0.624560592,9427,9401.0,9399.0,9404.75,0.0,1.9810238765509331,1.7099363987071212,486115904.0,0.0,inf,inf,0.9108320729999999,0.9464483435,1.0463009349407537,0.5790594067289982
G-set,G70,512,400,gemm-int8,50,10000,9999.0,0.0,9591.0,0.98,,138.64336012500002,0.055457344049999996,1.558257175,0.0610827956,1.372667405,9427,9401.0,9399.0,9404.75,0.0,1.9810238765509331,1.7099363987071212,195835904.0,0.0,inf,inf,0.9108320729999999,0.9464483435,16.424011798668168,0.6073762140706972
G-set,G70,512,400,gemm-tf32,50,10000,9999.0,0.0,9591.0,0.98,,405.87760875000004,0.16235104350000001,0.9274921385,0.179753796,0.6229308975,9427,9401.0,9399.0,9404.75,0.0,1.9810238765509331,1.7099363987071212,486115904.0,0.0,inf,inf,0.9108320729999999,0.9464483435,5.610263127135366,1.0204381301071264
G-set,G70,512,400,public-matched,50,10000,9999.0,19998.0,9591.0,0.98,,2277.0801825,0.9108320729999999,0.9464483435,0.9108416575,0.0352682525,9355,9341.5,9338.0,9344.0,0.0,2.601397143155041,2.4606401835053697,,0.0,inf,inf,0.9108320729999999,0.9464483435,1.0,1.0
G-set,G70,512,800,auto,50,10000,9999.0,19998.0,9591.0,0.98,csr-row,51.710460187500004,0.04136836815,0.0615905415,0.04178683415,0.0195051355,9438,9428.0,9426.0,9431.75,0.0,1.69950995725159,1.595245542696278,51407284.0,0.0,inf,inf,1.819055845,1.854964515,43.97214408855042,30.117684790934987
G-set,G70,512,800,csr-block,50,10000,9999.0,19998.0,9591.0,0.98,,31.002699125,0.0248021593,0.0444208575,0.025217489699999998,0.018926813,9438,9428.0,9426.0,9431.75,0.0,1.69950995725159,1.595245542696278,46287284.0,0.0,inf,inf,1.819055845,1.854964515,73.34264017084996,41.75886327723413
G-set,G70,512,800,csr-row,50,10000,9999.0,19998.0,9591.0,0.98,,51.878201937499995,0.04150256155,0.0617673425,0.041921186900000004,0.019479871500000003,9438,9428.0,9426.0,9431.75,0.0,1.69950995725159,1.595245542696278,51407284.0,0.0,inf,inf,1.819055845,1.854964515,43.82996559883423,30.03147682774275
G-set,G70,512,800,gemm-fp16,50,10000,9999.0,0.0,9591.0,0.98,,138.139043125,0.1105112345,0.9108812415,0.1257647945,0.659182794,9439,9429.0,9426.0,9432.0,0.0,1.6890835157960589,1.5848191012407464,255397504.0,0.0,inf,inf,1.819055845,1.854964515,16.460370325516543,2.0364504509340033
G-set,G70,512,800,gemm-fp32,50,10000,9999.0,0.0,9591.0,0.98,,2176.3660437500002,1.741092835,2.504759665,1.758496975,0.6198589050000001,9449,9430.0,9427.0,9432.75,0.0,1.6786570743405276,1.4805546866854342,486117504.0,0.0,inf,inf,1.819055845,1.854964515,1.0447782039146696,0.7405758488210086
G-set,G70,512,800,gemm-int8,50,10000,9999.0,0.0,9591.0,0.98,,138.200501875,0.1105604015,1.61886368,0.11625785150000001,1.3708346800000002,9449,9430.0,9427.0,9432.75,0.0,1.6786570743405276,1.4805546866854342,195837504.0,0.0,inf,inf,1.819055845,1.854964515,16.453050281298047,1.1458435555240822
G-set,G70,512,800,gemm-tf32,50,10000,9999.0,0.0,9591.0,0.98,,405.75429875,0.324603439,1.0940674700000002,0.342006633,0.6214699850000001,9449,9430.0,9427.0,9432.75,0.0,1.6786570743405276,1.4805546866854342,486117504.0,0.0,inf,inf,1.819055845,1.854964515,5.603932757471495,1.6954754307794195
G-set,G70,512,800,public-matched,50,10000,9999.0,19998.0,9591.0,0.98,,2273.81980625,1.819055845,1.854964515,1.819066035,0.035340028499999995,9391,9376.0,9373.0,9382.0,0.0,2.241684912939214,2.0852882911062456,,0.0,inf,inf,1.819055845,1.854964515,1.0,1.0
G-set,G70,512,1600,auto,50,10000,9999.0,19998.0,9591.0,0.98,csr-row,51.82461975,0.0829193916,0.103126105,0.08333949104999999,0.0194615195,9453,9446.0,9443.0,9448.75,0.0,1.5118340110520279,1.4388489208633095,51410484.0,0.0,inf,inf,3.635779095,3.672585085,43.847151128880206,35.612564684761445
G-set,G70,512,1600,csr-block,50,10000,9999.0,19998.0,9591.0,0.98,,30.89679003125,0.04943486405,0.06897033799999999,0.0498491706,0.0188490685,9453,9446.0,9443.0,9448.75,0.0,1.5118340110520279,1.4388489208633095,46290484.0,0.0,inf,inf,3.635779095,3.672585085,73.5468614078246,53.248761590816045
G-set,G70,512,1600,csr-row,50,10000,9999.0,19998.0,9591.0,0.98,,51.79708959375,0.08287534334999999,0.103114552,0.08329011475,0.0195043995,9453,9446.0,9443.0,9448.75,0.0,1.5118340110520279,1.4388489208633095,51410484.0,0.0,inf,inf,3.635779095,3.672585085,43.870455892355594,35.616554732255445
G-set,G70,512,1600,gemm-fp16,50,10000,9999.0,0.0,9591.0,0.98,,137.95500750000002,0.220728012,1.0304845,0.2359877935,0.6597292785,9460,9448.0,9446.25,9451.0,0.0,1.4909811281409655,1.3658638306745907,255400704.0,0.0,inf,inf,3.635779095,3.672585085,16.471761160065178,3.5639401514530302
G-set,G70,512,1600,gemm-fp32,50,10000,9999.0,0.0,9591.0,0.98,,2176.4040375,3.48224646,4.270230275,3.4996503949999997,0.6279579375,9458,9445.0,9443.0,9448.0,0.0,1.5222604525075591,1.3867167135856533,486120704.0,0.0,inf,inf,3.635779095,3.672585085,1.044090111588483,0.8600438029070926
G-set,G70,512,1600,gemm-int8,50,10000,9999.0,0.0,9591.0,0.98,,137.8780603125,0.2206048965,1.70535917,0.2262623825,1.334532765,9458,9445.0,9443.0,9448.0,0.0,1.5222604525075591,1.3867167135856533,195840704.0,0.0,inf,inf,3.635779095,3.672585085,16.480953744378926,2.1535551862661286
G-set,G70,512,1600,gemm-tf32,50,10000,9999.0,0.0,9591.0,0.98,,406.08026499999994,0.649728424,1.428516735,0.66712127,0.6198838815000001,9458,9445.0,9443.0,9448.0,0.0,1.5222604525075591,1.3867167135856533,486120704.0,0.0,inf,inf,3.635779095,3.672585085,5.595844295400566,2.5709079879977743
G-set,G70,512,1600,public-matched,50,10000,9999.0,19998.0,9591.0,0.98,,2272.361934375,3.635779095,3.672585085,3.63579095,0.036405969999999996,9419,9405.0,9400.0,9408.0,0.0,1.9393181107288084,1.7933479303513709,,0.0,inf,inf,3.635779095,3.672585085,1.0,1.0
G-set,G70,512,3200,auto,50,10000,9999.0,19998.0,9591.0,0.98,csr-row,51.625890625,0.16520285,0.185418732,0.16562033850000002,0.019468758000000003,9476,9464.0,9462.0,9468.0,0.0,1.3241580648524658,1.1990407673860912,51416884.0,0.0,inf,inf,7.277819559999999,7.3140416550000005,44.053837812120065,39.44607740603037
G-set,G70,512,3200,csr-block,50,10000,9999.0,19998.0,9591.0,0.98,,30.82471490625,0.0986390877,0.118329192,0.09905443259999999,0.0189829335,9476,9464.0,9462.0,9468.0,0.0,1.3241580648524658,1.1990407673860912,46296884.0,0.0,inf,inf,7.277819559999999,7.3140416550000005,73.78230810624173,61.81096592800195
G-set,G70,512,3200,csr-row,50,10000,9999.0,19998.0,9591.0,0.98,,51.601548281250004,0.1651249545,0.18550026800000002,0.1655428595,0.0196035105,9476,9464.0,9462.0,9468.0,0.0,1.3241580648524658,1.1990407673860912,51416884.0,0.0,inf,inf,7.277819559999999,7.3140416550000005,44.074619623892154,39.42873901939591
G-set,G70,512,3200,gemm-fp16,50,10000,9999.0,0.0,9591.0,0.98,,138.44583046875002,0.44302665750000003,1.2320754900000002,0.4582873545,0.62236401,9473,9463.0,9461.0,9466.0,0.0,1.334584506307997,1.2303200917526849,255407104.0,0.0,inf,inf,7.277819559999999,7.3140416550000005,16.42749806765296,5.93635837606022
G-set,G70,512,3200,gemm-fp32,50,10000,9999.0,0.0,9591.0,0.98,,2176.7527,6.96560864,7.759930235000001,6.98301016,0.6177962109999999,9480,9463.0,9461.0,9466.75,0.0,1.334584506307997,1.1573350015639663,486127104.0,0.0,inf,inf,7.277819559999999,7.3140416550000005,1.0448217716693309,0.9425396148551843
G-set,G70,512,3200,gemm-int8,50,10000,9999.0,0.0,9591.0,0.98,,138.05066578125002,0.4417621305,1.983144655,0.447429631,1.3607041,9480,9463.0,9461.0,9466.75,0.0,1.334584506307997,1.1573350015639663,195847104.0,0.0,inf,inf,7.277819559999999,7.3140416550000005,16.474521145039613,3.6881029513200088
G-set,G70,512,3200,gemm-tf32,50,10000,9999.0,0.0,9591.0,0.98,,406.45048125000005,1.30064154,2.11625173,1.3180316200000002,0.6290721745,9480,9463.0,9461.0,9466.75,0.0,1.334584506307997,1.1573350015639663,486127104.0,0.0,inf,inf,7.277819559999999,7.3140416550000005,5.595561371967252,3.456130266223102
G-set,G70,512,3200,public-matched,50,10000,9999.0,19998.0,9591.0,0.98,,2274.3186124999997,7.277819559999999,7.3140416550000005,7.277830955000001,0.035833803,9434,9422.0,9420.0,9425.0,0.0,1.7620686059847772,1.6369513085184024,,0.0,inf,inf,7.277819559999999,7.3140416550000005,1.0,1.0
G-set,G72,512,200,auto,50,10000,20000.0,40000.0,7008.0,1.16,csr-row,58.03296075,0.011606592150000001,0.031958061999999995,0.01202166525,0.019555223,6862,6852.0,6850.0,6855.5,0.0,2.2260273972602738,2.083333333333333,51564900.0,0.0,inf,inf,0.456347571,0.492977094,39.31796388658319,15.42575059776779
G-set,G72,512,200,csr-block,50,10000,20000.0,40000.0,7008.0,1.16,,31.8808007,0.00637616014,0.026092612,0.006794113825,0.018941844,6862,6852.0,6850.0,6855.5,0.0,2.2260273972602738,2.083333333333333,46444900.0,0.0,inf,inf,0.456347571,0.492977094,71.57090803556888,18.893359315656095
G-set,G72,512,200,csr-row,50,10000,20000.0,40000.0,7008.0,1.16,,58.0596805,0.0116119361,0.031841838,0.012029425650000002,0.019432919,6862,6852.0,6850.0,6855.5,0.0,2.2260273972602738,2.083333333333333,51564900.0,0.0,inf,inf,0.456347571,0.492977094,39.299869295698244,15.482055213018798
G-set,G72,512,200,gemm-fp16,50,10000,20000.0,0.0,7008.0,1.16,,139.25640125,0.02785128025,0.820651276,0.0430964204,0.6584758964999999,6862,6849.0,6846.0,6852.0,0.0,2.2688356164383556,2.083333333333333,255395104.0,0.0,inf,inf,0.456347571,0.492977094,16.38515597501124,0.6007144671764332
G-set,G72,512,200,gemm-fp32,50,10000,20000.0,0.0,7008.0,1.16,,2175.24788,0.435049576,1.181307685,0.4524375045,0.6105696030000001,6860,6852.0,6848.0,6854.0,0.0,2.2260273972602738,2.1118721461187215,486115104.0,0.0,inf,inf,0.456347571,0.492977094,1.0489553287140774,0.41731472694177896
G-set,G72,512,200,gemm-int8,50,10000,20000.0,0.0,7008.0,1.16,,138.61248,0.027722496,1.496382,0.0333814651,1.3424388,6860,6852.0,6848.0,6854.0,0.0,2.2260273972602738,2.1118721461187215,195835104.0,0.0,inf,inf,0.456347571,0.492977094,16.461272859413526,0.329446019799757
G-set,G72,512,200,gemm-tf32,50,10000,20000.0,0.0,7008.0,1.16,,405.66967,0.08113393399999999,0.838792653,0.0985152426,0.6180313325,6860,6852.0,6848.0,6854.0,0.0,2.2260273972602738,2.1118721461187215,486115104.0,0.0,inf,inf,0.456347571,0.492977094,5.624620285268061,0.5877222365227369
G-set,G72,512,200,public-matched,50,10000,20000.0,40000.0,7008.0,1.16,,2281.7378550000003,0.456347571,0.492977094,0.456359027,0.036166705,6818,6802.0,6800.0,6805.5,0.0,2.939497716894977,2.711187214611872,,0.0,inf,inf,0.456347571,0.492977094,1.0,1.0
G-set,G72,512,400,auto,50,10000,20000.0,40000.0,7008.0,1.16,csr-row,57.961080124999995,0.023184432050000002,0.043507778,0.0236032181,0.019511703,6888,6881.0,6878.0,6883.5,0.0,1.812214611872146,1.7123287671232876,51565700.0,0.0,inf,inf,0.9100147940000001,0.945580905,39.25111437008439,21.73360600028804
G-set,G72,512,400,csr-block,50,10000,20000.0,40000.0,7008.0,1.16,,31.474360249999997,0.0125897441,0.032270032000000004,0.013005490000000001,0.018905716,6888,6881.0,6878.0,6883.5,0.0,1.812214611872146,1.7123287671232876,46445700.0,0.0,inf,inf,0.9100147940000001,0.945580905,72.28223121707455,29.302137196517187
G-set,G72,512,400,csr-row,50,10000,20000.0,40000.0,7008.0,1.16,,57.91663875,0.0231666555,0.043511761999999995,0.0235853455,0.0195246635,6888,6881.0,6878.0,6883.5,0.0,1.812214611872146,1.7123287671232876,51565700.0,0.0,inf,inf,0.9100147940000001,0.945580905,39.281233063615936,21.731616039819304
G-set,G72,512,400,gemm-fp16,50,10000,20000.0,0.0,7008.0,1.16,,139.379043625,0.05575161745,0.8737562805000001,0.0709999094,0.6753793,6902,6880.0,6878.0,6884.0,0.0,1.82648401826484,1.5125570776255708,255395904.0,0.0,inf,inf,0.9100147940000001,0.945580905,16.3226617562465,1.0822021267290907
G-set,G72,512,400,gemm-fp32,50,10000,20000.0,0.0,7008.0,1.16,,2176.3639837500004,0.8705455934999999,1.63608677,0.8879344229999999,0.6232798835,6892,6880.0,6878.5,6884.0,0.0,1.82648401826484,1.6552511415525113,486115904.0,0.0,inf,inf,0.9100147940000001,0.945580905,1.045338464515472,0.5779527848636048
G-set,G72,512,400,gemm-int8,50,10000,20000.0,0.0,7008.0,1.16,,138.46883775,0.055387535099999996,1.55138276,0.06103303435,1.365592265,6892,6880.0,6878.5,6884.0,0.0,1.82648401826484,1.6552511415525113,195835904.0,0.0,inf,inf,0.9100147940000001,0.945580905,16.429956530056888,0.6095084523177245
G-set,G72,512,400,gemm-tf32,50,10000,20000.0,0.0,7008.0,1.16,,405.01926374999994,0.1620077055,0.9200619590000001,0.17939060699999998,0.619779756,6892,6880.0,6878.5,6884.0,0.0,1.82648401826484,1.6552511415525113,486115904.0,0.0,inf,inf,0.9100147940000001,0.945580905,5.617108094898611,1.027736116845583
G-set,G72,512,400,public-matched,50,10000,20000.0,40000.0,7008.0,1.16,,2275.036985,0.9100147940000001,0.945580905,0.9100239299999999,0.0351420285,6852,6838.0,6834.0,6840.0,0.0,2.4257990867579906,2.2260273972602738,,0.0,inf,inf,0.9100147940000001,0.945580905,1.0,1.0
G-set,G72,512,800,auto,50,10000,20000.0,40000.0,7008.0,1.16,csr-row,57.9378605,0.0463502884,0.06662180100000001,0.046770962400000005,0.019444359,6914,6902.0,6900.0,6905.5,0.0,1.5125570776255708,1.341324200913242,51567300.0,0.0,inf,inf,1.81732395,1.85282094,39.2084712465349,27.811030506365324
G-set,G72,512,800,csr-block,50,10000,20000.0,40000.0,7008.0,1.16,,31.24997975,0.0249999838,0.044734183999999996,0.025420674,0.0189457645,6914,6902.0,6900.0,6905.5,0.0,1.5125570776255708,1.341324200913242,46447300.0,0.0,inf,inf,1.81732395,1.85282094,72.69300510506731,41.41845842096952
G-set,G72,512,800,csr-row,50,10000,20000.0,40000.0,7008.0,1.16,,57.722520875,0.0461780167,0.066590025,0.04659808215,0.019591671499999998,6914,6902.0,6900.0,6905.5,0.0,1.5125570776255708,1.341324200913242,51567300.0,0.0,inf,inf,1.81732395,1.85282094,39.3547423616398,27.82430161274155
G-set,G72,512,800,gemm-fp16,50,10000,20000.0,0.0,7008.0,1.16,,137.95900375,0.110367203,0.9218492825,0.12561743749999998,0.6675399545,6910,6902.0,6898.5,6904.0,0.0,1.5125570776255708,1.3984018264840181,255397504.0,0.0,inf,inf,1.81732395,1.85282094,16.466159335396043,2.009895733687898
G-set,G72,512,800,gemm-fp32,50,10000,20000.0,0.0,7008.0,1.16,,2177.0797000000002,1.74166376,2.50816968,1.7590548799999999,0.621601171,6910,6902.0,6900.0,6902.0,0.0,1.5125570776255708,1.3984018264840181,486117504.0,0.0,inf,inf,1.81732395,1.85282094,1.0434413299154826,0.7387143520529281
G-set,G72,512,800,gemm-int8,50,10000,20000.0,0.0,7008.0,1.16,,138.4265425,0.110741234,1.607036325,0.116409333,1.359170325,6910,6902.0,6900.0,6902.0,0.0,1.5125570776255708,1.3984018264840181,195837504.0,0.0,inf,inf,1.81732395,1.85282094,16.410544513166613,1.1529427874009008
G-set,G72,512,800,gemm-tf32,50,10000,20000.0,0.0,7008.0,1.16,,404.863758125,0.3238910065,1.092132425,0.3412792685,0.620711424,6910,6902.0,6900.0,6902.0,0.0,1.5125570776255708,1.3984018264840181,486117504.0,0.0,inf,inf,1.81732395,1.85282094,5.610912046117588,1.6965167388011577
G-set,G72,512,800,public-matched,50,10000,20000.0,40000.0,7008.0,1.16,,2271.6549375000004,1.81732395,1.85282094,1.817333695,0.0351015265,6872,6858.0,6854.5,6860.0,0.0,2.1404109589041096,1.9406392694063925,,0.0,inf,inf,1.81732395,1.85282094,1.0,1.0
G-set,G72,512,1600,auto,50,10000,20000.0,40000.0,7008.0,1.16,csr-row,57.685170156249995,0.09229627225,0.112591472,0.09272196769999999,0.019478315000000003,6928,6920.0,6918.0,6922.0,0.0,1.2557077625570776,1.141552511415525,51570500.0,0.0,inf,inf,3.636656455,3.6734943600000003,39.401986302865005,32.6267548931237
G-set,G72,512,1600,csr-block,50,10000,20000.0,40000.0,7008.0,1.16,,31.1685598125,0.0498696957,0.069571979,0.05028880225,0.018922201,6928,6920.0,6918.0,6922.0,0.0,1.2557077625570776,1.141552511415525,46450500.0,0.0,inf,inf,3.636656455,3.6734943600000003,72.92317316064954,52.8013492328571
G-set,G72,512,1600,csr-row,50,10000,20000.0,40000.0,7008.0,1.16,,57.965190406249995,0.09274430465,0.113142611,0.09316761675,0.019573547,6928,6920.0,6918.0,6922.0,0.0,1.2557077625570776,1.141552511415525,51570500.0,0.0,inf,inf,3.636656455,3.6734943600000003,39.211641822363916,32.46782381573287
G-set,G72,512,1600,gemm-fp16,50,10000,20000.0,0.0,7008.0,1.16,,138.12795156250002,0.2210047225,1.0243670200000001,0.23625897499999998,0.65691721,6930,6920.0,6918.0,6922.0,0.0,1.2557077625570776,1.1130136986301369,255400704.0,0.0,inf,inf,3.636656455,3.6734943600000003,16.455107446855575,3.586111509134685
G-set,G72,512,1600,gemm-fp32,50,10000,20000.0,0.0,7008.0,1.16,,2176.479340625,3.482366945,4.25036091,3.49977795,0.6111680425,6928,6920.0,6918.0,6922.0,0.0,1.2557077625570776,1.141552511415525,486120704.0,0.0,inf,inf,3.636656455,3.6734943600000003,1.0443059311200762,0.8642782196112376
G-set,G72,512,1600,gemm-int8,50,10000,20000.0,0.0,7008.0,1.16,,137.9075625,0.22065210000000002,1.70739131,0.226301827,1.336387705,6928,6920.0,6918.0,6922.0,0.0,1.2557077625570776,1.141552511415525,195840704.0,0.0,inf,inf,3.636656455,3.6734943600000003,16.48140423317974,2.1515245734734356
G-set,G72,512,1600,gemm-tf32,50,10000,20000.0,0.0,7008.0,1.16,,405.53537374999996,0.6488565980000001,1.4304606450000001,0.6662297045000001,0.620570799,6928,6920.0,6918.0,6922.0,0.0,1.2557077625570776,1.141552511415525,486120704.0,0.0,inf,inf,3.636656455,3.6734943600000003,5.604715227077031,2.5680499305173123
G-set,G72,512,1600,public-matched,50,10000,20000.0,40000.0,7008.0,1.16,,2272.910284375,3.636656455,3.6734943600000003,3.6366663150000003,0.0364348275,6886,6872.0,6870.0,6876.0,0.0,1.9406392694063925,1.7408675799086757,,0.0,inf,inf,3.636656455,3.6734943600000003,1.0,1.0
G-set,G72,512,3200,auto,50,10000,20000.0,40000.0,7008.0,1.16,csr-row,57.714540937500004,0.184686531,0.205129315,0.185110981,0.019562635000000002,6942,6934.0,6932.0,6936.0,0.0,1.0559360730593608,0.9417808219178082,51576900.0,0.0,inf,inf,7.275677205,7.312481365,39.394736397967215,35.648153775582976
G-set,G72,512,3200,csr-block,50,10000,20000.0,40000.0,7008.0,1.16,,31.134334796875002,0.09962987135000001,0.1194522985,0.100050449,0.019018681,6942,6934.0,6932.0,6936.0,0.0,1.0559360730593608,0.9417808219178082,46456900.0,0.0,inf,inf,7.275677205,7.312481365,73.02706614405359,61.21674891839775
G-set,G72,512,3200,csr-row,50,10000,20000.0,40000.0,7008.0,1.16,,57.7079796875,0.184665535,0.205079666,0.18508944100000002,0.019568811,6942,6934.0,6932.0,6936.0,0.0,1.0559360730593608,0.9417808219178082,51576900.0,0.0,inf,inf,7.275677205,7.312481365,39.39921547894684,35.65678405678699
G-set,G72,512,3200,gemm-fp16,50,10000,20000.0,0.0,7008.0,1.16,,138.33266734375002,0.4426645355,1.224469115,0.4579080205,0.615656964,6944,6934.0,6932.0,6936.0,0.0,1.0559360730593608,0.91324200913242,255407104.0,0.0,inf,inf,7.275677205,7.312481365,16.436096912037353,5.971960644348306
G-set,G72,512,3200,gemm-fp32,50,10000,20000.0,0.0,7008.0,1.16,,2176.8170171875,6.965814455,7.77661048,6.983212215,0.6300791185000001,6942,6934.0,6932.0,6936.0,0.0,1.0559360730593608,0.9417808219178082,486127104.0,0.0,inf,inf,7.275677205,7.312481365,1.0444833482145914,0.9403172993949415
G-set,G72,512,3200,gemm-int8,50,10000,20000.0,0.0,7008.0,1.16,,138.163843125,0.44212429799999997,1.95026968,0.4477961415,1.3307906250000001,6942,6934.0,6932.0,6936.0,0.0,1.0559360730593608,0.9417808219178082,195847104.0,0.0,inf,inf,7.275677205,7.312481365,16.456180395224514,3.7494719012398328
G-set,G72,512,3200,gemm-tf32,50,10000,20000.0,0.0,7008.0,1.16,,405.64485625,1.29806354,2.09895401,1.3154625,0.6173294565,6942,6934.0,6932.0,6936.0,0.0,1.0559360730593608,0.9417808219178082,486127104.0,0.0,inf,inf,7.275677205,7.312481365,5.6050239304926475,3.4838692654347394
G-set,G72,512,3200,public-matched,50,10000,20000.0,40000.0,7008.0,1.16,,2273.6491265625,7.275677205,7.312481365,7.275687684999999,0.036278208,6890,6884.0,6880.0,6886.0,0.0,1.7694063926940637,1.6837899543378994,,0.0,inf,inf,7.275677205,7.312481365,1.0,1.0
G-set,G77,512,200,auto,50,14000,28000.0,56000.0,9940.0,1.15,csr-block,47.196559900000004,0.00943931198,0.0368206295,0.010018451099999999,0.026384706,9742,9728.0,9724.0,9732.0,0.0,2.1327967806841044,1.9919517102615696,65020900.0,0.0,inf,inf,0.868419677,0.9377254555000001,92.00031515432548,25.467393367079726
G-set,G77,512,200,csr-block,50,14000,28000.0,56000.0,9940.0,1.15,,47.12824107499999,0.009425648214999999,0.036745861,0.0100036991,0.026323377,9742,9728.0,9724.0,9732.0,0.0,2.1327967806841044,1.9919517102615696,65020900.0,0.0,inf,inf,0.868419677,0.9377254555000001,92.13368218198457,25.519213048239642
G-set,G77,512,200,csr-row,50,14000,28000.0,56000.0,9940.0,1.15,,81.3451195,0.0162690239,0.044329865999999996,0.01684889915,0.027023013499999998,9742,9728.0,9724.0,9732.0,0.0,2.1327967806841044,1.9919517102615696,72188900.0,0.0,inf,inf,0.868419677,0.9377254555000001,53.37872034228188,21.15335641889827
G-set,G77,512,200,gemm-fp16,50,14000,28000.0,0.0,9940.0,1.15,,261.030159,0.0522060318,1.765382275,0.0807769693,1.4841253399999998,9736,9728.0,9724.0,9732.0,0.0,2.1327967806841044,2.0523138832997985,467875104.0,0.0,inf,inf,0.868419677,0.9377254555000001,16.634470137988924,0.5311741648136804
G-set,G77,512,200,gemm-fp32,50,14000,28000.0,0.0,9940.0,1.15,,4068.829345,0.813765869,2.3368137200000003,0.8477617275,1.288665605,9748,9728.0,9724.0,9733.5,0.0,2.1327967806841044,1.93158953722334,902883104.0,0.0,inf,inf,0.868419677,0.9377254555000001,1.0671615879726704,0.4012837854700716
G-set,G77,512,200,gemm-int8,50,14000,28000.0,0.0,9940.0,1.15,,239.17127599999998,0.0478342552,3.16228783,0.0596011293,2.906010255,9748,9728.0,9724.0,9733.5,0.0,2.1327967806841044,1.93158953722334,342491104.0,0.0,inf,inf,0.868419677,0.9377254555000001,18.154765311366237,0.2965338722819548
G-set,G77,512,200,gemm-tf32,50,14000,28000.0,0.0,9940.0,1.15,,569.33359,0.113866718,1.701959625,0.1478759945,1.345518185,9748,9728.0,9724.0,9733.5,0.0,2.1327967806841044,1.93158953722334,902883104.0,0.0,inf,inf,0.868419677,0.9377254555000001,7.626633069375021,0.5509680968489485
G-set,G77,512,200,public-matched,50,14000,28000.0,56000.0,9940.0,1.15,,4342.098385,0.868419677,0.9377254555000001,0.868428893,0.068843552,9670,9654.0,9650.0,9660.0,0.0,2.8772635814889336,2.716297786720322,,0.0,inf,inf,0.868419677,0.9377254555000001,1.0,1.0
G-set,G77,512,400,auto,50,14000,28000.0,56000.0,9940.0,1.15,csr-block,46.612959000000004,0.0186451836,0.0464258425,0.019222787300000002,0.026771538499999997,9782,9766.0,9764.0,9770.0,0.0,1.7505030181086518,1.5895372233400402,65021700.0,0.0,inf,inf,1.73384369,1.803652915,92.99150532365903,38.85019243323371
G-set,G77,512,400,csr-block,50,14000,28000.0,56000.0,9940.0,1.15,,46.650919875,0.01866036795,0.046370386,0.0192378102,0.0267022905,9782,9766.0,9764.0,9770.0,0.0,1.7505030181086518,1.5895372233400402,65021700.0,0.0,inf,inf,1.73384369,1.803652915,92.91583609957702,38.8966551841945
G-set,G77,512,400,csr-row,50,14000,28000.0,56000.0,9940.0,1.15,,81.04300025,0.0324172001,0.0609063935,0.0329960361,0.02742343,9782,9766.0,9764.0,9770.0,0.0,1.7505030181086518,1.5895372233400402,72189700.0,0.0,inf,inf,1.73384369,1.803652915,53.48530053957374,29.613523496511085
G-set,G77,512,400,gemm-fp16,50,14000,28000.0,0.0,9940.0,1.15,,260.81203375,0.1043248135,1.81617127,0.13287965750000003,1.48386613,9780,9768.0,9766.0,9772.0,0.0,1.7303822937625755,1.6096579476861168,467875904.0,0.0,inf,inf,1.73384369,1.803652915,16.61966728557823,0.9931072827729513
G-set,G77,512,400,gemm-fp32,50,14000,28000.0,0.0,9940.0,1.15,,4068.6257875,1.627450315,3.147722815,1.661434405,1.287826065,9776,9768.0,9764.0,9770.0,0.0,1.7303822937625755,1.6498993963782695,902883904.0,0.0,inf,inf,1.73384369,1.803652915,1.065374269198504,0.5730024595574182
G-set,G77,512,400,gemm-int8,50,14000,28000.0,0.0,9940.0,1.15,,238.679113375,0.09547164535,3.2521076,0.107452892,2.940194925,9776,9768.0,9764.0,9770.0,0.0,1.7303822937625755,1.6498993963782695,342491904.0,0.0,inf,inf,1.73384369,1.803652915,18.16082339048114,0.5546104670706468
G-set,G77,512,400,gemm-tf32,50,14000,28000.0,0.0,9940.0,1.15,,567.99619625,0.2271984785,1.754354165,0.2611891555,1.291928345,9776,9768.0,9764.0,9770.0,0.0,1.7303822937625755,1.6498993963782695,902883904.0,0.0,inf,inf,1.73384369,1.803652915,7.6314053749264,1.0281007968536386
G-set,G77,512,400,public-matched,50,14000,28000.0,56000.0,9940.0,1.15,,4334.609225,1.73384369,1.803652915,1.733853945,0.069332405,9718,9703.0,9700.0,9708.0,0.0,2.3843058350100605,2.2334004024144867,,0.0,inf,inf,1.73384369,1.803652915,1.0,1.0
G-set,G77,512,800,auto,50,14000,28000.0,56000.0,9940.0,1.15,csr-block,46.351718875,0.0370813751,0.064785646,0.03765893085,0.026701218999999998,9806,9796.0,9794.0,9798.0,0.0,1.4486921529175052,1.3480885311871227,65023300.0,0.0,inf,inf,3.4641162149999998,3.534307345,93.41930296970027,54.553864369894534
G-set,G77,512,800,csr-block,50,14000,28000.0,56000.0,9940.0,1.15,,46.25728125,0.037005825,0.064708206,0.0375825938,0.026681602999999998,9806,9796.0,9794.0,9798.0,0.0,1.4486921529175052,1.3480885311871227,65023300.0,0.0,inf,inf,3.4641162149999998,3.534307345,93.61002531358238,54.619152090231026
G-set,G77,512,800,csr-row,50,14000,28000.0,56000.0,9940.0,1.15,,80.9972000625,0.06479776005,0.093199674,0.06538085255000001,0.027343542499999998,9806,9796.0,9794.0,9798.0,0.0,1.4486921529175052,1.3480885311871227,72191300.0,0.0,inf,inf,3.4641162149999998,3.534307345,53.460431538481856,37.92188527397639
G-set,G77,512,800,gemm-fp16,50,14000,28000.0,0.0,9940.0,1.15,,260.53017624999995,0.208424141,1.92342802,0.23701669,1.481608065,9808,9796.0,9794.0,9800.0,0.0,1.4486921529175052,1.3279678068410463,467877504.0,0.0,inf,inf,3.4641162149999998,3.534307345,16.62051333583282,1.837504345496641
G-set,G77,512,800,gemm-fp32,50,14000,28000.0,0.0,9940.0,1.15,,4068.14255,3.25451404,4.81199795,3.2885345700000004,1.3071989,9806,9798.0,9794.0,9800.0,0.0,1.4285714285714286,1.3480885311871227,902885504.0,0.0,inf,inf,3.4641162149999998,3.534307345,1.0644035245888814,0.7344781485204083
G-set,G77,512,800,gemm-int8,50,14000,28000.0,0.0,9940.0,1.15,,238.42157375,0.190737259,3.3211746700000004,0.20252014149999997,2.90950614,9806,9798.0,9794.0,9800.0,0.0,1.4285714285714286,1.3480885311871227,342493504.0,0.0,inf,inf,3.4641162149999998,3.534307345,18.16171750166547,1.0641738830917917
G-set,G77,512,800,gemm-tf32,50,14000,28000.0,0.0,9940.0,1.15,,565.49049375,0.452392395,1.9745525000000002,0.4863970815,1.283334435,9806,9798.0,9794.0,9800.0,0.0,1.4285714285714286,1.3480885311871227,902885504.0,0.0,inf,inf,3.4641162149999998,3.534307345,7.6573263681853,1.7899282723553818
G-set,G77,512,800,public-matched,50,14000,28000.0,56000.0,9940.0,1.15,,4330.1452687500005,3.4641162149999998,3.534307345,3.4641254999999997,0.0696291895,9746,9732.0,9728.0,9734.0,0.0,2.0925553319919517,1.9517102615694164,,0.0,inf,inf,3.4641162149999998,3.534307345,1.0,1.0
G-set,G77,512,1600,auto,50,14000,28000.0,56000.0,9940.0,1.15,csr-block,46.22277975,0.0739564476,0.10127803299999999,0.07453189025000001,0.026296001,9832,9820.0,9818.0,9824.0,0.0,1.2072434607645874,1.0865191146881288,65026500.0,0.0,inf,inf,6.92399243,6.994760295,93.62256645220477,69.0649303487164
G-set,G77,512,1600,csr-block,50,14000,28000.0,56000.0,9940.0,1.15,,46.224079125,0.0739585266,0.1011980485,0.0745345661,0.026220352500000002,9832,9820.0,9818.0,9824.0,0.0,1.2072434607645874,1.0865191146881288,65026500.0,0.0,inf,inf,6.92399243,6.994760295,93.61993468918024,69.11951760611274
G-set,G77,512,1600,csr-row,50,14000,28000.0,56000.0,9940.0,1.15,,81.0008384375,0.1296013415,0.157691109,0.1301870895,0.026988325,9832,9820.0,9818.0,9824.0,0.0,1.2072434607645874,1.0865191146881288,72194500.0,0.0,inf,inf,6.92399243,6.994760295,53.42531450571444,44.35735368567926
G-set,G77,512,1600,gemm-fp16,50,14000,28000.0,0.0,9940.0,1.15,,259.94048125,0.41590477000000003,2.1511343700000003,0.44448524,1.495015795,9828,9822.0,9818.0,9822.0,0.0,1.187122736418511,1.1267605633802817,467880704.0,0.0,inf,inf,6.92399243,6.994760295,16.648023608866037,3.251661259542796
G-set,G77,512,1600,gemm-fp32,50,14000,28000.0,0.0,9940.0,1.15,,4068.2414218749996,6.509186274999999,8.04875561,6.543191725,1.292101465,9836,9820.0,9818.0,9824.0,0.0,1.2072434607645874,1.0462776659959758,902888704.0,0.0,inf,inf,6.92399243,6.994760295,1.0637262689183067,0.86904866216953
G-set,G77,512,1600,gemm-int8,50,14000,28000.0,0.0,9940.0,1.15,,238.45563906249998,0.3815290225,3.520096325,0.3933370245,2.90651839,9836,9820.0,9818.0,9824.0,0.0,1.2072434607645874,1.0462776659959758,342496704.0,0.0,inf,inf,6.92399243,6.994760295,18.1480097755866,1.9870934341548168
G-set,G77,512,1600,gemm-tf32,50,14000,28000.0,0.0,9940.0,1.15,,566.2698365624999,0.9060317385000001,2.439866395,0.94005565,1.28152241,9836,9820.0,9818.0,9824.0,0.0,1.2072434607645874,1.0462776659959758,902888704.0,0.0,inf,inf,6.92399243,6.994760295,7.642108036373164,2.8668620172540225
G-set,G77,512,1600,public-matched,50,14000,28000.0,56000.0,9940.0,1.15,,4327.495268750001,6.92399243,6.994760295,6.92400184,0.07027449350000001,9766,9752.0,9750.0,9755.5,0.0,1.8913480885311873,1.7505030181086518,,0.0,inf,inf,6.92399243,6.994760295,1.0,1.0
G-set,G77,512,3200,auto,50,14000,28000.0,56000.0,9940.0,1.15,csr-block,46.1570190625,0.147702461,0.1751213415,0.1482851675,0.026355067,9848,9840.0,9838.0,9843.5,0.0,1.0060362173038229,0.9255533199195171,65032900.0,0.0,inf,inf,13.84567955,13.91697595,93.74034431288182,79.47047362014412
G-set,G77,512,3200,csr-block,50,14000,28000.0,56000.0,9940.0,1.15,,46.17944953125,0.1477742385,0.175049981,0.1483608355,0.0261958655,9848,9840.0,9838.0,9843.5,0.0,1.0060362173038229,0.9255533199195171,65032900.0,0.0,inf,inf,13.84567955,13.91697595,93.69481237421502,79.50287038305935
G-set,G77,512,3200,csr-row,50,14000,28000.0,56000.0,9940.0,1.15,,80.84469781249999,0.25870303299999997,0.2869570445,0.2592865995,0.0270739335,9848,9840.0,9838.0,9843.5,0.0,1.0060362173038229,0.9255533199195171,72200900.0,0.0,inf,inf,13.84567955,13.91697595,53.51958726359425,48.49846420132056
G-set,G77,512,3200,gemm-fp16,50,14000,28000.0,0.0,9940.0,1.15,,258.8818740625,0.828421997,2.5637655500000003,0.8570152600000001,1.47494783,9848,9838.0,9836.5,9842.0,0.0,1.0261569416498992,0.9255533199195171,467887104.0,0.0,inf,inf,13.84567955,13.91697595,16.71331712598163,5.428334096306115
G-set,G77,512,3200,gemm-fp32,50,14000,28000.0,0.0,9940.0,1.15,,4068.4558125,13.019058600000001,14.62189175,13.053066900000001,1.317631585,9850,9840.0,9838.0,9842.0,0.0,1.0060362173038229,0.9054325955734407,902895104.0,0.0,inf,inf,13.84567955,13.91697595,1.0634931430449202,0.9517903830740643
G-set,G77,512,3200,gemm-int8,50,14000,28000.0,0.0,9940.0,1.15,,238.34236140625,0.7626955565,3.915754795,0.7747329915,2.85719263,9850,9840.0,9838.0,9842.0,0.0,1.0060362173038229,0.9054325955734407,342503104.0,0.0,inf,inf,13.84567955,13.91697595,18.153612449950074,3.5540979143460385
G-set,G77,512,3200,gemm-tf32,50,14000,28000.0,0.0,9940.0,1.15,,567.1426390624999,1.8148564450000002,3.38419793,1.8488913550000001,1.29190136,9850,9840.0,9838.0,9842.0,0.0,1.0060362173038229,0.9054325955734407,902895104.0,0.0,inf,inf,13.84567955,13.91697595,7.629076992918852,4.112341014876751
G-set,G77,512,3200,public-matched,50,14000,28000.0,56000.0,9940.0,1.15,,4326.774859375,13.84567955,13.91697595,13.845688899999999,0.070714518,9778,9766.0,9762.5,9767.5,0.0,1.7505030181086518,1.6297786720321932,,0.0,inf,inf,13.84567955,13.91697595,1.0,1.0
G-set,G81,512,200,auto,50,20000,40000.0,80000.0,14060.0,1.15,csr-row,113.9124775,0.0227824955,0.0629691535,0.0236006273,0.038812869,13754,13739.0,13734.0,13743.5,0.0,2.283072546230441,2.1763869132290186,103124900.0,0.0,inf,inf,1.757616235,1.8988200800000001,77.14766079949406,30.154765856904845
G-set,G81,512,200,csr-block,50,20000,40000.0,80000.0,14060.0,1.15,,65.71111925,0.013142223849999999,0.052612714000000005,0.013960306799999999,0.0380863705,13754,13739.0,13734.0,13743.5,0.0,2.283072546230441,2.1763869132290186,92884900.0,0.0,inf,inf,1.757616235,1.8988200800000001,133.73811426899414,36.09051758858134
G-set,G81,512,200,csr-row,50,20000,40000.0,80000.0,14060.0,1.15,,114.0136765,0.0228027353,0.06326161899999999,0.02362430695,0.039049589999999995,13754,13739.0,13734.0,13743.5,0.0,2.283072546230441,2.1763869132290186,103124900.0,0.0,inf,inf,1.757616235,1.8988200800000001,77.07918422400842,30.015357020818584
G-set,G81,512,200,gemm-fp16,50,20000,40000.0,0.0,14060.0,1.15,,501.1251275,0.10022502550000001,3.74793157,0.15860072149999999,3.2391343949999998,13756,13739.0,13736.0,13743.5,0.0,2.283072546230441,2.1621621621621623,906595104.0,0.0,inf,inf,1.757616235,1.8988200800000001,17.536700302460883,0.5066314697949515
G-set,G81,512,200,gemm-fp32,50,20000,40000.0,0.0,14060.0,1.15,,9108.71215,1.82174243,5.054435120000001,1.890427165,2.8285628750000003,13756,13740.0,13736.0,13742.0,0.0,2.275960170697013,2.1621621621621623,1768035104.0,0.0,inf,inf,1.757616235,1.8988200800000001,0.9647995271208565,0.37567404367038343
G-set,G81,512,200,gemm-int8,50,20000,40000.0,0.0,14060.0,1.15,,354.889431,0.0709778862,6.905035375000001,0.09783175035,6.46684617,13756,13740.0,13736.0,13742.0,0.0,2.275960170697013,2.1621621621621623,637395104.0,0.0,inf,inf,1.757616235,1.8988200800000001,24.76287093204531,0.2749906375389134
G-set,G81,512,200,gemm-tf32,50,20000,40000.0,0.0,14060.0,1.15,,1175.6010425,0.23512020849999998,3.469547725,0.30375339349999997,2.82856255,13756,13740.0,13736.0,13742.0,0.0,2.275960170697013,2.1621621621621623,1768035104.0,0.0,inf,inf,1.757616235,1.8988200800000001,7.475394166299407,0.5472817296381188
G-set,G81,512,200,public-matched,50,20000,40000.0,80000.0,14060.0,1.15,,8788.081175,1.757616235,1.8988200800000001,1.757625885,0.14011127899999998,13658,13635.0,13628.0,13639.5,0.0,3.0227596017069702,2.859174964438122,,0.0,inf,inf,1.757616235,1.8988200800000001,1.0,1.0
G-set,G81,512,400,auto,50,20000,40000.0,80000.0,14060.0,1.15,csr-row,113.73511799999999,0.0454940472,0.08596453200000001,0.0463181793,0.0390597035,13816,13798.0,13794.0,13801.5,0.0,1.863442389758179,1.7354196301564724,103125700.0,0.0,inf,inf,3.510371655,3.6517906900000003,77.16112043335639,42.48020206752245
G-set,G81,512,400,csr-block,50,20000,40000.0,80000.0,14060.0,1.15,,64.79063987500001,0.02591625595,0.065400164,0.026734435549999998,0.038097427,13816,13798.0,13794.0,13801.5,0.0,1.863442389758179,1.7354196301564724,92885700.0,0.0,inf,inf,3.510371655,3.6517906900000003,135.45057055203222,55.83763811356804
G-set,G81,512,400,csr-row,50,20000,40000.0,80000.0,14060.0,1.15,,113.945159875,0.04557806395,0.08587681999999999,0.046399315950000006,0.038894759,13816,13798.0,13794.0,13801.5,0.0,1.863442389758179,1.7354196301564724,103125700.0,0.0,inf,inf,3.510371655,3.6517906900000003,77.01888476111984,42.52359006772725
G-set,G81,512,400,gemm-fp16,50,20000,40000.0,0.0,14060.0,1.15,,501.03879874999996,0.2004155195,3.93235718,0.2587748085,3.3209823,13820,13798.0,13794.0,13803.5,0.0,1.863442389758179,1.7069701280227598,906595904.0,0.0,inf,inf,3.510371655,3.6517906900000003,17.515468182093553,0.9286518296387309
G-set,G81,512,400,gemm-fp32,50,20000,40000.0,0.0,14060.0,1.15,,9108.856499999998,3.6435426,6.961395035000001,3.71223046,2.89698554,13818,13798.0,13796.0,13802.0,0.0,1.863442389758179,1.7211948790896159,1768035904.0,0.0,inf,inf,3.510371655,3.6517906900000003,0.963450147392266,0.5245774261681445
G-set,G81,512,400,gemm-int8,50,20000,40000.0,0.0,14060.0,1.15,,356.54403625,0.1426176145,7.143079745,0.169434898,6.62450948,13818,13798.0,13796.0,13802.0,0.0,1.863442389758179,1.7211948790896159,637395904.0,0.0,inf,inf,3.510371655,3.6517906900000003,24.613871626635575,0.5112347643264342
G-set,G81,512,400,gemm-tf32,50,20000,40000.0,0.0,14060.0,1.15,,1172.913055,0.469165222,3.8165568399999996,0.537824105,2.91784074,13818,13798.0,13796.0,13802.0,0.0,1.863442389758179,1.7211948790896159,1768035904.0,0.0,inf,inf,3.510371655,3.6517906900000003,7.482165110268979,0.956828587413361
G-set,G81,512,400,public-matched,50,20000,40000.0,80000.0,14060.0,1.15,,8775.9291375,3.510371655,3.6517906900000003,3.51038137,0.140569958,13732,13706.0,13702.0,13712.0,0.0,2.51778093883357,2.332859174964438,,0.0,inf,inf,3.510371655,3.6517906900000003,1.0,1.0
G-set,G81,512,800,auto,50,20000,40000.0,80000.0,14060.0,1.15,csr-row,113.74121668750001,0.09099297335,0.131307844,0.09181652985,0.038883073500000004,13860,13842.0,13840.0,13845.5,0.0,1.5504978662873399,1.422475106685633,103127300.0,0.0,inf,inf,7.011845205,7.158037985,77.0591942086482,54.51340732546031
G-set,G81,512,800,csr-block,50,20000,40000.0,80000.0,14060.0,1.15,,64.34801812500001,0.0514784145,0.09098465,0.05230037335,0.038102749500000005,13860,13842.0,13840.0,13845.5,0.0,1.5504978662873399,1.422475106685633,92887300.0,0.0,inf,inf,7.011845205,7.158037985,136.20942434037087,78.6730287471568
G-set,G81,512,800,csr-row,50,20000,40000.0,80000.0,14060.0,1.15,,113.919582375,0.0911356659,0.13145685299999998,0.09195834115,0.0389023695,13860,13842.0,13840.0,13845.5,0.0,1.5504978662873399,1.422475106685633,103127300.0,0.0,inf,inf,7.011845205,7.158037985,76.93854141246803,54.451615276382746
G-set,G81,512,800,gemm-fp16,50,20000,40000.0,0.0,14060.0,1.15,,499.19771249999997,0.39935816999999996,4.069985600000001,0.4577286745,3.2402365,13858,13842.0,13838.0,13845.5,0.0,1.5504978662873399,1.4366998577524892,906597504.0,0.0,inf,inf,7.011845205,7.158037985,17.557785796644655,1.7587379142078534
G-set,G81,512,800,gemm-fp32,50,20000,40000.0,0.0,14060.0,1.15,,9108.834224999999,7.28706738,10.55455355,7.35579828,2.825867685,13864,13842.0,13840.0,13846.0,0.0,1.5504978662873399,1.3940256045519204,1768037504.0,0.0,inf,inf,7.011845205,7.158037985,0.9622314216888715,0.6781942932110094
G-set,G81,512,800,gemm-int8,50,20000,40000.0,0.0,14060.0,1.15,,358.3371925,0.286669754,7.363878724999999,0.31336801999999997,6.6719877400000005,13864,13842.0,13840.0,13846.0,0.0,1.5504978662873399,1.3940256045519204,637397504.0,0.0,inf,inf,7.011845205,7.158037985,24.45966170885262,0.9720472392760652
G-set,G81,512,800,gemm-tf32,50,20000,40000.0,0.0,14060.0,1.15,,1169.6808624999999,0.9357446899999999,4.28406735,1.004415515,2.929035345,13864,13842.0,13840.0,13846.0,0.0,1.5504978662873399,1.3940256045519204,1768037504.0,0.0,inf,inf,7.011845205,7.158037985,7.4933315464499195,1.6708509461224974
G-set,G81,512,800,public-matched,50,20000,40000.0,80000.0,14060.0,1.15,,8764.806506249999,7.011845205,7.158037985,7.0118572,0.14508945099999998,13764,13750.0,13744.0,13754.0,0.0,2.204836415362731,2.1052631578947367,,0.0,inf,inf,7.011845205,7.158037985,1.0,1.0
G-set,G81,512,1600,auto,50,20000,40000.0,80000.0,14060.0,1.15,csr-row,113.69418125,0.18191068999999999,0.222242728,0.18273797400000003,0.038896157,13892,13878.0,13876.0,13884.0,0.0,1.2944523470839262,1.1948790896159318,103130500.0,0.0,inf,inf,14.02385055,14.168050749999999,77.09195402425225,63.75034574809575
G-set,G81,512,1600,csr-block,50,20000,40000.0,80000.0,14060.0,1.15,,64.192280625,0.10270764900000001,0.14222816300000002,0.10352922,0.0381324415,13892,13878.0,13876.0,13884.0,0.0,1.2944523470839262,1.1948790896159318,92890500.0,0.0,inf,inf,14.02385055,14.168050749999999,136.5414424976274,99.61494581069712
G-set,G81,512,1600,csr-row,50,20000,40000.0,80000.0,14060.0,1.15,,113.78371250000001,0.18205394,0.2223546805,0.1828782,0.038864221,13892,13878.0,13876.0,13884.0,0.0,1.2944523470839262,1.1948790896159318,103130500.0,0.0,inf,inf,14.02385055,14.168050749999999,77.0312938571942,63.718248332532845
G-set,G81,512,1600,gemm-fp16,50,20000,40000.0,0.0,14060.0,1.15,,496.97729093749996,0.7951636655,4.4775992549999994,0.853525647,3.2406287049999998,13892,13880.0,13876.0,13882.0,0.0,1.2802275960170697,1.1948790896159318,906600704.0,0.0,inf,inf,14.02385055,14.168050749999999,17.636432797997358,3.164206965189876
G-set,G81,512,1600,gemm-fp32,50,20000,40000.0,0.0,14060.0,1.15,,9107.958999999999,14.5727344,17.8526108,14.6414468,2.828373405,13888,13876.0,13876.0,13880.0,0.0,1.3086770981507825,1.2233285917496444,1768040704.0,0.0,inf,inf,14.02385055,14.168050749999999,0.9623348758761431,0.793612256981483
G-set,G81,512,1600,gemm-int8,50,20000,40000.0,0.0,14060.0,1.15,,359.798164375,0.575677063,7.682356309999999,0.602475739,6.69133788,13888,13876.0,13876.0,13880.0,0.0,1.3086770981507825,1.2233285917496444,637400704.0,0.0,inf,inf,14.02385055,14.168050749999999,24.36062065234654,1.8442324435743336
G-set,G81,512,1600,gemm-tf32,50,20000,40000.0,0.0,14060.0,1.15,,1170.08224375,1.87213159,5.134433535,1.94084791,2.81623992,13888,13876.0,13876.0,13880.0,0.0,1.3086770981507825,1.2233285917496444,1768040704.0,0.0,inf,inf,14.02385055,14.168050749999999,7.490846596953156,2.759418473999196
G-set,G81,512,1600,public-matched,50,20000,40000.0,80000.0,14060.0,1.15,,8764.90659375,14.02385055,14.168050749999999,14.02386075,0.1431687575,13792,13780.0,13776.0,13784.0,0.0,1.991465149359886,1.9061166429587482,,0.0,inf,inf,14.02385055,14.168050749999999,1.0,1.0
G-set,G81,512,3200,auto,50,20000,40000.0,80000.0,14060.0,1.15,csr-row,113.738265,0.363962448,0.4044383365,0.3647910285,0.038991146500000004,13914,13904.0,13902.0,13908.0,0.0,1.1095305832147937,1.038406827880512,103136900.0,0.0,inf,inf,28.03677845,28.1821755,77.03206362102499,69.68225550497486
G-set,G81,512,3200,csr-block,50,20000,40000.0,80000.0,14060.0,1.15,,64.11587,0.205170784,0.244700083,0.205996643,0.0380922485,13914,13904.0,13902.0,13908.0,0.0,1.1095305832147937,1.038406827880512,92896900.0,0.0,inf,inf,28.03677845,28.1821755,136.65093003690038,115.17027356300487
G-set,G81,512,3200,csr-row,50,20000,40000.0,80000.0,14060.0,1.15,,113.74225140624999,0.3639752045,0.40431899400000004,0.3648030325,0.0389066995,13914,13904.0,13902.0,13908.0,0.0,1.1095305832147937,1.038406827880512,103136900.0,0.0,inf,inf,28.03677845,28.1821755,77.02936382305131,69.70282355817297
G-set,G81,512,3200,gemm-fp16,50,20000,40000.0,0.0,14060.0,1.15,,498.4110828125,1.5949154650000001,5.286968865,1.653308575,3.24259845,13918,13907.0,13904.0,13910.0,0.0,1.0881934566145093,1.0099573257467993,906607104.0,0.0,inf,inf,28.03677845,28.1821755,17.578849202518704,5.33049772367063
G-set,G81,512,3200,gemm-fp32,50,20000,40000.0,0.0,14060.0,1.15,,9108.497625,29.1471924,32.44175525,29.215946000000002,2.83478698,13922,13906.0,13904.0,13910.0,0.0,1.0953058321479374,0.9815078236130867,1768047104.0,0.0,inf,inf,28.03677845,28.1821755,0.9619032277702328,0.8687007001570916
G-set,G81,512,3200,gemm-int8,50,20000,40000.0,0.0,14060.0,1.15,,361.49568593749996,1.156786195,8.05796336,1.183769845,6.478759815,13922,13906.0,13904.0,13910.0,0.0,1.0953058321479374,0.9815078236130867,637407104.0,0.0,inf,inf,28.03677845,28.1821755,24.2367851303758,3.497431576804787
G-set,G81,512,3200,gemm-tf32,50,20000,40000.0,0.0,14060.0,1.15,,1174.9471281249998,3.75983081,7.05180553,3.8285260250000004,2.8318701199999996,13922,13906.0,13904.0,13910.0,0.0,1.0953058321479374,0.9815078236130867,1768047104.0,0.0,inf,inf,28.03677845,28.1821755,7.456925555115604,3.996448197572459
G-set,G81,512,3200,public-matched,50,20000,40000.0,80000.0,14060.0,1.15,,8761.493265625,28.03677845,28.1821755,28.036789499999998,0.1444248235,13818,13804.0,13802.0,13808.0,0.0,1.8207681365576105,1.7211948790896159,,0.0,inf,inf,28.03677845,28.1821755,1.0,1.0
K2000,WK2000_1,512,200,auto,50,2000,1999000.0,0.0,33337.0,1.1,bit,30.24224045,0.00604844809,0.05684669,0.00619500842,0.0373667185,33234,33177.5,33161.0,33192.75,0.0,0.4784473707892132,0.30896601373848875,8954848.0,0.0,inf,inf,0.03551004,0.048457615,5.870934076248309,0.8524263242063874
K2000,WK2000_1,512,200,bit,50,2000,1999000.0,0.0,33337.0,1.1,,30.239919425000004,0.006047983885,0.056703568999999995,0.006194432005,0.037285822499999996,33234,33177.5,33161.0,33192.75,0.0,0.4784473707892132,0.30896601373848875,8954848.0,0.0,inf,inf,0.03551004,0.048457615,5.871384692024522,0.8545778661657083
K2000,WK2000_1,512,200,block,50,2000,1999000.0,0.0,33337.0,1.1,,774.7919850000001,0.15495839700000003,0.19031071700000002,0.1557594725,0.019464819,33234,33177.5,33161.0,33192.75,0.0,0.4784473707892132,0.30896601373848875,24192800.0,0.0,inf,inf,0.03551004,0.048457615,0.22915853988861276,0.25462367944312875
K2000,WK2000_1,512,200,block-fp16,50,2000,1999000.0,0.0,33337.0,1.1,,650.0323475,0.1300064695,0.179243486,0.1307180245,0.032889484,33234,33177.0,33161.0,33191.75,0.0,0.47994720580736117,0.30896601373848875,12096800.0,0.0,inf,inf,0.03551004,0.048457615,0.2731405609010865,0.27034519402283885
K2000,WK2000_1,512,200,cluster,50,2000,1999000.0,0.0,33337.0,1.1,,2089.2726125,0.4178545225,0.45325140799999997,0.41865500600000005,0.0193439705,33234,33177.5,33161.0,33192.75,0.0,0.4784473707892132,0.30896601373848875,24192800.0,0.0,inf,inf,0.03551004,0.048457615,0.0849818252236339,0.10691111851990101
K2000,WK2000_1,512,200,cluster-fp16,50,2000,1999000.0,0.0,33337.0,1.1,,3378.3358774999997,0.6756671755,0.724950712,0.6763825569999999,0.032779148,33234,33177.0,33161.0,33191.75,0.0,0.47994720580736117,0.30896601373848875,12096800.0,0.0,inf,inf,0.03551004,0.048457615,0.05255552036211059,0.06684263384791324
K2000,WK2000_1,512,200,csr-block,50,2000,1999000.0,3998000.0,33337.0,1.1,,12753.660275000002,2.550732055,2.5705881550000003,2.5519770250000002,0.012441957,33268,33177.5,33160.0,33206.25,0.0,0.4784473707892132,0.2069772325044245,41212900.0,0.0,inf,inf,0.03551004,0.048457615,0.01392150929000655,0.018850789032753477
K2000,WK2000_1,512,200,csr-cluster,50,2000,1999000.0,3998000.0,33337.0,1.1,,9790.995175,1.958199035,1.97807405,1.95943946,0.012245924,33268,33177.5,33160.0,33206.25,0.0,0.4784473707892132,0.2069772325044245,41212900.0,0.0,inf,inf,0.03551004,0.048457615,0.018134029976171445,0.024497371572110762
K2000,WK2000_1,512,200,csr-row,50,2000,1999000.0,3998000.0,33337.0,1.1,,1309.6659075000002,0.2619331815,0.2822309445,0.263176819,0.012551877,33268,33177.5,33160.0,33206.25,0.0,0.4784473707892132,0.2069772325044245,42236900.0,0.0,inf,inf,0.03551004,0.048457615,0.1355690783300015,0.17169490427723103
K2000,WK2000_1,512,200,gemm-fp16,50,2000,1999000.0,0.0,33337.0,1.1,,13.097279675,0.002619455935,0.060613875,0.003335730975,0.033059725,33268,33178.5,33159.75,33206.25,0.0,0.4754477007529172,0.2069772325044245,22435104.0,0.0,inf,inf,0.03551004,0.048457615,13.556265454032156,0.799447568729107
K2000,WK2000_1,512,200,gemm-fp32,50,2000,1999000.0,0.0,33337.0,1.1,,112.40512375,0.022481024750000002,0.066373868,0.023284579899999998,0.019519907000000003,33234,33177.5,33161.0,33192.75,0.0,0.4784473707892132,0.30896601373848875,36579104.0,0.0,inf,inf,0.03551004,0.048457615,1.5795561098699469,0.7300706808287865
K2000,WK2000_1,512,200,gemm-int8,50,2000,1999000.0,0.0,33337.0,1.1,,16.91752015,0.0033835040299999997,0.0840931435,0.003528160015,0.0569325315,33234,33177.5,33161.0,33192.75,0.0,0.4784473707892132,0.30896601373848875,22011104.0,0.0,inf,inf,0.03551004,0.048457615,10.495048826644963,0.5762374075123022
K2000,WK2000_1,512,200,gemm-tf32,50,2000,1999000.0,0.0,33337.0,1.1,,27.889999149999998,0.0055779998299999994,0.049723748,0.006381266945,0.019433266999999997,33234,33177.5,33161.0,33192.75,0.0,0.4784473707892132,0.30896601373848875,36579104.0,0.0,inf,inf,0.03551004,0.048457615,6.3660883976756955,0.9745366539947874
K2000,WK2000_1,512,200,global-sync,50,2000,1999000.0,0.0,33337.0,1.1,,9130.735775000001,1.8261471550000001,1.8623045,1.8269510549999999,0.019752963999999998,33234,33177.5,33161.0,33192.75,0.0,0.4784473707892132,0.30896601373848875,28288800.0,0.0,inf,inf,0.03551004,0.048457615,0.01944533325409912,0.026020242661712947
K2000,WK2000_1,512,200,global-sync-fp16,50,2000,1999000.0,0.0,33337.0,1.1,,9349.491575,1.869898315,1.92011811,1.8706235150000001,0.0334131025,33268,33178.5,33159.75,33206.25,0.0,0.4754477007529172,0.2069772325044245,14144800.0,0.0,inf,inf,0.03551004,0.048457615,0.018990358842052864,0.025236788689004138
K2000,WK2000_1,512,200,public-matched,50,2000,1999000.0,3998000.0,33337.0,1.1,,177.5502,0.03551004,0.048457615,0.035518808,0.0008550429995,33087,32916.5,32875.25,32951.0,0.0,1.2613612502624711,0.7499175090740018,,0.0,inf,inf,0.03551004,0.048457615,1.0,1.0
K2000,WK2000_1,512,400,auto,50,2000,1999000.0,0.0,33337.0,1.1,bit,30.146480875,0.01205859235,0.061898808,0.01220315295,0.036630140500000005,33282,33252.0,33243.25,33262.0,0.0,0.25497195308516063,0.1649818519962804,8955648.0,0.0,inf,inf,0.075289617,0.08818458400000001,6.243648911475145,1.4246572244169873
K2000,WK2000_1,512,400,bit,50,2000,1999000.0,0.0,33337.0,1.1,,30.150239499999998,0.0120600958,0.061776183,0.0122046252,0.036519084,33282,33252.0,33243.25,33262.0,0.0,0.25497195308516063,0.1649818519962804,8955648.0,0.0,inf,inf,0.075289617,0.08818458400000001,6.242870558291917,1.4274851523280423
K2000,WK2000_1,512,400,block,50,2000,1999000.0,0.0,33337.0,1.1,,774.4734962500002,0.3097893985,0.3451334415,0.31058762549999996,0.019440898999999998,33282,33252.0,33243.25,33262.0,0.0,0.25497195308516063,0.1649818519962804,24193600.0,0.0,inf,inf,0.075289617,0.08818458400000001,0.24303484032879197,0.25550866243716347
K2000,WK2000_1,512,400,block-fp16,50,2000,1999000.0,0.0,33337.0,1.1,,650.4879762500001,0.2601951905,0.309440838,0.2609090595,0.032943596500000005,33282,33252.0,33243.25,33262.0,0.0,0.25497195308516063,0.1649818519962804,12097600.0,0.0,inf,inf,0.075289617,0.08818458400000001,0.2893582193249648,0.2849804329963714
K2000,WK2000_1,512,400,cluster,50,2000,1999000.0,0.0,33337.0,1.1,,2089.70008875,0.8358800355,0.871145929,0.8366833665,0.019220034,33282,33252.0,33243.25,33262.0,0.0,0.25497195308516063,0.1649818519962804,24193600.0,0.0,inf,inf,0.075289617,0.08818458400000001,0.09007227568841726,0.10122825701685625
K2000,WK2000_1,512,400,cluster-fp16,50,2000,1999000.0,0.0,33337.0,1.1,,3376.6278125,1.350651125,1.400434835,1.35136978,0.033110973,33282,33252.0,33243.25,33262.0,0.0,0.25497195308516063,0.1649818519962804,12097600.0,0.0,inf,inf,0.075289617,0.08818458400000001,0.05574320089504979,0.06296943049120883
K2000,WK2000_1,512,400,csr-block,50,2000,1999000.0,3998000.0,33337.0,1.1,,12732.777712500001,5.093111085,5.1124515,5.094359165,0.012225492000000001,33284,33250.0,33240.25,33264.75,0.0,0.26097129315775264,0.1589825119236884,41213700.0,0.0,inf,inf,0.075289617,0.08818458400000001,0.014782637909025696,0.017248982019682734
K2000,WK2000_1,512,400,csr-cluster,50,2000,1999000.0,3998000.0,33337.0,1.1,,9801.835025,3.9207340100000003,3.940146305,3.921980605,0.01220218,33284,33250.0,33240.25,33264.75,0.0,0.26097129315775264,0.1589825119236884,41213700.0,0.0,inf,inf,0.075289617,0.08818458400000001,0.01920293924759257,0.02238104303083741
K2000,WK2000_1,512,400,csr-row,50,2000,1999000.0,3998000.0,33337.0,1.1,,1305.61287,0.522245148,0.5421560915,0.523491585,0.0123109165,33284,33250.0,33240.25,33264.75,0.0,0.26097129315775264,0.1589825119236884,42237700.0,0.0,inf,inf,0.075289617,0.08818458400000001,0.1441652781042209,0.16265534111406366
K2000,WK2000_1,512,400,gemm-fp16,50,2000,1999000.0,0.0,33337.0,1.1,,12.8840798125,0.005153631925,0.06464371499999999,0.005867922895,0.032919724,33279,33250.0,33241.75,33258.5,0.0,0.26097129315775264,0.17398086210516842,22435904.0,0.0,inf,inf,0.075289617,0.08818458400000001,14.609040400183412,1.3641633065178884
K2000,WK2000_1,512,400,gemm-fp32,50,2000,1999000.0,0.0,33337.0,1.1,,115.286841375,0.04611473655,0.091995016,0.04688648355,0.019540963,33282,33252.0,33243.25,33262.0,0.0,0.25497195308516063,0.1649818519962804,36579904.0,0.0,inf,inf,0.075289617,0.08818458400000001,1.6326585085955565,0.9585800169870073
K2000,WK2000_1,512,400,gemm-int8,50,2000,1999000.0,0.0,33337.0,1.1,,16.3363999125,0.006534559965000001,0.089420557,0.006679856465,0.0569570425,33282,33252.0,33243.25,33262.0,0.0,0.25497195308516063,0.1649818519962804,22011904.0,0.0,inf,inf,0.075289617,0.08818458400000001,11.521757762307105,0.986177976949976
K2000,WK2000_1,512,400,gemm-tf32,50,2000,1999000.0,0.0,33337.0,1.1,,27.34027975,0.0109361119,0.057530373,0.0117368354,0.019514531,33282,33252.0,33243.25,33262.0,0.0,0.25497195308516063,0.1649818519962804,36579904.0,0.0,inf,inf,0.075289617,0.08818458400000001,6.884495850851709,1.5328352555614406
K2000,WK2000_1,512,400,global-sync,50,2000,1999000.0,0.0,33337.0,1.1,,9163.3355625,3.6653342249999996,3.7016118249999996,3.666144955,0.019686836,33282,33252.0,33243.25,33262.0,0.0,0.25497195308516063,0.1649818519962804,28289600.0,0.0,inf,inf,0.075289617,0.08818458400000001,0.020540996367118473,0.023823293248745773
K2000,WK2000_1,512,400,global-sync-fp16,50,2000,1999000.0,0.0,33337.0,1.1,,9535.671075,3.8142684300000003,3.864465575,3.81500394,0.0334982865,33279,33250.0,33241.75,33258.5,0.0,0.26097129315775264,0.17398086210516842,14145600.0,0.0,inf,inf,0.075289617,0.08818458400000001,0.019738940345108327,0.022819347795587495
K2000,WK2000_1,512,400,public-matched,50,2000,1999000.0,3998000.0,33337.0,1.1,,188.2240425,0.075289617,0.08818458400000001,0.075298593,0.0008651549945,33222,33131.0,33117.5,33166.5,0.0,0.6179320274769775,0.34496205417404086,,0.0,inf,inf,0.075289617,0.08818458400000001,1.0,1.0
K2000,WK2000_1,512,800,auto,50,2000,1999000.0,0.0,33337.0,1.1,bit,30.139619125,0.0241116953,0.0738402025,0.02425588805,0.036555372,33337,33290.5,33278.0,33296.0,1.0,0.13948465668776436,0.0,8957248.0,0.02,5.4974665283999995,16.83556617,0.13454936350000002,0.14731020150000002,5.580253143792839,1.9949864235542967
K2000,WK2000_1,512,800,bit,50,2000,1999000.0,0.0,33337.0,1.1,,30.10303975,0.024082431799999998,0.07385892250000001,0.0242268486,0.0365722995,33337,33290.5,33278.0,33296.0,1.0,0.13948465668776436,0.0,8957248.0,0.02,5.490794450399999,16.839834330000002,0.13454936350000002,0.14731020150000002,5.587033926532288,1.9944807819258399
K2000,WK2000_1,512,800,block,50,2000,1999000.0,0.0,33337.0,1.1,,769.2592625,0.61540741,0.6507275404999999,0.6162093335000001,0.0192792815,33337,33290.5,33278.0,33296.0,1.0,0.13948465668776436,0.0,24195200.0,0.02,140.31288948,148.36587923399998,0.13454936350000002,0.14731020150000002,0.21863461718798613,0.22637769624259516
K2000,WK2000_1,512,800,block-fp16,50,2000,1999000.0,0.0,33337.0,1.1,,650.449676875,0.5203597415000001,0.569478156,0.521072779,0.032863723,33337,33293.5,33278.5,33296.75,1.0,0.13048564657887632,0.0,12099200.0,0.02,118.64202106200003,129.84101956799998,0.13454936350000002,0.14731020150000002,0.2585698945735986,0.25867577175339457
K2000,WK2000_1,512,800,cluster,50,2000,1999000.0,0.0,33337.0,1.1,,2087.44720625,1.669957765,1.70560985,1.67075713,0.019440578,33337,33290.5,33278.0,33296.0,1.0,0.13948465668776436,0.0,24195200.0,0.02,380.75037041999997,388.87904580000003,0.13454936350000002,0.14731020150000002,0.08057051879991708,0.08636805275250961
K2000,WK2000_1,512,800,cluster-fp16,50,2000,1999000.0,0.0,33337.0,1.1,,3376.13418125,2.700907345,2.750967045,2.701625955,0.033277628000000004,33337,33293.5,33278.5,33296.75,1.0,0.13048564657887632,0.0,12099200.0,0.02,615.8068746600001,627.22048626,0.13454936350000002,0.14731020150000002,0.049816356621444936,0.05354851551847653
K2000,WK2000_1,512,800,csr-block,50,2000,1999000.0,3998000.0,33337.0,1.1,,12730.307562499998,10.184246049999999,10.2049014,10.1855024,0.012264388000000001,33337,33290.5,33283.0,33296.0,1.0,0.13948465668776433,0.0,41215300.0,0.02,2322.0080993999995,2326.7175192,0.13454936350000002,0.14731020150000002,0.013211519324987247,0.014435240060232234
K2000,WK2000_1,512,800,csr-cluster,50,2000,1999000.0,3998000.0,33337.0,1.1,,9789.49249375,7.831593995,7.85115206,7.83283768,0.012207299,33337,33290.5,33283.0,33296.0,1.0,0.13948465668776433,0.0,41215300.0,0.02,1785.6034308600001,1790.06266968,0.13454936350000002,0.14731020150000002,0.01718032926450243,0.01876287713882337
K2000,WK2000_1,512,800,csr-row,50,2000,1999000.0,3998000.0,33337.0,1.1,,1304.79049375,1.043832395,1.06342858,1.04508712,0.012307669,33337,33290.5,33283.0,33296.0,1.0,0.13948465668776433,0.0,42239300.0,0.02,237.99378606,242.46171624000002,0.13454936350000002,0.14731020150000002,0.12889939433236314,0.13852383156751347
K2000,WK2000_1,512,800,gemm-fp16,50,2000,1999000.0,0.0,33337.0,1.1,,12.5641399375,0.010051311949999999,0.073702533,0.01076558695,0.033204107499999996,33335,33291.0,33285.25,33298.75,0.0,0.13798482166961634,0.0059993400725920154,22437504.0,0.0,inf,inf,0.13454936350000002,0.14731020150000002,13.386248896593049,1.9987128732739756
K2000,WK2000_1,512,800,gemm-fp32,50,2000,1999000.0,0.0,33337.0,1.1,,111.61431787500001,0.0892914543,0.1389909085,0.09009355329999999,0.019522658999999998,33337,33290.5,33278.0,33296.0,1.0,0.13948465668776436,0.0,36581504.0,0.02,20.3584515804,31.689927138,0.13454936350000002,0.14731020150000002,1.506855998200491,1.059854943677845
K2000,WK2000_1,512,800,gemm-int8,50,2000,1999000.0,0.0,33337.0,1.1,,15.9647804375,0.012771824349999999,0.100755483,0.01291616085,0.057292707,33337,33290.5,33278.0,33296.0,1.0,0.13948465668776436,0.0,22013504.0,0.02,2.9119759517999997,22.972250124000002,0.13454936350000002,0.14731020150000002,10.53485859285248,1.462056427241781
K2000,WK2000_1,512,800,gemm-tf32,50,2000,1999000.0,0.0,33337.0,1.1,,27.40409975,0.0219232798,0.0726405,0.0227233789,0.019355362,33337,33290.5,33278.0,33296.0,1.0,0.13948465668776436,0.0,36581504.0,0.02,4.9985077944,16.562034,0.13454936350000002,0.14731020150000002,6.1372825930908395,2.027934850393376
K2000,WK2000_1,512,800,global-sync,50,2000,1999000.0,0.0,33337.0,1.1,,9199.4302375,7.35954419,7.3964351399999995,7.3603456650000005,0.0201558775,33337,33290.5,33278.0,33296.0,1.0,0.13948465668776436,0.0,28291200.0,0.02,1677.97607532,1686.3872119199998,0.13454936350000002,0.14731020150000002,0.018282295754514656,0.01991637845958317
K2000,WK2000_1,512,800,global-sync-fp16,50,2000,1999000.0,0.0,33337.0,1.1,,9531.395874999998,7.6251166999999995,7.67533141,7.6258469600000005,0.033462428,33335,33291.0,33285.25,33298.75,0.0,0.13798482166961634,0.0059993400725920154,14147200.0,0.0,inf,inf,0.13454936350000002,0.14731020150000002,0.01764554810026711,0.0191926828472935
K2000,WK2000_1,512,800,public-matched,50,2000,1999000.0,3998000.0,33337.0,1.1,,168.18670437500003,0.13454936350000002,0.14731020150000002,0.1345588995,0.000857267507,33278,33243.5,33236.0,33255.75,0.0,0.2804691483936767,0.17698053214146445,,0.0,inf,inf,0.13454936350000002,0.14731020150000002,1.0,1.0
K2000,WK2000_1,512,1600,auto,50,2000,1999000.0,0.0,33337.0,1.1,bit,30.096510656250004,0.04815441705,0.09790869799999999,0.048298496149999995,0.036611402,33337,33311.0,33304.25,33335.0,11.0,0.0779914209436962,0.0,8960448.0,0.22,0.9149339239500001,1.8602652619999998,0.2698597585,0.2827071885,5.604049950803007,2.8874573380599955
K2000,WK2000_1,512,1600,bit,50,2000,1999000.0,0.0,33337.0,1.1,,30.114550593749996,0.04818328095,0.0980413545,0.04832745585,0.036707194,33337,33311.0,33304.25,33335.0,11.0,0.0779914209436962,0.0,8960448.0,0.22,0.9154823380499999,1.8627857355,0.2698597585,0.2827071885,5.6006928789269175,2.8835504154524916
K2000,WK2000_1,512,1600,block,50,2000,1999000.0,0.0,33337.0,1.1,,771.2926500000001,1.23406824,1.269847375,1.234885905,0.019419330999999998,33337,33311.0,33304.25,33335.0,11.0,0.0779914209436962,0.0,24198400.0,0.22,23.44729656,24.127100125,0.2698597585,0.2827071885,0.2186749077182312,0.2226308405764118
K2000,WK2000_1,512,1600,block-fp16,50,2000,1999000.0,0.0,33337.0,1.1,,650.37391875,1.04059827,1.0901440999999998,1.04131379,0.0329206195,33337,33311.0,33304.25,33335.0,11.0,0.0779914209436962,0.0,12102400.0,0.22,19.77136713,20.712737899999997,0.2698597585,0.2827071885,0.2593313541641771,0.2593301092029944
K2000,WK2000_1,512,1600,cluster,50,2000,1999000.0,0.0,33337.0,1.1,,2090.28564375,3.34445703,3.3800000299999997,3.345266095,0.019168258,33337,33311.0,33304.25,33335.0,11.0,0.0779914209436962,0.0,24198400.0,0.22,63.544683570000004,64.22000057,0.2698597585,0.2827071885,0.08068866069419944,0.08364117928720848
K2000,WK2000_1,512,1600,cluster-fp16,50,2000,1999000.0,0.0,33337.0,1.1,,3375.55770625,5.40089233,5.451068065,5.40161477,0.033271485,33337,33311.0,33304.25,33335.0,11.0,0.0779914209436962,0.0,12102400.0,0.22,102.61695427,103.57029323500001,0.2698597585,0.2827071885,0.04996577269297276,0.05186271481642194
K2000,WK2000_1,512,1600,csr-block,50,2000,1999000.0,3998000.0,33337.0,1.1,,12715.02196875,20.34403515,20.364129900000002,20.345292399999998,0.01232706,33337,33309.5,33304.0,33335.0,10.0,0.0824909259981402,0.0,41218500.0,0.2,427.22473815,427.64672790000003,0.2698597585,0.2827071885,0.013264809882124097,0.01388260583134465
K2000,WK2000_1,512,1600,csr-cluster,50,2000,1999000.0,3998000.0,33337.0,1.1,,9802.8149375,15.6845039,15.704582550000001,15.685765100000001,0.012269396,33337,33309.5,33304.0,33335.0,10.0,0.0824909259981402,0.0,41218500.0,0.2,329.3745819,329.79623355,0.2698597585,0.2827071885,0.017205501699036844,0.018001572954895254
K2000,WK2000_1,512,1600,csr-row,50,2000,1999000.0,3998000.0,33337.0,1.1,,1299.4966906250002,2.079194705,2.098379805,2.080445555,0.012265091499999999,33337,33309.5,33304.0,33335.0,10.0,0.0824909259981402,0.0,42242500.0,0.2,43.663088805,44.065975905,0.2698597585,0.2827071885,0.12979051834397587,0.13472641503047633
K2000,WK2000_1,512,1600,gemm-fp16,50,2000,1999000.0,0.0,33337.0,1.1,,12.49342978125,0.01998948765,0.0907458745,0.020702819150000003,0.033143021,33337,33309.5,33305.0,33335.0,7.0,0.0824909259981402,0.0,22440704.0,0.14,0.61967411715,2.8131221095,0.2698597585,0.2827071885,13.500083805299532,3.115372352271507
K2000,WK2000_1,512,1600,gemm-fp32,50,2000,1999000.0,0.0,33337.0,1.1,,110.77053062499999,0.177232849,0.23416504249999998,0.1780335405,0.019360306,33337,33311.0,33304.25,33335.0,11.0,0.0779914209436962,0.0,36584704.0,0.22,3.367424131,4.449135807499999,0.2698597585,0.2827071885,1.522628339061457,1.2072988584536481
K2000,WK2000_1,512,1600,gemm-int8,50,2000,1999000.0,0.0,33337.0,1.1,,15.969210281250001,0.02555073645,0.123789678,0.025695408949999998,0.057661332999999995,33337,33311.0,33304.25,33335.0,11.0,0.0779914209436962,0.0,22016704.0,0.22,0.48546399255,2.352003882,0.2698597585,0.2827071885,10.56172134326093,2.2837702873740406
K2000,WK2000_1,512,1600,gemm-tf32,50,2000,1999000.0,0.0,33337.0,1.1,,27.325769656250003,0.04372123145,0.10358405600000001,0.044526994449999996,0.0194252025,33337,33311.0,33304.25,33335.0,11.0,0.0779914209436962,0.0,36584704.0,0.22,0.83070339755,1.9680970640000002,0.2698597585,0.2827071885,6.172281739333305,2.72925389695109
K2000,WK2000_1,512,1600,global-sync,50,2000,1999000.0,0.0,33337.0,1.1,,9161.694968749998,14.65871195,14.69578335,14.6595273,0.020185366,33337,33311.0,33304.25,33335.0,11.0,0.0779914209436962,0.0,28294400.0,0.22,278.51552705,279.21988365,0.2698597585,0.2827071885,0.018409513702191276,0.019237299691138954
K2000,WK2000_1,512,1600,global-sync-fp16,50,2000,1999000.0,0.0,33337.0,1.1,,9526.871343750001,15.242994150000001,15.2939993,15.243732600000001,0.0336756955,33337,33309.5,33305.0,33335.0,7.0,0.0824909259981402,0.0,14150400.0,0.14,472.53281865,474.1139783,0.2698597585,0.2827071885,0.017703855019848575,0.01848484382368188
K2000,WK2000_1,512,1600,public-matched,50,2000,1999000.0,3998000.0,33337.0,1.1,,168.66234906249997,0.2698597585,0.2827071885,0.2698675025,0.0008600680010000001,33337,33278.5,33272.0,33288.75,1.0,0.17548069712331643,0.0,,0.02,61.528024938,64.45723897799999,0.2698597585,0.2827071885,1.0,1.0
K2000,WK2000_1,512,3200,auto,50,2000,1999000.0,0.0,33337.0,1.1,bit,30.109574796875002,0.09635063935,0.146129276,0.09649380835,0.036517819,33337,33337.0,33335.0,33337.0,34.0,0.0,0.0,8966848.0,0.68,0.48175319675,0.73064638,0.5424340955,0.5551325655,5.6297923828981835,3.7989140896037834
K2000,WK2000_1,512,3200,bit,50,2000,1999000.0,0.0,33337.0,1.1,,30.109560500000004,0.0963505936,0.1461371645,0.09649496075,0.036522331000000005,33337,33337.0,33335.0,33337.0,34.0,0.0,0.0,8966848.0,0.68,0.481752968,0.7306858225,0.5424340955,0.5551325655,5.629795056083598,3.79870902380893
K2000,WK2000_1,512,3200,block,50,2000,1999000.0,0.0,33337.0,1.1,,770.7244859375,2.466318355,2.5019967000000003,2.467121755,0.019357042499999998,33337,33337.0,33335.0,33337.0,34.0,0.0,0.0,24204800.0,0.68,12.331591775,12.5099835,0.5424340955,0.5551325655,0.2199367710986362,0.2218758184213432
K2000,WK2000_1,512,3200,csr-row,50,2000,1999000.0,3998000.0,33337.0,1.1,,1298.5696406250001,4.155422850000001,4.175573655,4.156674185,0.012395314000000001,33337,33337.0,33335.0,33337.0,27.0,0.0,0.0,42248900.0,0.54,24.932537100000005,25.053441929999998,0.5424340955,0.5551325655,0.1305364375854072,0.13294761663113328
K2000,WK2000_1,512,3200,gemm-fp16,50,2000,1999000.0,0.0,33337.0,1.1,,12.431254984375,0.03978001595,0.12645607650000001,0.04049909095,0.033251550000000005,33337,33337.0,33335.0,33337.0,31.0,0.0,0.0,22447104.0,0.62,0.19890007975,0.6322803825000001,0.5424340955,0.5551325655,13.635844092717113,4.389924002584407
K2000,WK2000_1,512,3200,gemm-fp32,50,2000,1999000.0,0.0,33337.0,1.1,,112.43451109375,0.3597904355,0.433795215,0.360589783,0.019716756000000002,33337,33337.0,33335.0,33337.0,34.0,0.0,0.0,36591104.0,0.68,1.7989521775,2.1689760750000002,0.5424340955,0.5551325655,1.5076390086528577,1.2797111316684302
K2000,WK2000_1,512,3200,gemm-int8,50,2000,1999000.0,0.0,33337.0,1.1,,16.00272,0.051208704,0.1682718875,0.051359329,0.057505862000000005,33337,33337.0,33335.0,33337.0,34.0,0.0,0.0,22023104.0,0.68,0.25604352,0.8413594375,0.5424340955,0.5551325655,10.592615183153239,3.299021445278553
K2000,WK2000_1,512,3200,gemm-tf32,50,2000,1999000.0,0.0,33337.0,1.1,,26.723320484375,0.08551462555,0.16571814899999998,0.08631658115,0.019663652,33337,33337.0,33335.0,33337.0,34.0,0.0,0.0,36591104.0,0.68,0.42757312775,0.8285907449999999,0.5424340955,0.5551325655,6.343173369599114,3.3498598002081237
K2000,WK2000_1,512,3200,public-matched,50,2000,1999000.0,3998000.0,33337.0,1.1,,169.51065484375,0.5424340955,0.5551325655,0.5424427355,0.0008602435045000001,33337,33308.0,33299.0,33332.75,9.0,0.08699043105258421,0.0,,0.18,13.018418292,13.323181572,0.5424340955,0.5551325655,1.0,1.0
QPLIB,QPLIB_3506,1024,200,auto,50,496,,,478.0,1.16,bit,31.191920024999995,0.006238384005,0.013275622,0.00636060846,0.005931352,478,478.0,478.0,478.0,50.0,0.0,0.0,4268900.0,1.0,0.006238384005,0.013275622,0.036242388,0.0374562335,5.8095795274789275,2.8214296475148206
QPLIB,QPLIB_3506,1024,200,bit,50,496,,,478.0,1.16,,31.20288015,0.00624057603,0.01325207,0.00636204911,0.00590196,478,478.0,478.0,478.0,50.0,0.0,0.0,4268900.0,1.0,0.00624057603,0.01325207,0.036242388,0.0374562335,5.807538891566073,2.826443981959045
QPLIB,QPLIB_3506,1024,200,block,50,496,,,478.0,1.16,,150.2854395,0.0300570879,0.036207128000000005,0.030257313049999998,0.0050534935,478,478.0,478.0,478.0,50.0,0.0,0.0,5074176.0,1.0,0.0300570879,0.036207128000000005,0.036242388,0.0374562335,1.2057850754064567,1.0344988837557068
QPLIB,QPLIB_3506,1024,200,csr-block,50,496,,,478.0,1.16,,4.150160104999999,0.000830032021,0.003727567,0.0008821919945,0.002391818,478,478.0,478.0,478.0,50.0,0.0,0.0,4606696.0,1.0,0.000830032021,0.003727567,0.036242388,0.0374562335,43.66384318081627,10.048440041453311
QPLIB,QPLIB_3506,1024,200,csr-row,50,496,,,478.0,1.16,,7.31504025,0.00146300805,0.004365154499999999,0.00151577604,0.00238721,478,478.0,478.0,478.0,50.0,0.0,0.0,5115624.0,1.0,0.00146300805,0.004365154499999999,0.036242388,0.0374562335,24.77251440960971,8.580734885786976
QPLIB,QPLIB_3506,1024,200,gemm-fp16,50,496,,,478.0,1.16,,19.349199525,0.003869839905,0.0221278845,0.0040552005,0.010074745999999999,478,478.0,478.0,478.0,50.0,0.0,0.0,9785360.0,1.0,0.003869839905,0.0221278845,0.036242388,0.0374562335,9.365345567183095,1.692716423027244
QPLIB,QPLIB_3506,1024,200,gemm-fp32,50,496,,,478.0,1.16,,20.423439725,0.004084687945,0.0177581525,0.00428718479,0.005099605,478,478.0,478.0,478.0,50.0,0.0,0.0,13339904.0,1.0,0.004084687945,0.0177581525,0.036242388,0.0374562335,8.87274339876164,2.1092415722863063
QPLIB,QPLIB_3506,1024,200,gemm-int8,50,496,,,478.0,1.16,,15.828080175,0.003165616035,0.0168727745,0.0032878720150000002,0.005533287499999999,478,478.0,478.0,478.0,50.0,0.0,0.0,11134428.0,1.0,0.003165616035,0.0168727745,0.036242388,0.0374562335,11.448763084118003,2.2199214183772797
QPLIB,QPLIB_3506,1024,200,gemm-tf32,50,496,,,478.0,1.16,,16.46135985,0.00329227197,0.016486676999999998,0.003494529045,0.004977221,478,478.0,478.0,478.0,50.0,0.0,0.0,13339904.0,1.0,0.00329227197,0.016486676999999998,0.036242388,0.0374562335,11.00832140547611,2.2719092210031167
QPLIB,QPLIB_3506,1024,200,public-matched,50,496,,,478.0,1.16,,181.21193999999997,0.036242388,0.0374562335,0.03630202,0.0001670410055,478,478.0,478.0,478.0,50.0,0.0,0.0,,1.0,0.036242388,0.0374562335,0.036242388,0.0374562335,1.0,1.0
QPLIB,QPLIB_3506,1024,400,auto,50,496,,,478.0,1.16,bit,31.14063975,0.0124562559,0.019600239999999998,0.0125783999,0.0060171289999999995,478,478.0,478.0,478.0,50.0,0.0,0.0,4269700.0,1.0,0.0124562559,0.019600239999999998,0.0708470415,0.07202960650000001,5.687667471571454,3.674934924266234
QPLIB,QPLIB_3506,1024,400,bit,50,496,,,478.0,1.16,,31.13515975,0.0124540639,0.019515743500000002,0.012575280000000001,0.0059507125,478,478.0,478.0,478.0,50.0,0.0,0.0,4269700.0,1.0,0.0124540639,0.019515743500000002,0.0708470415,0.07202960650000001,5.688668539752715,3.690846136607606
QPLIB,QPLIB_3506,1024,400,block,50,496,,,478.0,1.16,,150.240879,0.0600963516,0.066103925,0.0602941289,0.0049404365,478,478.0,478.0,478.0,50.0,0.0,0.0,5074976.0,1.0,0.0600963516,0.066103925,0.0708470415,0.07202960650000001,1.1788908912733398,1.0896419009915073
QPLIB,QPLIB_3506,1024,400,csr-block,50,496,,,478.0,1.16,,4.101800024999999,0.00164072001,0.004521235,0.0016937600450000001,0.0023820259999999998,478,478.0,478.0,478.0,50.0,0.0,0.0,4607496.0,1.0,0.00164072001,0.004521235,0.0708470415,0.07202960650000001,43.180458011236176,15.931400712415968
QPLIB,QPLIB_3506,1024,400,csr-row,50,496,,,478.0,1.16,,7.1975201250000005,0.00287900805,0.005739304,0.00293088008,0.002373162,478,478.0,478.0,478.0,50.0,0.0,0.0,5116424.0,1.0,0.00287900805,0.005739304,0.0708470415,0.07202960650000001,24.60814289838474,12.550233704295854
QPLIB,QPLIB_3506,1024,400,gemm-fp16,50,496,,,478.0,1.16,,19.2987602875,0.007719504114999999,0.0270581455,0.007906832995,0.01004457,478,478.0,478.0,478.0,50.0,0.0,0.0,9786160.0,1.0,0.007719504114999999,0.0270581455,0.0708470415,0.07202960650000001,9.177667431038088,2.6620304225949267
QPLIB,QPLIB_3506,1024,400,gemm-fp32,50,496,,,478.0,1.16,,20.341960200000003,0.00813678408,0.0236337285,0.008340417079999999,0.0054681665,478,478.0,478.0,478.0,50.0,0.0,0.0,13340704.0,1.0,0.00813678408,0.0236337285,0.0708470415,0.07202960650000001,8.707007683064878,3.0477462115213863
QPLIB,QPLIB_3506,1024,400,gemm-int8,50,496,,,478.0,1.16,,15.477520225000003,0.00619100809,0.021369242,0.00631660899,0.005586744,478,478.0,478.0,478.0,50.0,0.0,0.0,11135228.0,1.0,0.00619100809,0.021369242,0.0708470415,0.07202960650000001,11.44353883407702,3.370714155420207
QPLIB,QPLIB_3506,1024,400,gemm-tf32,50,496,,,478.0,1.16,,16.3741999875,0.006549679995,0.0209021995,0.006752112905,0.004958213,478,478.0,478.0,478.0,50.0,0.0,0.0,13340704.0,1.0,0.006549679995,0.0209021995,0.0708470415,0.07202960650000001,10.816870679801815,3.4460299979435183
QPLIB,QPLIB_3506,1024,400,public-matched,50,496,,,478.0,1.16,,177.11760375,0.0708470415,0.07202960650000001,0.0709036815,0.000170208499,478,478.0,478.0,478.0,50.0,0.0,0.0,,1.0,0.0708470415,0.07202960650000001,0.0708470415,0.07202960650000001,1.0,1.0
QPLIB,QPLIB_3506,1024,800,auto,50,496,,,478.0,1.16,bit,31.092560312500005,0.024874048250000003,0.0319802425,0.02499577685,0.0059868890000000004,478,478.0,478.0,478.0,50.0,0.0,0.0,4271300.0,1.0,0.024874048250000003,0.0319802425,0.143801068,0.1449989765,5.781168652352356,4.534017417159985
QPLIB,QPLIB_3506,1024,800,bit,50,496,,,478.0,1.16,,31.10059975,0.0248804798,0.03194789,0.0250012649,0.005950856,478,478.0,478.0,478.0,50.0,0.0,0.0,4271300.0,1.0,0.0248804798,0.03194789,0.143801068,0.1449989765,5.77967423280961,4.538608856484731
QPLIB,QPLIB_3506,1024,800,block,50,496,,,478.0,1.16,,150.21956,0.120175648,0.1262680975,0.1203748965,0.004993717,478,478.0,478.0,478.0,50.0,0.0,0.0,5076576.0,1.0,0.120175648,0.1262680975,0.143801068,0.1449989765,1.1965907435756036,1.1483421336889943
QPLIB,QPLIB_3506,1024,800,csr-block,50,496,,,478.0,1.16,,4.06828000625,0.0032546240049999998,0.006115114,0.003307504035,0.002364826,478,478.0,478.0,478.0,50.0,0.0,0.0,4609096.0,1.0,0.0032546240049999998,0.006115114,0.143801068,0.1449989765,44.18361929952029,23.711573733539556
QPLIB,QPLIB_3506,1024,800,csr-row,50,496,,,478.0,1.16,,7.123459875,0.0056987679,0.008603428,0.005752848515000001,0.002393002,478,478.0,478.0,478.0,50.0,0.0,0.0,5118024.0,1.0,0.0056987679,0.008603428,0.143801068,0.1449989765,25.23371200992411,16.853628170073602
QPLIB,QPLIB_3506,1024,800,gemm-fp16,50,496,,,478.0,1.16,,19.280920000000002,0.015424736,0.037485293,0.015613569,0.0103775955,478,478.0,478.0,478.0,50.0,0.0,0.0,9787760.0,1.0,0.015424736,0.037485293,0.143801068,0.1449989765,9.322757160965349,3.868156412702976
QPLIB,QPLIB_3506,1024,800,gemm-fp32,50,496,,,478.0,1.16,,20.220559875,0.0161764479,0.034991519,0.0163817451,0.0055342625,478,478.0,478.0,478.0,50.0,0.0,0.0,13342304.0,1.0,0.0161764479,0.034991519,0.143801068,0.1449989765,8.889533035246878,4.143832009693549
QPLIB,QPLIB_3506,1024,800,gemm-int8,50,496,,,478.0,1.16,,15.421699874999998,0.0123373599,0.0308138255,0.0124631364,0.0059740735,478,478.0,478.0,478.0,50.0,0.0,0.0,11136828.0,1.0,0.0123373599,0.0308138255,0.143801068,0.1449989765,11.655740706729322,4.705646707189927
QPLIB,QPLIB_3506,1024,800,gemm-tf32,50,496,,,478.0,1.16,,16.41222,0.013129776,0.029882669,0.01333235275,0.004981045,478,478.0,478.0,478.0,50.0,0.0,0.0,13342304.0,1.0,0.013129776,0.029882669,0.143801068,0.1449989765,10.952286467034929,4.852276632318217
QPLIB,QPLIB_3506,1024,800,public-matched,50,496,,,478.0,1.16,,179.751335,0.143801068,0.1449989765,0.1438561565,0.0001729124995,478,478.0,478.0,478.0,50.0,0.0,0.0,,1.0,0.143801068,0.1449989765,0.143801068,0.1449989765,1.0,1.0
QPLIB,QPLIB_3506,1024,1600,auto,50,496,,,478.0,1.16,bit,31.086690437499996,0.0497387047,0.056928537,0.049861425200000004,0.006067721,478,478.0,478.0,478.0,50.0,0.0,0.0,4274500.0,1.0,0.0497387047,0.056928537,0.27584866350000004,0.276812923,5.545955914288215,4.862463319582584
QPLIB,QPLIB_3506,1024,1600,bit,50,496,,,478.0,1.16,,31.11253975,0.0497800636,0.0568782645,0.04990347335,0.0059791605000000005,478,478.0,478.0,478.0,50.0,0.0,0.0,4274500.0,1.0,0.0497800636,0.0568782645,0.27584866350000004,0.276812923,5.541348153279579,4.866761063006766
QPLIB,QPLIB_3506,1024,1600,block,50,496,,,478.0,1.16,,150.1325128125,0.2402120205,0.2463035295,0.240419504,0.005001557,478,478.0,478.0,478.0,50.0,0.0,0.0,5079776.0,1.0,0.2402120205,0.2463035295,0.27584866350000004,0.276812923,1.148354952952906,1.1238690877143926
QPLIB,QPLIB_3506,1024,1600,csr-block,50,496,,,478.0,1.16,,4.0492799875,0.00647884798,0.009391479500000001,0.006531600950000001,0.00238121,478,478.0,478.0,478.0,50.0,0.0,0.0,4612296.0,1.0,0.00647884798,0.009391479500000001,0.27584866350000004,0.276812923,42.57680753608299,29.474900413720754
QPLIB,QPLIB_3506,1024,1600,csr-row,50,496,,,478.0,1.16,,7.208560125,0.011533696199999999,0.0144326365,0.01158750395,0.0023870015,478,478.0,478.0,478.0,50.0,0.0,0.0,5121224.0,1.0,0.011533696199999999,0.0144326365,0.27584866350000004,0.276812923,23.916761696913785,19.179650440167325
QPLIB,QPLIB_3506,1024,1600,gemm-fp16,50,496,,,478.0,1.16,,19.3384396875,0.0309415035,0.057597905500000005,0.0311317614,0.010088154,478,478.0,478.0,478.0,50.0,0.0,0.0,9790960.0,1.0,0.0309415035,0.057597905500000005,0.27584866350000004,0.276812923,8.915166759753612,4.805954671389917
QPLIB,QPLIB_3506,1024,1600,gemm-fp32,50,496,,,478.0,1.16,,20.143129843750003,0.03222900775,0.056599895,0.032442399999999996,0.005158597,478,478.0,478.0,478.0,50.0,0.0,0.0,13345504.0,1.0,0.03222900775,0.056599895,0.27584866350000004,0.276812923,8.559018187582895,4.890696758359711
QPLIB,QPLIB_3506,1024,1600,gemm-int8,50,496,,,478.0,1.16,,15.4493099375,0.0247188959,0.049539823499999996,0.0248458249,0.0059781850000000004,478,478.0,478.0,478.0,50.0,0.0,0.0,11140028.0,1.0,0.0247188959,0.049539823499999996,0.27584866350000004,0.276812923,11.159424944218486,5.587684885474006
QPLIB,QPLIB_3506,1024,1600,gemm-tf32,50,496,,,478.0,1.16,,16.43086971875,0.02628939155,0.0484420915,0.026494368650000003,0.005330614500000001,478,478.0,478.0,478.0,50.0,0.0,0.0,13345504.0,1.0,0.02628939155,0.0484420915,0.27584866350000004,0.276812923,10.492774736735969,5.714305770633375
QPLIB,QPLIB_3506,1024,1600,public-matched,50,496,,,478.0,1.16,,172.4054146875,0.27584866350000004,0.276812923,0.2759031435,0.000170129002,478,478.0,478.0,478.0,50.0,0.0,0.0,,1.0,0.27584866350000004,0.276812923,0.27584866350000004,0.276812923,1.0,1.0
QPLIB,QPLIB_3506,1024,3200,auto,50,496,,,478.0,1.16,bit,31.105239390624998,0.09953676605,0.10670805250000001,0.09965812655,0.0060532565,478,478.0,478.0,478.0,50.0,0.0,0.0,4280900.0,1.0,0.09953676605,0.10670805250000001,0.581349464,0.582397404,5.840550050701592,5.457858056213704
QPLIB,QPLIB_3506,1024,3200,bit,50,496,,,478.0,1.16,,31.105430124999998,0.09953737639999999,0.106642132,0.09965686295,0.0059885045,478,478.0,478.0,478.0,50.0,0.0,0.0,4280900.0,1.0,0.09953737639999999,0.106642132,0.581349464,0.582397404,5.840514237222753,5.461231814082637
QPLIB,QPLIB_3506,1024,3200,block,50,496,,,478.0,1.16,,150.1888084375,0.48060418699999996,0.486927387,0.480811164,0.005121637,478,478.0,478.0,478.0,50.0,0.0,0.0,5086176.0,1.0,0.48060418699999996,0.486927387,0.581349464,0.582397404,1.2096221375616105,1.1960662298914806
QPLIB,QPLIB_3506,1024,3200,csr-block,50,496,,,478.0,1.16,,4.04251009375,0.0129360323,0.015805377000000002,0.0129883359,0.00237305,478,478.0,478.0,478.0,50.0,0.0,0.0,4618696.0,1.0,0.0129360323,0.015805377000000002,0.581349464,0.582397404,44.94032254387614,36.848055190331735
QPLIB,QPLIB_3506,1024,3200,csr-row,50,496,,,478.0,1.16,,7.0619049687499995,0.0225980959,0.025496697,0.0226491679,0.00237745,478,478.0,478.0,478.0,50.0,0.0,0.0,5127624.0,1.0,0.0225980959,0.025496697,0.581349464,0.582397404,25.725595048917373,22.84207260258064
QPLIB,QPLIB_3506,1024,3200,gemm-fp16,50,496,,,478.0,1.16,,18.94142984375,0.0606125755,0.098691704,0.060804512500000005,0.010412555,478,478.0,478.0,478.0,50.0,0.0,0.0,9797360.0,1.0,0.0606125755,0.098691704,0.581349464,0.582397404,9.591235138985308,5.901178927866114
QPLIB,QPLIB_3506,1024,3200,gemm-fp32,50,496,,,478.0,1.16,,19.9107700625,0.0637144642,0.10249589049999999,0.0639256322,0.0055849505,478,478.0,478.0,478.0,50.0,0.0,0.0,13351904.0,1.0,0.0637144642,0.10249589049999999,0.581349464,0.582397404,9.124293381407734,5.682153705469782
QPLIB,QPLIB_3506,1024,3200,gemm-int8,50,496,,,478.0,1.16,,15.418400171875,0.049338880550000005,0.089198096,0.04947296055,0.006044873,478,478.0,478.0,478.0,50.0,0.0,0.0,11146428.0,1.0,0.049338880550000005,0.089198096,0.581349464,0.582397404,11.782785858119757,6.529258247844213
QPLIB,QPLIB_3506,1024,3200,gemm-tf32,50,496,,,478.0,1.16,,16.0540145625,0.0513728466,0.084677533,0.0515821911,0.005376214,478,478.0,478.0,478.0,50.0,0.0,0.0,13351904.0,1.0,0.0513728466,0.084677533,0.581349464,0.582397404,11.316278977618499,6.877826778444289
QPLIB,QPLIB_3506,1024,3200,public-matched,50,496,,,478.0,1.16,,181.6717075,0.581349464,0.582397404,0.581407224,0.0001812170015,478,478.0,478.0,478.0,50.0,0.0,0.0,,1.0,0.581349464,0.582397404,0.581349464,0.582397404,1.0,1.0
QPLIB,QPLIB_3565,2048,200,auto,50,276,,,282.0,1.17,gemm,15.254160174999999,0.003050832035,0.017433319000000003,0.0032055845600000004,0.0059474639999999995,282,282.0,282.0,282.0,50.0,0.0,0.0,13582080.0,1.0,0.003050832035,0.017433319000000003,0.036011587,0.0368677505,11.803857631906634,2.1147866622528957
QPLIB,QPLIB_3565,2048,200,block,50,276,,,282.0,1.17,,105.14391900000001,0.0210287838,0.027628916000000003,0.021180017449999998,0.0056877035,282,282.0,282.0,282.0,50.0,0.0,0.0,4849408.0,1.0,0.0210287838,0.027628916000000003,0.036011587,0.0368677505,1.7124902392120271,1.3343900462833935
QPLIB,QPLIB_3565,2048,200,csr-block,50,276,,,282.0,1.17,,4.450080095000001,0.000890016019,0.0040587209999999995,0.0009423844749999999,0.002847804,282,282.0,282.0,282.0,50.0,0.0,0.0,5132408.0,1.0,0.000890016019,0.0040587209999999995,0.036011587,0.0368677505,40.46172903771072,9.08358827817926
QPLIB,QPLIB_3565,2048,200,csr-row,50,276,,,282.0,1.17,,7.527039950000001,0.00150540799,0.0046885799999999995,0.0015528645049999999,0.0028579160000000003,282,282.0,282.0,282.0,50.0,0.0,0.0,5699704.0,1.0,0.00150540799,0.0046885799999999995,0.036011587,0.0368677505,23.921479917215,7.863308400411213
QPLIB,QPLIB_3565,2048,200,gemm-fp16,50,276,,,282.0,1.17,,16.487280124999998,0.003297456025,0.022406429999999998,0.0035026090449999997,0.0107021245,282,282.0,282.0,282.0,50.0,0.0,0.0,10023184.0,1.0,0.003297456025,0.022406429999999998,0.036011587,0.0368677505,10.921021152965944,1.6454093981058115
QPLIB,QPLIB_3565,2048,200,gemm-fp32,50,276,,,282.0,1.17,,20.201280125,0.004040256025,0.018582875999999998,0.004195024665,0.005770999,282,282.0,282.0,282.0,50.0,0.0,0.0,13582080.0,1.0,0.004040256025,0.018582875999999998,0.036011587,0.0368677505,8.91319430678901,1.983963650190638
QPLIB,QPLIB_3565,2048,200,gemm-int8,50,276,,,282.0,1.17,,10.110640525,0.002022128105,0.0161145,0.0021335365199999998,0.0060996575,282,282.0,282.0,282.0,50.0,0.0,0.0,11674708.0,1.0,0.002022128105,0.0161145,0.036011587,0.0368677505,17.808756483308954,2.287861894567005
QPLIB,QPLIB_3565,2048,200,gemm-tf32,50,276,,,282.0,1.17,,15.173839925,0.003034767985,0.016939607,0.0031880005600000002,0.0055552875000000005,282,282.0,282.0,282.0,50.0,0.0,0.0,13582080.0,1.0,0.003034767985,0.016939607,0.036011587,0.0368677505,11.866339429569276,2.176423012647224
QPLIB,QPLIB_3565,2048,200,public-matched,50,276,,,282.0,1.17,,180.057935,0.036011587,0.0368677505,0.0360676675,0.000162065,282,282.0,282.0,282.0,50.0,0.0,0.0,,1.0,0.036011587,0.0368677505,0.036011587,0.0368677505,1.0,1.0
QPLIB,QPLIB_3565,2048,400,auto,50,276,,,282.0,1.17,gemm,15.2042400875,0.0060816960350000004,0.021523880000000002,0.0062367525,0.005840424,282,282.0,282.0,282.0,50.0,0.0,0.0,13582880.0,1.0,0.0060816960350000004,0.021523880000000002,0.071192755,0.07212344700000001,11.706069259346005,3.350857140998742
QPLIB,QPLIB_3565,2048,400,block,50,276,,,282.0,1.17,,105.0995635,0.0420398254,0.048634076,0.042190721900000006,0.005666232,282,282.0,282.0,282.0,50.0,0.0,0.0,4850208.0,1.0,0.0420398254,0.048634076,0.071192755,0.07212344700000001,1.693459816319789,1.4829817472012836
QPLIB,QPLIB_3565,2048,400,csr-block,50,276,,,282.0,1.17,,4.3902400125,0.001756096005,0.004919620499999999,0.00180971251,0.002843612,282,282.0,282.0,282.0,50.0,0.0,0.0,5133208.0,1.0,0.001756096005,0.004919620499999999,0.071192755,0.07212344700000001,40.540354739887924,14.660368010093466
QPLIB,QPLIB_3565,2048,400,csr-row,50,276,,,282.0,1.17,,7.5134000125,0.003005360005,0.00618681,0.003053631935,0.002857932,282,282.0,282.0,282.0,50.0,0.0,0.0,5700504.0,1.0,0.003005360005,0.00618681,0.071192755,0.07212344700000001,23.688594671372822,11.6576146673326
QPLIB,QPLIB_3565,2048,400,gemm-fp16,50,276,,,282.0,1.17,,16.438720225,0.00657548809,0.027185634,0.0067802571,0.010803165,282,282.0,282.0,282.0,50.0,0.0,0.0,10023984.0,1.0,0.00657548809,0.027185634,0.071192755,0.07212344700000001,10.826991703972503,2.6529985285610778
QPLIB,QPLIB_3565,2048,400,gemm-fp32,50,276,,,282.0,1.17,,20.105040062500002,0.008042016025000001,0.023875601500000003,0.00819566449,0.005650711,282,282.0,282.0,282.0,50.0,0.0,0.0,13582880.0,1.0,0.008042016025000001,0.023875601500000003,0.071192755,0.07212344700000001,8.852600489564429,3.020801256043748
QPLIB,QPLIB_3565,2048,400,gemm-int8,50,276,,,282.0,1.17,,9.7834,0.003913359999999999,0.0187050225,0.00402582451,0.005649048,282,282.0,282.0,282.0,50.0,0.0,0.0,11675508.0,1.0,0.003913359999999999,0.0187050225,0.071192755,0.07212344700000001,18.192232506081734,3.8558332127106505
QPLIB,QPLIB_3565,2048,400,gemm-tf32,50,276,,,282.0,1.17,,15.136440399999998,0.00605457616,0.021136105000000002,0.00620800046,0.0055289835,282,282.0,282.0,282.0,50.0,0.0,0.0,13582880.0,1.0,0.00605457616,0.021136105000000002,0.071192755,0.07212344700000001,11.758503505223063,3.412333871354254
QPLIB,QPLIB_3565,2048,400,public-matched,50,276,,,282.0,1.17,,177.98188749999997,0.071192755,0.07212344700000001,0.071245475,0.0001621285045,282,282.0,282.0,282.0,50.0,0.0,0.0,,1.0,0.071192755,0.07212344700000001,0.071192755,0.07212344700000001,1.0,1.0
QPLIB,QPLIB_3565,2048,800,auto,50,276,,,282.0,1.17,gemm,15.2071005,0.0121656804,0.030542253,0.01231979235,0.0062334650000000005,282,282.0,282.0,282.0,50.0,0.0,0.0,13584480.0,1.0,0.0121656804,0.030542253,0.13265306999999998,0.133522322,10.903875955840496,4.371724705443309
QPLIB,QPLIB_3565,2048,800,block,50,276,,,282.0,1.17,,105.0430631875,0.08403445055,0.09059222,0.08418709045,0.005601815499999999,282,282.0,282.0,282.0,50.0,0.0,0.0,4851808.0,1.0,0.08403445055,0.09059222,0.13265306999999998,0.133522322,1.578555808145282,1.4738828786842844
QPLIB,QPLIB_3565,2048,800,csr-block,50,276,,,282.0,1.17,,4.3549200875,0.00348393607,0.006681164,0.0035394560150000002,0.002875532,282,282.0,282.0,282.0,50.0,0.0,0.0,5134808.0,1.0,0.00348393607,0.006681164,0.13265306999999998,0.133522322,38.07563265648557,19.984889160032594
QPLIB,QPLIB_3565,2048,800,csr-row,50,276,,,282.0,1.17,,7.499440012500001,0.005999552010000001,0.009177366,0.00604630401,0.002858844,282,282.0,282.0,282.0,50.0,0.0,0.0,5702104.0,1.0,0.005999552010000001,0.009177366,0.13265306999999998,0.133522322,22.110495880174888,14.549089793302349
QPLIB,QPLIB_3565,2048,800,gemm-fp16,50,276,,,282.0,1.17,,16.458579937499998,0.01316686395,0.036226488,0.01337272065,0.011063646,282,282.0,282.0,282.0,50.0,0.0,0.0,10025584.0,1.0,0.01316686395,0.036226488,0.13265306999999998,0.133522322,10.074765753161746,3.6857650126062453
QPLIB,QPLIB_3565,2048,800,gemm-fp32,50,276,,,282.0,1.17,,19.9954998125,0.015996399850000002,0.035512960999999996,0.0161522084,0.006155033,282,282.0,282.0,282.0,50.0,0.0,0.0,13584480.0,1.0,0.015996399850000002,0.035512960999999996,0.13265306999999998,0.133522322,8.292682806375334,3.7598194642232174
QPLIB,QPLIB_3565,2048,800,gemm-int8,50,276,,,282.0,1.17,,9.82434004375,0.007859472035,0.025048057,0.007971680035,0.005681608,282,282.0,282.0,282.0,50.0,0.0,0.0,11677108.0,1.0,0.007859472035,0.025048057,0.13265306999999998,0.133522322,16.878114637887375,5.330645886026209
QPLIB,QPLIB_3565,2048,800,gemm-tf32,50,276,,,282.0,1.17,,15.1243400625,0.01209947205,0.030266591,0.01225323255,0.006030202,282,282.0,282.0,282.0,50.0,0.0,0.0,13584480.0,1.0,0.01209947205,0.030266591,0.13265306999999998,0.133522322,10.963542000165203,4.411541491408795
QPLIB,QPLIB_3565,2048,800,public-matched,50,276,,,282.0,1.17,,165.81633749999997,0.13265306999999998,0.133522322,0.132709166,0.000164976991,282,282.0,282.0,282.0,50.0,0.0,0.0,,1.0,0.13265306999999998,0.133522322,0.13265306999999998,0.133522322,1.0,1.0
QPLIB,QPLIB_3565,2048,1600,auto,50,276,,,282.0,1.17,gemm,15.229699625,0.0243675194,0.0476421145,0.0245243684,0.006171209,282,282.0,282.0,282.0,50.0,0.0,0.0,13587680.0,1.0,0.0243675194,0.0476421145,0.2650754195,0.265985103,10.878227494096096,5.58298274103682
QPLIB,QPLIB_3565,2048,1600,block,50,276,,,282.0,1.17,,105.05457874999999,0.16808732599999998,0.17459684450000001,0.16824056199999998,0.005554071000000001,282,282.0,282.0,282.0,50.0,0.0,0.0,4855008.0,1.0,0.16808732599999998,0.17459684450000001,0.2650754195,0.265985103,1.5770101518540431,1.5234244568492186
QPLIB,QPLIB_3565,2048,1600,csr-block,50,276,,,282.0,1.17,,4.33844,0.006941504,0.010125514,0.00699670405,0.002872492,282,282.0,282.0,282.0,50.0,0.0,0.0,5138008.0,1.0,0.006941504,0.010125514,0.2650754195,0.265985103,38.18702971286914,26.268800082642716
QPLIB,QPLIB_3565,2048,1600,csr-row,50,276,,,282.0,1.17,,7.4911499062499995,0.011985839849999999,0.01520992,0.0120359521,0.0028918685000000003,282,282.0,282.0,282.0,50.0,0.0,0.0,5705304.0,1.0,0.011985839849999999,0.01520992,0.2650754195,0.265985103,22.115715111945203,17.487606969661904
QPLIB,QPLIB_3565,2048,1600,gemm-fp16,50,276,,,282.0,1.17,,16.45488975,0.0263278236,0.054000786999999995,0.02653755285,0.010753325000000001,282,282.0,282.0,282.0,50.0,0.0,0.0,10028784.0,1.0,0.0263278236,0.054000786999999995,0.2650754195,0.265985103,10.068261757116908,4.925578269812994
QPLIB,QPLIB_3565,2048,1600,gemm-fp32,50,276,,,282.0,1.17,,19.9310296875,0.0318896475,0.057053977,0.032048448,0.005735703,282,282.0,282.0,282.0,50.0,0.0,0.0,13587680.0,1.0,0.0318896475,0.057053977,0.2650754195,0.265985103,8.31227185875918,4.661990574294234
QPLIB,QPLIB_3565,2048,1600,gemm-int8,50,276,,,282.0,1.17,,9.7684800625,0.015629568099999998,0.038413985,0.0157431846,0.0061144895000000005,282,282.0,282.0,282.0,50.0,0.0,0.0,11680308.0,1.0,0.015629568099999998,0.038413985,0.2650754195,0.265985103,16.959868487984647,6.924173657067863
QPLIB,QPLIB_3565,2048,1600,gemm-tf32,50,276,,,282.0,1.17,,15.125040406250001,0.02420006465,0.0471129495,0.02435857685,0.0059936090000000004,282,282.0,282.0,282.0,50.0,0.0,0.0,13587680.0,1.0,0.02420006465,0.0471129495,0.2650754195,0.265985103,10.953500469264243,5.645689896787294
QPLIB,QPLIB_3565,2048,1600,public-matched,50,276,,,282.0,1.17,,165.6721371875,0.2650754195,0.265985103,0.2651252115,0.0001576164945,282,282.0,282.0,282.0,50.0,0.0,0.0,,1.0,0.2650754195,0.265985103,0.2650754195,0.265985103,1.0,1.0
QPLIB,QPLIB_3565,2048,3200,auto,50,276,,,282.0,1.17,gemm,14.837490328125,0.04747996905,0.0823230725,0.047639265050000004,0.006314905,282,282.0,282.0,282.0,50.0,0.0,0.0,13594080.0,1.0,0.04747996905,0.0823230725,0.5487402265000001,0.550025368,11.557299582949076,6.681302717412546
QPLIB,QPLIB_3565,2048,3200,block,50,276,,,282.0,1.17,,105.04279140625,0.3361369325,0.342645687,0.33628877349999997,0.005576215,282,282.0,282.0,282.0,50.0,0.0,0.0,4861408.0,1.0,0.3361369325,0.342645687,0.5487402265000001,0.550025368,1.632490135549149,1.605230676666886
QPLIB,QPLIB_3565,2048,3200,csr-block,50,276,,,282.0,1.17,,4.33032990625,0.0138570557,0.0170280705,0.01390524765,0.0028514995,282,282.0,282.0,282.0,50.0,0.0,0.0,5144408.0,1.0,0.0138570557,0.0170280705,0.5487402265000001,0.550025368,39.60005923191895,32.30109764931969
QPLIB,QPLIB_3565,2048,3200,csr-row,50,276,,,282.0,1.17,,7.53403515625,0.0241089125,0.027271264,0.024158271699999997,0.0028515155,282,282.0,282.0,282.0,50.0,0.0,0.0,5711704.0,1.0,0.0241089125,0.027271264,0.5487402265000001,0.550025368,22.760886726018857,20.168678943520916
QPLIB,QPLIB_3565,2048,3200,gemm-fp16,50,276,,,282.0,1.17,,16.07903003125,0.0514528961,0.089965092,0.0516621611,0.011011854,282,282.0,282.0,282.0,50.0,0.0,0.0,10035184.0,1.0,0.0514528961,0.089965092,0.5487402265000001,0.550025368,10.664904565012426,6.11376430315883
QPLIB,QPLIB_3565,2048,3200,gemm-fp32,50,276,,,282.0,1.17,,19.707635046875,0.06306443215,0.102543379,0.0632260633,0.006211513,282,282.0,282.0,282.0,50.0,0.0,0.0,13594080.0,1.0,0.06306443215,0.102543379,0.5487402265000001,0.550025368,8.701263260324149,5.363831125557117
QPLIB,QPLIB_3565,2048,3200,gemm-int8,50,276,,,282.0,1.17,,9.370369921875,0.029985183749999998,0.063597863,0.03010262425,0.0061412255,282,282.0,282.0,282.0,50.0,0.0,0.0,11686708.0,1.0,0.029985183749999998,0.063597863,0.5487402265000001,0.550025368,18.30037898300357,8.648488204705872
QPLIB,QPLIB_3565,2048,3200,gemm-tf32,50,276,,,282.0,1.17,,14.769845,0.047263504,0.08083947,0.047420721900000004,0.0059831925,282,282.0,282.0,282.0,50.0,0.0,0.0,13594080.0,1.0,0.047263504,0.08083947,0.5487402265000001,0.550025368,11.61023157529751,6.803921005419754
QPLIB,QPLIB_3565,2048,3200,public-matched,50,276,,,282.0,1.17,,171.48132078125002,0.5487402265000001,0.550025368,0.548808819,0.00017342449450000001,282,282.0,282.0,282.0,50.0,0.0,0.0,,1.0,0.5487402265000001,0.550025368,0.5487402265000001,0.550025368,1.0,1.0
QPLIB,QPLIB_3642,256,200,auto,50,1035,,,1034.0,1.16,bit,14.692559849999999,0.00293851197,0.011250974,0.003012112515,0.006210089,1034,1032.0,1030.0,1032.0,3.0,0.19342359767891684,0.0,2467760.0,0.06,0.22038839775,0.84382305,0.033977035,0.0351001115,11.562666869109266,3.1197398109710326
QPLIB,QPLIB_3642,256,200,bit,50,1035,,,1034.0,1.16,,14.689919949999998,0.00293798399,0.011292878,0.00301025606,0.0062160259999999995,1034,1032.0,1030.0,1032.0,3.0,0.19342359767891684,0.0,2467760.0,0.06,0.22034879924999998,0.8469658499999999,0.033977035,0.0351001115,11.564744775889675,3.108163525719485
QPLIB,QPLIB_3642,256,200,block,50,1035,,,1034.0,1.16,,98.64295949999999,0.019728591900000002,0.026147165,0.0198641929,0.004638003,1034,1032.0,1030.0,1032.0,3.0,0.19342359767891684,0.0,6432288.0,0.06,1.4796443925000002,1.961037375,0.033977035,0.0351001115,1.7222230137975534,1.342406012277048
QPLIB,QPLIB_3642,256,200,csr-block,50,1035,,,1034.0,1.16,,2.436719985,0.000487343997,0.004246978,0.000543840502,0.002243545,1034,1032.0,1030.0,1032.0,5.0,0.19342359767891684,0.0,2426324.0,0.1,0.021443135868,0.18686703200000002,0.033977035,0.0351001115,69.71879249391883,8.26472647138742
QPLIB,QPLIB_3642,256,200,csr-row,50,1035,,,1034.0,1.16,,5.40216,0.001080432,0.004865668,0.001136975985,0.0022620735,1034,1032.0,1030.0,1032.0,5.0,0.19342359767891684,0.0,2691540.0,0.1,0.04753900800000001,0.214089392,0.033977035,0.0351001115,31.44763853717772,7.213831995935605
QPLIB,QPLIB_3642,256,200,gemm-fp16,50,1035,,,1034.0,1.16,,14.921119825,0.002984223965,0.020085396,0.003135712505,0.008258643,1034,1032.0,1030.0,1032.0,2.0,0.19342359767891684,0.0,9002144.0,0.04,0.337217308045,2.269649748,0.033977035,0.0351001115,11.385551285189818,1.7475439120045233
QPLIB,QPLIB_3642,256,200,gemm-fp32,50,1035,,,1034.0,1.16,,33.107280725,0.006621456144999999,0.0205893485,0.006759873,0.0046395229999999996,1034,1032.0,1030.0,1032.0,3.0,0.19342359767891684,0.0,12748320.0,0.06,0.49660921087499993,1.5442011375,0.033977035,0.0351001115,5.131353928192483,1.7047703816368935
QPLIB,QPLIB_3642,256,200,gemm-int8,50,1035,,,1034.0,1.16,,8.29528005,0.00165905601,0.017390216,0.00173467201,0.0069700125,1034,1032.0,1030.0,1032.0,3.0,0.19342359767891684,0.0,8999024.0,0.06,0.12442920075000001,1.3042662,0.033977035,0.0351001115,20.47973955984765,2.0183827216407204
QPLIB,QPLIB_3642,256,200,gemm-tf32,50,1035,,,1034.0,1.16,,12.118560075,0.002423712015,0.016670340999999998,0.00256182451,0.0046295075,1034,1032.0,1030.0,1032.0,3.0,0.19342359767891684,0.0,12748320.0,0.06,0.18177840112500002,1.2502755749999999,0.033977035,0.0351001115,14.01859411915322,2.1055425020999876
QPLIB,QPLIB_3642,256,200,public-matched,50,1035,,,1034.0,1.16,,169.885175,0.033977035,0.0351001115,0.034031706999999994,0.000176928501,1032,1028.0,1028.0,1028.0,0.0,0.5802707930367506,0.19342359767891684,,0.0,inf,inf,0.033977035,0.0351001115,1.0,1.0
QPLIB,QPLIB_3642,256,400,auto,50,1035,,,1034.0,1.16,bit,14.6301203875,0.005852048155,0.014329706000000001,0.00592492794,0.006389082000000001,1034,1032.0,1032.0,1034.0,19.0,0.19342359767891684,0.0,2468560.0,0.38,0.05852048155,0.14329706,0.0671901305,0.068399544,11.481472592222714,4.7732691794235
QPLIB,QPLIB_3642,256,400,bit,50,1035,,,1034.0,1.16,,14.629679925000001,0.00585187197,0.0140214495,0.00592401658,0.006158489,1034,1032.0,1032.0,1034.0,19.0,0.19342359767891684,0.0,2468560.0,0.38,0.0585187197,0.140214495,0.0671901305,0.068399544,11.48181827019705,4.8782077773057635
QPLIB,QPLIB_3642,256,400,block,50,1035,,,1034.0,1.16,,98.22500225,0.0392900009,0.0457401585,0.0394240009,0.004621267,1034,1032.0,1032.0,1034.0,19.0,0.19342359767891684,0.0,6433088.0,0.38,0.392900009,0.45740158500000005,0.0671901305,0.068399544,1.710107634535585,1.4953936812440212
QPLIB,QPLIB_3642,256,400,csr-block,50,1035,,,1034.0,1.16,,2.38703996,0.000954815984,0.004593587,0.00101096,0.0022374969999999997,1034,1032.0,1032.0,1032.0,11.0,0.19342359767891684,0.0,2427124.0,0.22,0.018141503696,0.087278153,0.0671901305,0.068399544,70.36971691500297,14.890225002813708
QPLIB,QPLIB_3642,256,400,csr-row,50,1035,,,1034.0,1.16,,5.3769597375,0.002150783895,0.0057971445,0.0022097600150000002,0.0022514650000000002,1034,1032.0,1032.0,1032.0,11.0,0.19342359767891684,0.0,2692340.0,0.22,0.040864894005000006,0.1101457455,0.0671901305,0.068399544,31.23983337247371,11.798833718911096
QPLIB,QPLIB_3642,256,400,gemm-fp16,50,1035,,,1034.0,1.16,,14.9177598875,0.005967103955000001,0.024348612999999998,0.006119200885,0.008315026,1034,1032.0,1032.0,1034.0,23.0,0.19342359767891684,0.0,9002944.0,0.46,0.047736831640000005,0.19478890399999998,0.0671901305,0.068399544,11.260090490580366,2.8091761941429687
QPLIB,QPLIB_3642,256,400,gemm-fp32,50,1035,,,1034.0,1.16,,33.209279875,0.013283711949999999,0.028610085,0.0134238085,0.004627043,1034,1032.0,1032.0,1034.0,19.0,0.19342359767891684,0.0,12749120.0,0.38,0.1328371195,0.28610085,0.0671901305,0.068399544,5.058083971777181,2.390749415809146
QPLIB,QPLIB_3642,256,400,gemm-int8,50,1035,,,1034.0,1.16,,7.9566398375,0.0031826559349999997,0.020192388,0.003259568445,0.007027246,1034,1032.0,1032.0,1034.0,19.0,0.19342359767891684,0.0,8999824.0,0.38,0.03182655935,0.20192388,0.0671901305,0.068399544,21.111339671091404,3.3873925164274783
QPLIB,QPLIB_3642,256,400,gemm-tf32,50,1035,,,1034.0,1.16,,11.791400312499999,0.004716560125,0.0212490805,0.0048567851749999995,0.004741588,1034,1032.0,1032.0,1034.0,19.0,0.19342359767891684,0.0,12749120.0,0.38,0.047165601249999994,0.212490805,0.0671901305,0.068399544,14.24557913379722,3.218941356074208
QPLIB,QPLIB_3642,256,400,public-matched,50,1035,,,1034.0,1.16,,167.97532625000002,0.0671901305,0.068399544,0.067250323,0.000177984504,1034,1030.0,1030.0,1032.0,2.0,0.3868471953578337,0.0,,0.04,7.5924847465,7.729148472,0.0671901305,0.068399544,1.0,1.0
QPLIB,QPLIB_3642,256,800,auto,50,1035,,,1034.0,1.16,bit,14.6351200625,0.01170809605,0.0200825305,0.01178163265,0.006353178,1034,1034.0,1034.0,1034.0,48.0,0.0,0.0,2470160.0,0.96,0.0234161921,0.040165061,0.126725318,0.1276075135,10.823734060500811,6.354155095146002
QPLIB,QPLIB_3642,256,800,bit,50,1035,,,1034.0,1.16,,14.635959875,0.0117087679,0.019926289,0.0117815693,0.006247578,1034,1034.0,1034.0,1034.0,48.0,0.0,0.0,2470160.0,0.96,0.0234175358,0.039852578,0.126725318,0.1276075135,10.82311299381039,6.403977855585653
QPLIB,QPLIB_3642,256,800,block,50,1035,,,1034.0,1.16,,98.16770075000001,0.0785341606,0.085109186,0.0786671206,0.004832980000000001,1034,1034.0,1034.0,1034.0,48.0,0.0,0.0,6434688.0,0.96,0.1570683212,0.170218372,0.126725318,0.1276075135,1.6136330614833108,1.4993389021485881
QPLIB,QPLIB_3642,256,800,csr-block,50,1035,,,1034.0,1.16,,2.3706399625,0.00189651197,0.0056604394999999995,0.0019549285400000003,0.0022490335,1034,1034.0,1034.0,1034.0,43.0,0.0,0.0,2428724.0,0.86,0.00568953591,0.0169813185,0.126725318,0.1276075135,66.82020467289748,22.543746558902363
QPLIB,QPLIB_3642,256,800,csr-row,50,1035,,,1034.0,1.16,,5.36323994375,0.004290591955,0.007957537,0.004348383895,0.002269577,1034,1034.0,1034.0,1034.0,43.0,0.0,0.0,2693940.0,0.86,0.012871775865,0.023872611000000002,0.126725318,0.1276075135,29.535625696664507,16.036056571273246
QPLIB,QPLIB_3642,256,800,gemm-fp16,50,1035,,,1034.0,1.16,,14.937039625,0.011949631700000001,0.03289320900000001,0.01210593725,0.008396131000000001,1034,1034.0,1034.0,1034.0,45.0,0.0,0.0,9004544.0,0.9,0.023899263400000002,0.06578641800000001,0.126725318,0.1276075135,10.604955966969257,3.879448596821306
QPLIB,QPLIB_3642,256,800,gemm-fp32,50,1035,,,1034.0,1.16,,33.213599875,0.0265708799,0.0454140415,0.0267158571,0.004863507499999999,1034,1034.0,1034.0,1034.0,48.0,0.0,0.0,12750720.0,0.96,0.0531417598,0.090828083,0.126725318,0.1276075135,4.769330879403809,2.809869134857773
QPLIB,QPLIB_3642,256,800,gemm-int8,50,1035,,,1034.0,1.16,,8.015040156249999,0.006412032125,0.026682767,0.006488032124999999,0.0074135985,1034,1034.0,1034.0,1034.0,48.0,0.0,0.0,9001424.0,0.96,0.01282406425,0.053365534,0.126725318,0.1276075135,19.76367484278629,4.782394325895811
QPLIB,QPLIB_3642,256,800,gemm-tf32,50,1035,,,1034.0,1.16,,11.68522000625,0.009348176005,0.029631643,0.00949132864,0.0046926595,1034,1034.0,1034.0,1034.0,48.0,0.0,0.0,12750720.0,0.96,0.01869635201,0.059263286,0.126725318,0.1276075135,13.556154476789828,4.306460951220288
QPLIB,QPLIB_3642,256,800,public-matched,50,1035,,,1034.0,1.16,,158.40664750000002,0.126725318,0.1276075135,0.1267772225,0.000168640494,1034,1032.0,1032.0,1034.0,18.0,0.19342359767891684,0.0,,0.36,1.393978498,1.4036826484999998,0.126725318,0.1276075135,1.0,1.0
QPLIB,QPLIB_3642,256,1600,auto,50,1035,,,1034.0,1.16,bit,14.62202965625,0.02339524745,0.031498721,0.02346743955,0.0061951135,1034,1034.0,1034.0,1034.0,50.0,0.0,0.0,2473360.0,1.0,0.02339524745,0.031498721,0.25652621600000003,0.25760335700000003,10.964885776405842,8.178216410755219
QPLIB,QPLIB_3642,256,1600,bit,50,1035,,,1034.0,1.16,,14.62128996875,0.023394063950000002,0.031628513,0.023468800550000002,0.006205960999999999,1034,1034.0,1034.0,1034.0,50.0,0.0,0.0,2473360.0,1.0,0.023394063950000002,0.031628513,0.25652621600000003,0.25760335700000003,10.965440487307893,8.144655962801668
QPLIB,QPLIB_3642,256,1600,block,50,1035,,,1034.0,1.16,,98.02853125,0.15684565,0.16336351100000002,0.1569821465,0.0046769155,1034,1034.0,1034.0,1034.0,50.0,0.0,0.0,6437888.0,1.0,0.15684565,0.16336351100000002,0.25652621600000003,0.25760335700000003,1.6355328694165252,1.5768720653904165
QPLIB,QPLIB_3642,256,1600,csr-block,50,1035,,,1034.0,1.16,,2.354350015625,0.003766960025,0.0073938549999999995,0.00382307208,0.002251289,1034,1034.0,1034.0,1034.0,50.0,0.0,0.0,2431924.0,1.0,0.003766960025,0.0073938549999999995,0.25652621600000003,0.25760335700000003,68.0990013956944,34.840195946498824
QPLIB,QPLIB_3642,256,1600,csr-row,50,1035,,,1034.0,1.16,,5.365430115625001,0.008584688185000001,0.012355122999999999,0.008641087875,0.002287433,1034,1034.0,1034.0,1034.0,50.0,0.0,0.0,2697140.0,1.0,0.008584688185000001,0.012355122999999999,0.25652621600000003,0.25760335700000003,29.88183268534173,20.84992249773637
QPLIB,QPLIB_3642,256,1600,gemm-fp16,50,1035,,,1034.0,1.16,,14.972820281249998,0.023956512450000002,0.050132208,0.02411187265,0.008327362500000001,1034,1034.0,1034.0,1034.0,50.0,0.0,0.0,9007744.0,1.0,0.023956512450000002,0.050132208,0.25652621600000003,0.25760335700000003,10.707995019533822,5.138480176257149
QPLIB,QPLIB_3642,256,1600,gemm-fp32,50,1035,,,1034.0,1.16,,33.11332109375,0.052981313749999995,0.078805122,0.05313142615,0.004824468,1034,1034.0,1034.0,1034.0,50.0,0.0,0.0,12753920.0,1.0,0.052981313749999995,0.078805122,0.25652621600000003,0.25760335700000003,4.841824368690745,3.2688656582499807
QPLIB,QPLIB_3642,256,1600,gemm-int8,50,1035,,,1034.0,1.16,,7.983279812500001,0.0127732477,0.038776305,0.012850928550000001,0.0076481915,1034,1034.0,1034.0,1034.0,50.0,0.0,0.0,9004624.0,1.0,0.0127732477,0.038776305,0.25652621600000003,0.25760335700000003,20.083084742809774,6.643318825762281
QPLIB,QPLIB_3642,256,1600,gemm-tf32,50,1035,,,1034.0,1.16,,11.48826003125,0.018381216050000003,0.0470450595,0.0185241126,0.004706436,1034,1034.0,1034.0,1034.0,50.0,0.0,0.0,12753920.0,1.0,0.018381216050000003,0.0470450595,0.25652621600000003,0.25760335700000003,13.955889278609506,5.475672891858071
QPLIB,QPLIB_3642,256,1600,public-matched,50,1035,,,1034.0,1.16,,160.328885,0.25652621600000003,0.25760335700000003,0.256579224,0.00017820899699999999,1034,1034.0,1032.0,1034.0,30.0,0.0,0.0,,0.6,1.5391572960000002,1.5456201420000002,0.25652621600000003,0.25760335700000003,1.0,1.0
QPLIB,QPLIB_3642,256,3200,auto,50,1035,,,1034.0,1.16,bit,14.611405140625,0.046756496450000004,0.0551193295,0.046830641049999996,0.00637817,1034,1034.0,1034.0,1034.0,50.0,0.0,0.0,2479760.0,1.0,0.046756496450000004,0.0551193295,0.5247557765,0.52563458,11.22316290445667,9.536302142427186
QPLIB,QPLIB_3642,256,3200,bit,50,1035,,,1034.0,1.16,,14.617124796875,0.04677479935,0.055015665000000005,0.046849616499999996,0.0062106335,1034,1034.0,1034.0,1034.0,50.0,0.0,0.0,2479760.0,1.0,0.04677479935,0.055015665000000005,0.5247557765,0.52563458,11.218771299764006,9.55427113350352
QPLIB,QPLIB_3642,256,3200,block,50,1035,,,1034.0,1.16,,97.142915625,0.31085733000000004,0.317423087,0.31100211499999997,0.004643988,1034,1034.0,1034.0,1034.0,50.0,0.0,0.0,6444288.0,1.0,0.31085733000000004,0.317423087,0.5247557765,0.52563458,1.6880920147515903,1.655943129303635
QPLIB,QPLIB_3642,256,3200,csr-block,50,1035,,,1034.0,1.16,,2.3494200406250005,0.0075181441299999995,0.011235119,0.00757750464,0.002261257,1034,1034.0,1034.0,1034.0,50.0,0.0,0.0,2438324.0,1.0,0.0075181441299999995,0.011235119,0.5247557765,0.52563458,69.7985789346659,46.784958842002474
QPLIB,QPLIB_3642,256,3200,csr-row,50,1035,,,1034.0,1.16,,5.31069009375,0.0169942083,0.020686021,0.017049808399999998,0.0022419774999999998,1034,1034.0,1034.0,1034.0,50.0,0.0,0.0,2703540.0,1.0,0.0169942083,0.020686021,0.5247557765,0.52563458,30.878506796930342,25.4101346991768
QPLIB,QPLIB_3642,256,3200,gemm-fp16,50,1035,,,1034.0,1.16,,14.512580046874998,0.04644025615,0.084681006,0.04660276915,0.008394755,1034,1034.0,1034.0,1034.0,50.0,0.0,0.0,9014144.0,1.0,0.04644025615,0.084681006,0.5247557765,0.52563458,11.299588331405017,6.207231170588596
QPLIB,QPLIB_3642,256,3200,gemm-fp32,50,1035,,,1034.0,1.16,,33.153704375000004,0.106091854,0.14778738800000002,0.1062440965,0.004983972,1034,1034.0,1034.0,1034.0,50.0,0.0,0.0,12760320.0,1.0,0.106091854,0.14778738800000002,0.5247557765,0.52563458,4.946240043085684,3.55669443186857
QPLIB,QPLIB_3642,256,3200,gemm-int8,50,1035,,,1034.0,1.16,,7.523050015625,0.02407376005,0.0624354735,0.02415384005,0.007756992,1034,1034.0,1034.0,1034.0,50.0,0.0,0.0,9011024.0,1.0,0.02407376005,0.0624354735,0.5247557765,0.52563458,21.79783197182777,8.418845097731179
QPLIB,QPLIB_3642,256,3200,gemm-tf32,50,1035,,,1034.0,1.16,,11.5347999375,0.0369113598,0.08439469999999999,0.037063632299999996,0.004878532,1034,1034.0,1034.0,1034.0,50.0,0.0,0.0,12760320.0,1.0,0.0369113598,0.08439469999999999,0.5247557765,0.52563458,14.216647106563656,6.228288980232171
QPLIB,QPLIB_3642,256,3200,public-matched,50,1035,,,1034.0,1.16,,163.98618015625001,0.5247557765,0.52563458,0.5248126725,0.00018883299349999998,1034,1034.0,1034.0,1034.0,40.0,0.0,0.0,,0.8,1.5742673295,1.5769037399999999,0.5247557765,0.52563458,1.0,1.0
QPLIB,QPLIB_3650,256,200,auto,50,946,,,922.0,1.16,bit,14.553599950000002,0.0029107199900000004,0.009523383,0.002976415925,0.0051779575,922,920.0,918.0,920.0,3.0,0.21691973969631237,0.0,2232764.0,0.06,0.21830399925000002,0.714253725,0.036738998,0.037649674,12.621962306996076,3.9533928226975648
QPLIB,QPLIB_3650,256,200,bit,50,946,,,922.0,1.16,,14.554319974999999,0.002910863995,0.009477606999999999,0.002976944025,0.0051347730000000005,922,920.0,918.0,920.0,3.0,0.21691973969631237,0.0,2232764.0,0.06,0.218314799625,0.7108205249999999,0.036738998,0.037649674,12.621337878755824,3.972487358887112
QPLIB,QPLIB_3650,256,200,block,50,946,,,922.0,1.16,,106.3479995,0.0212695999,0.026699711,0.0214167522,0.003827296,922,920.0,918.0,920.0,3.0,0.21691973969631237,0.0,5546432.0,0.06,1.5952199925,2.0024783250000002,0.036738998,0.037649674,1.727300850638004,1.4101154128597122
QPLIB,QPLIB_3650,256,200,csr-block,50,946,,,922.0,1.16,,2.1140000225,0.00042280000449999996,0.0037216000000000003,0.0004736480025,0.002015576,922,920.0,918.0,920.0,1.0,0.21691973969631237,0.0,2218096.0,0.02,0.09639840102599999,0.8485248000000001,0.036738998,0.037649674,86.89450711678033,10.116528912295786
QPLIB,QPLIB_3650,256,200,csr-row,50,946,,,922.0,1.16,,5.25575995,0.0010511519900000001,0.004312018,0.001101808025,0.001997128,922,920.0,918.0,920.0,1.0,0.21691973969631237,0.0,2460528.0,0.02,0.23966265372000004,0.983140104,0.036738998,0.037649674,34.95117580474732,8.731335073276597
QPLIB,QPLIB_3650,256,200,gemm-fp16,50,946,,,922.0,1.16,,24.478479625,0.0048956959250000005,0.0205914455,0.005038991925,0.0072276300000000005,922,920.0,918.0,920.0,3.0,0.21691973969631237,0.0,8422512.0,0.06,0.367177194375,1.5443584125,0.036738998,0.037649674,7.504346381561677,1.8284133573818313
QPLIB,QPLIB_3650,256,200,gemm-fp32,50,946,,,922.0,1.16,,31.5578401,0.00631156802,0.0196268325,0.00646900894,0.004196177000000001,922,920.0,918.0,920.0,3.0,0.21691973969631237,0.0,11680192.0,0.06,0.4733676015,1.4720124375,0.036738998,0.037649674,5.820898686916156,1.918275605602687
QPLIB,QPLIB_3650,256,200,gemm-int8,50,946,,,922.0,1.16,,11.561760325000002,0.0023123520650000003,0.016609445,0.002381904085,0.0059247605,922,920.0,918.0,920.0,3.0,0.21691973969631237,0.0,8480612.0,0.06,0.17342640487500002,1.245708375,0.036738998,0.037649674,15.888150665326993,2.2667629171233594
QPLIB,QPLIB_3650,256,200,gemm-tf32,50,946,,,922.0,1.16,,21.29688025,0.004259376049999999,0.016849509999999998,0.004412080935,0.003795488,922,920.0,918.0,920.0,3.0,0.21691973969631237,0.0,11680192.0,0.06,0.31945320374999997,1.26371325,0.036738998,0.037649674,8.625441277954316,2.2344669963696275
QPLIB,QPLIB_3650,256,200,public-matched,50,946,,,922.0,1.16,,183.69499000000002,0.036738998,0.037649674,0.036800582,0.00017817599300000002,920,918.0,918.0,920.0,0.0,0.43383947939262474,0.21691973969631237,,0.0,inf,inf,0.036738998,0.037649674,1.0,1.0
QPLIB,QPLIB_3650,256,400,auto,50,946,,,922.0,1.16,bit,14.685239787499999,0.005874095915,0.0125672195,0.00594134407,0.005289029000000001,922,920.0,920.0,920.0,3.0,0.21691973969631237,0.0,2233564.0,0.06,0.440557193625,0.9425414625,0.0690653705,0.070014702,11.757617086850036,5.57121660841525
QPLIB,QPLIB_3650,256,400,bit,50,946,,,922.0,1.16,,14.53375995,0.005813503980000001,0.012263122500000001,0.00587899242,0.0050546445,922,920.0,920.0,920.0,3.0,0.21691973969631237,0.0,2233564.0,0.06,0.4360127985000001,0.9197341875,0.0690653705,0.070014702,11.880162245971317,5.709369860734898
QPLIB,QPLIB_3650,256,400,block,50,946,,,922.0,1.16,,106.30572325,0.0425222893,0.0479318475,0.04267283355,0.0038079834999999998,922,920.0,920.0,920.0,3.0,0.21691973969631237,0.0,5547232.0,0.06,3.1891716975,3.5948885625,0.0690653705,0.070014702,1.624215714557024,1.460713610089826
QPLIB,QPLIB_3650,256,400,csr-block,50,946,,,922.0,1.16,,2.06987999375,0.0008279519975000001,0.004118993,0.0008772645019999999,0.0019960245,922,920.0,920.0,920.0,3.0,0.21691973969631237,0.0,2218896.0,0.06,0.06209639981250001,0.308924475,0.0690653705,0.070014702,83.41711923945203,16.99801432049047
QPLIB,QPLIB_3650,256,400,csr-row,50,946,,,922.0,1.16,,5.22992015,0.0020919680600000002,0.0054419585,0.002141327915,0.0019871760000000002,922,920.0,920.0,920.0,3.0,0.21691973969631237,0.0,2461328.0,0.06,0.1568976045,0.4081468875,0.0690653705,0.070014702,33.014543491643934,12.865717737465289
QPLIB,QPLIB_3650,256,400,gemm-fp16,50,946,,,922.0,1.16,,24.174599650000005,0.009669839860000001,0.026661566,0.009810608655,0.00720691,922,920.0,920.0,920.0,2.0,0.21691973969631237,0.0,8423312.0,0.04,1.09269190418,3.012756958,0.0690653705,0.070014702,7.142348942684558,2.626053623406817
QPLIB,QPLIB_3650,256,400,gemm-fp32,50,946,,,922.0,1.16,,31.579799625,0.01263191985,0.02692211,0.01279054405,0.003908496,922,920.0,920.0,920.0,3.0,0.21691973969631237,0.0,11680992.0,0.06,0.9473939887499999,2.01915825,0.0690653705,0.070014702,5.467527606264855,2.600639474394838
QPLIB,QPLIB_3650,256,400,gemm-int8,50,946,,,922.0,1.16,,11.1727595375,0.004469103815,0.020030594999999998,0.00453759994,0.005900552,922,920.0,920.0,920.0,3.0,0.21691973969631237,0.0,8481412.0,0.06,0.335182786125,1.5022946249999998,0.0690653705,0.070014702,15.45396423063401,3.4953880301608615
QPLIB,QPLIB_3650,256,400,gemm-tf32,50,946,,,922.0,1.16,,21.10287905,0.00844115162,0.022632398,0.008592512545,0.0038143359999999998,922,920.0,920.0,920.0,3.0,0.21691973969631237,0.0,11680992.0,0.06,0.6330863715,1.69742985,0.0690653705,0.070014702,8.181984355826557,3.09356092094174
QPLIB,QPLIB_3650,256,400,public-matched,50,946,,,922.0,1.16,,172.66342625,0.0690653705,0.070014702,0.0691355465,0.00018142499899999998,920,920.0,918.0,920.0,0.0,0.21691973969631237,0.21691973969631237,,0.0,inf,inf,0.0690653705,0.070014702,1.0,1.0
QPLIB,QPLIB_3650,256,800,auto,50,946,,,922.0,1.16,bit,14.594299750000001,0.0116754398,0.0184550035,0.011742385,0.005338213499999999,922,920.0,920.0,920.0,4.0,0.21691973969631237,0.0,2235164.0,0.08,0.6538246288,1.033480196,0.138541766,0.139434586,11.86608542146738,7.555381173457919
QPLIB,QPLIB_3650,256,800,bit,50,946,,,922.0,1.16,,14.514139875,0.0116113119,0.018597308,0.011678528,0.005361366,922,920.0,920.0,920.0,4.0,0.21691973969631237,0.0,2235164.0,0.08,0.6502334664,1.041449248,0.138541766,0.139434586,11.93162040544273,7.497568250200513
QPLIB,QPLIB_3650,256,800,block,50,946,,,922.0,1.16,,106.1654376875,0.08493235015,0.09026696749999999,0.08507818989999999,0.003778768,922,920.0,920.0,920.0,4.0,0.21691973969631237,0.0,5548832.0,0.08,4.7562116084,5.05495018,0.138541766,0.139434586,1.6312013709183815,1.5446911518324797
QPLIB,QPLIB_3650,256,800,csr-block,50,946,,,922.0,1.16,,2.05216005,0.00164172804,0.004819124,0.001692032,0.002008152,922,920.0,920.0,920.0,5.0,0.21691973969631237,0.0,2220496.0,0.1,0.07223603376,0.21204145600000002,0.138541766,0.139434586,84.38776863432265,28.933595815339054
QPLIB,QPLIB_3650,256,800,csr-row,50,946,,,922.0,1.16,,5.382879975,0.0043063039800000005,0.007578207,0.00435766421,0.001978008,922,920.0,920.0,920.0,5.0,0.21691973969631237,0.0,2462928.0,0.1,0.18947737512,0.333441108,0.138541766,0.139434586,32.17185006990612,18.399416379098643
QPLIB,QPLIB_3650,256,800,gemm-fp16,50,946,,,922.0,1.16,,24.3892800625,0.01951142405,0.038978594000000005,0.01965326405,0.00724091,922,920.0,920.0,920.0,7.0,0.21691973969631237,0.0,8424912.0,0.14,0.60485414555,1.2083364140000001,0.138541766,0.139434586,7.100546102886837,3.577209224119269
QPLIB,QPLIB_3650,256,800,gemm-fp32,50,946,,,922.0,1.16,,31.678139,0.0253425112,0.0432293445,0.0255048001,0.00397984,922,920.0,920.0,920.0,4.0,0.21691973969631237,0.0,11682592.0,0.08,1.4191806272,2.4208432920000003,0.138541766,0.139434586,5.466773395368964,3.225461491788292
QPLIB,QPLIB_3650,256,800,gemm-int8,50,946,,,922.0,1.16,,11.1779201,0.00894233608,0.0270520805,0.009012320175,0.005958665,922,920.0,920.0,920.0,4.0,0.21691973969631237,0.0,8483012.0,0.08,0.50077082048,1.514916508,0.138541766,0.139434586,15.492793467006443,5.154301755090519
QPLIB,QPLIB_3650,256,800,gemm-tf32,50,946,,,922.0,1.16,,21.021380375,0.0168171043,0.034428319,0.016970193199999997,0.003837152,922,920.0,920.0,920.0,4.0,0.21691973969631237,0.0,11682592.0,0.08,0.9417578408,1.927985864,0.138541766,0.139434586,8.238146325821385,4.049996922591545
QPLIB,QPLIB_3650,256,800,public-matched,50,946,,,922.0,1.16,,173.1772075,0.138541766,0.139434586,0.138597319,0.000179504008,922,920.0,920.0,920.0,7.0,0.21691973969631237,0.0,,0.14,4.294794746,4.322472166,0.138541766,0.139434586,1.0,1.0
QPLIB,QPLIB_3650,256,1600,auto,50,946,,,922.0,1.16,bit,14.57515003125,0.02332024005,0.030261004,0.023388160249999998,0.005350406,922,920.0,920.0,920.0,9.0,0.21691973969631237,0.0,2238364.0,0.18,0.5596857612,0.726264096,0.28602638550000004,0.28711232600000003,12.265156142764493,9.487865174598966
QPLIB,QPLIB_3650,256,1600,bit,50,946,,,922.0,1.16,,14.5018798125,0.0232030077,0.0299729385,0.02327017535,0.0053041495,922,920.0,920.0,920.0,9.0,0.21691973969631237,0.0,2238364.0,0.18,0.5568721848,0.719350524,0.28602638550000004,0.28711232600000003,12.327125396764835,9.579051650207738
QPLIB,QPLIB_3650,256,1600,block,50,946,,,922.0,1.16,,106.12329,0.169797264,0.175274937,0.16994983749999998,0.003813184,922,920.0,920.0,920.0,9.0,0.21691973969631237,0.0,5552032.0,0.18,4.075134336,4.206598488,0.28602638550000004,0.28711232600000003,1.6845170455750103,1.6380683451622067
QPLIB,QPLIB_3650,256,1600,csr-block,50,946,,,922.0,1.16,,2.0417600125,0.00326681602,0.006514939000000001,0.003318016015,0.001990808,922,920.0,920.0,922.0,15.0,0.21691973969631237,0.0,2223696.0,0.3,0.04246860826,0.08469420700000001,0.28602638550000004,0.28711232600000003,87.55509454738134,44.06984102230274
QPLIB,QPLIB_3650,256,1600,csr-row,50,946,,,922.0,1.16,,5.368680059375,0.008589888095000001,0.01198701,0.008640368885,0.0020103605,922,920.0,920.0,922.0,15.0,0.21691973969631237,0.0,2466128.0,0.3,0.11166854523500001,0.15583112999999998,0.28602638550000004,0.28711232600000003,33.298033960010514,23.95195515812534
QPLIB,QPLIB_3650,256,1600,gemm-fp16,50,946,,,922.0,1.16,,24.355210093750003,0.038968336150000005,0.063477864,0.03911235265,0.00720715,922,920.0,920.0,922.0,19.0,0.21691973969631237,0.0,8428112.0,0.38,0.38968336150000005,0.63477864,0.28602638550000004,0.28711232600000003,7.339969158524106,4.523030674126024
QPLIB,QPLIB_3650,256,1600,gemm-fp32,50,946,,,922.0,1.16,,31.679300062499998,0.0506868801,0.07485533,0.05084767955,0.0039196,922,920.0,920.0,920.0,9.0,0.21691973969631237,0.0,11685792.0,0.18,1.2164851224,1.79652792,0.28602638550000004,0.28711232600000003,5.643006334887833,3.8355628917807194
QPLIB,QPLIB_3650,256,1600,gemm-int8,50,946,,,922.0,1.16,,11.2238800625,0.017958208099999998,0.041095307,0.018030879899999998,0.0059154645,922,920.0,920.0,920.0,9.0,0.21691973969631237,0.0,8486212.0,0.18,0.43099699439999994,0.9862873679999999,0.28602638550000004,0.28711232600000003,15.92733439256671,6.986499115336942
QPLIB,QPLIB_3650,256,1600,gemm-tf32,50,946,,,922.0,1.16,,20.97509978125,0.033560159650000004,0.057902273,0.03371865665,0.00378592,922,920.0,920.0,920.0,9.0,0.21691973969631237,0.0,11685792.0,0.18,0.8054438316000001,1.3896545519999999,0.28602638550000004,0.28711232600000003,8.5227957340781,4.9585674469117995
QPLIB,QPLIB_3650,256,1600,public-matched,50,946,,,922.0,1.16,,178.7664909375,0.28602638550000004,0.28711232600000003,0.2860877935,0.00019827299550000002,922,920.0,920.0,922.0,14.0,0.21691973969631237,0.0,,0.28,4.290395782500001,4.3066848900000005,0.28602638550000004,0.28711232600000003,1.0,1.0
QPLIB,QPLIB_3650,256,3200,auto,50,946,,,922.0,1.16,bit,14.570155140625001,0.04662449645,0.0534666185,0.046691857,0.0053041979999999996,922,922.0,920.0,922.0,28.0,0.0,0.0,2244764.0,0.56,0.2797469787,0.320799711,0.5577353515000001,0.5589335485,11.962281503632198,10.453878778587802
QPLIB,QPLIB_3650,256,3200,bit,50,946,,,922.0,1.16,,14.52207028125,0.0464706249,0.0534618505,0.0465439849,0.0053129335,922,922.0,920.0,922.0,28.0,0.0,0.0,2244764.0,0.56,0.2788237494,0.320771103,0.5577353515000001,0.5589335485,12.001890499647661,10.454811108717609
QPLIB,QPLIB_3650,256,3200,block,50,946,,,922.0,1.16,,106.28427984375,0.34010969550000003,0.34555145899999995,0.34026208199999997,0.0037826394999999997,922,922.0,920.0,922.0,28.0,0.0,0.0,5558432.0,0.56,2.040658173,2.0733087539999997,0.5577353515000001,0.5589335485,1.6398690154365212,1.6175117596595072
QPLIB,QPLIB_3650,256,3200,csr-block,50,946,,,922.0,1.16,,2.0370449875,0.0065185439599999995,0.009675544000000001,0.006569023895,0.0019475120000000002,922,921.0,920.0,922.0,25.0,0.10845986984815618,0.0,2230096.0,0.5,0.04562980772,0.067728808,0.5577353515000001,0.5589335485,85.56133929945916,57.76766128085407
QPLIB,QPLIB_3650,256,3200,csr-row,50,946,,,922.0,1.16,,5.181095015625001,0.01657950405,0.019904882,0.01663080045,0.0019882805,922,921.0,920.0,922.0,25.0,0.10845986984815618,0.0,2472528.0,0.5,0.11605652835,0.13933417399999998,0.5577353515000001,0.5589335485,33.640050378949674,28.080224163097274
QPLIB,QPLIB_3650,256,3200,gemm-fp16,50,946,,,922.0,1.16,,23.939749,0.0766071968,0.11236689650000001,0.0767625898,0.007173245,922,922.0,920.0,922.0,35.0,0.0,0.0,8434512.0,0.7,0.3064287872,0.44946758600000003,0.5577353515000001,0.5589335485,7.280456338274475,4.974183375261235
QPLIB,QPLIB_3650,256,3200,gemm-fp32,50,946,,,922.0,1.16,,31.438310156249997,0.1006025925,0.14377886,0.1007807185,0.004353650000000001,922,922.0,920.0,922.0,28.0,0.0,0.0,11692192.0,0.56,0.603615555,0.86267316,0.5577353515000001,0.5589335485,5.543946111527892,3.8874529155398783
QPLIB,QPLIB_3650,256,3200,gemm-int8,50,946,,,922.0,1.16,,10.779209734375,0.034493471149999996,0.06951078299999999,0.03456865515,0.0059852889999999995,922,922.0,920.0,922.0,28.0,0.0,0.0,8492612.0,0.56,0.20696082689999998,0.41706469799999996,0.5577353515000001,0.5589335485,16.1693019839785,8.0409617670398
QPLIB,QPLIB_3650,256,3200,gemm-tf32,50,946,,,922.0,1.16,,20.73126078125,0.0663400345,0.106657928,0.06650421100000001,0.003951088,922,922.0,920.0,922.0,28.0,0.0,0.0,11692192.0,0.56,0.39804020700000003,0.639947568,0.5577353515000001,0.5589335485,8.407221306163175,5.24043133952499
QPLIB,QPLIB_3650,256,3200,public-matched,50,946,,,922.0,1.16,,174.29229734375002,0.5577353515000001,0.5589335485,0.5578090634999999,0.000202064992,922,922.0,920.0,922.0,26.0,0.0,0.0,,0.52,3.904147460500001,3.9125348395,0.5577353515000001,0.5589335485,1.0,1.0
QPLIB,QPLIB_3693,256,200,auto,50,1128,,,1154.0,1.15,bit,14.885280125,0.002977056025,0.0116689115,0.003054992525,0.0067855155,1152,1148.0,1148.0,1150.0,0.0,0.5199306759098787,0.17331022530329288,2716388.0,0.0,inf,inf,0.033592313,0.034974687000000004,11.283735582369498,2.99725359987519
QPLIB,QPLIB_3693,256,200,bit,50,1128,,,1154.0,1.15,,14.892959600000001,0.00297859192,0.0114616785,0.00305680046,0.006602139,1152,1148.0,1148.0,1150.0,0.0,0.5199306759098787,0.17331022530329288,2716388.0,0.0,inf,inf,0.033592313,0.034974687000000004,11.277917184439284,3.051445475459812
QPLIB,QPLIB_3693,256,200,block,50,1128,,,1154.0,1.15,,117.4062395,0.023481247900000002,0.030772288000000002,0.023631808900000002,0.0052139895,1152,1148.0,1148.0,1150.0,0.0,0.5199306759098787,0.17331022530329288,7443168.0,0.0,inf,inf,0.033592313,0.034974687000000004,1.4306016930216046,1.136564398461369
QPLIB,QPLIB_3693,256,200,csr-block,50,1128,,,1154.0,1.15,,2.6357600100000003,0.000527152002,0.0047297955,0.0005870879895,0.002484555,1152,1148.0,1148.0,1150.0,0.0,0.5199306759098787,0.17331022530329288,2643912.0,0.0,inf,inf,0.033592313,0.034974687000000004,63.72414952907643,7.3945452821374635
QPLIB,QPLIB_3693,256,200,csr-row,50,1128,,,1154.0,1.15,,5.52399995,0.00110479999,0.0053202625,0.001164512995,0.00249233,1152,1148.0,1148.0,1150.0,0.0,0.5199306759098787,0.17331022530329288,2932936.0,0.0,inf,inf,0.033592313,0.034974687000000004,30.405786842919866,6.573864917379548
QPLIB,QPLIB_3693,256,200,gemm-fp16,50,1128,,,1154.0,1.15,,26.9064796,0.00538129592,0.0239390595,0.00554400042,0.009218054,1152,1148.0,1148.0,1150.0,0.0,0.5199306759098787,0.17331022530329288,9650432.0,0.0,inf,inf,0.033592313,0.034974687000000004,6.242420691854463,1.4609883483517807
QPLIB,QPLIB_3693,256,200,gemm-fp32,50,1128,,,1154.0,1.15,,38.145120125,0.007629024025,0.022458972,0.00778304046,0.0052913655,1152,1148.0,1148.0,1150.0,0.0,0.5199306759098787,0.17331022530329288,13949664.0,0.0,inf,inf,0.033592313,0.034974687000000004,4.403225483354013,1.5572701635675936
QPLIB,QPLIB_3693,256,200,gemm-int8,50,1128,,,1154.0,1.15,,8.475600175,0.001695120035,0.018577293,0.0017739525350000001,0.0080199695,1152,1148.0,1148.0,1150.0,0.0,0.5199306759098787,0.17331022530329288,9566420.0,0.0,inf,inf,0.033592313,0.034974687000000004,19.81707035867817,1.8826578770114677
QPLIB,QPLIB_3693,256,200,gemm-tf32,50,1128,,,1154.0,1.15,,25.90208055,0.005180416110000001,0.019816082,0.005335664614999999,0.0052029815,1152,1148.0,1148.0,1150.0,0.0,0.5199306759098787,0.17331022530329288,13949664.0,0.0,inf,inf,0.033592313,0.034974687000000004,6.484481610493639,1.7649647897096916
QPLIB,QPLIB_3693,256,200,public-matched,50,1128,,,1154.0,1.15,,167.961565,0.033592313,0.034974687000000004,0.0336464415,0.0001854889995,1150,1146.0,1144.0,1146.0,0.0,0.6932409012131715,0.34662045060658575,,0.0,inf,inf,0.033592313,0.034974687000000004,1.0,1.0
QPLIB,QPLIB_3693,256,400,auto,50,1128,,,1154.0,1.15,bit,14.85156,0.005940624,0.01474038,0.00602275199,0.006787100000000001,1152,1150.0,1150.0,1150.0,0.0,0.34662045060658575,0.17331022530329288,2717188.0,0.0,inf,inf,0.06607162999999999,0.0674472195,11.12200166177829,4.575677119585791
QPLIB,QPLIB_3693,256,400,bit,50,1128,,,1154.0,1.15,,14.8722398375,0.005948895935,0.0144680755,0.006026736525,0.0066730355000000005,1152,1150.0,1150.0,1150.0,0.0,0.34662045060658575,0.17331022530329288,2717188.0,0.0,inf,inf,0.06607162999999999,0.0674472195,11.10653652743717,4.661796207795571
QPLIB,QPLIB_3693,256,400,block,50,1128,,,1154.0,1.15,,116.620841,0.046648336400000004,0.053884112,0.04680524895,0.0052306775,1152,1150.0,1150.0,1150.0,0.0,0.34662045060658575,0.17331022530329288,7443968.0,0.0,inf,inf,0.06607162999999999,0.0674472195,1.416376983595925,1.2517088432300787
QPLIB,QPLIB_3693,256,400,csr-block,50,1128,,,1154.0,1.15,,2.5858800124999997,0.001034352005,0.0051416535,0.001093664485,0.0024800580000000003,1152,1150.0,1150.0,1150.0,0.0,0.34662045060658575,0.17331022530329288,2644712.0,0.0,inf,inf,0.06607162999999999,0.0674472195,63.87731611735019,13.117807238469103
QPLIB,QPLIB_3693,256,400,csr-row,50,1128,,,1154.0,1.15,,5.526439849999999,0.00221057594,0.0063750825,0.0022677284449999996,0.0024908745000000003,1152,1150.0,1150.0,1150.0,0.0,0.34662045060658575,0.17331022530329288,2933736.0,0.0,inf,inf,0.06607162999999999,0.0674472195,29.888875927962914,10.579819084694197
QPLIB,QPLIB_3693,256,400,gemm-fp16,50,1128,,,1154.0,1.15,,26.625839374999998,0.01065033575,0.0307738235,0.01081582495,0.0091839585,1152,1150.0,1150.0,1150.0,0.0,0.34662045060658575,0.17331022530329288,9651232.0,0.0,inf,inf,0.06607162999999999,0.0674472195,6.203713343027706,2.1917074912709498
QPLIB,QPLIB_3693,256,400,gemm-fp32,50,1128,,,1154.0,1.15,,38.488639625000005,0.01539545585,0.034257516,0.0155545282,0.0055098145,1152,1150.0,1150.0,1150.0,0.0,0.34662045060658575,0.17331022530329288,13950464.0,0.0,inf,inf,0.06607162999999999,0.0674472195,4.291631936315805,1.968829832846024
QPLIB,QPLIB_3693,256,400,gemm-int8,50,1128,,,1154.0,1.15,,8.1375598875,0.003255023955,0.021598074000000002,0.00333659203,0.0081075535,1152,1150.0,1150.0,1150.0,0.0,0.34662045060658575,0.17331022530329288,9567220.0,0.0,inf,inf,0.06607162999999999,0.0674472195,20.298354455581876,3.1228349111129075
QPLIB,QPLIB_3693,256,400,gemm-tf32,50,1128,,,1154.0,1.15,,25.93267925,0.0103730717,0.026517918,0.0105317934,0.0052227895,1152,1150.0,1150.0,1150.0,0.0,0.34662045060658575,0.17331022530329288,13950464.0,0.0,inf,inf,0.06607162999999999,0.0674472195,6.36953372259058,2.543458332588554
QPLIB,QPLIB_3693,256,400,public-matched,50,1128,,,1154.0,1.15,,165.179075,0.06607162999999999,0.0674472195,0.066125694,0.0001788165025,1152,1148.0,1148.0,1149.5,0.0,0.5199306759098787,0.17331022530329288,,0.0,inf,inf,0.06607162999999999,0.0674472195,1.0,1.0
QPLIB,QPLIB_3693,256,800,auto,50,1128,,,1154.0,1.15,bit,14.817799937499998,0.01185423995,0.020776997,0.011932016699999999,0.0069485725,1152,1152.0,1150.0,1152.0,0.0,0.17331022530329288,0.17331022530329288,2718788.0,0.0,inf,inf,0.13257562950000001,0.1335817615,11.183815247471857,6.429310332961015
QPLIB,QPLIB_3693,256,800,bit,50,1128,,,1154.0,1.15,,14.842159750000002,0.0118737278,0.0205944525,0.01194926485,0.006731148,1152,1152.0,1150.0,1152.0,0.0,0.17331022530329288,0.17331022530329288,2718788.0,0.0,inf,inf,0.13257562950000001,0.1335817615,11.165459721924904,6.486298264059218
QPLIB,QPLIB_3693,256,800,block,50,1128,,,1154.0,1.15,,116.37812137499999,0.09310249709999999,0.1005462575,0.0932537456,0.00524943,1152,1152.0,1150.0,1152.0,0.0,0.17331022530329288,0.17331022530329288,7445568.0,0.0,inf,inf,0.13257562950000001,0.1335817615,1.4239750128033895,1.3285602549652333
QPLIB,QPLIB_3693,256,800,csr-block,50,1128,,,1154.0,1.15,,2.56242006875,0.002049936055,0.0062526660000000005,0.002107680515,0.0025008590000000002,1154,1151.0,1150.0,1152.0,1.0,0.2599653379549393,0.0,2646312.0,0.02,0.46738542054,1.425607848,0.13257562950000001,0.1335817615,64.67305610662086,21.363968825457814
QPLIB,QPLIB_3693,256,800,csr-row,50,1128,,,1154.0,1.15,,5.501759943750001,0.0044014079550000005,0.008646292,0.00446132805,0.0025153700000000003,1154,1151.0,1150.0,1152.0,1.0,0.2599653379549393,0.0,2935336.0,0.02,1.0035210137400001,1.971354576,0.13257562950000001,0.1335817615,30.1211864147685,15.449600996589059
QPLIB,QPLIB_3693,256,800,gemm-fp16,50,1128,,,1154.0,1.15,,26.6302395,0.0213041916,0.0444849825,0.02147000005,0.00922967,1152,1150.0,1150.0,1152.0,0.0,0.34662045060658575,0.17331022530329288,9652832.0,0.0,inf,inf,0.13257562950000001,0.1335817615,6.222983344742356,3.002850714845173
QPLIB,QPLIB_3693,256,800,gemm-fp32,50,1128,,,1154.0,1.15,,38.1267201875,0.030501376150000002,0.050429582,0.0306579213,0.005496549999999999,1152,1152.0,1150.0,1152.0,0.0,0.17331022530329288,0.17331022530329288,13952064.0,0.0,inf,inf,0.13257562950000001,0.1335817615,4.346545836096644,2.6488770321356223
QPLIB,QPLIB_3693,256,800,gemm-int8,50,1128,,,1154.0,1.15,,8.136759999999999,0.0065094079999999995,0.027517793,0.006589808,0.0081411855,1152,1152.0,1150.0,1152.0,0.0,0.17331022530329288,0.17331022530329288,9568820.0,0.0,inf,inf,0.13257562950000001,0.1335817615,20.366772139647725,4.854377729347699
QPLIB,QPLIB_3693,256,800,gemm-tf32,50,1128,,,1154.0,1.15,,25.870799999999996,0.02069664,0.040189381,0.020855025300000003,0.0053202779999999995,1152,1152.0,1150.0,1152.0,0.0,0.17331022530329288,0.17331022530329288,13952064.0,0.0,inf,inf,0.13257562950000001,0.1335817615,6.405659541838676,3.3238073883247914
QPLIB,QPLIB_3693,256,800,public-matched,50,1128,,,1154.0,1.15,,165.71953687500002,0.13257562950000001,0.1335817615,0.1326328615,0.00017643249899999998,1152,1150.0,1150.0,1150.0,0.0,0.34662045060658575,0.17331022530329288,,0.0,inf,inf,0.13257562950000001,0.1335817615,1.0,1.0
QPLIB,QPLIB_3693,256,1600,auto,50,1128,,,1154.0,1.15,bit,14.835230124999999,0.0237363682,0.033032663000000004,0.0238159688,0.007247454,1152,1152.0,1152.0,1152.0,0.0,0.17331022530329288,0.17331022530329288,2721988.0,0.0,inf,inf,0.2513831395,0.252341623,10.590631952701173,7.639154705752908
QPLIB,QPLIB_3693,256,1600,bit,50,1128,,,1154.0,1.15,,14.838309875,0.0237412958,0.0328454465,0.0238185601,0.007105757000000001,1152,1152.0,1152.0,1152.0,0.0,0.17331022530329288,0.17331022530329288,2721988.0,0.0,inf,inf,0.2513831395,0.252341623,10.588433825082118,7.682697295651012
QPLIB,QPLIB_3693,256,1600,block,50,1128,,,1154.0,1.15,,116.0557984375,0.1856892775,0.1931183775,0.185838654,0.005279349,1152,1152.0,1152.0,1152.0,0.0,0.17331022530329288,0.17331022530329288,7448768.0,0.0,inf,inf,0.2513831395,0.252341623,1.3537838203931836,1.306668097913157
QPLIB,QPLIB_3693,256,1600,csr-block,50,1128,,,1154.0,1.15,,2.55093991875,0.00408150387,0.00826789,0.0041415844850000005,0.002508522,1154,1152.0,1152.0,1152.0,2.0,0.17331022530329288,0.0,2649512.0,0.04,0.46120993731000004,0.9342715699999999,0.2513831395,0.252341623,61.5908124815768,30.52067976230937
QPLIB,QPLIB_3693,256,1600,csr-row,50,1128,,,1154.0,1.15,,5.4871299874999995,0.00877940798,0.012943189,0.00883771219,0.002507322,1154,1152.0,1152.0,1152.0,2.0,0.17331022530329288,0.0,2938536.0,0.04,0.9920731017400001,1.462580357,0.2513831395,0.252341623,28.6332677639159,19.496093505240477
QPLIB,QPLIB_3693,256,1600,gemm-fp16,50,1128,,,1154.0,1.15,,26.57712103125,0.042523393650000005,0.072558602,0.04269307315,0.009300998500000001,1152,1152.0,1152.0,1152.0,0.0,0.17331022530329288,0.17331022530329288,9656032.0,0.0,inf,inf,0.2513831395,0.252341623,5.911643401960699,3.4777630225014535
QPLIB,QPLIB_3693,256,1600,gemm-fp32,50,1128,,,1154.0,1.15,,38.1412696875,0.0610260315,0.088229448,0.061187872,0.005666455,1152,1152.0,1152.0,1152.0,0.0,0.17331022530329288,0.17331022530329288,13955264.0,0.0,inf,inf,0.2513831395,0.252341623,4.119277189112322,2.860061223549761
QPLIB,QPLIB_3693,256,1600,gemm-int8,50,1128,,,1154.0,1.15,,8.13015996875,0.01300825595,0.039577859,0.01309097595,0.0082681945,1152,1152.0,1152.0,1152.0,0.0,0.17331022530329288,0.17331022530329288,9572020.0,0.0,inf,inf,0.2513831395,0.252341623,19.324891858389364,6.3758280355690795
QPLIB,QPLIB_3693,256,1600,gemm-tf32,50,1128,,,1154.0,1.15,,25.902639625,0.0414442234,0.0677970945,0.041610496250000004,0.005434391,1152,1152.0,1152.0,1152.0,0.0,0.17331022530329288,0.17331022530329288,13955264.0,0.0,inf,inf,0.2513831395,0.252341623,6.065577271741085,3.7220123496590256
QPLIB,QPLIB_3693,256,1600,public-matched,50,1128,,,1154.0,1.15,,157.1144621875,0.2513831395,0.252341623,0.25143426,0.00017371249849999998,1152,1150.0,1150.0,1152.0,0.0,0.34662045060658575,0.17331022530329288,,0.0,inf,inf,0.2513831395,0.252341623,1.0,1.0
QPLIB,QPLIB_3693,256,3200,auto,50,1128,,,1154.0,1.15,bit,14.8171049375,0.047414735799999996,0.056532294999999996,0.04749158295,0.007104349,1154,1152.0,1152.0,1152.0,4.0,0.17331022530329288,0.0,2728388.0,0.08,2.6552252048,3.1658085199999997,0.5258944855000001,0.5272562025,11.091372262797679,9.326637146077301
QPLIB,QPLIB_3693,256,3200,bit,50,1128,,,1154.0,1.15,,14.84375,0.0475,0.056514135,0.04757647965,0.007043885,1154,1152.0,1152.0,1152.0,4.0,0.17331022530329288,0.0,2728388.0,0.08,2.66,3.16479156,0.5258944855000001,0.5272562025,11.07146285263158,9.32963412604652
QPLIB,QPLIB_3693,256,3200,block,50,1128,,,1154.0,1.15,,115.42385578125001,0.36935633850000005,0.376846164,0.369526227,0.0052818940000000005,1154,1152.0,1152.0,1152.0,4.0,0.17331022530329288,0.0,7455168.0,0.08,20.683954956,21.103385184,0.5258944855000001,0.5272562025,1.4238133495575573,1.3991284849591836
QPLIB,QPLIB_3693,256,3200,csr-block,50,1128,,,1154.0,1.15,,2.5452400749999997,0.00814476824,0.012221091,0.00820393623,0.002466347,1154,1152.0,1152.0,1152.0,5.0,0.17331022530329288,0.0,2655912.0,0.1,0.35836980255999995,0.537728004,0.5258944855000001,0.5272562025,64.56837935759361,43.143136934337534
QPLIB,QPLIB_3693,256,3200,csr-row,50,1128,,,1154.0,1.15,,5.444619953125,0.017422783849999998,0.021506377,0.017480111800000003,0.002441194,1154,1152.0,1152.0,1152.0,5.0,0.17331022530329288,0.0,2944936.0,0.1,0.7666024893999999,0.946280588,0.5258944855000001,0.5272562025,30.18429718394286,24.51627266182491
QPLIB,QPLIB_3693,256,3200,gemm-fp16,50,1128,,,1154.0,1.15,,26.697565328125002,0.08543220905,0.131050798,0.08561713865000001,0.0093219425,1154,1152.0,1152.0,1152.0,3.0,0.17331022530329288,0.0,9662432.0,0.06,6.40741567875,9.828809849999999,0.5258944855000001,0.5272562025,6.155693401211426,4.023296389999854
QPLIB,QPLIB_3693,256,3200,gemm-fp32,50,1128,,,1154.0,1.15,,38.2767559375,0.122485619,0.1654755565,0.1226655375,0.005707336,1154,1152.0,1152.0,1152.0,4.0,0.17331022530329288,0.0,13961664.0,0.08,6.859194664,9.266631164,0.5258944855000001,0.5272562025,4.293520249916034,3.1863086829987486
QPLIB,QPLIB_3693,256,3200,gemm-int8,50,1128,,,1154.0,1.15,,7.72069484375,0.0247062235,0.063509542,0.0247929595,0.008316466500000001,1154,1152.0,1152.0,1152.0,4.0,0.17331022530329288,0.0,9578420.0,0.08,1.3835485159999998,3.556534352,0.5258944855000001,0.5272562025,21.28591144251569,8.301999760917816
QPLIB,QPLIB_3693,256,3200,gemm-tf32,50,1128,,,1154.0,1.15,,25.912269359375,0.08291926194999999,0.12534957349999998,0.08308851045,0.005529239,1154,1152.0,1152.0,1152.0,4.0,0.17331022530329288,0.0,13961664.0,0.08,4.643478669199999,7.019576115999999,0.5258944855000001,0.5272562025,6.342247544570675,4.206286370013059
QPLIB,QPLIB_3693,256,3200,public-matched,50,1128,,,1154.0,1.15,,164.34202671875,0.5258944855000001,0.5272562025,0.5259506775,0.00018656099549999998,1152,1152.0,1150.0,1152.0,0.0,0.17331022530329288,0.17331022530329288,,0.0,inf,inf,0.5258944855000001,0.5272562025,1.0,1.0
QPLIB,QPLIB_3705,1024,200,auto,50,378,,,384.0,1.15,bit,22.07584025,0.0044151680499999995,0.009544231,0.004507407999999999,0.004317201499999999,384,384.0,384.0,384.0,50.0,0.0,0.0,3241772.0,1.0,0.0044151680499999995,0.009544231,0.035498993,0.036718693999999996,8.040235976974875,3.8472134632952613
QPLIB,QPLIB_3705,1024,200,bit,50,378,,,384.0,1.15,,22.103440775,0.004420688155,0.009565079,0.00451156846,0.0043377615000000005,384,384.0,384.0,384.0,50.0,0.0,0.0,3241772.0,1.0,0.004420688155,0.009565079,0.035498993,0.036718693999999996,8.030196149404707,3.838828095408307
QPLIB,QPLIB_3705,1024,200,block,50,378,,,384.0,1.15,,72.1711205,0.0144342241,0.0191608785,0.0145460645,0.003939104,384,384.0,384.0,384.0,50.0,0.0,0.0,3687712.0,1.0,0.0144342241,0.0191608785,0.035498993,0.036718693999999996,2.4593627446867754,1.91633666483507
QPLIB,QPLIB_3705,1024,200,csr-block,50,378,,,384.0,1.15,,2.9728800050000004,0.0005945760010000001,0.0027565715,0.000639664009,0.0017951915,384,384.0,384.0,384.0,50.0,0.0,0.0,3515024.0,1.0,0.0005945760010000001,0.0027565715,0.035498993,0.036718693999999996,59.70471889261469,13.320421400279296
QPLIB,QPLIB_3705,1024,200,csr-row,50,378,,,384.0,1.15,,6.054880025,0.0012109760049999999,0.0033806215,0.001259104015,0.001798615,384,384.0,384.0,384.0,50.0,0.0,0.0,3903120.0,1.0,0.0012109760049999999,0.0033806215,0.035498993,0.036718693999999996,29.314365316429207,10.861521764563113
QPLIB,QPLIB_3705,1024,200,gemm-fp16,50,378,,,384.0,1.15,,16.2998402,0.00325996804,0.018894333,0.00341193646,0.007553871,384,384.0,384.0,384.0,50.0,0.0,0.0,8367136.0,1.0,0.00325996804,0.018894333,0.035498993,0.036718693999999996,10.889368412335722,1.9433707450800193
QPLIB,QPLIB_3705,1024,200,gemm-fp32,50,378,,,384.0,1.15,,16.683520075,0.003336704015,0.015882161,0.003454433035,0.004245505,384,384.0,384.0,384.0,50.0,0.0,0.0,10986784.0,1.0,0.003336704015,0.015882161,0.035498993,0.036718693999999996,10.638939756243257,2.311945710662422
QPLIB,QPLIB_3705,1024,200,gemm-int8,50,378,,,384.0,1.15,,6.939120000000001,0.0013878240000000002,0.013023414,0.0014748164750000002,0.004045665,384,384.0,384.0,384.0,50.0,0.0,0.0,9428908.0,1.0,0.0013878240000000002,0.013023414,0.035498993,0.036718693999999996,25.578886804090427,2.8194369003396496
QPLIB,QPLIB_3705,1024,200,gemm-tf32,50,378,,,384.0,1.15,,14.226320400000002,0.00284526408,0.014793197000000001,0.0029607360249999997,0.0039274405000000005,384,384.0,384.0,384.0,50.0,0.0,0.0,10986784.0,1.0,0.00284526408,0.014793197000000001,0.035498993,0.036718693999999996,12.476519578456845,2.482133780818304
QPLIB,QPLIB_3705,1024,200,public-matched,50,378,,,384.0,1.15,,177.494965,0.035498993,0.036718693999999996,0.035566977,0.00017054499749999998,384,384.0,384.0,384.0,50.0,0.0,0.0,,1.0,0.035498993,0.036718693999999996,0.035498993,0.036718693999999996,1.0,1.0
QPLIB,QPLIB_3705,1024,400,auto,50,378,,,384.0,1.15,bit,22.0133209125,0.008805328365,0.013897801000000001,0.008895392135,0.0043037775,384,384.0,384.0,384.0,50.0,0.0,0.0,3242572.0,1.0,0.008805328365,0.013897801000000001,0.0694330995,0.07062956849999999,7.885350394879907,5.082067911319207
QPLIB,QPLIB_3705,1024,400,bit,50,378,,,384.0,1.15,,22.03664065,0.00881465626,0.013916729,0.008905152435,0.0043281775000000005,384,384.0,384.0,384.0,50.0,0.0,0.0,3242572.0,1.0,0.00881465626,0.013916729,0.0694330995,0.07062956849999999,7.877005915146146,5.075155843014547
QPLIB,QPLIB_3705,1024,400,block,50,378,,,384.0,1.15,,72.131278625,0.02885251145,0.033555626000000005,0.028963567949999998,0.003939776,384,384.0,384.0,384.0,50.0,0.0,0.0,3688512.0,1.0,0.02885251145,0.033555626000000005,0.0694330995,0.07062956849999999,2.4064837343648295,2.1048502716057205
QPLIB,QPLIB_3705,1024,400,csr-block,50,378,,,384.0,1.15,,2.9227998750000004,0.00116911995,0.00331307,0.001214127955,0.0017967435000000001,384,384.0,384.0,384.0,50.0,0.0,0.0,3515824.0,1.0,0.00116911995,0.00331307,0.0694330995,0.07062956849999999,59.389200825800636,21.31846550178535
QPLIB,QPLIB_3705,1024,400,csr-row,50,378,,,384.0,1.15,,6.02896005,0.00241158402,0.004573283,0.00245478394,0.0018022314999999998,384,384.0,384.0,384.0,50.0,0.0,0.0,3903920.0,1.0,0.00241158402,0.004573283,0.0694330995,0.07062956849999999,28.791490955392877,15.443953173245562
QPLIB,QPLIB_3705,1024,400,gemm-fp16,50,378,,,384.0,1.15,,16.173439625,0.00646937585,0.023336352,0.006619392325,0.0075998075,384,384.0,384.0,384.0,50.0,0.0,0.0,8367936.0,1.0,0.00646937585,0.023336352,0.0694330995,0.07062956849999999,10.732580871769878,3.026589952876953
QPLIB,QPLIB_3705,1024,400,gemm-fp32,50,378,,,384.0,1.15,,16.657040125,0.00666281605,0.020262899,0.006778528555,0.00393048,384,384.0,384.0,384.0,50.0,0.0,0.0,10987584.0,1.0,0.00666281605,0.020262899,0.0694330995,0.07062956849999999,10.420984007205181,3.4856596037911447
QPLIB,QPLIB_3705,1024,400,gemm-int8,50,378,,,384.0,1.15,,6.5909999625,0.002636399985,0.01551144,0.002727071995,0.004060609,384,384.0,384.0,384.0,50.0,0.0,0.0,9429708.0,1.0,0.002636399985,0.01551144,0.0694330995,0.07062956849999999,26.336329803916303,4.553385662453002
QPLIB,QPLIB_3705,1024,400,gemm-tf32,50,378,,,384.0,1.15,,14.180520175000002,0.00567220807,0.0186832765,0.005787696639999999,0.00391576,384,384.0,384.0,384.0,50.0,0.0,0.0,10987584.0,1.0,0.00567220807,0.0186832765,0.0694330995,0.07062956849999999,12.240929571541615,3.7803630696146895
QPLIB,QPLIB_3705,1024,400,public-matched,50,378,,,384.0,1.15,,173.58274875,0.0694330995,0.07062956849999999,0.06949577200000001,0.000173456501,384,384.0,384.0,384.0,50.0,0.0,0.0,,1.0,0.0694330995,0.07062956849999999,0.0694330995,0.07062956849999999,1.0,1.0
QPLIB,QPLIB_3705,1024,800,auto,50,378,,,384.0,1.15,bit,21.9817196875,0.01758537575,0.022750700999999998,0.01767752105,0.0043471055,384,384.0,384.0,384.0,50.0,0.0,0.0,3244172.0,1.0,0.01758537575,0.022750700999999998,0.14159537900000002,0.14274831100000002,8.051882485365718,6.2744576969298675
QPLIB,QPLIB_3705,1024,800,bit,50,378,,,384.0,1.15,,21.97485925,0.0175798874,0.022569484,0.017668288150000003,0.004203953,384,384.0,384.0,384.0,50.0,0.0,0.0,3244172.0,1.0,0.0175798874,0.022569484,0.14159537900000002,0.14274831100000002,8.054396241468533,6.3248371562238646
QPLIB,QPLIB_3705,1024,800,block,50,378,,,384.0,1.15,,72.02749968750001,0.05762199975,0.062358096,0.05773174475,0.0039457125,384,384.0,384.0,384.0,50.0,0.0,0.0,3690112.0,1.0,0.05762199975,0.062358096,0.14159537900000002,0.14274831100000002,2.4573145606596207,2.289170455108187
QPLIB,QPLIB_3705,1024,800,csr-block,50,378,,,384.0,1.15,,2.8989599624999998,0.00231916797,0.0044788825,0.0023644480299999998,0.001797224,384,384.0,384.0,384.0,50.0,0.0,0.0,3517424.0,1.0,0.00231916797,0.0044788825,0.14159537900000002,0.14274831100000002,61.054387104182034,31.87141234448549
QPLIB,QPLIB_3705,1024,800,csr-row,50,378,,,384.0,1.15,,6.0542199,0.00484337592,0.00702094,0.00489310461,0.0017924875,384,384.0,384.0,384.0,50.0,0.0,0.0,3905520.0,1.0,0.00484337592,0.00702094,0.14159537900000002,0.14274831100000002,29.234852164851166,20.33179474543295
QPLIB,QPLIB_3705,1024,800,gemm-fp16,50,378,,,384.0,1.15,,16.253660312500003,0.01300292825,0.032618422,0.01315540955,0.007845168,384,384.0,384.0,384.0,50.0,0.0,0.0,8369536.0,1.0,0.01300292825,0.032618422,0.14159537900000002,0.14274831100000002,10.889499371035907,4.376309528400853
QPLIB,QPLIB_3705,1024,800,gemm-fp32,50,378,,,384.0,1.15,,16.49631975,0.0131970558,0.03030902,0.0133183686,0.0042313135,384,384.0,384.0,384.0,50.0,0.0,0.0,10989184.0,1.0,0.0131970558,0.03030902,0.14159537900000002,0.14274831100000002,10.729315776629514,4.70976333117996
QPLIB,QPLIB_3705,1024,800,gemm-int8,50,378,,,384.0,1.15,,6.645340024999999,0.00531627202,0.020617589,0.00540713671,0.0040561925,384,384.0,384.0,384.0,50.0,0.0,0.0,9431308.0,1.0,0.00531627202,0.020617589,0.14159537900000002,0.14274831100000002,26.63433670574291,6.923618033126959
QPLIB,QPLIB_3705,1024,800,gemm-tf32,50,378,,,384.0,1.15,,14.1878801875,0.01135030415,0.026801182,0.011465744850000001,0.003919824000000001,384,384.0,384.0,384.0,50.0,0.0,0.0,10989184.0,1.0,0.01135030415,0.026801182,0.14159537900000002,0.14274831100000002,12.475029490729552,5.326194605894622
QPLIB,QPLIB_3705,1024,800,public-matched,50,378,,,384.0,1.15,,176.99422375,0.14159537900000002,0.14274831100000002,0.141650419,0.000184321005,384,384.0,384.0,384.0,50.0,0.0,0.0,,1.0,0.14159537900000002,0.14274831100000002,0.14159537900000002,0.14274831100000002,1.0,1.0
QPLIB,QPLIB_3705,1024,1600,auto,50,378,,,384.0,1.15,bit,21.9668388125,0.0351469421,0.040299299999999996,0.03523840125,0.0043304175,384,384.0,384.0,384.0,50.0,0.0,0.0,3247372.0,1.0,0.0351469421,0.040299299999999996,0.2766428425,0.277948576,7.871035884512979,6.897106798381114
QPLIB,QPLIB_3705,1024,1600,bit,50,378,,,384.0,1.15,,21.973050843750002,0.03515688135,0.040262308499999996,0.0352503522,0.0042982260000000005,384,384.0,384.0,384.0,50.0,0.0,0.0,3247372.0,1.0,0.03515688135,0.040262308499999996,0.2766428425,0.277948576,7.868810653195209,6.903443601600738
QPLIB,QPLIB_3705,1024,1600,block,50,378,,,384.0,1.15,,72.01050062499999,0.11521680100000001,0.119955309,0.11532790500000001,0.00395208,384,384.0,384.0,384.0,50.0,0.0,0.0,3693312.0,1.0,0.11521680100000001,0.119955309,0.2766428425,0.277948576,2.401063387448155,2.3171010797029417
QPLIB,QPLIB_3705,1024,1600,csr-block,50,378,,,384.0,1.15,,2.886130065625,0.004617808105,0.00680326,0.00466680048,0.001801016,384,384.0,384.0,384.0,50.0,0.0,0.0,3520624.0,1.0,0.004617808105,0.00680326,0.2766428425,0.277948576,59.90782557648094,40.8552041227294
QPLIB,QPLIB_3705,1024,1600,csr-row,50,378,,,384.0,1.15,,6.051419971874999,0.009682271954999998,0.011845313,0.009727759955,0.0018067275,384,384.0,384.0,384.0,50.0,0.0,0.0,3908720.0,1.0,0.009682271954999998,0.011845313,0.2766428425,0.277948576,28.57209999737092,23.464857028260884
QPLIB,QPLIB_3705,1024,1600,gemm-fp16,50,378,,,384.0,1.15,,16.2786495625,0.026045839299999998,0.050523664,0.02619923185,0.007896320500000002,384,384.0,384.0,384.0,50.0,0.0,0.0,8372736.0,1.0,0.026045839299999998,0.050523664,0.2766428425,0.277948576,10.621383297101122,5.501354296077972
QPLIB,QPLIB_3705,1024,1600,gemm-fp32,50,378,,,384.0,1.15,,16.463810187500002,0.0263420963,0.050178429,0.0264675373,0.004252593,384,384.0,384.0,384.0,50.0,0.0,0.0,10992384.0,1.0,0.0263420963,0.050178429,0.2766428425,0.277948576,10.501929662294948,5.539204425869929
QPLIB,QPLIB_3705,1024,1600,gemm-int8,50,378,,,384.0,1.15,,6.613900062499999,0.0105822401,0.030903599,0.01067300845,0.00406488,384,384.0,384.0,384.0,50.0,0.0,0.0,9434508.0,1.0,0.0105822401,0.030903599,0.2766428425,0.277948576,26.14218160670915,8.994051987278246
QPLIB,QPLIB_3705,1024,1600,gemm-tf32,50,378,,,384.0,1.15,,14.196810124999999,0.0227148962,0.043276369999999995,0.0228330084,0.0040520325,384,384.0,384.0,384.0,50.0,0.0,0.0,10992384.0,1.0,0.0227148962,0.043276369999999995,0.2766428425,0.277948576,12.178917308897937,6.422640715938052
QPLIB,QPLIB_3705,1024,1600,public-matched,50,378,,,384.0,1.15,,172.9017765625,0.2766428425,0.277948576,0.27669777100000004,0.000172480999,384,384.0,384.0,384.0,50.0,0.0,0.0,,1.0,0.2766428425,0.277948576,0.2766428425,0.277948576,1.0,1.0
QPLIB,QPLIB_3705,1024,3200,auto,50,378,,,384.0,1.15,bit,21.95926428125,0.0702696457,0.075432004,0.07035801605,0.00434669,384,384.0,384.0,384.0,50.0,0.0,0.0,3253772.0,1.0,0.0702696457,0.075432004,0.5532826455,0.554153737,7.8737076299219195,7.346400832728772
QPLIB,QPLIB_3705,1024,3200,bit,50,378,,,384.0,1.15,,21.954669953125,0.07025494385,0.07543466,0.07034452625,0.004362625,384,384.0,384.0,384.0,50.0,0.0,0.0,3253772.0,1.0,0.07025494385,0.07543466,0.5532826455,0.554153737,7.875355315652992,7.346142171251253
QPLIB,QPLIB_3705,1024,3200,block,50,378,,,384.0,1.15,,72.02147,0.230468704,0.23516413949999998,0.23058105299999998,0.003888896,384,384.0,384.0,384.0,50.0,0.0,0.0,3699712.0,1.0,0.230468704,0.23516413949999998,0.5532826455,0.554153737,2.4006845003128925,2.3564551048396565
QPLIB,QPLIB_3705,1024,3200,csr-block,50,378,,,384.0,1.15,,2.8762449312499996,0.00920398378,0.011301327,0.009254799995,0.0017593675000000001,384,384.0,384.0,384.0,50.0,0.0,0.0,3527024.0,1.0,0.00920398378,0.011301327,0.5532826455,0.554153737,60.113387716117856,49.03439542984643
QPLIB,QPLIB_3705,1024,3200,csr-row,50,378,,,384.0,1.15,,6.0298949375,0.0192956638,0.021415592499999997,0.0193495999,0.0017633990000000001,384,384.0,384.0,384.0,50.0,0.0,0.0,3915120.0,1.0,0.0192956638,0.021415592499999997,0.5532826455,0.554153737,28.673936861399913,25.87618049792459
QPLIB,QPLIB_3705,1024,3200,gemm-fp16,50,378,,,384.0,1.15,,15.810124875,0.050592399600000004,0.085386673,0.0507481761,0.007710048000000001,384,384.0,384.0,384.0,50.0,0.0,0.0,8379136.0,1.0,0.050592399600000004,0.085386673,0.5532826455,0.554153737,10.936082294463848,6.489932416034058
QPLIB,QPLIB_3705,1024,3200,gemm-fp32,50,378,,,384.0,1.15,,16.23425484375,0.0519496155,0.08906094,0.05207316815,0.0043027855,384,384.0,384.0,384.0,50.0,0.0,0.0,10998784.0,1.0,0.0519496155,0.08906094,0.5532826455,0.554153737,10.650370367033803,6.222186033518173
QPLIB,QPLIB_3705,1024,3200,gemm-int8,50,378,,,384.0,1.15,,6.225924796875001,0.019922959349999998,0.051031555,0.020015376350000003,0.0043100975,384,384.0,384.0,384.0,50.0,0.0,0.0,9440908.0,1.0,0.019922959349999998,0.051031555,0.5532826455,0.554153737,27.771107483587773,10.859040783687663
QPLIB,QPLIB_3705,1024,3200,gemm-tf32,50,378,,,384.0,1.15,,13.819054953125,0.04422097585,0.0755430315,0.04434054435,0.004157857500000001,384,384.0,384.0,384.0,50.0,0.0,0.0,10998784.0,1.0,0.04422097585,0.0755430315,0.5532826455,0.554153737,12.511769242197762,7.33560364201164
QPLIB,QPLIB_3705,1024,3200,public-matched,50,378,,,384.0,1.15,,172.90082671875,0.5532826455,0.554153737,0.5533424215,0.000171713007,384,384.0,384.0,384.0,50.0,0.0,0.0,,1.0,0.5532826455,0.554153737,0.5532826455,0.554153737,1.0,1.0
QPLIB,QPLIB_3706,512,200,auto,50,703,,,682.0,1.16,bit,21.588000049999998,0.00431760001,0.0106047635,0.00438643218,0.0050731725,682,682.0,682.0,682.0,49.0,0.0,0.0,3101216.0,0.98,0.00863520002,0.021209527,0.0348474065,0.036317701,8.071013159924464,3.4246592109291267
QPLIB,QPLIB_3706,512,200,bit,50,703,,,682.0,1.16,,21.592319000000003,0.0043184638,0.0105362995,0.004386256034999999,0.005033333,682,682.0,682.0,682.0,49.0,0.0,0.0,3101216.0,0.98,0.0086369276,0.021072599,0.0348474065,0.036317701,8.069398775555324,3.446912362352646
QPLIB,QPLIB_3706,512,200,block,50,703,,,682.0,1.16,,99.49560174999999,0.01989912035,0.025722698000000002,0.020041105150000002,0.004528659,682,682.0,682.0,682.0,49.0,0.0,0.0,4866848.0,0.98,0.0397982407,0.051445396000000004,0.0348474065,0.036317701,1.7512033641225753,1.4118931458900617
QPLIB,QPLIB_3706,512,200,csr-block,50,703,,,682.0,1.16,,3.0450400725,0.0006090080145,0.0034317425,0.0006601125,0.002110009,682,682.0,682.0,682.0,47.0,0.0,0.0,3273636.0,0.94,0.001218016029,0.006863485,0.0348474065,0.036317701,57.21994730826321,10.58287473491965
QPLIB,QPLIB_3706,512,200,csr-row,50,703,,,682.0,1.16,,5.903039874999999,0.001180607975,0.004099793,0.00123126401,0.0021360885,682,682.0,682.0,682.0,47.0,0.0,0.0,3634084.0,0.94,0.00236121595,0.008199586,0.0348474065,0.036317701,29.51649255122133,8.858423095995335
QPLIB,QPLIB_3706,512,200,gemm-fp16,50,703,,,682.0,1.16,,6.588000075,0.0013176000149999999,0.018228987000000002,0.00145283249,0.008424323000000001,682,682.0,682.0,682.0,49.0,0.0,0.0,8790816.0,0.98,0.0026352000299999997,0.036457974000000004,0.0348474065,0.036317701,26.44763669041094,1.9923049481575688
QPLIB,QPLIB_3706,512,200,gemm-fp32,50,703,,,682.0,1.16,,25.841759449999998,0.00516835189,0.018374219,0.0053230565550000004,0.00448517,682,682.0,682.0,682.0,49.0,0.0,0.0,11944736.0,0.98,0.01033670378,0.036748438,0.0348474065,0.036317701,6.742460119138675,1.9765575342277133
QPLIB,QPLIB_3706,512,200,gemm-int8,50,703,,,682.0,1.16,,7.454079999999999,0.0014908159999999998,0.0152684305,0.001558496005,0.0056941835,682,682.0,682.0,682.0,49.0,0.0,0.0,9503264.0,0.98,0.0029816319999999997,0.030536861,0.0348474065,0.036317701,23.374719952026272,2.3786138987894008
QPLIB,QPLIB_3706,512,200,gemm-tf32,50,703,,,682.0,1.16,,11.774240125,0.002354848025,0.015311262999999999,0.0025000965,0.0045281625,682,682.0,682.0,682.0,49.0,0.0,0.0,11944736.0,0.98,0.00470969605,0.030622525999999997,0.0348474065,0.036317701,14.798155180311475,2.371959844200965
QPLIB,QPLIB_3706,512,200,public-matched,50,703,,,682.0,1.16,,174.2370325,0.0348474065,0.036317701,0.034903439,0.0001823209965,682,680.0,680.0,682.0,21.0,0.2932551319648094,0.0,,0.42,0.3136266585,0.326859309,0.0348474065,0.036317701,1.0,1.0
QPLIB,QPLIB_3706,512,400,auto,50,703,,,682.0,1.16,bit,21.5448808625,0.008617952344999999,0.014877069,0.00868915229,0.005014292,682,682.0,682.0,682.0,50.0,0.0,0.0,3102016.0,1.0,0.008617952344999999,0.014877069,0.068118246,0.0694181555,7.904226349026069,4.666117734615602
QPLIB,QPLIB_3706,512,400,bit,50,703,,,682.0,1.16,,21.5538001,0.00862152004,0.014724603999999999,0.008690191705,0.00494026,682,682.0,682.0,682.0,50.0,0.0,0.0,3102016.0,1.0,0.00862152004,0.014724603999999999,0.068118246,0.0694181555,7.9009554793077985,4.714432761655254
QPLIB,QPLIB_3706,512,400,block,50,703,,,682.0,1.16,,99.417920125,0.039767168049999996,0.045638779500000004,0.03991134565,0.0045580989999999995,682,682.0,682.0,682.0,50.0,0.0,0.0,4867648.0,1.0,0.039767168049999996,0.045638779500000004,0.068118246,0.0694181555,1.7129267518962794,1.5210344417733606
QPLIB,QPLIB_3706,512,400,csr-block,50,703,,,682.0,1.16,,2.9959599624999997,0.0011983839849999999,0.0040764165,0.00124793595,0.002111193,682,682.0,682.0,682.0,50.0,0.0,0.0,3274436.0,1.0,0.0011983839849999999,0.0040764165,0.068118246,0.0694181555,56.84175260402866,17.029210705039585
QPLIB,QPLIB_3706,512,400,csr-row,50,703,,,682.0,1.16,,5.903799825,0.00236151993,0.0052354129999999995,0.0024135679599999998,0.0021167764999999996,682,682.0,682.0,682.0,50.0,0.0,0.0,3634884.0,1.0,0.00236151993,0.0052354129999999995,0.068118246,0.0694181555,28.84508622376945,13.25934658832073
QPLIB,QPLIB_3706,512,400,gemm-fp16,50,703,,,682.0,1.16,,6.494160299999999,0.00259766412,0.021040101999999998,0.0027332011,0.008451939,682,682.0,682.0,682.0,50.0,0.0,0.0,8791616.0,1.0,0.00259766412,0.021040101999999998,0.068118246,0.0694181555,26.222884427413963,3.2993259966135144
QPLIB,QPLIB_3706,512,400,gemm-fp32,50,703,,,682.0,1.16,,25.774440750000004,0.0103097763,0.0251430625,0.0104568167,0.004525986500000001,682,682.0,682.0,682.0,50.0,0.0,0.0,11945536.0,1.0,0.0103097763,0.0251430625,0.068118246,0.0694181555,6.607150729351906,2.760926816293759
QPLIB,QPLIB_3706,512,400,gemm-int8,50,703,,,682.0,1.16,,7.1352398375,0.0028540959350000002,0.017840378,0.00292182402,0.0057227115,682,682.0,682.0,682.0,50.0,0.0,0.0,9504064.0,1.0,0.0028540959350000002,0.017840378,0.068118246,0.0694181555,23.866838239268922,3.891069768813194
QPLIB,QPLIB_3706,512,400,gemm-tf32,50,703,,,682.0,1.16,,11.7393195625,0.004695727825,0.019069118,0.0048414248699999995,0.004602115,682,682.0,682.0,682.0,50.0,0.0,0.0,11945536.0,1.0,0.004695727825,0.019069118,0.068118246,0.0694181555,14.506429788655819,3.6403443253117422
QPLIB,QPLIB_3706,512,400,public-matched,50,703,,,682.0,1.16,,170.295615,0.068118246,0.0694181555,0.068183814,0.000175232999,682,682.0,682.0,682.0,47.0,0.0,0.0,,0.94,0.136236492,0.138836311,0.068118246,0.0694181555,1.0,1.0
QPLIB,QPLIB_3706,512,800,auto,50,703,,,682.0,1.16,bit,21.5179205,0.017214336400000002,0.023558352,0.0172820483,0.005108533,682,682.0,682.0,682.0,50.0,0.0,0.0,3103616.0,1.0,0.017214336400000002,0.023558352,0.1358728435,0.1372070085,7.893005012961173,5.824134408892439
QPLIB,QPLIB_3706,512,800,bit,50,703,,,682.0,1.16,,21.530259875,0.0172242079,0.0235476165,0.0172938562,0.0050740205,682,682.0,682.0,682.0,50.0,0.0,0.0,3103616.0,1.0,0.0172242079,0.0235476165,0.1358728435,0.1372070085,7.888481391356174,5.826789666801309
QPLIB,QPLIB_3706,512,800,block,50,703,,,682.0,1.16,,99.3131780625,0.07945054245,0.0853349905,0.07959535949999999,0.0045572345,682,682.0,682.0,682.0,50.0,0.0,0.0,4869248.0,1.0,0.07945054245,0.0853349905,0.1358728435,0.1372070085,1.7101562721929535,1.6078634062776396
QPLIB,QPLIB_3706,512,800,csr-block,50,703,,,682.0,1.16,,2.97616005,0.00238092804,0.005250709,0.002432880965,0.002116985,682,682.0,682.0,682.0,50.0,0.0,0.0,3276036.0,1.0,0.00238092804,0.005250709,0.1358728435,0.1372070085,57.067177679170854,26.131139337563745
QPLIB,QPLIB_3706,512,800,csr-row,50,703,,,682.0,1.16,,5.80965995625,0.004647727965,0.007599807,0.00470089596,0.002117672,682,682.0,682.0,682.0,50.0,0.0,0.0,3636484.0,1.0,0.004647727965,0.007599807,0.1358728435,0.1372070085,29.234250481783523,18.054012226889448
QPLIB,QPLIB_3706,512,800,gemm-fp16,50,703,,,682.0,1.16,,6.04933976875,0.0048394718149999995,0.026289180000000002,0.004975680845,0.008458323,682,682.0,682.0,682.0,50.0,0.0,0.0,8793216.0,1.0,0.0048394718149999995,0.026289180000000002,0.1358728435,0.1372070085,28.07596545533348,5.2191437123561855
QPLIB,QPLIB_3706,512,800,gemm-fp32,50,703,,,682.0,1.16,,25.628980375,0.0205031843,0.0382847485,0.0206503692,0.004529586,682,682.0,682.0,682.0,50.0,0.0,0.0,11947136.0,1.0,0.0205031843,0.0382847485,0.1358728435,0.1372070085,6.626914215466521,3.583855552818899
QPLIB,QPLIB_3706,512,800,gemm-int8,50,703,,,682.0,1.16,,7.1504598875,0.0057203679099999995,0.023169823,0.005790351924999999,0.005736455999999999,682,682.0,682.0,682.0,50.0,0.0,0.0,9505664.0,1.0,0.0057203679099999995,0.023169823,0.1358728435,0.1372070085,23.752465861937893,5.921797870445537
QPLIB,QPLIB_3706,512,800,gemm-tf32,50,703,,,682.0,1.16,,11.67209983125,0.009337679865,0.025990971,0.009484032615,0.0045560505000000005,682,682.0,682.0,682.0,50.0,0.0,0.0,11947136.0,1.0,0.009337679865,0.025990971,0.1358728435,0.1372070085,14.551028249456913,5.279025877871204
QPLIB,QPLIB_3706,512,800,public-matched,50,703,,,682.0,1.16,,169.841054375,0.1358728435,0.1372070085,0.1359469395,0.0001761609965,682,682.0,682.0,682.0,50.0,0.0,0.0,,1.0,0.1358728435,0.1372070085,0.1358728435,0.1372070085,1.0,1.0
QPLIB,QPLIB_3706,512,1600,auto,50,703,,,682.0,1.16,bit,21.504750249999997,0.0344076004,0.04062023,0.034475455200000005,0.0050117645,682,682.0,682.0,682.0,50.0,0.0,0.0,3106816.0,1.0,0.0344076004,0.04062023,0.27227712849999997,0.2731736765,7.913284429448325,6.725064739909154
QPLIB,QPLIB_3706,512,1600,bit,50,703,,,682.0,1.16,,21.51926040625,0.03443081665,0.040687143,0.0344998896,0.0050490924999999996,682,682.0,682.0,682.0,50.0,0.0,0.0,3106816.0,1.0,0.03443081665,0.040687143,0.27227712849999997,0.2731736765,7.9079486051051875,6.714004876184106
QPLIB,QPLIB_3706,512,1600,block,50,703,,,682.0,1.16,,99.3175078125,0.1589080125,0.164806069,0.159055264,0.0045413145,682,682.0,682.0,682.0,50.0,0.0,0.0,4872448.0,1.0,0.1589080125,0.164806069,0.27227712849999997,0.2731736765,1.7134260520689601,1.657546218762126
QPLIB,QPLIB_3706,512,1600,csr-block,50,703,,,682.0,1.16,,2.9587000624999997,0.0047339201,0.0076202555,0.00478464038,0.002109225,682,682.0,682.0,682.0,50.0,0.0,0.0,3279236.0,1.0,0.0047339201,0.0076202555,0.27227712849999997,0.2731736765,57.51620702259001,35.84836184298545
QPLIB,QPLIB_3706,512,1600,csr-row,50,703,,,682.0,1.16,,5.808289943749999,0.00929326391,0.0122115865,0.00934531241,0.002121481,682,682.0,682.0,682.0,50.0,0.0,0.0,3639684.0,1.0,0.00929326391,0.0122115865,0.27227712849999997,0.2731736765,29.298331688075343,22.370039838803912
QPLIB,QPLIB_3706,512,1600,gemm-fp16,50,703,,,682.0,1.16,,6.03092998125,0.00964948797,0.037347177499999995,0.009789152584999999,0.008551843,682,682.0,682.0,682.0,50.0,0.0,0.0,8796416.0,1.0,0.00964948797,0.037347177499999995,0.27227712849999997,0.2731736765,28.216743660026548,7.31443966548744
QPLIB,QPLIB_3706,512,1600,gemm-fp32,50,703,,,682.0,1.16,,25.5760109375,0.0409216175,0.06554911599999999,0.041070481500000006,0.0046101305,682,682.0,682.0,682.0,50.0,0.0,0.0,11950336.0,1.0,0.0409216175,0.06554911599999999,0.27227712849999997,0.2731736765,6.653625763937605,4.167465454454032
QPLIB,QPLIB_3706,512,1600,gemm-int8,50,703,,,682.0,1.16,,7.0986199375000005,0.0113577919,0.034053195999999994,0.01142883225,0.005798712,682,682.0,682.0,682.0,50.0,0.0,0.0,9508864.0,1.0,0.0113577919,0.034053195999999994,0.27227712849999997,0.2731736765,23.972716783092316,8.021968819020689
QPLIB,QPLIB_3706,512,1600,gemm-tf32,50,703,,,682.0,1.16,,11.66983009375,0.01867172815,0.040433845999999996,0.01882233715,0.004494898,682,682.0,682.0,682.0,50.0,0.0,0.0,11950336.0,1.0,0.01867172815,0.040433845999999996,0.27227712849999997,0.2731736765,14.582320731785073,6.756064622197949
QPLIB,QPLIB_3706,512,1600,public-matched,50,703,,,682.0,1.16,,170.1732053125,0.27227712849999997,0.2731736765,0.27233458499999996,0.0001901610015,682,682.0,682.0,682.0,50.0,0.0,0.0,,1.0,0.27227712849999997,0.2731736765,0.27227712849999997,0.2731736765,1.0,1.0
QPLIB,QPLIB_3706,512,3200,auto,50,703,,,682.0,1.16,bit,21.498830328125003,0.06879625705,0.0751989795,0.06886747285,0.005117653,682,682.0,682.0,682.0,50.0,0.0,0.0,3113216.0,1.0,0.06879625705,0.0751989795,0.5527858115,0.554293641,8.035114629829994,7.371026105480594
QPLIB,QPLIB_3706,512,3200,bit,50,703,,,682.0,1.16,,21.4991700625,0.0687973442,0.075054387,0.0688659985,0.0050267405,682,682.0,682.0,682.0,50.0,0.0,0.0,3113216.0,1.0,0.0687973442,0.075054387,0.5527858115,0.554293641,8.03498765727064,7.3852264092170925
QPLIB,QPLIB_3706,512,3200,block,50,703,,,682.0,1.16,,99.2398309375,0.317567459,0.3235002955,0.3177108035,0.004550098,682,682.0,682.0,682.0,50.0,0.0,0.0,4878848.0,1.0,0.317567459,0.3235002955,0.5527858115,0.554293641,1.7406878313057887,1.7134254549699477
QPLIB,QPLIB_3706,512,3200,csr-block,50,703,,,682.0,1.16,,2.9569798718750007,0.00946233559,0.012321875,0.009513184875,0.0020637525,682,682.0,682.0,682.0,50.0,0.0,0.0,3285636.0,1.0,0.00946233559,0.012321875,0.5527858115,0.554293641,58.41959484973201,44.98452069997464
QPLIB,QPLIB_3706,512,3200,csr-row,50,703,,,682.0,1.16,,5.715779953125001,0.018290495849999998,0.0212255755,0.01834526385,0.002101417,682,682.0,682.0,682.0,50.0,0.0,0.0,3646084.0,1.0,0.018290495849999998,0.0212255755,0.5527858115,0.554293641,30.222571111979995,26.114422244994017
QPLIB,QPLIB_3706,512,3200,gemm-fp16,50,703,,,682.0,1.16,,6.00367009375,0.0192117443,0.061322205500000004,0.0193554253,0.0085796195,682,682.0,682.0,682.0,50.0,0.0,0.0,8802816.0,1.0,0.0192117443,0.061322205500000004,0.5527858115,0.554293641,28.77332754735862,9.039036291674147
QPLIB,QPLIB_3706,512,3200,gemm-fp32,50,703,,,682.0,1.16,,25.385529984375,0.08123369595,0.1213058555,0.08139793725,0.004912852,682,682.0,682.0,682.0,50.0,0.0,0.0,11956736.0,1.0,0.08123369595,0.1213058555,0.5527858115,0.554293641,6.804883183454365,4.569388993757189
QPLIB,QPLIB_3706,512,3200,gemm-int8,50,703,,,682.0,1.16,,6.6825199062500005,0.0213840637,0.055157028,0.02145694405,0.0057490795,682,682.0,682.0,682.0,50.0,0.0,0.0,9515264.0,1.0,0.0213840637,0.055157028,0.5527858115,0.554293641,25.850363114097902,10.049374687120562
QPLIB,QPLIB_3706,512,3200,gemm-tf32,50,703,,,682.0,1.16,,11.304345125000001,0.0361739044,0.069274062,0.036325248899999996,0.004596627,682,682.0,682.0,682.0,50.0,0.0,0.0,11956736.0,1.0,0.0361739044,0.069274062,0.5527858115,0.554293641,15.281342190421666,8.001460070292977
QPLIB,QPLIB_3706,512,3200,public-matched,50,703,,,682.0,1.16,,172.74556609375,0.5527858115,0.554293641,0.5528626595,0.0001994400005,682,682.0,682.0,682.0,50.0,0.0,0.0,,1.0,0.5527858115,0.554293641,0.5527858115,0.554293641,1.0,1.0
QPLIB,QPLIB_3738,1024,200,auto,50,435,,,422.0,1.16,bit,30.81296085,0.00616259217,0.011799808500000002,0.00625040065,0.0047647720000000005,422,422.0,422.0,422.0,48.0,0.0,0.0,3737776.0,0.96,0.01232518434,0.023599617000000003,0.036180932,0.037549066,5.871057341118843,3.1821758802272084
QPLIB,QPLIB_3738,1024,200,bit,50,435,,,422.0,1.16,,30.7956803,0.006159136060000001,0.01173104,0.006247264155,0.0047132835,422,422.0,422.0,422.0,48.0,0.0,0.0,3737776.0,0.96,0.012318272120000001,0.02346208,0.036180932,0.037549066,5.87435179991786,3.2008301054296977
QPLIB,QPLIB_3738,1024,200,block,50,435,,,422.0,1.16,,121.5186405,0.024303728099999998,0.029715306,0.024471600250000003,0.004495298,422,422.0,422.0,422.0,48.0,0.0,0.0,4339872.0,0.96,0.048607456199999996,0.059430612,0.036180932,0.037549066,1.488698846988829,1.2636271018040333
QPLIB,QPLIB_3738,1024,200,csr-block,50,435,,,422.0,1.16,,3.479200005,0.000695840001,0.003362862,0.000747791979,0.002206217,422,422.0,422.0,422.0,48.0,0.0,0.0,4042356.0,0.96,0.001391680002,0.006725724,0.036180932,0.037549066,51.99605074155546,11.16580638753538
QPLIB,QPLIB_3738,1024,200,csr-row,50,435,,,422.0,1.16,,7.1035999,0.00142071998,0.004080832499999999,0.0014747040300000002,0.002191449,422,422.0,422.0,422.0,48.0,0.0,0.0,4488820.0,0.96,0.00284143996,0.008161664999999999,0.036180932,0.037549066,25.466617285131726,9.201324974744738
QPLIB,QPLIB_3738,1024,200,gemm-fp16,50,435,,,422.0,1.16,,10.24064005,0.0020481280099999997,0.019214364,0.0022172165250000002,0.009069763500000001,422,422.0,422.0,422.0,49.0,0.0,0.0,9043424.0,0.98,0.004096256019999999,0.038428728,0.036180932,0.037549066,17.665366531460112,1.9542185211022336
QPLIB,QPLIB_3738,1024,200,gemm-fp32,50,435,,,422.0,1.16,,18.31327975,0.0036626559499999996,0.016764996499999997,0.0038336009349999997,0.0046986275,422,422.0,422.0,422.0,48.0,0.0,0.0,12105888.0,0.96,0.007325311899999999,0.033529992999999994,0.036180932,0.037549066,9.8783321430996,2.2397300232063877
QPLIB,QPLIB_3738,1024,200,gemm-int8,50,435,,,422.0,1.16,,9.20576005,0.00184115201,0.0147810825,0.001929664035,0.004874579,422,422.0,422.0,422.0,48.0,0.0,0.0,10245648.0,0.96,0.00368230402,0.029562165,0.036180932,0.037549066,19.651246504084146,2.540346148531408
QPLIB,QPLIB_3738,1024,200,gemm-tf32,50,435,,,422.0,1.16,,10.9802395,0.0021960479,0.014797226,0.0023672159949999997,0.004475154,422,422.0,422.0,422.0,48.0,0.0,0.0,12105888.0,0.96,0.0043920958,0.029594452,0.036180932,0.037549066,16.475474874660065,2.537574677848402
QPLIB,QPLIB_3738,1024,200,public-matched,50,435,,,422.0,1.16,,180.90465999999998,0.036180932,0.037549066,0.036237476,0.00017780850649999998,422,420.0,420.0,422.0,23.0,0.47393364928909953,0.0,,0.46,0.289447456,0.300392528,0.036180932,0.037549066,1.0,1.0
QPLIB,QPLIB_3738,1024,400,auto,50,435,,,422.0,1.16,bit,30.748319625,0.01229932785,0.017935449,0.01238784045,0.0047707235,422,422.0,422.0,422.0,50.0,0.0,0.0,3738576.0,1.0,0.01229932785,0.017935449,0.06959527600000001,0.070978994,5.658461734557308,3.9574695899723507
QPLIB,QPLIB_3738,1024,400,bit,50,435,,,422.0,1.16,,30.73332075,0.0122933283,0.0179874015,0.01238136075,0.0048029475,422,422.0,422.0,422.0,50.0,0.0,0.0,3738576.0,1.0,0.0122933283,0.0179874015,0.06959527600000001,0.070978994,5.661223250663534,3.9460393431480365
QPLIB,QPLIB_3738,1024,400,block,50,435,,,422.0,1.16,,121.468997,0.0485875988,0.054025605000000004,0.04875543955,0.0045093615,422,422.0,422.0,422.0,50.0,0.0,0.0,4340672.0,1.0,0.0485875988,0.054025605000000004,0.06959527600000001,0.070978994,1.4323670590611697,1.3138028532952106
QPLIB,QPLIB_3738,1024,400,csr-block,50,435,,,422.0,1.16,,3.4259599375,0.001370383975,0.004007488,0.001420096,0.0021876085000000003,422,422.0,422.0,422.0,50.0,0.0,0.0,4043156.0,1.0,0.001370383975,0.004007488,0.06959527600000001,0.070978994,50.78523776520374,17.71159239902902
QPLIB,QPLIB_3738,1024,400,csr-row,50,435,,,422.0,1.16,,7.0641598125,0.002825663925,0.0055055095,0.0028770720749999997,0.0022019285000000003,422,422.0,422.0,422.0,50.0,0.0,0.0,4489620.0,1.0,0.002825663925,0.0055055095,0.06959527600000001,0.070978994,24.629707512014193,12.892357010736246
QPLIB,QPLIB_3738,1024,400,gemm-fp16,50,435,,,422.0,1.16,,10.208240149999998,0.00408329606,0.022388648,0.00425116855,0.00908242,422,422.0,422.0,422.0,50.0,0.0,0.0,9044224.0,1.0,0.00408329606,0.022388648,0.06959527600000001,0.070978994,17.043896640695706,3.170311757994498
QPLIB,QPLIB_3738,1024,400,gemm-fp32,50,435,,,422.0,1.16,,18.25515985,0.007302063940000001,0.021467479999999997,0.00747425694,0.00438613,422,422.0,422.0,422.0,50.0,0.0,0.0,12106688.0,1.0,0.007302063940000001,0.021467479999999997,0.06959527600000001,0.070978994,9.530904764988952,3.3063496041454337
QPLIB,QPLIB_3738,1024,400,gemm-int8,50,435,,,422.0,1.16,,8.874639875,0.00354985595,0.017503221,0.00363883195,0.004722898,422,422.0,422.0,422.0,50.0,0.0,0.0,10246448.0,1.0,0.00354985595,0.017503221,0.06959527600000001,0.070978994,19.60509862379064,4.055196126472951
QPLIB,QPLIB_3738,1024,400,gemm-tf32,50,435,,,422.0,1.16,,10.955159662500002,0.004382063865,0.0181789355,0.00455532872,0.0044456655,422,422.0,422.0,422.0,50.0,0.0,0.0,12106688.0,1.0,0.004382063865,0.0181789355,0.06959527600000001,0.070978994,15.88184886027443,3.904463712960531
QPLIB,QPLIB_3738,1024,400,public-matched,50,435,,,422.0,1.16,,173.98819000000003,0.06959527600000001,0.070978994,0.06965658899999999,0.000178976996,422,422.0,422.0,422.0,50.0,0.0,0.0,,1.0,0.06959527600000001,0.070978994,0.06959527600000001,0.070978994,1.0,1.0
QPLIB,QPLIB_3738,1024,800,auto,50,435,,,422.0,1.16,bit,30.719600874999998,0.024575680699999998,0.030450605,0.0246636649,0.004968996,422,422.0,422.0,422.0,50.0,0.0,0.0,3740176.0,1.0,0.024575680699999998,0.030450605,0.1414568185,0.1428471765,5.755967463395633,4.691111276771021
QPLIB,QPLIB_3738,1024,800,bit,50,435,,,422.0,1.16,,30.701119875,0.024560895899999997,0.030387195999999998,0.0246503368,0.004908644,422,422.0,422.0,422.0,50.0,0.0,0.0,3740176.0,1.0,0.024560895899999997,0.030387195999999998,0.1414568185,0.1428471765,5.759432354419938,4.700900224555106
QPLIB,QPLIB_3738,1024,800,block,50,435,,,422.0,1.16,,121.4182996875,0.09713463975,0.102617716,0.0973064937,0.0045071695,422,422.0,422.0,422.0,50.0,0.0,0.0,4342272.0,1.0,0.09713463975,0.102617716,0.1414568185,0.1428471765,1.4562963209013189,1.39203231243229
QPLIB,QPLIB_3738,1024,800,csr-block,50,435,,,422.0,1.16,,3.39740008125,0.0027179200649999997,0.0053671415,0.00277044798,0.0021840885,422,422.0,422.0,422.0,50.0,0.0,0.0,4044756.0,1.0,0.0027179200649999997,0.0053671415,0.1414568185,0.1428471765,52.04598189682227,26.615131443804863
QPLIB,QPLIB_3738,1024,800,csr-row,50,435,,,422.0,1.16,,7.07758009375,0.005662064075,0.008351297,0.0057134881,0.0022085525,422,422.0,422.0,422.0,50.0,0.0,0.0,4491220.0,1.0,0.005662064075,0.008351297,0.1414568185,0.1428471765,24.98325992540097,17.10478941175245
QPLIB,QPLIB_3738,1024,800,gemm-fp16,50,435,,,422.0,1.16,,10.21071970625,0.008168575765,0.029211027,0.008338976525,0.009314821000000001,422,422.0,422.0,422.0,50.0,0.0,0.0,9045824.0,1.0,0.008168575765,0.029211027,0.1414568185,0.1428471765,17.317194890460808,4.890179879673522
QPLIB,QPLIB_3738,1024,800,gemm-fp32,50,435,,,422.0,1.16,,18.154939999999996,0.014523952,0.032250436,0.01469883295,0.004796163500000001,422,422.0,422.0,422.0,50.0,0.0,0.0,12108288.0,1.0,0.014523952,0.032250436,0.1414568185,0.1428471765,9.739554254930063,4.429309932430061
QPLIB,QPLIB_3738,1024,800,gemm-int8,50,435,,,422.0,1.16,,8.91752005,0.00713401604,0.023313052,0.00722459258,0.0046644825,422,422.0,422.0,422.0,50.0,0.0,0.0,10248048.0,1.0,0.00713401604,0.023313052,0.1414568185,0.1428471765,19.82849739990212,6.1273477406561785
QPLIB,QPLIB_3738,1024,800,gemm-tf32,50,435,,,422.0,1.16,,10.935679675,0.00874854374,0.024968466,0.008920496239999999,0.0044430089999999995,422,422.0,422.0,422.0,50.0,0.0,0.0,12108288.0,1.0,0.00874854374,0.024968466,0.1414568185,0.1428471765,16.169184575626296,5.721103431023756
QPLIB,QPLIB_3738,1024,800,public-matched,50,435,,,422.0,1.16,,176.821023125,0.1414568185,0.1428471765,0.1415110585,0.0001718885035,422,422.0,422.0,422.0,50.0,0.0,0.0,,1.0,0.1414568185,0.1428471765,0.1414568185,0.1428471765,1.0,1.0
QPLIB,QPLIB_3738,1024,1600,auto,50,435,,,422.0,1.16,bit,30.704419625,0.0491270714,0.055022785000000005,0.049217151449999996,0.004974035999999999,422,422.0,422.0,422.0,50.0,0.0,0.0,3743376.0,1.0,0.0491270714,0.055022785000000005,0.285751137,0.287242919,5.8165717771648,5.220435843078462
QPLIB,QPLIB_3738,1024,1600,bit,50,435,,,422.0,1.16,,30.685350874999997,0.0490965614,0.054936688,0.0491858255,0.0049167724999999995,422,422.0,422.0,422.0,50.0,0.0,0.0,3743376.0,1.0,0.0490965614,0.054936688,0.285751137,0.287242919,5.820186360342539,5.22861733128142
QPLIB,QPLIB_3738,1024,1600,block,50,435,,,422.0,1.16,,121.40534875,0.19424855800000002,0.1997632825,0.1944181795,0.004550866000000001,422,422.0,422.0,422.0,50.0,0.0,0.0,4345472.0,1.0,0.19424855800000002,0.1997632825,0.285751137,0.287242919,1.471059244619978,1.4379164949895133
QPLIB,QPLIB_3738,1024,1600,csr-block,50,435,,,422.0,1.16,,3.383409978125,0.005413455965,0.0080620155,0.005463983875,0.002192169,422,422.0,422.0,422.0,50.0,0.0,0.0,4047956.0,1.0,0.005413455965,0.0080620155,0.285751137,0.287242919,52.785344306388936,35.62916977770633
QPLIB,QPLIB_3738,1024,1600,csr-row,50,435,,,422.0,1.16,,7.0500898437499995,0.011280143749999999,0.013968839,0.01132817585,0.0022094009999999997,422,422.0,422.0,422.0,50.0,0.0,0.0,4494420.0,1.0,0.011280143749999999,0.013968839,0.285751137,0.287242919,25.332224777720587,20.563120456896954
QPLIB,QPLIB_3738,1024,1600,gemm-fp16,50,435,,,422.0,1.16,,10.227560375,0.0163640966,0.0420320055,0.016535344700000003,0.008978515,422,422.0,422.0,422.0,50.0,0.0,0.0,9049024.0,1.0,0.0163640966,0.0420320055,0.285751137,0.287242919,17.46207835267851,6.833909435989201
QPLIB,QPLIB_3738,1024,1600,gemm-fp32,50,435,,,422.0,1.16,,18.10009,0.028960144,0.0528965365,0.029134544999999998,0.0047899399999999995,422,422.0,422.0,422.0,50.0,0.0,0.0,12111488.0,1.0,0.028960144,0.0528965365,0.285751137,0.287242919,9.867048209428793,5.430278388831752
QPLIB,QPLIB_3738,1024,1600,gemm-int8,50,435,,,422.0,1.16,,8.890700031249999,0.01422512005,0.035890525,0.014316624850000001,0.005066708,422,422.0,422.0,422.0,50.0,0.0,0.0,10251248.0,1.0,0.01422512005,0.035890525,0.285751137,0.287242919,20.08778386372915,8.00330780895515
QPLIB,QPLIB_3738,1024,1600,gemm-tf32,50,435,,,422.0,1.16,,10.85016965625,0.01736027145,0.038690232500000005,0.017534608450000003,0.0045986740000000005,422,422.0,422.0,422.0,50.0,0.0,0.0,12111488.0,1.0,0.01736027145,0.038690232500000005,0.285751137,0.287242919,16.46006157351877,7.424171436550554
QPLIB,QPLIB_3738,1024,1600,public-matched,50,435,,,422.0,1.16,,178.594460625,0.285751137,0.287242919,0.28582430550000004,0.000208928999,422,422.0,422.0,422.0,50.0,0.0,0.0,,1.0,0.285751137,0.287242919,0.285751137,0.287242919,1.0,1.0
QPLIB,QPLIB_3738,1024,3200,auto,50,435,,,422.0,1.17,bit,30.72422028125,0.09831750489999999,0.10430626700000001,0.0984123686,0.0050277329999999995,422,422.0,422.0,422.0,50.0,0.0,0.0,3749776.0,1.0,0.09831750489999999,0.10430626700000001,0.557458569,0.5585527809999999,5.669982874026333,5.354930217184361
QPLIB,QPLIB_3738,1024,3200,bit,50,435,,,422.0,1.17,,30.703340765625,0.09825069045000001,0.10418945,0.09834524545000001,0.004974724,422,422.0,422.0,422.0,50.0,0.0,0.0,3749776.0,1.0,0.09825069045000001,0.10418945,0.557458569,0.5585527809999999,5.6738386920923665,5.360934154081819
QPLIB,QPLIB_3738,1024,3200,block,50,435,,,422.0,1.16,,121.42469875,0.38855903599999997,0.393972267,0.388728991,0.004477763,422,422.0,422.0,422.0,50.0,0.0,0.0,4351872.0,1.0,0.38855903599999997,0.393972267,0.557458569,0.5585527809999999,1.434681778961383,1.417746445081628
QPLIB,QPLIB_3738,1024,3200,csr-block,50,435,,,422.0,1.16,,3.373479984375,0.01079513595,0.013390087,0.010844384549999999,0.002152857,422,422.0,422.0,422.0,50.0,0.0,0.0,4054356.0,1.0,0.01079513595,0.013390087,0.557458569,0.5585527809999999,51.63979143773544,41.71390230698277
QPLIB,QPLIB_3738,1024,3200,csr-row,50,435,,,422.0,1.16,,7.17046021875,0.022945472699999997,0.0255293695,0.0229973122,0.0021539610000000002,422,422.0,422.0,422.0,50.0,0.0,0.0,4500820.0,1.0,0.022945472699999997,0.0255293695,0.557458569,0.5585527809999999,24.294926336383565,21.878831790185806
QPLIB,QPLIB_3738,1024,3200,gemm-fp16,50,435,,,422.0,1.16,,9.789704968749998,0.0313270559,0.067620337,0.0315008004,0.009157139,422,422.0,422.0,422.0,50.0,0.0,0.0,9055424.0,1.0,0.0313270559,0.067620337,0.557458569,0.5585527809999999,17.794795999326578,8.260130099617811
QPLIB,QPLIB_3738,1024,3200,gemm-fp32,50,435,,,422.0,1.17,,17.877864843749997,0.0572091675,0.0954817025,0.057411058200000004,0.004869284,422,422.0,422.0,422.0,50.0,0.0,0.0,12117888.0,1.0,0.0572091675,0.0954817025,0.557458569,0.5585527809999999,9.744217463049083,5.849841031060374
QPLIB,QPLIB_3738,1024,3200,gemm-int8,50,435,,,422.0,1.16,,8.479250078124998,0.02713360025,0.059853411999999995,0.0272288168,0.005035779000000001,422,422.0,422.0,422.0,50.0,0.0,0.0,10257648.0,1.0,0.02713360025,0.059853411999999995,0.557458569,0.5585527809999999,20.544954000345015,9.332012367147925
QPLIB,QPLIB_3738,1024,3200,gemm-tf32,50,435,,,422.0,1.16,,10.489069812499999,0.0335650234,0.0659151625,0.0337438399,0.0047003695,422,422.0,422.0,422.0,50.0,0.0,0.0,12117888.0,1.0,0.0335650234,0.0659151625,0.557458569,0.5585527809999999,16.608317603615912,8.473813305095014
QPLIB,QPLIB_3738,1024,3200,public-matched,50,435,,,422.0,1.17,,174.2058028125,0.557458569,0.5585527809999999,0.5575182809999999,0.0002012165055,422,422.0,422.0,422.0,50.0,0.0,0.0,,1.0,0.557458569,0.5585527809999999,0.557458569,0.5585527809999999,1.0,1.0
QPLIB,QPLIB_3745,2048,200,auto,50,325,,,334.0,1.17,gemm,17.382079975,0.003476415995,0.018810877,0.00365068854,0.0067562674999999996,334,334.0,334.0,334.0,50.0,0.0,0.0,15305184.0,1.0,0.003476415995,0.018810877,0.036121059,0.037564554,10.39031550077769,1.996959206101874
QPLIB,QPLIB_3745,2048,200,block,50,325,,,334.0,1.17,,125.78871724999999,0.02515774345,0.0328912655,0.02532910415,0.006657738,334,334.0,334.0,334.0,50.0,0.0,0.0,5769696.0,1.0,0.02515774345,0.0328912655,0.036121059,0.037564554,1.4357829457872144,1.142082964244717
QPLIB,QPLIB_3745,2048,200,csr-block,50,325,,,334.0,1.17,,5.1981601,0.0010396320199999999,0.004632067,0.001093760015,0.0032330205000000002,334,334.0,334.0,334.0,50.0,0.0,0.0,6037308.0,1.0,0.0010396320199999999,0.004632067,0.036121059,0.037564554,34.744080891236884,8.109674147632148
QPLIB,QPLIB_3745,2048,200,csr-row,50,325,,,334.0,1.17,,9.145680075000001,0.001829136015,0.0054458455,0.001881327965,0.0032485405,334,334.0,334.0,334.0,50.0,0.0,0.0,6704956.0,1.0,0.001829136015,0.0054458455,0.036121059,0.037564554,19.747606905000993,6.897836892361342
QPLIB,QPLIB_3745,2048,200,gemm-fp16,50,325,,,334.0,1.17,,11.8732798,0.0023746559600000003,0.023730845,0.0026093289699999998,0.012636817500000001,334,334.0,334.0,334.0,50.0,0.0,0.0,11085440.0,1.0,0.0023746559600000003,0.023730845,0.036121059,0.037564554,15.211070407015924,1.5829421160519146
QPLIB,QPLIB_3745,2048,200,gemm-fp32,50,325,,,334.0,1.17,,22.984079125,0.0045968158249999995,0.020081058,0.0047715050499999995,0.006590507,334,334.0,334.0,334.0,50.0,0.0,0.0,15305184.0,1.0,0.0045968158249999995,0.020081058,0.036121059,0.037564554,7.857843423605078,1.87064615818549
QPLIB,QPLIB_3745,2048,200,gemm-int8,50,325,,,334.0,1.17,,10.710719825,0.002142143965,0.0169363225,0.002258639965,0.0066815304999999995,334,334.0,334.0,334.0,50.0,0.0,0.0,13015544.0,1.0,0.002142143965,0.0169363225,0.036121059,0.037564554,16.86210618435255,2.217987641650069
QPLIB,QPLIB_3745,2048,200,gemm-tf32,50,325,,,334.0,1.17,,17.401360275000002,0.0034802720549999997,0.018659449,0.003653856495,0.006602026,334,334.0,334.0,334.0,50.0,0.0,0.0,15305184.0,1.0,0.0034802720549999997,0.018659449,0.036121059,0.037564554,10.378803274331954,2.013165233335668
QPLIB,QPLIB_3745,2048,200,public-matched,50,325,,,334.0,1.17,,180.605295,0.036121059,0.037564554,0.03618242,0.000178000999,334,334.0,334.0,334.0,50.0,0.0,0.0,,1.0,0.036121059,0.037564554,0.036121059,0.037564554,1.0,1.0
QPLIB,QPLIB_3745,2048,400,auto,50,325,,,334.0,1.17,gemm,17.349399925,0.006939759970000001,0.023817458,0.00711508793,0.007003644,334,334.0,334.0,334.0,50.0,0.0,0.0,15305984.0,1.0,0.006939759970000001,0.023817458,0.0685524405,0.0696890375,9.878214923332571,2.925964538281121
QPLIB,QPLIB_3745,2048,400,block,50,325,,,334.0,1.17,,125.7588005,0.0503035202,0.0580596045,0.05047644855,0.0066851945,334,334.0,334.0,334.0,50.0,0.0,0.0,5770496.0,1.0,0.0503035202,0.0580596045,0.0685524405,0.0696890375,1.3627762078567218,1.2003016227917982
QPLIB,QPLIB_3745,2048,400,csr-block,50,325,,,334.0,1.17,,5.1251202750000004,0.00205004811,0.0056624385,0.00210664001,0.003244509,334,334.0,334.0,334.0,50.0,0.0,0.0,6038108.0,1.0,0.00205004811,0.0056624385,0.0685524405,0.0696890375,33.43943011171577,12.307248458415927
QPLIB,QPLIB_3745,2048,400,csr-row,50,325,,,334.0,1.17,,9.111680087500002,0.003644672035,0.007298381,0.0036996965200000002,0.003274333,334,334.0,334.0,334.0,50.0,0.0,0.0,6705756.0,1.0,0.003644672035,0.007298381,0.0685524405,0.0696890375,18.80894627601246,9.548561180897517
QPLIB,QPLIB_3745,2048,400,gemm-fp16,50,325,,,334.0,1.17,,11.779319649999998,0.00471172786,0.027587756499999998,0.00494561708,0.012707010000000001,334,334.0,334.0,334.0,50.0,0.0,0.0,11086240.0,1.0,0.00471172786,0.027587756499999998,0.0685524405,0.0696890375,14.549320872704225,2.5260857112465813
QPLIB,QPLIB_3745,2048,400,gemm-fp32,50,325,,,334.0,1.17,,22.921400075,0.00916856003,0.026110827,0.009344801310000001,0.00654745,334,334.0,334.0,334.0,50.0,0.0,0.0,15305984.0,1.0,0.00916856003,0.026110827,0.0685524405,0.0696890375,7.476903709600297,2.66897090237701
QPLIB,QPLIB_3745,2048,400,gemm-int8,50,325,,,334.0,1.17,,10.3887999125,0.004155519965,0.020173007,0.00427132859,0.006660714,334,334.0,334.0,334.0,50.0,0.0,0.0,13016344.0,1.0,0.004155519965,0.020173007,0.0685524405,0.0696890375,16.4967178782403,3.4545686471035277
QPLIB,QPLIB_3745,2048,400,gemm-tf32,50,325,,,334.0,1.17,,17.2550797375,0.006902031895,0.0232449875,0.0070752003600000005,0.0065661055,334,334.0,334.0,334.0,50.0,0.0,0.0,15305984.0,1.0,0.006902031895,0.0232449875,0.0685524405,0.0696890375,9.93221149117857,2.9980243052400004
QPLIB,QPLIB_3745,2048,400,public-matched,50,325,,,334.0,1.17,,171.38110125,0.0685524405,0.0696890375,0.068613177,0.0001775209895,334,334.0,334.0,334.0,50.0,0.0,0.0,,1.0,0.0685524405,0.0696890375,0.0685524405,0.0696890375,1.0,1.0
QPLIB,QPLIB_3745,2048,800,auto,50,325,,,334.0,1.17,gemm,17.3403394375,0.013872271549999999,0.033359,0.014048432900000001,0.00725227,334,334.0,334.0,334.0,50.0,0.0,0.0,15307584.0,1.0,0.013872271549999999,0.033359,0.14482488100000002,0.146091798,10.439882212369179,4.379381816001678
QPLIB,QPLIB_3745,2048,800,block,50,325,,,334.0,1.17,,125.57813625,0.100462509,0.108206394,0.1006360505,0.006672442,334,334.0,334.0,334.0,50.0,0.0,0.0,5772096.0,1.0,0.100462509,0.108206394,0.14482488100000002,0.146091798,1.4415813664379018,1.350121675804112
QPLIB,QPLIB_3745,2048,800,csr-block,50,325,,,334.0,1.17,,5.089299975,0.00407143998,0.00768483,0.004128448665,0.0032431965,334,334.0,334.0,334.0,50.0,0.0,0.0,6039708.0,1.0,0.00407143998,0.00768483,0.14482488100000002,0.146091798,35.57092373003618,19.010413763219223
QPLIB,QPLIB_3745,2048,800,csr-row,50,325,,,334.0,1.17,,9.074960050000001,0.00725996804,0.010894571,0.00731910409,0.003254045,334,334.0,334.0,334.0,50.0,0.0,0.0,6707356.0,1.0,0.00725996804,0.010894571,0.14482488100000002,0.146091798,19.948418533258447,13.409596210809951
QPLIB,QPLIB_3745,2048,800,gemm-fp16,50,325,,,334.0,1.17,,11.7794603125,0.00942356825,0.034929097,0.009658208685,0.0130536195,334,334.0,334.0,334.0,50.0,0.0,0.0,11087840.0,1.0,0.00942356825,0.034929097,0.14482488100000002,0.146091798,15.368369725554862,4.1825243292146945
QPLIB,QPLIB_3745,2048,800,gemm-fp32,50,325,,,334.0,1.17,,22.75722025,0.0182057762,0.0390015035,0.01838435225,0.0071891655,334,334.0,334.0,334.0,50.0,0.0,0.0,15307584.0,1.0,0.0182057762,0.0390015035,0.14482488100000002,0.146091798,7.954886372820513,3.7457991331026506
QPLIB,QPLIB_3745,2048,800,gemm-int8,50,325,,,334.0,1.17,,10.355299712499999,0.00828423977,0.026782633,0.008404048885,0.006704074500000001,334,334.0,334.0,334.0,50.0,0.0,0.0,13017944.0,1.0,0.00828423977,0.026782633,0.14482488100000002,0.146091798,17.481976019629382,5.454721274043519
QPLIB,QPLIB_3745,2048,800,gemm-tf32,50,325,,,334.0,1.17,,17.229300187499998,0.01378344015,0.033151730500000004,0.01395900905,0.0070824600000000005,334,334.0,334.0,334.0,50.0,0.0,0.0,15307584.0,1.0,0.01378344015,0.033151730500000004,0.14482488100000002,0.146091798,10.50716507808829,4.406762355889686
QPLIB,QPLIB_3745,2048,800,public-matched,50,325,,,334.0,1.17,,181.03110125,0.14482488100000002,0.146091798,0.144882865,0.00018139299950000002,334,334.0,334.0,334.0,50.0,0.0,0.0,,1.0,0.14482488100000002,0.146091798,0.14482488100000002,0.146091798,1.0,1.0
QPLIB,QPLIB_3745,2048,1600,auto,50,325,,,334.0,1.17,gemm,17.36649990625,0.027786399849999997,0.052583367,0.0279674719,0.0072039975,334,334.0,334.0,334.0,50.0,0.0,0.0,15310784.0,1.0,0.027786399849999997,0.052583367,0.278829685,0.27989876150000004,10.034753926568865,5.32295243665169
QPLIB,QPLIB_3745,2048,1600,block,50,325,,,334.0,1.17,,125.52430156249999,0.20083888249999998,0.2084757325,0.201010727,0.006547705500000001,334,334.0,334.0,334.0,50.0,0.0,0.0,5775296.0,1.0,0.20083888249999998,0.2084757325,0.278829685,0.27989876150000004,1.388325216358441,1.3425963691001783
QPLIB,QPLIB_3745,2048,1600,csr-block,50,325,,,334.0,1.17,,5.070489940625,0.008112783905,0.0117360465,0.008170319995,0.0032597570000000003,334,334.0,334.0,334.0,50.0,0.0,0.0,6042908.0,1.0,0.008112783905,0.0117360465,0.278829685,0.27989876150000004,34.369174412269764,23.849493225849102
QPLIB,QPLIB_3745,2048,1600,csr-row,50,325,,,334.0,1.17,,9.630799875000001,0.0154092798,0.0190291785,0.0154655851,0.0032489570000000002,334,334.0,334.0,334.0,50.0,0.0,0.0,6710556.0,1.0,0.0154092798,0.0190291785,0.278829685,0.27989876150000004,18.094919984514785,14.708925112032558
QPLIB,QPLIB_3745,2048,1600,gemm-fp16,50,325,,,334.0,1.17,,11.79048,0.018864768,0.048782736,0.0191011525,0.012605393,334,334.0,334.0,334.0,50.0,0.0,0.0,11091040.0,1.0,0.018864768,0.048782736,0.278829685,0.27989876150000004,14.780446014496441,5.737660173467926
QPLIB,QPLIB_3745,2048,1600,gemm-fp32,50,325,,,334.0,1.17,,22.70365953125,0.03632585525,0.062913201,0.036503616249999996,0.006645259000000001,334,334.0,334.0,334.0,50.0,0.0,0.0,15310784.0,1.0,0.03632585525,0.062913201,0.278829685,0.27989876150000004,7.675791335979626,4.448967101514991
QPLIB,QPLIB_3745,2048,1600,gemm-int8,50,325,,,334.0,1.17,,10.35848975,0.0165735836,0.0407320645,0.0166924316,0.0072424285,334,334.0,334.0,334.0,50.0,0.0,0.0,13021144.0,1.0,0.0165735836,0.0407320645,0.278829685,0.27989876150000004,16.82374142668819,6.871705741799561
QPLIB,QPLIB_3745,2048,1600,gemm-tf32,50,325,,,334.0,1.17,,17.3378401875,0.027740544300000003,0.051985101,0.0279179362,0.0070215955,334,334.0,334.0,334.0,50.0,0.0,0.0,15310784.0,1.0,0.027740544300000003,0.051985101,0.278829685,0.27989876150000004,10.051341530454396,5.384211170427466
QPLIB,QPLIB_3745,2048,1600,public-matched,50,325,,,334.0,1.17,,174.268553125,0.278829685,0.27989876150000004,0.2788925815,0.000180320996,334,334.0,334.0,334.0,50.0,0.0,0.0,,1.0,0.278829685,0.27989876150000004,0.278829685,0.27989876150000004,1.0,1.0
QPLIB,QPLIB_3745,2048,3200,auto,50,325,,,334.0,1.17,gemm,16.99805496875,0.054393775899999997,0.0911631735,0.054580703800000005,0.007399758500000001,334,334.0,334.0,334.0,50.0,0.0,0.0,15317184.0,1.0,0.054393775899999997,0.0911631735,0.5234910385,0.5246158585,9.62409815899543,5.754690609799801
QPLIB,QPLIB_3745,2048,3200,block,50,325,,,334.0,1.17,,125.66717156250002,0.402134949,0.409797799,0.402307425,0.0065723610000000005,334,334.0,334.0,334.0,50.0,0.0,0.0,5781696.0,1.0,0.402134949,0.409797799,0.5234910385,0.5246158585,1.3017795140705366,1.2801822259177142
QPLIB,QPLIB_3745,2048,3200,csr-block,50,325,,,334.0,1.17,,5.061615109375,0.01619716835,0.019729211,0.016254320000000003,0.0031755159999999998,334,334.0,334.0,334.0,50.0,0.0,0.0,6049308.0,1.0,0.01619716835,0.019729211,0.5234910385,0.5246158585,32.31991093677804,26.590817975437538
QPLIB,QPLIB_3745,2048,3200,csr-row,50,325,,,334.0,1.17,,9.0097501875,0.028831200600000002,0.0323768755,0.028886737099999997,0.00318182,334,334.0,334.0,334.0,50.0,0.0,0.0,6716956.0,1.0,0.028831200600000002,0.0323768755,0.5234910385,0.5246158585,18.157101598467598,16.203412169898854
QPLIB,QPLIB_3745,2048,3200,gemm-fp16,50,325,,,334.0,1.17,,11.430149671875,0.03657647895,0.07790188049999999,0.036818479949999997,0.012972481000000001,334,334.0,334.0,334.0,50.0,0.0,0.0,11097440.0,1.0,0.03657647895,0.07790188049999999,0.5234910385,0.5246158585,14.31223161790974,6.734315720401641
QPLIB,QPLIB_3745,2048,3200,gemm-fp32,50,325,,,334.0,1.17,,22.486404171875,0.07195649335000001,0.11440890000000001,0.07214155035,0.0073970385,334,334.0,334.0,334.0,50.0,0.0,0.0,15317184.0,1.0,0.07195649335000001,0.11440890000000001,0.5234910385,0.5246158585,7.275104915879004,4.585446224026278
QPLIB,QPLIB_3745,2048,3200,gemm-int8,50,325,,,334.0,1.17,,9.971705078125,0.031909456249999996,0.067793554,0.03202912025,0.007263339,334,334.0,334.0,334.0,50.0,0.0,0.0,13027544.0,1.0,0.031909456249999996,0.067793554,0.5234910385,0.5246158585,16.40551422746353,7.738432749815712
QPLIB,QPLIB_3745,2048,3200,gemm-tf32,50,325,,,334.0,1.17,,16.897994875000002,0.0540735836,0.08965790900000001,0.054253743800000004,0.007116651,334,334.0,334.0,334.0,50.0,0.0,0.0,15317184.0,1.0,0.0540735836,0.08965790900000001,0.5234910385,0.5246158585,9.68108646862458,5.851305973464092
QPLIB,QPLIB_3745,2048,3200,public-matched,50,325,,,334.0,1.17,,163.59094953124998,0.5234910385,0.5246158585,0.5235592625000001,0.0001956009945,334,334.0,334.0,334.0,50.0,0.0,0.0,,1.0,0.5234910385,0.5246158585,0.5234910385,0.5246158585,1.0,1.0
QPLIB,QPLIB_3822,512,200,auto,50,861,,,850.0,1.15,bit,22.28343965,0.00445668793,0.012094385499999999,0.00453292802,0.0062291455,850,850.0,850.0,850.0,49.0,0.0,0.0,3831784.0,0.98,0.00891337586,0.024188770999999998,0.0362004525,0.037346697,8.122725456345785,3.0879367124522368
QPLIB,QPLIB_3822,512,200,bit,50,861,,,850.0,1.15,,22.297520625,0.004459504125,0.0124988515,0.00453612806,0.0065552905,850,850.0,850.0,850.0,49.0,0.0,0.0,3831784.0,0.98,0.00891900825,0.024997703,0.0362004525,0.037346697,8.117595922169933,2.988010298386216
QPLIB,QPLIB_3822,512,200,block,50,861,,,850.0,1.15,,143.53816025,0.02870763205,0.03555998,0.028886641050000002,0.005283301000000001,850,850.0,850.0,850.0,49.0,0.0,0.0,6510624.0,0.98,0.0574152641,0.07111996,0.0362004525,0.037346697,1.261004475637342,1.050245163242499
QPLIB,QPLIB_3822,512,200,csr-block,50,861,,,850.0,1.15,,3.7586399900000003,0.000751727998,0.0044463375,0.0008090719819999999,0.002618666,850,850.0,850.0,850.0,50.0,0.0,0.0,4007324.0,1.0,0.000751727998,0.0044463375,0.0362004525,0.037346697,48.1563179718098,8.399429193128052
QPLIB,QPLIB_3822,512,200,csr-row,50,861,,,850.0,1.15,,7.07919985,0.00141583997,0.0051508685,0.0014739999750000001,0.0026220425000000004,850,850.0,850.0,850.0,50.0,0.0,0.0,4448668.0,1.0,0.00141583997,0.0051508685,0.0362004525,0.037346697,25.568180915248497,7.250563084652617
QPLIB,QPLIB_3822,512,200,gemm-fp16,50,861,,,850.0,1.15,,14.182879924999998,0.002836575985,0.0219432865,0.003057392945,0.010155816,850,850.0,850.0,850.0,50.0,0.0,0.0,10098080.0,1.0,0.002836575985,0.0219432865,0.0362004525,0.037346697,12.762024599880409,1.7019646077172623
QPLIB,QPLIB_3822,512,200,gemm-fp32,50,861,,,850.0,1.15,,30.767359725,0.006153471945,0.020677636,0.006335360045,0.005442374,850,850.0,850.0,850.0,49.0,0.0,0.0,14235680.0,0.98,0.01230694389,0.041355272,0.0362004525,0.037346697,5.882931266049674,1.8061395896513508
QPLIB,QPLIB_3822,512,200,gemm-int8,50,861,,,850.0,1.15,,8.039039950000001,0.00160780799,0.017056947500000003,0.0016850400449999999,0.006983372,850,850.0,850.0,850.0,49.0,0.0,0.0,10868008.0,0.98,0.00321561598,0.034113895000000005,0.0362004525,0.037346697,22.515407763336217,2.1895299261488606
QPLIB,QPLIB_3822,512,200,gemm-tf32,50,861,,,850.0,1.15,,26.702320575,0.0053404641150000005,0.0196949895,0.005521152495,0.0053877974999999995,850,850.0,850.0,850.0,49.0,0.0,0.0,14235680.0,0.98,0.010680928230000001,0.039389979,0.0362004525,0.037346697,6.778521813922908,1.8962537146821021
QPLIB,QPLIB_3822,512,200,public-matched,50,861,,,850.0,1.15,,181.00226250000003,0.0362004525,0.037346697,0.036258196,0.000174945002,850,848.0,846.5,849.5,13.0,0.2352941176470588,0.0,,0.26,0.57920724,0.597547152,0.0362004525,0.037346697,1.0,1.0
QPLIB,QPLIB_3822,512,400,auto,50,861,,,850.0,1.15,bit,22.233719825,0.00889348793,0.0169578615,0.0089699042,0.006594443,850,850.0,850.0,850.0,50.0,0.0,0.0,3832584.0,1.0,0.00889348793,0.0169578615,0.070606113,0.07210739899999999,7.939080094979114,4.252151664288565
QPLIB,QPLIB_3822,512,400,bit,50,861,,,850.0,1.15,,22.2435200125,0.008897408005,0.016742053,0.00897369679,0.006409082,850,850.0,850.0,850.0,50.0,0.0,0.0,3832584.0,1.0,0.008897408005,0.016742053,0.070606113,0.07210739899999999,7.935582246011657,4.306962772128363
QPLIB,QPLIB_3822,512,400,block,50,861,,,850.0,1.15,,143.46732137499998,0.05738692855,0.0644371335,0.05756358555,0.005366773,850,850.0,850.0,850.0,50.0,0.0,0.0,6511424.0,1.0,0.05738692855,0.0644371335,0.070606113,0.07210739899999999,1.2303518376747138,1.119034865199272
QPLIB,QPLIB_3822,512,400,csr-block,50,861,,,850.0,1.15,,3.7002399624999995,0.0014800959849999998,0.005278309,0.001537760005,0.0026393225,850,850.0,850.0,850.0,50.0,0.0,0.0,4008124.0,1.0,0.0014800959849999998,0.005278309,0.070606113,0.07210739899999999,47.70373929498904,13.661079523764142
QPLIB,QPLIB_3822,512,400,csr-row,50,861,,,850.0,1.15,,7.0540002,0.00282160008,0.006630298,0.002881600055,0.0026473865,850,850.0,850.0,850.0,50.0,0.0,0.0,4449468.0,1.0,0.00282160008,0.006630298,0.070606113,0.07210739899999999,25.023430322556553,10.875438630360202
QPLIB,QPLIB_3822,512,400,gemm-fp16,50,861,,,850.0,1.15,,14.14388,0.005657552,0.025919301999999998,0.00587854501,0.010162216000000002,850,850.0,850.0,850.0,50.0,0.0,0.0,10098880.0,1.0,0.005657552,0.025919301999999998,0.070606113,0.07210739899999999,12.479975968404709,2.781996174125368
QPLIB,QPLIB_3822,512,400,gemm-fp32,50,861,,,850.0,1.15,,30.68264,0.012273056000000001,0.028400019999999998,0.0124544171,0.005455446,850,850.0,850.0,850.0,50.0,0.0,0.0,14236480.0,1.0,0.012273056000000001,0.028400019999999998,0.070606113,0.07210739899999999,5.752936595416822,2.538991134513285
QPLIB,QPLIB_3822,512,400,gemm-int8,50,861,,,850.0,1.15,,7.70548015,0.00308219206,0.0196332455,0.003159935955,0.0069668595,850,850.0,850.0,850.0,50.0,0.0,0.0,10868808.0,1.0,0.00308219206,0.0196332455,0.070606113,0.07210739899999999,22.90775903173276,3.6727192659002807
QPLIB,QPLIB_3822,512,400,gemm-tf32,50,861,,,850.0,1.15,,26.67444,0.010669775999999999,0.0265175925,0.010851600999999999,0.005397989000000001,850,850.0,850.0,850.0,50.0,0.0,0.0,14236480.0,1.0,0.010669775999999999,0.0265175925,0.070606113,0.07210739899999999,6.61739412336304,2.7192287158044226
QPLIB,QPLIB_3822,512,400,public-matched,50,861,,,850.0,1.15,,176.5152825,0.070606113,0.07210739899999999,0.07066368149999999,0.000177697002,850,850.0,850.0,850.0,45.0,0.0,0.0,,0.9,0.141212226,0.14421479799999998,0.070606113,0.07210739899999999,1.0,1.0
QPLIB,QPLIB_3822,512,800,auto,50,861,,,850.0,1.15,bit,22.2065996875,0.01776527975,0.025699289,0.01784260845,0.00643665,850,850.0,850.0,850.0,50.0,0.0,0.0,3834184.0,1.0,0.01776527975,0.025699289,0.1408086725,0.142051797,7.9260599597369135,5.5274601954941245
QPLIB,QPLIB_3822,512,800,bit,50,861,,,850.0,1.15,,22.217940062500002,0.01777435205,0.0255274165,0.0178500165,0.00633377,850,850.0,850.0,850.0,50.0,0.0,0.0,3834184.0,1.0,0.01777435205,0.0255274165,0.1408086725,0.142051797,7.922014378014978,5.564675806500043
QPLIB,QPLIB_3822,512,800,block,50,861,,,850.0,1.15,,143.97361750000002,0.115178894,0.1223097135,0.115365935,0.0053484050000000005,850,850.0,850.0,850.0,50.0,0.0,0.0,6513024.0,1.0,0.115178894,0.1223097135,0.1408086725,0.142051797,1.2225214847088217,1.161410593934553
QPLIB,QPLIB_3822,512,800,csr-block,50,861,,,850.0,1.15,,3.6747199249999998,0.00293977594,0.006664954000000001,0.0029996640499999998,0.002638042,850,850.0,850.0,850.0,50.0,0.0,0.0,4009724.0,1.0,0.00293977594,0.006664954000000001,0.1408086725,0.142051797,47.8977566229078,21.31324492262062
QPLIB,QPLIB_3822,512,800,csr-row,50,861,,,850.0,1.15,,7.0468798249999995,0.00563750386,0.0093604685,0.005698479859999999,0.0026364580000000004,850,850.0,850.0,850.0,50.0,0.0,0.0,4451068.0,1.0,0.00563750386,0.0093604685,0.1408086725,0.142051797,24.977131013441117,15.175714442070928
QPLIB,QPLIB_3822,512,800,gemm-fp16,50,861,,,850.0,1.15,,14.150460375000002,0.011320368300000001,0.034221579,0.01154550515,0.010204857000000001,850,850.0,850.0,850.0,50.0,0.0,0.0,10100480.0,1.0,0.011320368300000001,0.034221579,0.1408086725,0.142051797,12.43852397452475,4.150942216897707
QPLIB,QPLIB_3822,512,800,gemm-fp32,50,861,,,850.0,1.15,,30.525380375,0.0244203043,0.0436492025,0.0246068973,0.00548343,850,850.0,850.0,850.0,50.0,0.0,0.0,14238080.0,1.0,0.0244203043,0.0436492025,0.1408086725,0.142051797,5.7660490536966815,3.2543961599298408
QPLIB,QPLIB_3822,512,800,gemm-int8,50,861,,,850.0,1.15,,7.76185989375,0.006209487915,0.025386263,0.006289744910000001,0.0070187800000000005,850,850.0,850.0,850.0,50.0,0.0,0.0,10870408.0,1.0,0.006209487915,0.025386263,0.1408086725,0.142051797,22.67637435284388,5.595616692382018
QPLIB,QPLIB_3822,512,800,gemm-tf32,50,861,,,850.0,1.15,,26.6764795625,0.021341183649999998,0.040230099,0.0215269769,0.005375749,850,850.0,850.0,850.0,50.0,0.0,0.0,14238080.0,1.0,0.021341183649999998,0.040230099,0.1408086725,0.142051797,6.597978575569777,3.530983033375086
QPLIB,QPLIB_3822,512,800,public-matched,50,861,,,850.0,1.15,,176.01084062500001,0.1408086725,0.142051797,0.1408708805,0.00018492849650000002,850,850.0,850.0,850.0,50.0,0.0,0.0,,1.0,0.1408086725,0.142051797,0.1408086725,0.142051797,1.0,1.0
QPLIB,QPLIB_3822,512,1600,auto,50,861,,,850.0,1.15,bit,22.194800375,0.0355116806,0.043356449500000005,0.035589264950000005,0.006339642,850,850.0,850.0,850.0,50.0,0.0,0.0,3837384.0,1.0,0.0355116806,0.043356449500000005,0.273999057,0.27509858200000004,7.715744576729494,6.345044051635271
QPLIB,QPLIB_3822,512,1600,bit,50,861,,,850.0,1.15,,22.20549940625,0.035528799050000004,0.043286801,0.0356059196,0.006318122000000001,850,850.0,850.0,850.0,50.0,0.0,0.0,3837384.0,1.0,0.035528799050000004,0.043286801,0.273999057,0.27509858200000004,7.712026984486546,6.355253232965865
QPLIB,QPLIB_3822,512,1600,block,50,861,,,850.0,1.15,,144.65097906249997,0.2314415665,0.238725625,0.231619935,0.005381782,850,850.0,850.0,850.0,50.0,0.0,0.0,6516224.0,1.0,0.2314415665,0.238725625,0.273999057,0.27509858200000004,1.183880065899917,1.152363019261129
QPLIB,QPLIB_3822,512,1600,csr-block,50,861,,,850.0,1.15,,3.6615800875000004,0.00585852814,0.009680087,0.005918639845,0.002655883,850,850.0,850.0,850.0,50.0,0.0,0.0,4012924.0,1.0,0.00585852814,0.009680087,0.273999057,0.27509858200000004,46.76926532608581,28.419019581125667
QPLIB,QPLIB_3822,512,1600,csr-row,50,861,,,850.0,1.15,,6.9851100312500005,0.01117617605,0.015025421,0.011236560449999999,0.002654155,850,850.0,850.0,850.0,50.0,0.0,0.0,4454268.0,1.0,0.01117617605,0.015025421,0.273999057,0.27509858200000004,24.516351189725576,18.30887680285298
QPLIB,QPLIB_3822,512,1600,gemm-fp16,50,861,,,850.0,1.15,,14.16083990625,0.02265734385,0.050757213999999995,0.022881601100000003,0.010301129499999999,850,850.0,850.0,850.0,50.0,0.0,0.0,10103680.0,1.0,0.02265734385,0.050757213999999995,0.273999057,0.27509858200000004,12.093167619910574,5.419891288753557
QPLIB,QPLIB_3822,512,1600,gemm-fp32,50,861,,,850.0,1.15,,30.45468925,0.0487275028,0.075483461,0.0489121433,0.005713047000000001,850,850.0,850.0,850.0,50.0,0.0,0.0,14241280.0,1.0,0.0487275028,0.075483461,0.273999057,0.27509858200000004,5.623088425536963,3.644488187948881
QPLIB,QPLIB_3822,512,1600,gemm-int8,50,861,,,850.0,1.15,,7.72565990625,0.01236105585,0.036696341,0.01244134455,0.0070408605,850,850.0,850.0,850.0,50.0,0.0,0.0,10873608.0,1.0,0.01236105585,0.036696341,0.273999057,0.27509858200000004,22.166314943071793,7.496621584151947
QPLIB,QPLIB_3822,512,1600,gemm-tf32,50,861,,,850.0,1.15,,26.60785078125,0.04257256125,0.06811990849999999,0.04275862575,0.005433366,850,850.0,850.0,850.0,50.0,0.0,0.0,14241280.0,1.0,0.04257256125,0.06811990849999999,0.273999057,0.27509858200000004,6.436048218733844,4.038446146767799
QPLIB,QPLIB_3822,512,1600,public-matched,50,861,,,850.0,1.15,,171.249410625,0.273999057,0.27509858200000004,0.274065345,0.00018440100399999998,850,850.0,850.0,850.0,50.0,0.0,0.0,,1.0,0.273999057,0.27509858200000004,0.273999057,0.27509858200000004,1.0,1.0
QPLIB,QPLIB_3822,512,3200,auto,50,861,,,850.0,1.15,bit,22.205004703125,0.07105601505,0.079005779,0.071132993,0.0064065384999999996,850,850.0,850.0,850.0,50.0,0.0,0.0,3843784.0,1.0,0.07105601505,0.079005779,0.518706235,0.5201084005,7.2999623555444515,6.5831690679234995
QPLIB,QPLIB_3822,512,3200,bit,50,861,,,850.0,1.15,,22.199069265625,0.07103702165,0.079165316,0.0711162095,0.0065218345,850,850.0,850.0,850.0,50.0,0.0,0.0,3843784.0,1.0,0.07103702165,0.079165316,0.518706235,0.5201084005,7.301914170271242,6.5699024115560904
QPLIB,QPLIB_3822,512,3200,block,50,861,,,850.0,1.15,,142.44530203125,0.45582496650000004,0.46368651650000003,0.4560075275,0.005508117,850,850.0,850.0,850.0,50.0,0.0,0.0,6522624.0,1.0,0.45582496650000004,0.46368651650000003,0.518706235,0.5201084005,1.1379504702930745,1.1216810970176225
QPLIB,QPLIB_3822,512,3200,csr-block,50,861,,,850.0,1.15,,3.661855015625,0.011717936049999999,0.0154169065,0.0117775036,0.002589914,850,850.0,850.0,850.0,50.0,0.0,0.0,4019324.0,1.0,0.011717936049999999,0.0154169065,0.518706235,0.5201084005,44.26600664030762,33.7362362870917
QPLIB,QPLIB_3822,512,3200,csr-row,50,861,,,850.0,1.15,,7.166785,0.022933712000000002,0.026648981000000002,0.022994464,0.002619866,850,850.0,850.0,850.0,50.0,0.0,0.0,4460668.0,1.0,0.022933712000000002,0.026648981000000002,0.518706235,0.5201084005,22.61763097923267,19.517008943043635
QPLIB,QPLIB_3822,512,3200,gemm-fp16,50,861,,,850.0,1.15,,13.802039609375,0.04416652675,0.0836210705,0.0443953284,0.010288999,850,850.0,850.0,850.0,50.0,0.0,0.0,10110080.0,1.0,0.04416652675,0.0836210705,0.518706235,0.5201084005,11.744329318356465,6.219824709132371
QPLIB,QPLIB_3822,512,3200,gemm-fp32,50,861,,,850.0,1.15,,30.240204328125003,0.09676865385,0.13945455499999998,0.09696396585,0.006015751999999999,850,850.0,850.0,850.0,50.0,0.0,0.0,14247680.0,1.0,0.09676865385,0.13945455499999998,0.518706235,0.5201084005,5.3602712692897505,3.7295906218337582
QPLIB,QPLIB_3822,512,3200,gemm-int8,50,861,,,850.0,1.15,,7.3281899062499996,0.0234502077,0.059753939500000006,0.0235333122,0.007216091,850,850.0,850.0,850.0,50.0,0.0,0.0,10880008.0,1.0,0.0234502077,0.059753939500000006,0.518706235,0.5201084005,22.119472954604152,8.704169212140396
QPLIB,QPLIB_3822,512,3200,gemm-tf32,50,861,,,850.0,1.15,,26.611090890625,0.08515549084999999,0.1267478105,0.08535577935,0.005773574,850,850.0,850.0,850.0,50.0,0.0,0.0,14247680.0,1.0,0.08515549084999999,0.1267478105,0.518706235,0.5201084005,6.091283484158322,4.1034902176870345
QPLIB,QPLIB_3822,512,3200,public-matched,50,861,,,850.0,1.15,,162.0956984375,0.518706235,0.5201084005,0.518781595,0.00019980849199999998,850,850.0,850.0,850.0,50.0,0.0,0.0,,1.0,0.518706235,0.5201084005,0.518706235,0.5201084005,1.0,1.0
QPLIB,QPLIB_3832,512,200,auto,50,561,,,554.0,1.16,bit,17.049440149999995,0.0034098880299999997,0.007615838999999999,0.00346881601,0.003452366,554,552.0,552.0,552.0,8.0,0.36101083032490977,0.0,2459656.0,0.16,0.09206697680999999,0.20562765299999997,0.0379016435,0.039356497000000004,11.115216443045492,5.167716518166943
QPLIB,QPLIB_3832,512,200,bit,50,561,,,554.0,1.16,,17.057200074999997,0.0034114400150000003,0.007788847999999999,0.00347220797,0.0035718225000000003,554,552.0,552.0,552.0,8.0,0.36101083032490977,0.0,2459656.0,0.16,0.09210888040500001,0.21029889599999999,0.0379016435,0.039356497000000004,11.110159737045821,5.052929136632273
QPLIB,QPLIB_3832,512,200,block,50,561,,,554.0,1.16,,72.4173595,0.0144834719,0.018631995499999998,0.0145935526,0.0032223169999999997,554,552.0,552.0,552.0,8.0,0.36101083032490977,0.0,3579616.0,0.16,0.3910537413,0.5030638784999999,0.0379016435,0.039356497000000004,2.616889359242655,2.1123071331785157
QPLIB,QPLIB_3832,512,200,csr-block,50,561,,,554.0,1.16,,2.4509599824999997,0.0004901919965,0.0026857065,0.0005382239985,0.001630471,554,552.0,552.0,552.0,5.0,0.36101083032490977,0.0,2614252.0,0.1,0.021568447846,0.11817108600000001,0.0379016435,0.039356497000000004,77.31999659443645,14.654057321602343
QPLIB,QPLIB_3832,512,200,csr-row,50,561,,,554.0,1.16,,5.572159875,0.001114431975,0.0033764295,0.0011629599749999999,0.0016470945000000002,554,552.0,552.0,552.0,5.0,0.36101083032490977,0.0,2901996.0,0.1,0.0490350069,0.148562898,0.0379016435,0.039356497000000004,34.009831331338106,11.656247228025938
QPLIB,QPLIB_3832,512,200,gemm-fp16,50,561,,,554.0,1.16,,11.057919875,0.002211583975,0.01629253,0.00233278398,0.006153945,554,552.0,552.0,552.0,7.0,0.36101083032490977,0.0,7710976.0,0.14,0.068559103225,0.50506843,0.0379016435,0.039356497000000004,17.137781756625362,2.415616052264443
QPLIB,QPLIB_3832,512,200,gemm-fp32,50,561,,,554.0,1.16,,21.2656796,0.00425313592,0.0158152805,0.004366561025,0.003230477,554,552.0,552.0,552.0,8.0,0.36101083032490977,0.0,10075872.0,0.16,0.11483466983999999,0.4270125735,0.0379016435,0.039356497000000004,8.911458324614276,2.4885108424096556
QPLIB,QPLIB_3832,512,200,gemm-int8,50,561,,,554.0,1.16,,9.4920802,0.00189841604,0.013358934499999999,0.00195894446,0.0037491514999999998,554,552.0,552.0,552.0,8.0,0.36101083032490977,0.0,8341240.0,0.16,0.05125723308,0.3606912315,0.0379016435,0.039356497000000004,19.96487740379606,2.946080542576207
QPLIB,QPLIB_3832,512,200,gemm-tf32,50,561,,,554.0,1.16,,17.121440175000004,0.003424288035,0.014722348,0.003538512545,0.003237133,554,552.0,552.0,552.0,8.0,0.36101083032490977,0.0,10075872.0,0.16,0.092455776945,0.397503396,0.0379016435,0.039356497000000004,11.068474121511802,2.6732486557171455
QPLIB,QPLIB_3832,512,200,public-matched,50,561,,,554.0,1.16,,189.5082175,0.0379016435,0.039356497000000004,0.0379562835,0.0001827525045,554,552.0,552.0,552.0,1.0,0.36101083032490977,0.0,,0.02,8.641574718,8.973281316000001,0.0379016435,0.039356497000000004,1.0,1.0
QPLIB,QPLIB_3832,512,400,auto,50,561,,,554.0,1.16,bit,17.0072806,0.00680291224,0.011207246,0.0068635520450000004,0.0035879989999999997,554,554.0,552.0,554.0,27.0,0.0,0.0,2460456.0,0.54,0.04081747344,0.067243476,0.06987955,0.0712256195,10.272005214049328,6.3553186483102095
QPLIB,QPLIB_3832,512,400,bit,50,561,,,554.0,1.16,,17.010079625,0.0068040318499999995,0.011180221,0.0068636485300000005,0.003572207,554,554.0,552.0,554.0,27.0,0.0,0.0,2460456.0,0.54,0.0408241911,0.067081326,0.06987955,0.0712256195,10.270314945689151,6.3706808210678485
QPLIB,QPLIB_3832,512,400,block,50,561,,,554.0,1.16,,72.37308025,0.0289492321,0.033039158,0.0290588804,0.003222653,554,554.0,552.0,554.0,27.0,0.0,0.0,3580416.0,0.54,0.1736953926,0.198234948,0.06987955,0.0712256195,2.413865409576788,2.1557940278017984
QPLIB,QPLIB_3832,512,400,csr-block,50,561,,,554.0,1.16,,2.4099599575,0.000963983983,0.0031420125,0.0010135679999999998,0.0016350145,554,552.0,552.0,554.0,19.0,0.36101083032490977,0.0,2615052.0,0.38,0.00963983983,0.031420125,0.06987955,0.0712256195,72.49036418896598,22.668789350774382
QPLIB,QPLIB_3832,512,400,csr-row,50,561,,,554.0,1.16,,5.561279949999999,0.0022245119799999998,0.00445189,0.002271024075,0.001637543,554,552.0,552.0,554.0,19.0,0.36101083032490977,0.0,2902796.0,0.38,0.022245119799999998,0.0445189,0.06987955,0.0712256195,31.413429385082477,15.998962126198087
QPLIB,QPLIB_3832,512,400,gemm-fp16,50,561,,,554.0,1.16,,11.019160150000001,0.00440766406,0.019728592,0.004529824355,0.006167337,554,552.0,552.0,554.0,18.0,0.36101083032490977,0.0,7711776.0,0.36,0.048484304660000005,0.217014512,0.06987955,0.0712256195,15.854100731987273,3.6102738350511787
QPLIB,QPLIB_3832,512,400,gemm-fp32,50,561,,,554.0,1.16,,21.200640200000002,0.00848025608,0.02158212,0.008595376080000001,0.0032464135,554,554.0,552.0,554.0,27.0,0.0,0.0,10076672.0,0.54,0.05088153648,0.12949272,0.06987955,0.0712256195,8.240264131269017,3.3002142282593185
QPLIB,QPLIB_3832,512,400,gemm-int8,50,561,,,554.0,1.16,,9.1694000375,0.0036677600150000003,0.01637317,0.003729856105,0.003757951,554,554.0,552.0,554.0,27.0,0.0,0.0,8342040.0,0.54,0.022006560090000002,0.09823902,0.06987955,0.0712256195,19.052377940272624,4.350142305979844
QPLIB,QPLIB_3832,512,400,gemm-tf32,50,561,,,554.0,1.16,,17.0964402,0.00683857608,0.019304942,0.006952144049999999,0.003241405,554,554.0,552.0,554.0,27.0,0.0,0.0,10076672.0,0.54,0.041031456480000006,0.11582965199999999,0.06987955,0.0712256195,10.21843570686721,3.689501864341266
QPLIB,QPLIB_3832,512,400,public-matched,50,561,,,554.0,1.16,,174.698875,0.06987955,0.0712256195,0.0699351185,0.0001723845055,554,552.0,552.0,552.0,7.0,0.36101083032490977,0.0,,0.14,2.16626605,2.2079942045000003,0.06987955,0.0712256195,1.0,1.0
QPLIB,QPLIB_3832,512,800,auto,50,561,,,554.0,1.16,bit,16.9831204375,0.013586496350000001,0.0179002495,0.01364582435,0.0035094065000000002,554,554.0,554.0,554.0,40.0,0.0,0.0,2462056.0,0.8,0.04075948905,0.0537007485,0.134367894,0.1357413395,9.889811952880699,7.583209356942204
QPLIB,QPLIB_3832,512,800,bit,50,561,,,554.0,1.16,,16.9878399375,0.01359027195,0.017901834,0.01364875195,0.0035421905,554,554.0,554.0,554.0,40.0,0.0,0.0,2462056.0,0.8,0.04077081585,0.053705501999999995,0.134367894,0.1357413395,9.887064401238858,7.5825381634082865
QPLIB,QPLIB_3832,512,800,block,50,561,,,554.0,1.16,,72.359361625,0.0578874893,0.0620382835,0.0579979698,0.0032403809999999996,554,554.0,554.0,554.0,40.0,0.0,0.0,3582016.0,0.8,0.1736624679,0.18611485049999998,0.134367894,0.1357413395,2.3211905650915834,2.1880253908056626
QPLIB,QPLIB_3832,512,800,csr-block,50,561,,,554.0,1.16,,2.38710000625,0.001909680005,0.0041337125,0.00195923246,0.001632455,554,554.0,554.0,554.0,41.0,0.0,0.0,2616652.0,0.82,0.005729040015,0.0124011375,0.134367894,0.1357413395,70.3614708475727,32.8376343299153
QPLIB,QPLIB_3832,512,800,csr-row,50,561,,,554.0,1.16,,5.54214000625,0.004433712005,0.0066540595,0.00448459219,0.001643238,554,554.0,554.0,554.0,41.0,0.0,0.0,2904396.0,0.82,0.013301136015,0.0199621785,0.134367894,0.1357413395,30.30595894556755,20.39977843600587
QPLIB,QPLIB_3832,512,800,gemm-fp16,50,561,,,554.0,1.16,,11.014539599999999,0.00881163168,0.0265113395,0.008932656515,0.0062380249999999995,554,554.0,554.0,554.0,39.0,0.0,0.0,7713376.0,0.78,0.03524652672,0.106045358,0.134367894,0.1357413395,15.248923114317007,5.120123768170974
QPLIB,QPLIB_3832,512,800,gemm-fp32,50,561,,,554.0,1.16,,21.080321124999998,0.0168642569,0.033020119,0.0169798253,0.0032535495000000003,554,554.0,554.0,554.0,40.0,0.0,0.0,10078272.0,0.8,0.0505927707,0.099060357,0.134367894,0.1357413395,7.967614274187201,4.11086766525584
QPLIB,QPLIB_3832,512,800,gemm-int8,50,561,,,554.0,1.16,,9.238920212499998,0.00739113617,0.022404059,0.007452128170000001,0.0037118235,554,554.0,554.0,554.0,40.0,0.0,0.0,8343640.0,0.8,0.02217340851,0.067212177,0.134367894,0.1357413395,18.179599307801684,6.058783343678929
QPLIB,QPLIB_3832,512,800,gemm-tf32,50,561,,,554.0,1.16,,17.0819199375,0.01366553595,0.0285889955,0.01378020835,0.0032356615,554,554.0,554.0,554.0,40.0,0.0,0.0,10078272.0,0.8,0.04099660785,0.0857669865,0.134367894,0.1357413395,9.832610626588705,4.74802759334444
QPLIB,QPLIB_3832,512,800,public-matched,50,561,,,554.0,1.16,,167.95986750000003,0.134367894,0.1357413395,0.134432134,0.0001783365005,554,552.0,552.0,554.0,21.0,0.36101083032490977,0.0,,0.42,1.2093110459999998,1.2216720555,0.134367894,0.1357413395,1.0,1.0
QPLIB,QPLIB_3832,512,1600,auto,50,561,,,554.0,1.16,bit,16.970399625,0.027152639399999998,0.031568145,0.0272136006,0.0035987989999999997,554,554.0,554.0,554.0,49.0,0.0,0.0,2465256.0,0.98,0.054305278799999995,0.06313629,0.26716386150000004,0.26815922550000004,9.839333022630576,8.494614602790252
QPLIB,QPLIB_3832,512,1600,bit,50,561,,,554.0,1.16,,16.973530062499997,0.0271576481,0.0314982725,0.027217617,0.003543343,554,554.0,554.0,554.0,49.0,0.0,0.0,2465256.0,0.98,0.0543152962,0.062996545,0.26716386150000004,0.26815922550000004,9.837518349020806,8.513458174571321
QPLIB,QPLIB_3832,512,1600,block,50,561,,,554.0,1.16,,72.26048,0.11561676800000001,0.11986987900000001,0.11573263950000001,0.0032608615,554,554.0,554.0,554.0,49.0,0.0,0.0,3585216.0,0.98,0.23123353600000002,0.23973975800000003,0.26716386150000004,0.26815922550000004,2.310770886624335,2.237085978037902
QPLIB,QPLIB_3832,512,1600,csr-block,50,561,,,554.0,1.16,,2.377279996875,0.003803647995,0.006011577000000001,0.003854992025,0.00163207,554,554.0,554.0,554.0,50.0,0.0,0.0,2619852.0,1.0,0.003803647995,0.006011577000000001,0.26716386150000004,0.26815922550000004,70.23885013839195,44.60713478343536
QPLIB,QPLIB_3832,512,1600,csr-row,50,561,,,554.0,1.16,,5.539239943749999,0.00886278391,0.011118541,0.008912976114999999,0.001645591,554,554.0,554.0,554.0,50.0,0.0,0.0,2907596.0,1.0,0.00886278391,0.011118541,0.26716386150000004,0.26815922550000004,30.14446298285073,24.118202694040527
QPLIB,QPLIB_3832,512,1600,gemm-fp16,50,561,,,554.0,1.16,,11.02559984375,0.017640959749999997,0.040311940000000004,0.0177631843,0.006262713,554,554.0,554.0,554.0,50.0,0.0,0.0,7716576.0,1.0,0.017640959749999997,0.040311940000000004,0.26716386150000004,0.26815922550000004,15.144519645536864,6.652104202873888
QPLIB,QPLIB_3832,512,1600,gemm-fp32,50,561,,,554.0,1.16,,21.009809968749998,0.033615695949999996,0.056333382,0.03373328045,0.00333123,554,554.0,554.0,554.0,49.0,0.0,0.0,10081472.0,0.98,0.06723139189999999,0.112666764,0.26716386150000004,0.26815922550000004,7.947592752426715,4.76021882549143
QPLIB,QPLIB_3832,512,1600,gemm-int8,50,561,,,554.0,1.16,,9.1836899375,0.0146939039,0.03501083000000001,0.0147595196,0.0038214069999999998,554,554.0,554.0,554.0,49.0,0.0,0.0,8346840.0,0.98,0.0293878078,0.07002166000000001,0.26716386150000004,0.26815922550000004,18.181952414973946,7.659322144033717
QPLIB,QPLIB_3832,512,1600,gemm-tf32,50,561,,,554.0,1.16,,17.09858,0.027357727999999998,0.0475408325,0.02747707195,0.0033213254999999997,554,554.0,554.0,554.0,49.0,0.0,0.0,10081472.0,0.98,0.054715455999999996,0.095081665,0.26716386150000004,0.26815922550000004,9.765571961969943,5.640608533727297
QPLIB,QPLIB_3832,512,1600,public-matched,50,561,,,554.0,1.16,,166.9774134375,0.26716386150000004,0.26815922550000004,0.2672307095,0.0001809929965,554,554.0,554.0,554.0,39.0,0.0,0.0,,0.78,1.0686554460000002,1.0726369020000002,0.26716386150000004,0.26815922550000004,1.0,1.0
QPLIB,QPLIB_3832,512,3200,auto,50,561,,,554.0,1.16,bit,16.96380496875,0.0542841759,0.0587516165,0.05434464065,0.0036120785,554,554.0,554.0,554.0,50.0,0.0,0.0,2471656.0,1.0,0.0542841759,0.0587516165,0.553083175,0.5543673245,10.188663009619347,9.435779941476165
QPLIB,QPLIB_3832,512,3200,bit,50,561,,,554.0,1.16,,16.964614984374997,0.05428676795,0.05873496,0.054346848350000004,0.003603231,554,554.0,554.0,554.0,50.0,0.0,0.0,2471656.0,1.0,0.05428676795,0.05873496,0.553083175,0.5543673245,10.188176527831033,9.438455810644973
QPLIB,QPLIB_3832,512,3200,block,50,561,,,554.0,1.16,,72.304573125,0.23137463400000002,0.2355156645,0.2314878555,0.003183036,554,554.0,554.0,554.0,50.0,0.0,0.0,3591616.0,1.0,0.23137463400000002,0.2355156645,0.553083175,0.5543673245,2.3904226899825156,2.3538448097578666
QPLIB,QPLIB_3832,512,3200,csr-block,50,561,,,554.0,1.16,,2.367864996875,0.00757716799,0.009730132999999998,0.007629520359999999,0.0015934299999999998,554,554.0,554.0,554.0,50.0,0.0,0.0,2626252.0,1.0,0.00757716799,0.009730132999999998,0.553083175,0.5543673245,72.99338957905302,56.974280259067385
QPLIB,QPLIB_3832,512,3200,csr-row,50,561,,,554.0,1.16,,5.397424984375,0.01727175995,0.019430106,0.0173220952,0.001593702,554,554.0,554.0,554.0,50.0,0.0,0.0,2913996.0,1.0,0.01727175995,0.019430106,0.553083175,0.5543673245,32.02239821541753,28.531358732680104
QPLIB,QPLIB_3832,512,3200,gemm-fp16,50,561,,,554.0,1.16,,10.664540531249997,0.0341265297,0.067576097,0.034253650149999995,0.006135815,554,554.0,554.0,554.0,50.0,0.0,0.0,7722976.0,1.0,0.0341265297,0.067576097,0.553083175,0.5543673245,16.20683907394194,8.203600816128816
QPLIB,QPLIB_3832,512,3200,gemm-fp32,50,561,,,554.0,1.16,,20.799415109374998,0.06655812835,0.104763325,0.06668251285,0.003508591,554,554.0,554.0,554.0,50.0,0.0,0.0,10087872.0,1.0,0.06655812835,0.104763325,0.553083175,0.5543673245,8.309776562399385,5.29161636001912
QPLIB,QPLIB_3832,512,3200,gemm-int8,50,561,,,554.0,1.16,,8.75125496875,0.0280040159,0.058744015499999996,0.0280729919,0.0037070705,554,554.0,554.0,554.0,50.0,0.0,0.0,8353240.0,1.0,0.0280040159,0.058744015499999996,0.553083175,0.5543673245,19.75013787218997,9.437000855006245
QPLIB,QPLIB_3832,512,3200,gemm-tf32,50,561,,,554.0,1.16,,16.714764828125,0.05348724745,0.08468265850000001,0.05361327945,0.0032906044999999997,554,554.0,554.0,554.0,50.0,0.0,0.0,10087872.0,1.0,0.05348724745,0.08468265850000001,0.553083175,0.5543673245,10.340468081050973,6.5464090797291155
QPLIB,QPLIB_3832,512,3200,public-matched,50,561,,,554.0,1.16,,172.83849218749998,0.553083175,0.5543673245,0.5531531590000001,0.00019896100249999998,554,554.0,554.0,554.0,48.0,0.0,0.0,,0.96,1.10616635,1.108734649,0.553083175,0.5543673245,1.0,1.0
QPLIB,QPLIB_3838,512,200,auto,50,780,,,746.0,1.17,bit,21.82688,0.004365376,0.011205357999999999,0.00443943995,0.0055208065,746,742.0,742.0,742.0,1.0,0.5361930294906166,0.0,3461500.0,0.02,0.995305728,2.5548216239999997,0.035159152,0.036439365,8.05409476755267,3.2519590181768407
QPLIB,QPLIB_3838,512,200,bit,50,780,,,746.0,1.17,,21.84311985,0.00436862397,0.011143710000000001,0.004440656960000001,0.0055553189999999995,746,742.0,742.0,742.0,1.0,0.5361930294906166,0.0,3461500.0,0.02,0.9960462651599999,2.5407658800000004,0.035159152,0.036439365,8.048106735998154,3.2699491461999637
QPLIB,QPLIB_3838,512,200,block,50,780,,,746.0,1.17,,125.07224074999999,0.02501444815,0.03116267,0.025178992150000003,0.004768403,746,742.0,742.0,742.0,1.0,0.5361930294906166,0.0,5648992.0,0.02,5.7032941782,7.10508876,0.035159152,0.036439365,1.405553773929648,1.1693274356786503
QPLIB,QPLIB_3838,512,200,csr-block,50,780,,,746.0,1.17,,3.34800005,0.00066960001,0.0038824155,0.0007287364945,0.002217065,744,742.0,742.0,742.0,0.0,0.5361930294906166,0.2680965147453083,3631192.0,0.0,inf,inf,0.035159152,0.036439365,52.50769336159359,9.385745806959612
QPLIB,QPLIB_3838,512,200,csr-row,50,780,,,746.0,1.17,,6.2244799749999995,0.0012448959950000001,0.0044015059999999995,0.001305600455,0.002163753,744,742.0,742.0,742.0,0.0,0.5361930294906166,0.2680965147453083,4031064.0,0.0,inf,inf,0.035159152,0.036439365,28.242642069066978,8.278840242407941
QPLIB,QPLIB_3838,512,200,gemm-fp16,50,780,,,746.0,1.17,,25.5527997,0.00511055994,0.022983564999999997,0.00531521695,0.009155525,746,742.0,742.0,742.0,1.0,0.5361930294906166,0.0,9418432.0,0.02,1.1652076663200002,5.240252819999999,0.035159152,0.036439365,6.879706414322967,1.5854531270496985
QPLIB,QPLIB_3838,512,200,gemm-fp32,50,780,,,746.0,1.17,,27.958559975,0.005591711995,0.019344159,0.005763345025,0.004774307,746,742.0,742.0,742.0,1.0,0.5361930294906166,0.0,13042272.0,0.02,1.27491033486,4.410468252,0.035159152,0.036439365,6.287725839857029,1.8837399444452458
QPLIB,QPLIB_3838,512,200,gemm-int8,50,780,,,746.0,1.17,,8.2431999,0.00164863998,0.015902656,0.00172179248,0.006066377,746,742.0,742.0,742.0,1.0,0.5361930294906166,0.0,10166604.0,0.02,0.37588991544,3.625805568,0.035159152,0.036439365,21.32615515001644,2.29140119738489
QPLIB,QPLIB_3838,512,200,gemm-tf32,50,780,,,746.0,1.17,,24.501680125,0.004900336025,0.018449435,0.005066881065,0.0047229,746,742.0,742.0,742.0,1.0,0.5361930294906166,0.0,13042272.0,0.02,1.1172766137,4.20647118,0.035159152,0.036439365,7.174845116871347,1.9750938172361376
QPLIB,QPLIB_3838,512,200,public-matched,50,780,,,746.0,1.17,,175.79576,0.035159152,0.036439365,0.035212400000000005,0.0001707525005,744,738.0,738.0,740.0,0.0,1.0723860589812333,0.2680965147453083,,0.0,inf,inf,0.035159152,0.036439365,1.0,1.0
QPLIB,QPLIB_3838,512,400,auto,50,780,,,746.0,1.17,bit,21.8000400125,0.008720016005000001,0.015625664,0.00879281598,0.005614599,746,744.0,742.0,744.0,2.0,0.2680965147453083,0.0,3462300.0,0.04,0.9853618085650001,1.765700032,0.068290552,0.06912841049999999,7.831470946938932,4.424030268409712
QPLIB,QPLIB_3838,512,400,bit,50,780,,,746.0,1.17,,21.797999149999995,0.00871919966,0.01557424,0.008792192115,0.005552679,746,744.0,742.0,744.0,2.0,0.2680965147453083,0.0,3462300.0,0.04,0.9852695615799999,1.75988912,0.068290552,0.06912841049999999,7.832204177326983,4.438637808329651
QPLIB,QPLIB_3838,512,400,block,50,780,,,746.0,1.17,,124.718480125,0.04988739205,0.056354484999999996,0.050051090150000005,0.0051606925,746,744.0,742.0,744.0,2.0,0.2680965147453083,0.0,5649792.0,0.04,5.63727530165,6.368056804999999,0.068290552,0.06912841049999999,1.3688940069578162,1.226670965052737
QPLIB,QPLIB_3838,512,400,csr-block,50,780,,,746.0,1.17,,3.29027995,0.00131611198,0.004424162000000001,0.001372912015,0.002195049,746,744.0,742.0,744.0,1.0,0.2680965147453083,0.0,3631992.0,0.02,0.30007353144,1.0087089360000001,0.068290552,0.06912841049999999,51.88810149726014,15.625198738201716
QPLIB,QPLIB_3838,512,400,csr-row,50,780,,,746.0,1.17,,6.192280049999999,0.00247691202,0.005612551,0.002536432055,0.0021974325,746,744.0,742.0,744.0,1.0,0.2680965147453083,0.0,4031864.0,0.02,0.56473594056,1.2796616280000002,0.068290552,0.06912841049999999,27.570842827110187,12.316754092746772
QPLIB,QPLIB_3838,512,400,gemm-fp16,50,780,,,746.0,1.17,,25.549800500000003,0.0102199202,0.029628344,0.010426016650000001,0.009148212999999999,746,744.0,742.0,744.0,1.0,0.2680965147453083,0.0,9419232.0,0.02,2.3301418056,6.755262432,0.068290552,0.06912841049999999,6.682102273166478,2.33318509127611
QPLIB,QPLIB_3838,512,400,gemm-fp32,50,780,,,746.0,1.17,,27.85480025,0.011141920100000001,0.026477083999999998,0.0113113768,0.004825204,746,744.0,742.0,744.0,2.0,0.2680965147453083,0.0,13043072.0,0.04,1.2590369713,2.9919104919999997,0.068290552,0.06912841049999999,6.129154704672492,2.6108770323801513
QPLIB,QPLIB_3838,512,400,gemm-int8,50,780,,,746.0,1.17,,7.8911998875,0.0031564799550000003,0.0186546355,0.003231296505,0.006041641,746,744.0,742.0,744.0,2.0,0.2680965147453083,0.0,10167404.0,0.04,0.35668223491500006,2.1079738115,0.068290552,0.06912841049999999,21.635034270319007,3.7056961257699186
QPLIB,QPLIB_3838,512,400,gemm-tf32,50,780,,,746.0,1.17,,24.4511592375,0.009780463695,0.024919589,0.009952049309999999,0.0047667230000000005,746,744.0,742.0,744.0,2.0,0.2680965147453083,0.0,13043072.0,0.04,1.105192397535,2.815913557,0.068290552,0.06912841049999999,6.982342977757969,2.7740590143761996
QPLIB,QPLIB_3838,512,400,public-matched,50,780,,,746.0,1.17,,170.72638,0.068290552,0.06912841049999999,0.06834375200000001,0.00016710499749999998,744,742.0,740.0,742.0,0.0,0.5361930294906166,0.2680965147453083,,0.0,inf,inf,0.068290552,0.06912841049999999,1.0,1.0
QPLIB,QPLIB_3838,512,800,auto,50,780,,,746.0,1.17,bit,21.7884195,0.0174307356,0.024229810999999997,0.0175047685,0.0055301510000000005,746,744.0,744.0,744.0,8.0,0.2680965147453083,0.0,3463900.0,0.16,0.4706298612,0.654204897,0.137633507,0.139022009,7.896024020925427,5.737643145462423
QPLIB,QPLIB_3838,512,800,bit,50,780,,,746.0,1.17,,21.770120875000003,0.0174160967,0.0240266745,0.01748881655,0.005417959,746,744.0,744.0,744.0,8.0,0.2680965147453083,0.0,3463900.0,0.16,0.4702346109,0.6487202115,0.137633507,0.139022009,7.902660933204395,5.786152761173836
QPLIB,QPLIB_3838,512,800,block,50,780,,,746.0,1.17,,124.6417570625,0.09971340565,0.105972078,0.09987948615,0.004770404,746,744.0,744.0,744.0,8.0,0.2680965147453083,0.0,5651392.0,0.16,2.69226195255,2.861246106,0.137633507,0.139022009,1.3802909057494415,1.3118739541938587
QPLIB,QPLIB_3838,512,800,csr-block,50,780,,,746.0,1.17,,3.26534003125,0.002612272025,0.005744743,0.00266470401,0.002205529,746,744.0,744.0,744.0,8.0,0.2680965147453083,0.0,3633592.0,0.16,0.070531344675,0.155108061,0.137633507,0.139022009,52.687279763676216,24.199865685897525
QPLIB,QPLIB_3838,512,800,csr-row,50,780,,,746.0,1.17,,6.175920068750001,0.0049407360550000005,0.008102960999999999,0.004994608435000001,0.002209449,746,744.0,744.0,744.0,8.0,0.2680965147453083,0.0,4033464.0,0.16,0.13339987348500001,0.21877994699999997,0.137633507,0.139022009,27.856883158272655,17.156939173223222
QPLIB,QPLIB_3838,512,800,gemm-fp16,50,780,,,746.0,1.17,,25.546340937500002,0.02043707275,0.042851166,0.020646305750000003,0.0091803095,746,744.0,744.0,744.0,7.0,0.2680965147453083,0.0,9420832.0,0.14,0.63354925525,1.3283861460000002,0.137633507,0.139022009,6.734501984879414,3.2442993266507614
QPLIB,QPLIB_3838,512,800,gemm-fp32,50,780,,,746.0,1.17,,27.723139500000002,0.0221785116,0.040718919,0.0223508486,0.00493882,746,744.0,744.0,744.0,8.0,0.2680965147453083,0.0,13044672.0,0.16,0.5988198132,1.099410813,0.137633507,0.139022009,6.205714318538851,3.4141871251542804
QPLIB,QPLIB_3838,512,800,gemm-int8,50,780,,,746.0,1.17,,7.984380131249999,0.0063875041050000005,0.024423315,0.006463519985,0.0060841205,746,744.0,744.0,744.0,8.0,0.2680965147453083,0.0,10169004.0,0.16,0.172462610835,0.6594295050000001,0.137633507,0.139022009,21.547306230654858,5.692184250991317
QPLIB,QPLIB_3838,512,800,gemm-tf32,50,780,,,746.0,1.17,,24.4391000625,0.01955128005,0.0376212405,0.01972417655,0.0048024035,746,744.0,744.0,744.0,8.0,0.2680965147453083,0.0,13044672.0,0.16,0.5278845613500001,1.0157734935,0.137633507,0.139022009,7.039616160579725,3.6953063522719303
QPLIB,QPLIB_3838,512,800,public-matched,50,780,,,746.0,1.17,,172.04188375,0.137633507,0.139022009,0.137689219,0.0001819850005,746,743.0,742.0,744.0,2.0,0.4021447721179625,0.0,,0.04,15.552586290999999,15.709487017,0.137633507,0.139022009,1.0,1.0
QPLIB,QPLIB_3838,512,1600,auto,50,780,,,746.0,1.17,bit,21.759740125,0.0348155842,0.041732218,0.034888655850000005,0.005609303,746,744.0,744.0,746.0,21.0,0.2680965147453083,0.0,3467100.0,0.42,0.31334025779999997,0.375589962,0.2672640855,0.26818384949999996,7.676564723564226,6.426302323542926
QPLIB,QPLIB_3838,512,1600,bit,50,780,,,746.0,1.17,,21.758218999999997,0.0348131504,0.041604026,0.03488678305,0.005531270499999999,746,744.0,744.0,746.0,21.0,0.2680965147453083,0.0,3467100.0,0.42,0.3133183536,0.37443623400000003,0.2672640855,0.26818384949999996,7.6771013949946925,6.44610330500226
QPLIB,QPLIB_3838,512,1600,block,50,780,,,746.0,1.17,,124.71069812500001,0.19953711699999999,0.2056609625,0.19969947,0.004793411500000001,746,744.0,744.0,746.0,21.0,0.2680965147453083,0.0,5654592.0,0.42,1.7958340529999999,1.8509486625,0.2672640855,0.26818384949999996,1.3394204021700886,1.3040095030188337
QPLIB,QPLIB_3838,512,1600,csr-block,50,780,,,746.0,1.17,,3.2556100187499997,0.00520897603,0.008325874,0.0052619844449999995,0.0021922965,746,746.0,744.0,746.0,26.0,0.0,0.0,3636792.0,0.52,0.03646283221,0.05828111800000001,0.2672640855,0.26818384949999996,51.30837307769298,32.2108945559349
QPLIB,QPLIB_3838,512,1600,csr-row,50,780,,,746.0,1.17,,6.1631700375000005,0.00986107206,0.013041877,0.00991187247,0.002218921,746,746.0,744.0,746.0,26.0,0.0,0.0,4036664.0,0.52,0.06902750442,0.091293139,0.2672640855,0.26818384949999996,27.10294417014939,20.56328621255974
QPLIB,QPLIB_3838,512,1600,gemm-fp16,50,780,,,746.0,1.17,,25.672270062500004,0.0410756321,0.069697995,0.0412841606,0.009253878,746,744.0,744.0,746.0,20.0,0.2680965147453083,0.0,9424032.0,0.4,0.41075632100000004,0.69697995,0.2672640855,0.26818384949999996,6.506633540035042,3.847798627492799
QPLIB,QPLIB_3838,512,1600,gemm-fp32,50,780,,,746.0,1.17,,27.610999343750002,0.04417759895,0.07033809599999999,0.04434934395,0.0050149805,746,744.0,744.0,746.0,21.0,0.2680965147453083,0.0,13047872.0,0.42,0.39759839055,0.6330428639999999,0.2672640855,0.26818384949999996,6.049764854864301,3.812782329223128
QPLIB,QPLIB_3838,512,1600,gemm-int8,50,780,,,746.0,1.17,,8.02909015625,0.012846544250000001,0.036263891000000006,0.01292443295,0.006221881,746,744.0,744.0,746.0,21.0,0.2680965147453083,0.0,10172204.0,0.42,0.11561889825000002,0.32637501900000004,0.2672640855,0.26818384949999996,20.80435643227555,7.395341263848381
QPLIB,QPLIB_3838,512,1600,gemm-tf32,50,780,,,746.0,1.17,,24.39262034375,0.03902819255,0.0635440495,0.0392004969,0.004805347,746,744.0,744.0,746.0,21.0,0.2680965147453083,0.0,13047872.0,0.42,0.35125373295,0.5718964455000001,0.2672640855,0.26818384949999996,6.847974964702792,4.220440019328638
QPLIB,QPLIB_3838,512,1600,public-matched,50,780,,,746.0,1.17,,167.04005343749998,0.2672640855,0.26818384949999996,0.267327862,0.000178992501,746,744.0,744.0,744.0,12.0,0.2680965147453083,0.0,,0.24,4.5434894535,4.559125441499999,0.2672640855,0.26818384949999996,1.0,1.0
QPLIB,QPLIB_3838,512,3200,auto,50,780,,,746.0,1.17,bit,21.753314734375,0.06961060715,0.0766628735,0.06968431925,0.005606407,746,746.0,746.0,746.0,46.0,0.0,0.0,3473500.0,0.92,0.1392212143,0.153325747,0.5498589855,0.55094555,7.899068949580337,7.186601869286832
QPLIB,QPLIB_3838,512,3200,bit,50,780,,,746.0,1.17,,21.752265703125,0.06960725025,0.0768110825,0.06968104010000001,0.005839304,746,746.0,746.0,746.0,46.0,0.0,0.0,3473500.0,0.92,0.1392145005,0.153622165,0.5498589855,0.55094555,7.899449892434157,7.172735132329374
QPLIB,QPLIB_3838,512,3200,block,50,780,,,746.0,1.17,,124.2925309375,0.39773609899999995,0.404307379,0.39790844999999997,0.004776482,746,746.0,746.0,746.0,46.0,0.0,0.0,5660992.0,0.92,0.7954721979999999,0.808614758,0.5498589855,0.55094555,1.3824719126135947,1.362689821201606
QPLIB,QPLIB_3838,512,3200,csr-block,50,780,,,746.0,1.17,,3.2452349375000002,0.0103847518,0.013465475000000001,0.01043588875,0.002147,746,746.0,746.0,746.0,48.0,0.0,0.0,3643192.0,0.96,0.0207695036,0.026930950000000002,0.5498589855,0.55094555,52.94868823923168,40.91541887679417
QPLIB,QPLIB_3838,512,3200,csr-row,50,780,,,746.0,1.17,,6.210199890625001,0.019872639650000003,0.0229165195,0.0199255367,0.002163528,746,746.0,746.0,746.0,48.0,0.0,0.0,4043064.0,0.96,0.039745279300000005,0.045833039,0.5498589855,0.55094555,27.66914688658383,24.041414753230743
QPLIB,QPLIB_3838,512,3200,gemm-fp16,50,780,,,746.0,1.17,,25.493105656250002,0.0815779381,0.1252024125,0.08179499575,0.0091586905,746,746.0,746.0,746.0,45.0,0.0,0.0,9430432.0,0.9,0.1631558762,0.250404825,0.5498589855,0.55094555,6.7402903077296585,4.400438769500548
QPLIB,QPLIB_3838,512,3200,gemm-fp32,50,780,,,746.0,1.17,,27.412810328124998,0.08772099305,0.128651582,0.08790158555,0.005092389,746,746.0,746.0,746.0,46.0,0.0,0.0,13054272.0,0.92,0.1754419861,0.257303164,0.5498589855,0.55094555,6.268271326871396,4.282462301940446
QPLIB,QPLIB_3838,512,3200,gemm-int8,50,780,,,746.0,1.17,,7.616415015625,0.02437252805,0.059124417,0.02445368025,0.0060960075,746,746.0,746.0,746.0,46.0,0.0,0.0,10178604.0,0.92,0.0487450561,0.118248834,0.5498589855,0.55094555,22.560605300031646,9.318409854256998
QPLIB,QPLIB_3838,512,3200,gemm-tf32,50,780,,,746.0,1.17,,24.3837141875,0.0780278854,0.1181314255,0.0782114374,0.0048708985,746,746.0,746.0,746.0,46.0,0.0,0.0,13054272.0,0.92,0.1560557708,0.236262851,0.5498589855,0.55094555,7.046954850579612,4.663835619252728
QPLIB,QPLIB_3838,512,3200,public-matched,50,780,,,746.0,1.17,,171.83093296875,0.5498589855,0.55094555,0.549934602,0.0001998890005,746,744.0,744.0,746.0,17.0,0.2680965147453083,0.0,,0.34,6.598307826,6.6113466,0.5498589855,0.55094555,1.0,1.0
QPLIB,QPLIB_3850,256,200,auto,50,1225,,,1198.0,1.16,bit,17.153519975,0.003430703995,0.013993753500000001,0.00351236857,0.0081770415,1198,1194.0,1194.0,1194.0,3.0,0.333889816360601,0.0,2978936.0,0.06,0.257302799625,1.0495315125,0.033736986,0.0346726535,9.833837617343024,2.4777236143254915
QPLIB,QPLIB_3850,256,200,bit,50,1225,,,1198.0,1.16,,17.079439750000002,0.00341588795,0.013316023,0.003497551965,0.0077257435,1198,1194.0,1194.0,1194.0,3.0,0.333889816360601,0.0,2978936.0,0.06,0.25619159625,0.998701725,0.033736986,0.0346726535,9.876490825760254,2.6038294992431297
QPLIB,QPLIB_3850,256,200,block,50,1225,,,1198.0,1.16,,146.03479875,0.02920695975,0.037362282,0.02938784025,0.005810312,1198,1194.0,1194.0,1194.0,3.0,0.333889816360601,0.0,8553376.0,0.06,2.19052198125,2.80217115,0.033736986,0.0346726535,1.1551009173421412,0.9280121995760323
QPLIB,QPLIB_3850,256,200,csr-block,50,1225,,,1198.0,1.16,,2.7699199324999997,0.0005539839865,0.005324326,0.0006142719825,0.002861756,1198,1194.0,1192.0,1194.0,3.0,0.333889816360601,0.0,2870860.0,0.06,0.0415487989875,0.39932445,0.033736986,0.0346726535,60.89884693806035,6.512120689078768
QPLIB,QPLIB_3850,256,200,csr-row,50,1225,,,1198.0,1.16,,5.639840075,0.001127968015,0.0060096405,0.00118803252,0.0028458835,1198,1194.0,1192.0,1194.0,3.0,0.333889816360601,0.0,3184716.0,0.06,0.08459760112499999,0.4507230375,0.033736986,0.0346726535,29.909523631306158,5.769505430482905
QPLIB,QPLIB_3850,256,200,gemm-fp16,50,1225,,,1198.0,1.16,,18.296560050000004,0.00365931201,0.0233942405,0.00383334451,0.0103043785,1198,1194.0,1192.0,1194.0,1.0,0.333889816360601,0.0,10354528.0,0.02,0.83432313828,5.333886834,0.033736986,0.0346726535,9.219488774885855,1.4821021225288333
QPLIB,QPLIB_3850,256,200,gemm-fp32,50,1225,,,1198.0,1.16,,40.12320042500001,0.008024640085,0.024042211,0.00821243314,0.0059830809999999995,1198,1194.0,1194.0,1194.0,3.0,0.333889816360601,0.0,15258528.0,0.06,0.601848006375,1.803165825,0.033736986,0.0346726535,4.204174348337767,1.442157441343477
QPLIB,QPLIB_3850,256,200,gemm-int8,50,1225,,,1198.0,1.16,,8.859040125,0.001771808025,0.020323748,0.0018564479900000002,0.00927319,1198,1194.0,1194.0,1194.0,3.0,0.333889816360601,0.0,10174616.0,0.06,0.132885601875,1.5242810999999998,0.033736986,0.0346726535,19.040994015138857,1.7060167002661122
QPLIB,QPLIB_3850,256,200,gemm-tf32,50,1225,,,1198.0,1.16,,27.392319424999997,0.005478463885,0.0211804075,0.005664912365,0.005864808,1198,1194.0,1194.0,1194.0,3.0,0.333889816360601,0.0,15258528.0,0.06,0.410884791375,1.5885305625000001,0.033736986,0.0346726535,6.158110504729557,1.6370154115306796
QPLIB,QPLIB_3850,256,200,public-matched,50,1225,,,1198.0,1.16,,168.68493,0.033736986,0.0346726535,0.03379025,0.0001735209955,1194,1190.0,1188.0,1190.0,0.0,0.667779632721202,0.333889816360601,,0.0,inf,inf,0.033736986,0.0346726535,1.0,1.0
QPLIB,QPLIB_3850,256,400,auto,50,1225,,,1198.0,1.16,bit,17.109400037500002,0.006843760015,0.017055334,0.006924544995,0.007930192499999999,1198,1196.0,1194.0,1196.0,4.0,0.1669449081803005,0.0,2979736.0,0.08,0.38325056084000003,0.9550987039999999,0.0650551945,0.0661477105,9.505767934207727,3.8784177724106725
QPLIB,QPLIB_3850,256,400,bit,50,1225,,,1198.0,1.16,,17.036600112500004,0.0068146400450000005,0.016873333,0.006895439905,0.0077664794999999995,1198,1196.0,1194.0,1196.0,4.0,0.1669449081803005,0.0,2979736.0,0.08,0.38161984252000003,0.944906648,0.0650551945,0.0661477105,9.546387493750595,3.9202515887050886
QPLIB,QPLIB_3850,256,400,block,50,1225,,,1198.0,1.16,,145.89799875,0.0583591995,0.066669491,0.058541153,0.005809128,1198,1196.0,1194.0,1196.0,4.0,0.1669449081803005,0.0,8554176.0,0.08,3.268115172,3.733491496,0.0650551945,0.0661477105,1.1147376087638077,0.9921736240644166
QPLIB,QPLIB_3850,256,400,csr-block,50,1225,,,1198.0,1.16,,2.7212800125000003,0.001088512005,0.005857032,0.00114884853,0.002853356,1198,1196.0,1194.0,1196.0,4.0,0.1669449081803005,0.0,2871660.0,0.08,0.06095667228,0.327993792,0.0650551945,0.0661477105,59.76525219857359,11.293725303191104
QPLIB,QPLIB_3850,256,400,csr-row,50,1225,,,1198.0,1.16,,5.557640187499999,0.002223056075,0.007034701,0.0022832484899999997,0.0028760599999999997,1198,1196.0,1194.0,1196.0,4.0,0.1669449081803005,0.0,3185516.0,0.08,0.12449114019999999,0.393943256,0.0650551945,0.0661477105,29.263856738296628,9.40305927714625
QPLIB,QPLIB_3850,256,400,gemm-fp16,50,1225,,,1198.0,1.16,,18.0953198625,0.007238127945000001,0.028411893,0.0074111849550000004,0.0103148105,1198,1196.0,1196.0,1196.0,3.0,0.1669449081803005,0.0,10355328.0,0.06,0.542859595875,2.130891975,0.0650551945,0.0661477105,8.987848100272839,2.3281697738337956
QPLIB,QPLIB_3850,256,400,gemm-fp32,50,1225,,,1198.0,1.16,,40.127799499999995,0.0160511198,0.033578554,0.0162388162,0.0059977204999999995,1198,1196.0,1194.0,1196.0,4.0,0.1669449081803005,0.0,15259328.0,0.08,0.8988627088,1.880399024,0.0650551945,0.0661477105,4.053000370728029,1.9699392207299935
QPLIB,QPLIB_3850,256,400,gemm-int8,50,1225,,,1198.0,1.16,,8.474879849999999,0.00338995194,0.023419184500000002,0.003475408005,0.009324918,1198,1196.0,1194.0,1196.0,4.0,0.1669449081803005,0.0,10175416.0,0.08,0.18983730864,1.3114743320000002,0.0650551945,0.0661477105,19.19059492625137,2.824509559673181
QPLIB,QPLIB_3850,256,400,gemm-tf32,50,1225,,,1198.0,1.16,,27.259839749999998,0.0109039359,0.0282412205,0.01109204875,0.005845656499999999,1198,1196.0,1194.0,1196.0,4.0,0.1669449081803005,0.0,15259328.0,0.08,0.6106204104,1.581508348,0.0650551945,0.0661477105,5.966212117956416,2.3422397944876354
QPLIB,QPLIB_3850,256,400,public-matched,50,1225,,,1198.0,1.16,,162.63798625,0.0650551945,0.0661477105,0.0651106185,0.00017884899699999998,1196,1194.0,1192.0,1194.0,0.0,0.333889816360601,0.1669449081803005,,0.0,inf,inf,0.0650551945,0.0661477105,1.0,1.0
QPLIB,QPLIB_3850,256,800,auto,50,1225,,,1198.0,1.16,bit,17.088559875,0.0136708479,0.0238660975,0.0137515847,0.00790832,1198,1196.0,1196.0,1198.0,19.0,0.1669449081803005,0.0,2981336.0,0.38,0.136708479,0.238660975,0.131268777,0.132440414,9.602094761071843,5.549311696225159
QPLIB,QPLIB_3850,256,800,bit,50,1225,,,1198.0,1.16,,17.016760124999998,0.0136134081,0.023703537,0.01369427285,0.0077804155,1198,1196.0,1196.0,1198.0,19.0,0.1669449081803005,0.0,2981336.0,0.38,0.136134081,0.23703537,0.131268777,0.132440414,9.64260940653061,5.587369260545378
QPLIB,QPLIB_3850,256,800,block,50,1225,,,1198.0,1.16,,145.69424125,0.11655539300000001,0.124734738,0.116746562,0.005806936,1198,1196.0,1196.0,1198.0,19.0,0.1669449081803005,0.0,8555776.0,0.38,1.1655539300000002,1.24734738,0.131268777,0.132440414,1.12623511981123,1.061776503671335
QPLIB,QPLIB_3850,256,800,csr-block,50,1225,,,1198.0,1.16,,2.6967400312499996,0.0021573920249999996,0.006929500999999999,0.0022179844149999997,0.00286478,1198,1196.0,1196.0,1198.0,15.0,0.1669449081803005,0.0,2873260.0,0.3,0.028046096324999995,0.09008351299999999,0.131268777,0.132440414,60.84604720831858,19.112547065077273
QPLIB,QPLIB_3850,256,800,csr-row,50,1225,,,1198.0,1.16,,5.60018003125,0.0044801440250000005,0.009270214499999999,0.00453844812,0.002847516,1198,1196.0,1196.0,1198.0,15.0,0.1669449081803005,0.0,3187116.0,0.3,0.058241872325000006,0.12051278849999998,0.131268777,0.132440414,29.300124341426724,14.286661220190755
QPLIB,QPLIB_3850,256,800,gemm-fp16,50,1225,,,1198.0,1.16,,18.167279999999998,0.014533824,0.038315614,0.014707856500000002,0.010327275,1198,1198.0,1196.0,1198.0,27.0,0.0,0.0,10356928.0,0.54,0.087202944,0.229893684,0.131268777,0.132440414,9.031950366262864,3.4565650964121315
QPLIB,QPLIB_3850,256,800,gemm-fp32,50,1225,,,1198.0,1.16,,40.1874399375,0.03214995195,0.05333009,0.0323423351,0.0062952095,1198,1196.0,1196.0,1198.0,19.0,0.1669449081803005,0.0,15260928.0,0.38,0.3214995195,0.5333009,0.131268777,0.132440414,4.083016273372689,2.4834087847967257
QPLIB,QPLIB_3850,256,800,gemm-int8,50,1225,,,1198.0,1.16,,8.4913802125,0.00679310417,0.029587082,0.00687897617,0.009415303,1198,1196.0,1196.0,1198.0,19.0,0.1669449081803005,0.0,10177016.0,0.38,0.0679310417,0.29587082,0.131268777,0.132440414,19.32382806371715,4.476291849260431
QPLIB,QPLIB_3850,256,800,gemm-tf32,50,1225,,,1198.0,1.16,,27.3080003125,0.021846400250000002,0.0422402385,0.02203646475,0.0059405364999999995,1198,1196.0,1196.0,1198.0,19.0,0.1669449081803005,0.0,15260928.0,0.38,0.21846400250000003,0.422402385,0.131268777,0.132440414,6.008714273190156,3.1354087643231465
QPLIB,QPLIB_3850,256,800,public-matched,50,1225,,,1198.0,1.16,,164.08597125,0.131268777,0.132440414,0.1313316095,0.0001952484965,1198,1196.0,1194.0,1196.0,3.0,0.1669449081803005,0.0,,0.06,9.845158275000001,9.93303105,0.131268777,0.132440414,1.0,1.0
QPLIB,QPLIB_3850,256,1600,auto,50,1225,,,1198.0,1.16,bit,17.0782601875,0.0273252163,0.037628138000000005,0.027408591849999997,0.007981233,1198,1198.0,1196.0,1198.0,33.0,0.0,0.0,2984536.0,0.66,0.1366260815,0.18814069000000003,0.26324760550000004,0.264156729,9.633870876257255,7.020191352545798
QPLIB,QPLIB_3850,256,1600,bit,50,1225,,,1198.0,1.16,,17.0061004375,0.027209760700000002,0.037191336500000005,0.0272920804,0.0077500315,1198,1198.0,1196.0,1198.0,33.0,0.0,0.0,2984536.0,0.66,0.1360488035,0.18595668250000003,0.26324760550000004,0.264156729,9.674749013871336,7.10264147135449
QPLIB,QPLIB_3850,256,1600,block,50,1225,,,1198.0,1.16,,144.709773125,0.23153563700000002,0.2399297255,0.2317180375,0.005859896,1198,1198.0,1196.0,1198.0,33.0,0.0,0.0,8558976.0,0.66,1.157678185,1.1996486275,0.26324760550000004,0.264156729,1.1369636610194915,1.1009754145698798
QPLIB,QPLIB_3850,256,1600,csr-block,50,1225,,,1198.0,1.16,,2.6850400875,0.00429606414,0.009029781,0.00435553602,0.002845468,1198,1198.0,1198.0,1198.0,38.0,0.0,0.0,2876460.0,0.76,0.01718425656,0.036119124,0.26324760550000004,0.264156729,61.27646071410844,29.253946358167486
QPLIB,QPLIB_3850,256,1600,csr-row,50,1225,,,1198.0,1.16,,5.5843600625,0.0089349761,0.013717080999999999,0.00899619162,0.0028550035,1198,1198.0,1198.0,1198.0,38.0,0.0,0.0,3190316.0,0.76,0.0357399044,0.054868323999999996,0.26324760550000004,0.264156729,29.462597611201225,19.257503035813524
QPLIB,QPLIB_3850,256,1600,gemm-fp16,50,1225,,,1198.0,1.16,,18.186510187499998,0.0290984163,0.0582701605,0.02927760045,0.010389738999999999,1198,1198.0,1196.0,1198.0,32.0,0.0,0.0,10360128.0,0.64,0.14549208149999998,0.2913508025,0.26324760550000004,0.264156729,9.046801818558079,4.533310475436222
QPLIB,QPLIB_3850,256,1600,gemm-fp32,50,1225,,,1198.0,1.16,,40.167300687499996,0.0642676811,0.093093069,0.064463986,0.006421466,1198,1198.0,1196.0,1198.0,33.0,0.0,0.0,15264128.0,0.66,0.32133840550000003,0.46546534500000003,0.26324760550000004,0.264156729,4.096111778023994,2.837555274925999
QPLIB,QPLIB_3850,256,1600,gemm-int8,50,1225,,,1198.0,1.16,,8.4970599375,0.0135952959,0.042240686,0.01368179245,0.009597351,1198,1198.0,1196.0,1198.0,33.0,0.0,0.0,10180216.0,0.66,0.0679764795,0.21120343,0.26324760550000004,0.264156729,19.36313909136763,6.253608878416416
QPLIB,QPLIB_3850,256,1600,gemm-tf32,50,1225,,,1198.0,1.16,,27.2192299375,0.0435507679,0.0712082135,0.04374638605,0.0061252730000000005,1198,1198.0,1196.0,1198.0,33.0,0.0,0.0,15264128.0,0.66,0.21775383950000002,0.35604106750000003,0.26324760550000004,0.264156729,6.044614554316504,3.7096384815215164
QPLIB,QPLIB_3850,256,1600,public-matched,50,1225,,,1198.0,1.16,,164.5297534375,0.26324760550000004,0.264156729,0.26330151,0.000187488498,1198,1196.0,1196.0,1196.0,12.0,0.1669449081803005,0.0,,0.24,4.475209293500001,4.490664392999999,0.26324760550000004,0.264156729,1.0,1.0
QPLIB,QPLIB_3850,256,3200,auto,50,1225,,,1198.0,1.16,bit,17.0716750625,0.054629360200000004,0.06487309699999999,0.0547116797,0.007872351999999999,1198,1198.0,1198.0,1198.0,38.0,0.0,0.0,2990936.0,0.76,0.21851744080000002,0.25949238799999996,0.5382086505,0.5397222564999999,9.852003547718649,8.319662255372208
QPLIB,QPLIB_3850,256,3200,bit,50,1225,,,1198.0,1.16,,16.999599921875003,0.054398719750000005,0.064802153,0.05448022445,0.008121106,1198,1198.0,1198.0,1198.0,38.0,0.0,0.0,2990936.0,0.76,0.21759487900000002,0.259208612,0.5382086505,0.5397222564999999,9.893774209640291,8.328770442241323
QPLIB,QPLIB_3850,256,3200,block,50,1225,,,1198.0,1.16,,145.07784375,0.46424909999999997,0.47260843799999996,0.464430381,0.0059347745,1198,1198.0,1198.0,1198.0,38.0,0.0,0.0,8565376.0,0.76,1.8569963999999999,1.8904337519999999,0.5382086505,0.5397222564999999,1.1593100568207888,1.1420072370777266
QPLIB,QPLIB_3850,256,3200,csr-block,50,1225,,,1198.0,1.16,,2.67454505,0.00855854416,0.013372035,0.00861784014,0.0028105385,1198,1198.0,1198.0,1198.0,43.0,0.0,0.0,2882860.0,0.86,0.025675632480000002,0.040116105,0.5382086505,0.5397222564999999,62.88553759124378,40.36201344821487
QPLIB,QPLIB_3850,256,3200,csr-row,50,1225,,,1198.0,1.16,,5.487889953125,0.01756124785,0.0224149015,0.0176222238,0.0028174510000000003,1198,1198.0,1198.0,1198.0,43.0,0.0,0.0,3196716.0,0.86,0.052683743549999995,0.0672447045,0.5382086505,0.5397222564999999,30.647517482648592,24.078725329219044
QPLIB,QPLIB_3850,256,3200,gemm-fp16,50,1225,,,1198.0,1.16,,17.801709765625,0.05696547125,0.098259654,0.05714547175,0.0104906,1198,1198.0,1196.5,1198.0,37.0,0.0,0.0,10366528.0,0.74,0.227861885,0.393038616,0.5382086505,0.5397222564999999,9.447980306140275,5.4928165786132315
QPLIB,QPLIB_3850,256,3200,gemm-fp32,50,1225,,,1198.0,1.16,,40.003445156249995,0.12801102450000001,0.1741352405,0.12823422750000002,0.0067090995,1198,1198.0,1198.0,1198.0,38.0,0.0,0.0,15270528.0,0.76,0.5120440980000001,0.696540962,0.5382086505,0.5397222564999999,4.204392962263965,3.099443024572616
QPLIB,QPLIB_3850,256,3200,gemm-int8,50,1225,,,1198.0,1.16,,8.09375525,0.0259000168,0.066726958,0.025992848800000003,0.009805077,1198,1198.0,1198.0,1198.0,38.0,0.0,0.0,10186616.0,0.76,0.1036000672,0.266907832,0.5382086505,0.5397222564999999,20.78024329698504,8.088518833722345
QPLIB,QPLIB_3850,256,3200,gemm-tf32,50,1225,,,1198.0,1.16,,27.246049640625003,0.08718735885000001,0.1313502755,0.0873899052,0.0064130005,1198,1198.0,1198.0,1198.0,38.0,0.0,0.0,15270528.0,0.76,0.34874943540000003,0.525401102,0.5382086505,0.5397222564999999,6.173012436653251,4.109030258562343
QPLIB,QPLIB_3850,256,3200,public-matched,50,1225,,,1198.0,1.16,,168.19020328125,0.5382086505,0.5397222564999999,0.5382823305,0.00022460900799999999,1198,1196.0,1196.0,1198.0,22.0,0.1669449081803005,0.0,,0.44,4.305669204,4.3177780519999995,0.5382086505,0.5397222564999999,1.0,1.0
QPLIB,QPLIB_3852,2048,200,auto,50,231,,,234.0,1.15,gemm,8.427520099999999,0.00168550402,0.0170345335,0.00180596846,0.004897556,234,234.0,234.0,234.0,50.0,0.0,0.0,12012576.0,1.0,0.00168550402,0.0170345335,0.035682418,0.037011031,21.170176740367552,2.1727058742172187
QPLIB,QPLIB_3852,2048,200,block,50,231,,,234.0,1.15,,73.3727215,0.0146745443,0.019982034500000002,0.014791328749999999,0.0045323865,234,234.0,234.0,234.0,50.0,0.0,0.0,4017184.0,1.0,0.0146745443,0.019982034500000002,0.035682418,0.037011031,2.431586103835606,1.8522153487423914
QPLIB,QPLIB_3852,2048,200,csr-block,50,231,,,234.0,1.15,,3.8458399475,0.0007691679895,0.003199837,0.0008125440125000001,0.0021446005,234,234.0,234.0,234.0,50.0,0.0,0.0,4301380.0,1.0,0.0007691679895,0.003199837,0.035682418,0.037011031,46.39092953308609,11.566536357945733
QPLIB,QPLIB_3852,2048,200,csr-row,50,231,,,234.0,1.15,,7.1576798,0.00143153596,0.0038837285,0.0014749919700000002,0.0021639930000000003,234,234.0,234.0,234.0,50.0,0.0,0.0,4776516.0,1.0,0.00143153596,0.0038837285,0.035682418,0.037011031,24.925966931351137,9.529767850662063
QPLIB,QPLIB_3852,2048,200,gemm-fp16,50,231,,,234.0,1.15,,6.26343995,0.00125268799,0.0187827655,0.0013669609949999999,0.0091458135,234,234.0,234.0,234.0,50.0,0.0,0.0,9054112.0,1.0,0.00125268799,0.0187827655,0.035682418,0.037011031,28.484681169490575,1.9704782557179878
QPLIB,QPLIB_3852,2048,200,gemm-fp32,50,231,,,234.0,1.15,,12.612079975,0.002522415995,0.015701583999999998,0.002642945,0.004878532,234,234.0,234.0,234.0,50.0,0.0,0.0,12012576.0,1.0,0.002522415995,0.015701583999999998,0.035682418,0.037011031,14.146127391647784,2.3571526923653057
QPLIB,QPLIB_3852,2048,200,gemm-int8,50,231,,,234.0,1.15,,14.984080200000001,0.00299681604,0.015693617,0.00311084852,0.004583859,234,234.0,234.0,234.0,50.0,0.0,0.0,10441472.0,1.0,0.00299681604,0.015693617,0.035682418,0.037011031,11.906776233085031,2.3583493212558966
QPLIB,QPLIB_3852,2048,200,gemm-tf32,50,231,,,234.0,1.15,,8.4306401,0.00168612802,0.0142156425,0.0018058885349999999,0.004566819,234,234.0,234.0,234.0,50.0,0.0,0.0,12012576.0,1.0,0.00168612802,0.0142156425,0.035682418,0.037011031,21.16234210970529,2.6035426115984555
QPLIB,QPLIB_3852,2048,200,public-matched,50,231,,,234.0,1.15,,178.41209,0.035682418,0.037011031,0.035738866,0.0001651685015,234,234.0,234.0,234.0,50.0,0.0,0.0,,1.0,0.035682418,0.037011031,0.035682418,0.037011031,1.0,1.0
QPLIB,QPLIB_3852,2048,400,auto,50,231,,,234.0,1.15,gemm,8.415920137499999,0.003366368055,0.017107046,0.003486624515,0.004598691,234,234.0,234.0,234.0,50.0,0.0,0.0,12013376.0,1.0,0.003366368055,0.017107046,0.0712348355,0.07267703349999999,21.160738913915342,4.248368391597239
QPLIB,QPLIB_3852,2048,400,block,50,231,,,234.0,1.15,,73.2988,0.02931952,0.0346436785,0.029437920399999998,0.004538658,234,234.0,234.0,234.0,50.0,0.0,0.0,4017984.0,1.0,0.02931952,0.0346436785,0.0712348355,0.07267703349999999,2.429604423946913,2.097844012147844
QPLIB,QPLIB_3852,2048,400,csr-block,50,231,,,234.0,1.15,,3.7922799625,0.001516911985,0.00393896,0.0015615205,0.0021473685,234,234.0,234.0,234.0,50.0,0.0,0.0,4302180.0,1.0,0.001516911985,0.00393896,0.0712348355,0.07267703349999999,46.960427634830765,18.45081785547454
QPLIB,QPLIB_3852,2048,400,csr-row,50,231,,,234.0,1.15,,7.12868005,0.0028514720199999998,0.005309894,0.002896543925,0.002164745,234,234.0,234.0,234.0,50.0,0.0,0.0,4777316.0,1.0,0.0028514720199999998,0.005309894,0.0712348355,0.07267703349999999,24.98177607928974,13.687096861067282
QPLIB,QPLIB_3852,2048,400,gemm-fp16,50,231,,,234.0,1.15,,6.147080075,0.00245883203,0.021536809,0.0025698250300000003,0.009261525999999999,234,234.0,234.0,234.0,50.0,0.0,0.0,9054912.0,1.0,0.00245883203,0.021536809,0.0712348355,0.07267703349999999,28.971005188996173,3.374549753401258
QPLIB,QPLIB_3852,2048,400,gemm-fp32,50,231,,,234.0,1.15,,12.578919537500001,0.0050315678150000005,0.019217983,0.00515344033,0.004533634999999999,234,234.0,234.0,234.0,50.0,0.0,0.0,12013376.0,1.0,0.0050315678150000005,0.019217983,0.0712348355,0.07267703349999999,14.157582312144587,3.7817201472183624
QPLIB,QPLIB_3852,2048,400,gemm-int8,50,231,,,234.0,1.15,,14.6964401,0.00587857604,0.019875106,0.00599369595,0.004449938,234,234.0,234.0,234.0,50.0,0.0,0.0,10442272.0,1.0,0.00587857604,0.019875106,0.0712348355,0.07267703349999999,12.117702487012483,3.6566865857218565
QPLIB,QPLIB_3852,2048,400,gemm-tf32,50,231,,,234.0,1.15,,8.428120025,0.0033712480100000003,0.017057462500000002,0.003490976055,0.0045375385,234,234.0,234.0,234.0,50.0,0.0,0.0,12013376.0,1.0,0.0033712480100000003,0.017057462500000002,0.0712348355,0.07267703349999999,21.130108282956016,4.260717765025131
QPLIB,QPLIB_3852,2048,400,public-matched,50,231,,,234.0,1.15,,178.08708875,0.0712348355,0.07267703349999999,0.071305124,0.0001840164985,234,234.0,234.0,234.0,50.0,0.0,0.0,,1.0,0.0712348355,0.07267703349999999,0.0712348355,0.07267703349999999,1.0,1.0
QPLIB,QPLIB_3852,2048,800,auto,50,231,,,234.0,1.15,gemm,8.484499756249999,0.006787599805,0.026521228,0.00693790484,0.005794568,234,234.0,234.0,234.0,50.0,0.0,0.0,12014976.0,1.0,0.006787599805,0.026521228,0.1411346415,0.142589848,20.793011602722206,5.376442146645698
QPLIB,QPLIB_3852,2048,800,block,50,231,,,234.0,1.15,,73.2734394375,0.05861875155,0.0639503595,0.05873734525,0.0045435384999999995,234,234.0,234.0,234.0,50.0,0.0,0.0,4019584.0,1.0,0.05861875155,0.0639503595,0.1411346415,0.142589848,2.4076705451431604,2.2296958002245475
QPLIB,QPLIB_3852,2048,800,csr-block,50,231,,,234.0,1.15,,3.76320005,0.00301056004,0.0054588385,0.0030547359850000002,0.002159865,234,234.0,234.0,234.0,50.0,0.0,0.0,4303780.0,1.0,0.00301056004,0.0054588385,0.1411346415,0.142589848,46.8798627580269,26.120913450727656
QPLIB,QPLIB_3852,2048,800,csr-row,50,231,,,234.0,1.15,,7.1161198625,0.00569289589,0.0081453775,0.0057377923899999995,0.0021580410000000003,234,234.0,234.0,234.0,50.0,0.0,0.0,4778916.0,1.0,0.00569289589,0.0081453775,0.1411346415,0.142589848,24.79136176509281,17.50561566974643
QPLIB,QPLIB_3852,2048,800,gemm-fp16,50,231,,,234.0,1.15,,5.7444199875,0.00459553599,0.0265569575,0.00470953689,0.00919503,234,234.0,234.0,234.0,50.0,0.0,0.0,9056512.0,1.0,0.00459553599,0.0265569575,0.1411346415,0.142589848,30.71124713354709,5.369208728070601
QPLIB,QPLIB_3852,2048,800,gemm-fp32,50,231,,,234.0,1.15,,12.44391978125,0.009955135825,0.0311354555,0.01010839985,0.0054551745,234,234.0,234.0,234.0,50.0,0.0,0.0,12014976.0,1.0,0.009955135825,0.0311354555,0.1411346415,0.142589848,14.1770683977584,4.579661537310735
QPLIB,QPLIB_3852,2048,800,gemm-int8,50,231,,,234.0,1.15,,14.640020125,0.0117120161,0.029127847999999998,0.01182865715,0.00482946,234,234.0,234.0,234.0,50.0,0.0,0.0,10443872.0,1.0,0.0117120161,0.029127847999999998,0.1411346415,0.142589848,12.050413890739101,4.895310082639816
QPLIB,QPLIB_3852,2048,800,gemm-tf32,50,231,,,234.0,1.15,,8.417379856250001,0.006733903885,0.0228574385,0.006854592405,0.0045550750000000004,234,234.0,234.0,234.0,50.0,0.0,0.0,12014976.0,1.0,0.006733903885,0.0228574385,0.1411346415,0.142589848,20.958814368346154,6.238225162456414
QPLIB,QPLIB_3852,2048,800,public-matched,50,231,,,234.0,1.15,,176.418301875,0.1411346415,0.142589848,0.14120045,0.000179920498,234,234.0,234.0,234.0,50.0,0.0,0.0,,1.0,0.1411346415,0.142589848,0.1411346415,0.142589848,1.0,1.0
QPLIB,QPLIB_3852,2048,1600,auto,50,231,,,234.0,1.15,gemm,8.390449875,0.0134247198,0.0347966065,0.0135479366,0.004704019,234,234.0,234.0,234.0,50.0,0.0,0.0,12018176.0,1.0,0.0134247198,0.0347966065,0.273433071,0.2743994585,20.367879186573415,7.885810890783273
QPLIB,QPLIB_3852,2048,1600,block,50,231,,,234.0,1.15,,73.25247031250001,0.1172039525,0.1225443935,0.117323728,0.0045182425,234,234.0,234.0,234.0,50.0,0.0,0.0,4022784.0,1.0,0.1172039525,0.1225443935,0.273433071,0.2743994585,2.332968002934884,2.239184108410476
QPLIB,QPLIB_3852,2048,1600,csr-block,50,231,,,234.0,1.15,,3.747459946875,0.005995935915,0.0084287865,0.00604073599,0.002152905,234,234.0,234.0,234.0,50.0,0.0,0.0,4306980.0,1.0,0.005995935915,0.0084287865,0.273433071,0.2743994585,45.603067623847345,32.55503725239689
QPLIB,QPLIB_3852,2048,1600,csr-row,50,231,,,234.0,1.15,,7.149909718749999,0.01143985555,0.0138817695,0.01148503955,0.002143321,234,234.0,234.0,234.0,50.0,0.0,0.0,4782116.0,1.0,0.01143985555,0.0138817695,0.273433071,0.2743994585,23.901794022215608,19.76689344251106
QPLIB,QPLIB_3852,2048,1600,gemm-fp16,50,231,,,234.0,1.15,,5.718429984375,0.009149487974999999,0.037292729999999996,0.009265088474999999,0.009216438,234,234.0,234.0,234.0,50.0,0.0,0.0,9059712.0,1.0,0.009149487974999999,0.037292729999999996,0.273433071,0.2743994585,29.88506807671935,7.357987964410223
QPLIB,QPLIB_3852,2048,1600,gemm-fp32,50,231,,,234.0,1.15,,12.370669843750001,0.019793071750000002,0.043764163,0.01991692825,0.004917444,234,234.0,234.0,234.0,50.0,0.0,0.0,12018176.0,1.0,0.019793071750000002,0.043764163,0.273433071,0.2743994585,13.81458494435054,6.269957876265108
QPLIB,QPLIB_3852,2048,1600,gemm-int8,50,231,,,234.0,1.15,,14.643989812500001,0.0234303837,0.0469242735,0.023548672700000002,0.004780084,234,234.0,234.0,234.0,50.0,0.0,0.0,10447072.0,1.0,0.0234303837,0.0469242735,0.273433071,0.2743994585,11.670021050487534,5.84770819094301
QPLIB,QPLIB_3852,2048,1600,gemm-tf32,50,231,,,234.0,1.15,,8.396649937500001,0.0134346399,0.034669423000000005,0.013556785,0.0046305470000000005,234,234.0,234.0,234.0,50.0,0.0,0.0,12018176.0,1.0,0.0134346399,0.034669423000000005,0.273433071,0.2743994585,20.35283960234766,7.914739697283107
QPLIB,QPLIB_3852,2048,1600,public-matched,50,231,,,234.0,1.15,,170.89566937499998,0.273433071,0.2743994585,0.2734987515,0.00017664048949999998,234,234.0,234.0,234.0,50.0,0.0,0.0,,1.0,0.273433071,0.2743994585,0.273433071,0.2743994585,1.0,1.0
QPLIB,QPLIB_3852,2048,3200,auto,50,231,,,234.0,1.15,gemm,8.016439984375001,0.025652607950000003,0.0584894555,0.025796145200000002,0.0049635085,234,234.0,234.0,234.0,50.0,0.0,0.0,12024576.0,1.0,0.025652607950000003,0.0584894555,0.554629518,0.55613402,21.62078487618254,9.508278291289615
QPLIB,QPLIB_3852,2048,3200,block,50,231,,,234.0,1.15,,73.22825671875,0.2343304215,0.23962174349999998,0.2344465025,0.004474369000000001,234,234.0,234.0,234.0,50.0,0.0,0.0,4029184.0,1.0,0.2343304215,0.23962174349999998,0.554629518,0.55613402,2.3668694591581234,2.3208829544302185
QPLIB,QPLIB_3852,2048,3200,csr-block,50,231,,,234.0,1.15,,3.7366199375,0.0119571838,0.0143595745,0.01200335965,0.0021208725,234,234.0,234.0,234.0,50.0,0.0,0.0,4313380.0,1.0,0.0119571838,0.0143595745,0.554629518,0.55613402,46.38462762444114,38.72914340184662
QPLIB,QPLIB_3852,2048,3200,csr-row,50,231,,,234.0,1.15,,7.056190078125,0.02257980825,0.025000879,0.02262435225,0.002115512,234,234.0,234.0,234.0,50.0,0.0,0.0,4788516.0,1.0,0.02257980825,0.025000879,0.554629518,0.55613402,24.563074755074595,22.24457868061359
QPLIB,QPLIB_3852,2048,3200,gemm-fp16,50,231,,,234.0,1.15,,5.68572490625,0.018194319700000003,0.060237189499999996,0.0183149597,0.009206402999999998,234,234.0,234.0,234.0,50.0,0.0,0.0,9066112.0,1.0,0.018194319700000003,0.060237189499999996,0.554629518,0.55613402,30.48366342600872,9.232403181758672
QPLIB,QPLIB_3852,2048,3200,gemm-fp32,50,231,,,234.0,1.15,,12.203459734374999,0.03905107115,0.0819602715,0.03919124715,0.0052964380000000005,234,234.0,234.0,234.0,50.0,0.0,0.0,12024576.0,1.0,0.03905107115,0.0819602715,0.554629518,0.55613402,14.20267105784626,6.785409684739759
QPLIB,QPLIB_3852,2048,3200,gemm-int8,50,231,,,234.0,1.15,,14.5835495,0.0466673584,0.084635042,0.0467885274,0.004742434,234,234.0,234.0,234.0,50.0,0.0,0.0,10453472.0,1.0,0.0466673584,0.084635042,0.554629518,0.55613402,11.884742077023157,6.5709664325563875
QPLIB,QPLIB_3852,2048,3200,gemm-tf32,50,231,,,234.0,1.15,,8.013589984374999,0.025643487950000002,0.057446874499999995,0.02577009655,0.004783666000000001,234,234.0,234.0,234.0,50.0,0.0,0.0,12024576.0,1.0,0.025643487950000002,0.057446874499999995,0.554629518,0.55613402,21.62847421853937,9.680840338842108
QPLIB,QPLIB_3852,2048,3200,public-matched,50,231,,,234.0,1.15,,173.32172437500003,0.554629518,0.55613402,0.55471755,0.000222720497,234,234.0,234.0,234.0,50.0,0.0,0.0,,1.0,0.554629518,0.55613402,0.554629518,0.55613402,1.0,1.0
QPLIB,QPLIB_3877,512,200,auto,50,630,,,602.0,1.15,bit,16.956800225000002,0.0033913600449999998,0.0086280035,0.00345606402,0.0042700655,602,600.0,600.0,602.0,15.0,0.33222591362126247,0.0,2770780.0,0.3,0.044087680585,0.1121640455,0.0367869345,0.037769722500000005,10.847251253737054,4.377573850080149
QPLIB,QPLIB_3877,512,200,bit,50,630,,,602.0,1.15,,16.9591999,0.00339183998,0.008441378499999999,0.003454896015,0.004156497,602,600.0,600.0,602.0,15.0,0.33222591362126247,0.0,2770780.0,0.3,0.04409391974,0.10973792049999999,0.0367869345,0.037769722500000005,10.845716400807328,4.474354810650892
QPLIB,QPLIB_3877,512,200,block,50,630,,,602.0,1.15,,82.0585585,0.016411711699999998,0.0210129665,0.0165315197,0.003555327,602,600.0,600.0,602.0,15.0,0.33222591362126247,0.0,4180544.0,0.3,0.21335225209999997,0.2731685645,0.0367869345,0.037769722500000005,2.2415050405741654,1.7974483755066188
QPLIB,QPLIB_3877,512,200,csr-block,50,630,,,602.0,1.15,,2.7292799949999997,0.000545855999,0.0030419970000000003,0.000597552004,0.0018110635,602,600.0,600.0,600.0,11.0,0.33222591362126247,0.0,2934656.0,0.22,0.010371263980999999,0.057797943000000004,0.0367869345,0.037769722500000005,67.39311204309033,12.416094591809262
QPLIB,QPLIB_3877,512,200,csr-row,50,630,,,602.0,1.15,,5.6418401,0.00112836802,0.0036103669999999997,0.0011797125,0.001789463,602,600.0,600.0,600.0,11.0,0.33222591362126247,0.0,3257728.0,0.22,0.02143899238,0.06859697299999999,0.0367869345,0.037769722500000005,32.60189392818843,10.461463474488884
QPLIB,QPLIB_3877,512,200,gemm-fp16,50,630,,,602.0,1.15,,23.477679475000002,0.004695535895,0.0198098255,0.004827839929999999,0.007006205,602,600.0,600.0,600.0,9.0,0.33222591362126247,0.0,8223408.0,0.18,0.11269286148,0.47543581199999996,0.0367869345,0.037769722500000005,7.834448574692453,1.906615608501953
QPLIB,QPLIB_3877,512,200,gemm-fp32,50,630,,,602.0,1.15,,23.737519999999996,0.004747504,0.019336383,0.00486996856,0.003860175,602,600.0,600.0,602.0,15.0,0.33222591362126247,0.0,10959424.0,0.3,0.061717551999999995,0.251372979,0.0367869345,0.037769722500000005,7.748689521904564,1.95329822025143
QPLIB,QPLIB_3877,512,200,gemm-int8,50,630,,,602.0,1.15,,10.211199525,0.002042239905,0.0142699465,0.0021080005000000002,0.0043042895,602,600.0,600.0,602.0,15.0,0.33222591362126247,0.0,8897828.0,0.3,0.026549118764999997,0.1855093045,0.0367869345,0.037769722500000005,18.013032851789273,2.6468019694397595
QPLIB,QPLIB_3877,512,200,gemm-tf32,50,630,,,602.0,1.15,,18.1160003,0.00362320006,0.0154118075,0.00374688053,0.0035811665,602,600.0,600.0,602.0,15.0,0.33222591362126247,0.0,10959424.0,0.3,0.047101600779999996,0.20035349749999998,0.0367869345,0.037769722500000005,10.153161263747606,2.450700380211731
QPLIB,QPLIB_3877,512,200,public-matched,50,630,,,602.0,1.15,,183.9346725,0.0367869345,0.037769722500000005,0.036841319,0.000180704992,602,600.0,600.0,600.0,1.0,0.33222591362126247,0.0,,0.02,8.387421066,8.61149673,0.0367869345,0.037769722500000005,1.0,1.0
QPLIB,QPLIB_3877,512,400,auto,50,630,,,602.0,1.15,bit,16.9225597375,0.006769023895,0.011874112,0.00683390498,0.004129713,602,601.0,600.0,602.0,25.0,0.16611295681063123,0.0,2771580.0,0.5,0.047383167265,0.083118784,0.079986871,0.0810252915,11.816603433632878,6.823692710663333
QPLIB,QPLIB_3877,512,400,bit,50,630,,,602.0,1.15,,16.9216001,0.00676864004,0.011985249,0.006832832630000001,0.004222432999999999,602,601.0,600.0,602.0,25.0,0.16611295681063123,0.0,2771580.0,0.5,0.04738048028,0.083896743,0.079986871,0.0810252915,11.817273562681581,6.760417868665057
QPLIB,QPLIB_3877,512,400,block,50,630,,,602.0,1.15,,81.97831637499999,0.03279132655,0.0374847945,0.032911006549999997,0.003642831,602,601.0,600.0,602.0,25.0,0.16611295681063123,0.0,4181344.0,0.5,0.22953928585,0.26239356150000004,0.079986871,0.0810252915,2.439269142650772,2.1615509056612274
QPLIB,QPLIB_3877,512,400,csr-block,50,630,,,602.0,1.15,,2.6833599749999997,0.00107334399,0.0035688144999999998,0.001122848495,0.001794808,602,602.0,600.0,602.0,27.0,0.0,0.0,2935456.0,0.54,0.00644006394,0.021412887,0.079986871,0.0810252915,74.52118961415157,22.703699365713742
QPLIB,QPLIB_3877,512,400,csr-row,50,630,,,602.0,1.15,,5.60568005,0.00224227202,0.0047739555,0.002294944055,0.0018133515000000001,602,602.0,600.0,602.0,27.0,0.0,0.0,3258528.0,0.54,0.01345363212,0.028643732999999998,0.079986871,0.0810252915,35.672242389217345,16.97236002723528
QPLIB,QPLIB_3877,512,400,gemm-fp16,50,630,,,602.0,1.15,,23.427159787500003,0.009370863915,0.025741962,0.009500096100000001,0.007086541,602,600.0,600.0,602.0,24.0,0.33222591362126247,0.0,8224208.0,0.48,0.07496691132,0.205935696,0.079986871,0.0810252915,8.53569870670777,3.1475958009727463
QPLIB,QPLIB_3877,512,400,gemm-fp32,50,630,,,602.0,1.15,,23.731240025,0.00949249601,0.02549628,0.009652000685,0.0041656335,602,601.0,600.0,602.0,25.0,0.16611295681063123,0.0,10960224.0,0.5,0.06644747207,0.17847396,0.079986871,0.0810252915,8.426326533689004,3.17792601508926
QPLIB,QPLIB_3877,512,400,gemm-int8,50,630,,,602.0,1.15,,9.855999950000001,0.0039423999800000005,0.0173517195,0.004008976035,0.004341233999999999,602,601.0,600.0,602.0,25.0,0.16611295681063123,0.0,8898628.0,0.5,0.027596799860000003,0.12146203650000001,0.079986871,0.0810252915,20.28887769018302,4.669582832986667
QPLIB,QPLIB_3877,512,400,gemm-tf32,50,630,,,602.0,1.15,,17.969800225,0.00718792009,0.0203025635,0.00731121696,0.0036158550000000003,602,601.0,600.0,602.0,25.0,0.16611295681063123,0.0,10960224.0,0.5,0.05031544063,0.14211794449999998,0.079986871,0.0810252915,11.127957739997635,3.990889697254241
QPLIB,QPLIB_3877,512,400,public-matched,50,630,,,602.0,1.15,,199.9671775,0.079986871,0.0810252915,0.08006079099999999,0.000203056996,602,600.0,600.0,600.0,10.0,0.33222591362126247,0.0,,0.2,1.679724291,1.7015311215,0.079986871,0.0810252915,1.0,1.0
QPLIB,QPLIB_3877,512,800,auto,50,630,,,602.0,1.15,bit,16.9029599375,0.01352236795,0.018822829,0.01359728015,0.004195633,602,602.0,602.0,602.0,43.0,0.0,0.0,2773180.0,0.86,0.040567103849999994,0.056468487,0.1441101095,0.14512113799999998,10.657165226745661,7.709847334850674
QPLIB,QPLIB_3877,512,800,bit,50,630,,,602.0,1.15,,16.8998199375,0.01351985595,0.018885613,0.0135922413,0.004225201499999999,602,602.0,602.0,602.0,43.0,0.0,0.0,2773180.0,0.86,0.04055956785,0.056656839,0.1441101095,0.14512113799999998,10.65914533653001,7.684216445608622
QPLIB,QPLIB_3877,512,800,block,50,630,,,602.0,1.15,,81.8057203125,0.06544457625,0.07017220900000001,0.06556625455000001,0.0036182385,602,602.0,602.0,602.0,43.0,0.0,0.0,4182944.0,0.86,0.19633372875,0.21051662700000004,0.1441101095,0.14512113799999998,2.2020176118108794,2.0680713927646193
QPLIB,QPLIB_3877,512,800,csr-block,50,630,,,602.0,1.15,,2.66458004375,0.002131664035,0.004608515,0.00218267255,0.0018157995,602,602.0,602.0,602.0,41.0,0.0,0.0,2937056.0,0.82,0.006394992105,0.013825544999999998,0.1441101095,0.14512113799999998,67.60451325060706,31.489783151405604
QPLIB,QPLIB_3877,512,800,csr-row,50,630,,,602.0,1.15,,5.677040218749999,0.004541632175,0.007049580999999999,0.0045913600449999994,0.0018117519999999998,602,602.0,602.0,602.0,41.0,0.0,0.0,3260128.0,0.82,0.013624896525,0.021148742999999998,0.1441101095,0.14512113799999998,31.73090729215648,20.58578204860686
QPLIB,QPLIB_3877,512,800,gemm-fp16,50,630,,,602.0,1.15,,23.4203005,0.0187362404,0.037469338500000005,0.0188691838,0.007037181,602,602.0,602.0,602.0,40.0,0.0,0.0,8225808.0,0.8,0.0562087212,0.11240801550000001,0.1441101095,0.14512113799999998,7.691516890442973,3.8730637852066687
QPLIB,QPLIB_3877,512,800,gemm-fp32,50,630,,,602.0,1.15,,23.549699812500002,0.01883975985,0.03530016,0.0189666879,0.0035658060000000004,602,602.0,602.0,602.0,43.0,0.0,0.0,10961824.0,0.86,0.056519279549999996,0.10590047999999999,0.1441101095,0.14512113799999998,7.649254058830268,4.111061762892859
QPLIB,QPLIB_3877,512,800,gemm-int8,50,630,,,602.0,1.15,,9.83404010625,0.007867232085,0.0236638575,0.007934048435,0.0042923855,602,602.0,602.0,602.0,43.0,0.0,0.0,8900228.0,0.86,0.023601696255,0.0709915725,0.1441101095,0.14512113799999998,18.317765122852606,6.132606993597725
QPLIB,QPLIB_3877,512,800,gemm-tf32,50,630,,,602.0,1.15,,17.952339625,0.0143618717,0.0298817235,0.0144874085,0.003609231,602,602.0,602.0,602.0,43.0,0.0,0.0,10961824.0,0.86,0.0430856151,0.0896451705,0.1441101095,0.14512113799999998,10.03421507379153,4.856518333020516
QPLIB,QPLIB_3877,512,800,public-matched,50,630,,,602.0,1.15,,180.137636875,0.1441101095,0.14512113799999998,0.1441627655,0.00017497700149999998,602,602.0,600.0,602.0,30.0,0.0,0.0,,0.6,0.8646606569999999,0.8707268279999999,0.1441101095,0.14512113799999998,1.0,1.0
QPLIB,QPLIB_3877,512,1600,auto,50,630,,,602.0,1.15,bit,16.88391984375,0.02701427175,0.032113539999999996,0.027079568,0.004125249,602,602.0,602.0,602.0,50.0,0.0,0.0,2776380.0,1.0,0.02701427175,0.032113539999999996,0.2800898015,0.2809201895,10.36821588573825,8.747717925211608
QPLIB,QPLIB_3877,512,1600,bit,50,630,,,602.0,1.15,,16.883550281250002,0.02701368045,0.031993058500000005,0.02707873615,0.0040585765,602,602.0,602.0,602.0,50.0,0.0,0.0,2776380.0,1.0,0.02701368045,0.031993058500000005,0.2800898015,0.2809201895,10.368442834674903,8.780660639244601
QPLIB,QPLIB_3877,512,1600,block,50,630,,,602.0,1.15,,81.7743396875,0.1308389435,0.135679097,0.13096004849999998,0.00370576,602,602.0,602.0,602.0,50.0,0.0,0.0,4186144.0,1.0,0.1308389435,0.135679097,0.2800898015,0.2809201895,2.1407219747230686,2.070475082097576
QPLIB,QPLIB_3877,512,1600,csr-block,50,630,,,602.0,1.15,,2.6525099562500003,0.00424401593,0.006767196,0.00429540841,0.0018088240000000001,602,602.0,602.0,602.0,50.0,0.0,0.0,2940256.0,1.0,0.00424401593,0.006767196,0.2800898015,0.2809201895,65.99640673356285,41.51205159419056
QPLIB,QPLIB_3877,512,1600,csr-row,50,630,,,602.0,1.15,,5.6671598562500005,0.00906745577,0.0116082565,0.009117807765,0.0018173835,602,602.0,602.0,602.0,50.0,0.0,0.0,3263328.0,1.0,0.00906745577,0.0116082565,0.2800898015,0.2809201895,30.889569092433522,24.200032924841036
QPLIB,QPLIB_3877,512,1600,gemm-fp16,50,630,,,602.0,1.15,,23.223179593750004,0.037157087350000007,0.060774175,0.03729174415,0.007080126,602,602.0,602.0,602.0,50.0,0.0,0.0,8229008.0,1.0,0.037157087350000007,0.060774175,0.2800898015,0.2809201895,7.537991308675597,4.622361216750371
QPLIB,QPLIB_3877,512,1600,gemm-fp32,50,630,,,602.0,1.15,,23.507620125,0.0376121922,0.0605756555,0.0377412327,0.0036307025,602,602.0,602.0,602.0,50.0,0.0,0.0,10965024.0,1.0,0.0376121922,0.0605756555,0.2800898015,0.2809201895,7.446782150071009,4.63750969232186
QPLIB,QPLIB_3877,512,1600,gemm-int8,50,630,,,602.0,1.15,,9.833549875,0.015733679799999997,0.036715002,0.0158019838,0.00430469,602,602.0,602.0,602.0,50.0,0.0,0.0,8903428.0,1.0,0.015733679799999997,0.036715002,0.2800898015,0.2809201895,17.801925872420515,7.651373394995321
QPLIB,QPLIB_3877,512,1600,gemm-tf32,50,630,,,602.0,1.15,,17.983390093750003,0.028773424149999997,0.049216398,0.028900176200000002,0.003595215,602,602.0,602.0,602.0,50.0,0.0,0.0,10965024.0,1.0,0.028773424149999997,0.049216398,0.2800898015,0.2809201895,9.734322896011667,5.707857562026379
QPLIB,QPLIB_3877,512,1600,public-matched,50,630,,,602.0,1.15,,175.0561259375,0.2800898015,0.2809201895,0.2801403775,0.0001710725045,602,602.0,602.0,602.0,46.0,0.0,0.0,,0.92,0.560179603,0.561840379,0.2800898015,0.2809201895,1.0,1.0
QPLIB,QPLIB_3877,512,3200,auto,50,630,,,602.0,1.15,bit,16.875604984375002,0.054001935949999996,0.0597328365,0.0540753293,0.004487138999999999,602,602.0,602.0,602.0,50.0,0.0,0.0,2782780.0,1.0,0.054001935949999996,0.0597328365,0.5627519510000001,0.5638827550000001,10.42095882490302,9.440079996870734
QPLIB,QPLIB_3877,512,3200,bit,50,630,,,602.0,1.15,,16.921975015625,0.05415032005,0.0602945345,0.054233536900000004,0.0045549305,602,602.0,602.0,602.0,50.0,0.0,0.0,2782780.0,1.0,0.05415032005,0.0602945345,0.5627519510000001,0.5638827550000001,10.392403045455316,9.35213713276118
QPLIB,QPLIB_3877,512,3200,block,50,630,,,602.0,1.15,,81.75210953125,0.2616067505,0.2662900375,0.261731327,0.0035770539999999997,602,602.0,602.0,602.0,50.0,0.0,0.0,4192544.0,1.0,0.2616067505,0.2662900375,0.5627519510000001,0.5638827550000001,2.151136963875862,2.1175510743619164
QPLIB,QPLIB_3877,512,3200,csr-block,50,630,,,602.0,1.15,,2.6417049765625,0.008453455924999999,0.010925738,0.00850392064,0.001774103,602,602.0,602.0,602.0,50.0,0.0,0.0,2946656.0,1.0,0.008453455924999999,0.010925738,0.5627519510000001,0.5638827550000001,66.57063761765578,51.61049578527327
QPLIB,QPLIB_3877,512,3200,csr-row,50,630,,,602.0,1.15,,5.523220015625,0.01767430405,0.0201779965,0.017725552050000003,0.001770695,602,602.0,602.0,602.0,50.0,0.0,0.0,3269728.0,1.0,0.01767430405,0.0201779965,0.5627519510000001,0.5638827550000001,31.840119385068522,27.945428328327843
QPLIB,QPLIB_3877,512,3200,gemm-fp16,50,630,,,602.0,1.15,,22.89379953125,0.0732601585,0.10821778800000001,0.07339847899999999,0.007218204,602,602.0,602.0,602.0,50.0,0.0,0.0,8235408.0,1.0,0.0732601585,0.10821778800000001,0.5627519510000001,0.5638827550000001,7.681555193468494,5.210629097316238
QPLIB,QPLIB_3877,512,3200,gemm-fp32,50,630,,,602.0,1.15,,23.284264796875,0.07450964735,0.112830686,0.07464670295,0.003981696,602,602.0,602.0,602.0,50.0,0.0,0.0,10971424.0,1.0,0.07450964735,0.112830686,0.5627519510000001,0.5638827550000001,7.5527394238834775,4.997601051543727
QPLIB,QPLIB_3877,512,3200,gemm-int8,50,630,,,602.0,1.15,,9.410390249999999,0.0301132488,0.062422286,0.0301867693,0.0042953285,602,602.0,602.0,602.0,50.0,0.0,0.0,8909828.0,1.0,0.0301132488,0.062422286,0.5627519510000001,0.5638827550000001,18.687852471102357,9.03335637211364
QPLIB,QPLIB_3877,512,3200,gemm-tf32,50,630,,,602.0,1.15,,17.600020171875002,0.05632006455,0.0881233595,0.056449552550000004,0.0035780775,602,602.0,602.0,602.0,50.0,0.0,0.0,10971424.0,1.0,0.05632006455,0.0881233595,0.5627519510000001,0.5638827550000001,9.992033132355493,6.398788677592348
QPLIB,QPLIB_3877,512,3200,public-matched,50,630,,,602.0,1.15,,175.8599846875,0.5627519510000001,0.5638827550000001,0.5628066869999999,0.000181072501,602,602.0,602.0,602.0,50.0,0.0,0.0,,1.0,0.5627519510000001,0.5638827550000001,0.5627519510000001,0.5638827550000001,1.0,1.0
QPLIB,QPLIB_5721,512,200,auto,50,300,,,8579363.0,1.03,gemm,10.514399999999998,0.0021028799999999997,0.0113747505,0.002170944035,0.001548982,8520013,8481009.5,8471138.5,8495245.75,0.0,1.1463963000516473,0.6917763008745521,7026912.0,0.0,inf,inf,0.038159884000000005,0.039531089500000005,18.14648672297041,3.4753368436520877
QPLIB,QPLIB_5721,512,200,block,50,300,,,8579363.0,1.03,,30.134880525,0.006026976105,0.007966401000000001,0.00609100802,0.0015427585000000001,8520013,8480525.5,8472415.5,8492294.0,0.0,1.152037744527187,0.6917763008745521,1599712.0,0.0,inf,inf,0.038159884000000005,0.039531089500000005,6.331514068612689,4.96222692028684
QPLIB,QPLIB_5721,512,200,csr-block,50,300,,,8579363.0,1.03,,108.635521,0.0217271042,0.0244907105,0.02179313635,0.0024718025,8523273,8485589.0,8478746.0,8500107.25,0.0,1.0930182112588078,0.6537781418037679,1946328.0,0.0,inf,inf,0.038159884000000005,0.039531089500000005,1.7563262756387024,1.6141258743800024
QPLIB,QPLIB_5721,512,200,csr-row,50,300,,,8579363.0,1.03,,28.830719000000002,0.0057661438,0.0087837965,0.005833888685,0.0026902195,8523273,8485589.0,8478746.0,8500107.25,0.0,1.0930182112588078,0.6537781418037679,2100440.0,0.0,inf,inf,0.038159884000000005,0.039531089500000005,6.6179209751931625,4.500455981647572
QPLIB,QPLIB_5721,512,200,gemm-fp16,50,300,,,8579363.0,1.03,,10.379599925,0.002075919985,0.013034455,0.002157312515,0.0037281275,8516784,8480488.0,8473184.5,8492696.25,0.0,1.152474839915271,0.7294131277578534,5919232.0,0.0,inf,inf,0.038159884000000005,0.039531089500000005,18.382155514534443,3.0328149124762027
QPLIB,QPLIB_5721,512,200,gemm-fp32,50,300,,,8579363.0,1.03,,11.01751985,0.00220350397,0.011410079,0.00227233599,0.0015369024999999999,8520013,8480525.5,8472415.5,8492294.0,0.0,1.152037744527187,0.6917763008745521,7026912.0,0.0,inf,inf,0.038159884000000005,0.039531089500000005,17.31781949092654,3.4645763188843834
QPLIB,QPLIB_5721,512,200,gemm-tf32,50,300,,,8579363.0,1.03,,10.5086398,0.00210172796,0.011405760000000001,0.002170512455,0.001550054,8520013,8481009.5,8471138.5,8495245.75,0.0,1.1463963000516473,0.6917763008745521,7026912.0,0.0,inf,inf,0.038159884000000005,0.039531089500000005,18.156433528152714,3.465888244185394
QPLIB,QPLIB_5721,512,200,public-matched,50,300,,,8579363.0,1.03,,190.79942,0.038159884000000005,0.039531089500000005,0.038215484,0.000170480998,8501518,8447787.0,8441227.75,8456334.75,0.0,1.533633674201686,0.9073517462776666,,0.0,inf,inf,0.038159884000000005,0.039531089500000005,1.0,1.0
QPLIB,QPLIB_5721,512,400,auto,50,300,,,8579363.0,1.03,gemm,10.4558402375,0.004182336095,0.014930845,0.004251104935,0.001547094,8536247,8496028.0,8485133.0,8506044.5,0.0,0.9713425110931895,0.5025547934036595,7027712.0,0.0,inf,inf,0.07086845,0.07213667900000001,16.944704679454986,4.8313862343356995
QPLIB,QPLIB_5721,512,400,block,50,300,,,8579363.0,1.03,,30.074479500000002,0.0120297918,0.014058139,0.012092511600000001,0.0016182785,8536247,8493743.5,8482900.75,8506237.0,0.0,0.9979703621352775,0.5025547934036595,1600512.0,0.0,inf,inf,0.07086845,0.07213667900000001,5.891078680181314,5.1313106948224085
QPLIB,QPLIB_5721,512,400,csr-block,50,300,,,8579363.0,1.03,,108.56327999999999,0.043425312,0.046212914,0.0434935829,0.002492986,8533612,8490555.5,8483793.5,8503666.5,0.0,1.03512929806094,0.5332680293397074,1947128.0,0.0,inf,inf,0.07086845,0.07213667900000001,1.63196179223767,1.5609636518484857
QPLIB,QPLIB_5721,512,400,csr-row,50,300,,,8579363.0,1.03,,28.883880375,0.01155355215,0.014674413,0.011619472700000001,0.0028058355,8533612,8490555.5,8483793.5,8503666.5,0.0,1.03512929806094,0.5332680293397074,2101240.0,0.0,inf,inf,0.07086845,0.07213667900000001,6.133910080632647,4.915813600176035
QPLIB,QPLIB_5721,512,400,gemm-fp16,50,300,,,8579363.0,1.03,,10.41859985,0.00416743994,0.016278565,0.00424956816,0.0037220155,8514301,8488326.5,8481944.75,8496059.75,0.0,1.0611102479286632,0.7583546703875333,5920032.0,0.0,inf,inf,0.07086845,0.07213667900000001,17.005272066380396,4.431390543331062
QPLIB,QPLIB_5721,512,400,gemm-fp32,50,300,,,8579363.0,1.03,,10.9620803625,0.004384832145,0.015014508999999999,0.0044530886450000005,0.0015501505,8536247,8493743.5,8482900.75,8506237.0,0.0,0.9979703621352775,0.5025547934036595,7027712.0,0.0,inf,inf,0.07086845,0.07213667900000001,16.162180821633253,4.804464734744241
QPLIB,QPLIB_5721,512,400,gemm-tf32,50,300,,,8579363.0,1.03,,10.431680087499998,0.004172672035,0.014947470000000001,0.004242672535,0.0015361185000000001,8536247,8496028.0,8485133.0,8506044.5,0.0,0.9713425110931895,0.5025547934036595,7027712.0,0.0,inf,inf,0.07086845,0.07213667900000001,16.98394923098719,4.82601262956206
QPLIB,QPLIB_5721,512,400,public-matched,50,300,,,8579363.0,1.03,,177.171125,0.07086845,0.07213667900000001,0.07092430599999999,0.0001725924955,8515729,8475177.0,8469260.0,8487108.25,0.0,1.2143792027450058,0.7417100780092881,,0.0,inf,inf,0.07086845,0.07213667900000001,1.0,1.0
QPLIB,QPLIB_5721,512,800,auto,50,300,,,8579363.0,1.03,gemm,10.37033975625,0.008296271805,0.022248509,0.008366464035,0.0015552865,8533955,8496962.0,8489830.0,8508544.25,0.0,0.9604559219606397,0.5292700635233641,7029312.0,0.0,inf,inf,0.1385330925,0.1394973055,16.6982345511521,6.269961978126265
QPLIB,QPLIB_5721,512,800,block,50,300,,,8579363.0,1.03,,30.067460562500003,0.02405396845,0.026028925,0.024118945099999997,0.001567223,8533296,8495720.5,8488581.0,8508406.25,0.0,0.9749266932754799,0.53695128647663,1602112.0,0.0,inf,inf,0.1385330925,0.1394973055,5.759261420333326,5.3593187386724574
QPLIB,QPLIB_5721,512,800,csr-block,50,300,,,8579363.0,1.03,,108.53739737499998,0.0868299179,0.089616136,0.08689631635,0.0025023625,8512503,8495840.5,8489423.25,8502441.5,0.0,0.9735279880336104,0.7793119372615426,1948728.0,0.0,inf,inf,0.1385330925,0.1394973055,1.5954534548742216,1.5566092416660322
QPLIB,QPLIB_5721,512,800,csr-row,50,300,,,8579363.0,1.03,,28.8343000625,0.02306744005,0.026079533000000002,0.0231345128,0.002686331,8512503,8495840.5,8489423.25,8502441.5,0.0,0.9735279880336104,0.7793119372615426,2102840.0,0.0,inf,inf,0.1385330925,0.1394973055,6.005568550290868,5.348918843753835
QPLIB,QPLIB_5721,512,800,gemm-fp16,50,300,,,8579363.0,1.03,,10.388600231249999,0.008310880185000001,0.022802527,0.008394160685,0.0037427034999999997,8528436,8497283.0,8489089.75,8503195.75,0.0,0.9567143854386393,0.5935988487723389,5921632.0,0.0,inf,inf,0.1385330925,0.1394973055,16.66888336930103,6.117624836054355
QPLIB,QPLIB_5721,512,800,gemm-fp32,50,300,,,8579363.0,1.03,,10.91944039375,0.008735552314999999,0.022329630000000003,0.008806289315,0.001547431,8533296,8495720.5,8488581.0,8508406.25,0.0,0.9749266932754799,0.53695128647663,7029312.0,0.0,inf,inf,0.1385330925,0.1394973055,15.858538476396273,6.247183921094975
QPLIB,QPLIB_5721,512,800,gemm-tf32,50,300,,,8579363.0,1.03,,10.298759937500002,0.00823900795,0.022126749,0.008308736845000001,0.0015553665,8533955,8496962.0,8489830.0,8508544.25,0.0,0.9604559219606397,0.5292700635233641,7029312.0,0.0,inf,inf,0.1385330925,0.1394973055,16.81429285427501,6.304464587183594
QPLIB,QPLIB_5721,512,800,public-matched,50,300,,,8579363.0,1.03,,173.166365625,0.1385330925,0.1394973055,0.138589525,0.00016572900500000002,8514793,8491173.0,8484898.75,8502219.75,0.0,1.0279317940038206,0.7526199788958691,,0.0,inf,inf,0.1385330925,0.1394973055,1.0,1.0
QPLIB,QPLIB_5721,512,1600,auto,50,300,,,8579363.0,1.03,gemm,10.263940093750001,0.01642230415,0.0366378975,0.01649398465,0.0015690465,8533596,8504758.5,8499537.75,8510351.75,0.0,0.8695808768086861,0.5334545233719566,7032512.0,0.0,inf,inf,0.276452024,0.2773697235,16.83393642420147,7.570568794238261
QPLIB,QPLIB_5721,512,1600,block,50,300,,,8579363.0,1.03,,30.067050468750004,0.04810728075,0.050086434,0.04817137505,0.0015767749999999999,8535852,8503388.0,8498291.0,8512174.25,0.0,0.8855552562585358,0.5071588648248128,1605312.0,0.0,inf,inf,0.276452024,0.2773697235,5.746573485137175,5.537821348990427
QPLIB,QPLIB_5721,512,1600,csr-block,50,300,,,8579363.0,1.03,,108.4984778125,0.1735975645,0.176395092,0.173665981,0.002504411,8534810,8505237.5,8495961.0,8515046.5,0.0,0.8639977117182243,0.519304288675045,1951928.0,0.0,inf,inf,0.276452024,0.2773697235,1.592487917651633,1.5724344728366932
QPLIB,QPLIB_5721,512,1600,csr-row,50,300,,,8579363.0,1.03,,28.830870375,0.0461293926,0.049148542,0.04619744005,0.0026954515,8534810,8505237.5,8495961.0,8515046.5,0.0,0.8639977117182243,0.519304288675045,2106040.0,0.0,inf,inf,0.276452024,0.2773697235,5.99296909016747,5.643498509070726
QPLIB,QPLIB_5721,512,1600,gemm-fp16,50,300,,,8579363.0,1.03,,10.362539875000001,0.016580063800000003,0.035965271,0.0166636323,0.0037381115000000003,8528520,8506294.5,8501121.75,8512374.0,0.0,0.8516774497127584,0.5926197551030304,5924832.0,0.0,inf,inf,0.276452024,0.2773697235,16.673761170931076,7.712154414184728
QPLIB,QPLIB_5721,512,1600,gemm-fp32,50,300,,,8579363.0,1.03,,10.829359906250001,0.017326975850000002,0.0368911465,0.01739632085,0.0015716705,8535852,8502943.5,8498291.0,8511596.75,0.0,0.8907362935919602,0.5071588648248128,7032512.0,0.0,inf,inf,0.276452024,0.2773697235,15.955007174549735,7.518598629077576
QPLIB,QPLIB_5721,512,1600,gemm-tf32,50,300,,,8579363.0,1.03,,10.218030218749998,0.01634884835,0.03669505,0.016421680350000002,0.0015683264999999998,8533596,8504758.5,8499537.75,8510351.75,0.0,0.8695808768086861,0.5334545233719566,7032512.0,0.0,inf,inf,0.276452024,0.2773697235,16.909571737510184,7.558777641671016
QPLIB,QPLIB_5721,512,1600,public-matched,50,300,,,8579363.0,1.03,,172.782515,0.276452024,0.2773697235,0.276501432,0.000163632998,8542688,8498925.0,8491681.0,8508586.25,0.0,0.9375754353790602,0.4274792895463218,,0.0,inf,inf,0.276452024,0.2773697235,1.0,1.0
QPLIB,QPLIB_5721,512,3200,auto,50,300,,,8579363.0,1.03,gemm,10.048415062500002,0.0321549282,0.0663933825,0.0322297447,0.00156967,8536117,8507206.0,8503854.0,8515643.75,0.0,0.8410531178130591,0.5040700574156846,7038912.0,0.0,inf,inf,0.559802204,0.560783024,17.409530524157724,8.446369244705977
QPLIB,QPLIB_5721,512,3200,block,50,300,,,8579363.0,1.03,,30.062080625,0.09619865799999999,0.0981040055,0.0962656164,0.001512358,8539410,8512610.5,8505587.5,8518743.5,0.0,0.778058930482368,0.4656872544033863,1611712.0,0.0,inf,inf,0.559802204,0.560783024,5.819230908605816,5.716209253046248
QPLIB,QPLIB_5721,512,3200,csr-block,50,300,,,8579363.0,1.03,,108.45672125,0.347061508,0.349799075,0.3471321,0.0024547615,8536883,8512086.0,8503185.25,8520435.5,0.0,0.7841724379770386,0.49514165562175183,1958328.0,0.0,inf,inf,0.559802204,0.560783024,1.6129769251161095,1.6031575383668468
QPLIB,QPLIB_5721,512,3200,csr-row,50,300,,,8579363.0,1.03,,28.712154624999997,0.0918788948,0.09487562499999999,0.0919460797,0.00267017,8536883,8512086.0,8503185.25,8520435.5,0.0,0.7841724379770386,0.49514165562175183,2112440.0,0.0,inf,inf,0.559802204,0.560783024,6.092826924165396,5.910717573665523
QPLIB,QPLIB_5721,512,3200,gemm-fp16,50,300,,,8579363.0,1.03,,9.9643200625,0.031885824199999996,0.0613476255,0.031972736200000004,0.003661166,8540579,8511934.0,8504097.5,8518980.25,0.0,0.7859441312834065,0.4520615341721757,5931232.0,0.0,inf,inf,0.559802204,0.560783024,17.55646021532039,9.141071385069337
QPLIB,QPLIB_5721,512,3200,gemm-fp32,50,300,,,8579363.0,1.03,,10.571334968750001,0.0338282719,0.067285594,0.0339073759,0.00157759,8539410,8512443.0,8504397.75,8518026.0,0.0,0.7800112898824774,0.4656872544033863,7038912.0,0.0,inf,inf,0.559802204,0.560783024,16.548353568128913,8.334369820678107
QPLIB,QPLIB_5721,512,3200,gemm-tf32,50,300,,,8579363.0,1.03,,10.000155265625,0.032000496850000004,0.0660819315,0.032075601349999996,0.0015454940000000001,8536117,8507206.0,8503854.0,8515643.75,0.0,0.8410531178130591,0.5040700574156846,7038912.0,0.0,inf,inf,0.559802204,0.560783024,17.493547260345114,8.486177859374465
QPLIB,QPLIB_5721,512,3200,public-matched,50,300,,,8579363.0,1.03,,174.93818875,0.559802204,0.560783024,0.559856476,0.000170624502,8537844,8508968.0,8497432.0,8513816.25,0.0,0.8205154625116108,0.48394035780978145,,0.0,inf,inf,0.559802204,0.560783024,1.0,1.0
QPLIB,QPLIB_5725,1024,200,auto,50,343,,,33611981.0,1.07,gemm,8.76031995,0.00175206399,0.013020150500000001,0.001850352525,0.003399614,33611981,33577946.5,33571645.5,33604543.0,11.0,0.10125704878864475,0.0,10304544.0,0.22,0.03328921581,0.24738285950000002,0.035568645499999996,0.036716137999999995,20.300996826034872,2.819947280947328
QPLIB,QPLIB_5725,1024,200,block,50,343,,,33611981.0,1.07,,55.92815875,0.011185631750000001,0.015216048,0.01128158495,0.00335587,33611981,33577946.5,33572729.25,33604543.0,11.0,0.10125704878864475,0.0,3292192.0,0.22,0.21252700325,0.289104912,0.035568645499999996,0.036716137999999995,3.1798512855565795,2.412987787630533
QPLIB,QPLIB_5725,1024,200,csr-block,50,343,,,33611981.0,1.07,,2.41952002,0.000483904004,0.002485099,0.0005271360030000001,0.0016754315,33611981,33577224.0,33557066.25,33586137.5,9.0,0.10340657993350645,0.0,3197140.0,0.18,0.011613696096,0.059642376000000004,0.035568645499999996,0.036716137999999995,73.50351558570695,14.774517232512666
QPLIB,QPLIB_5725,1024,200,csr-row,50,343,,,33611981.0,1.07,,6.60704015,0.00132140803,0.003333694,0.00136462399,0.001682263,33611981,33577224.0,33557066.25,33586137.5,9.0,0.10340657993350645,0.0,3549396.0,0.18,0.031713792719999995,0.080008656,0.035568645499999996,0.036716137999999995,26.917231235532903,11.01364972309996
QPLIB,QPLIB_5725,1024,200,gemm-fp16,50,343,,,33611981.0,1.07,,5.980240125,0.001196048025,0.0167789985,0.0013287524750000002,0.007238959,33611981,33577224.0,33562966.5,33604543.0,11.0,0.10340657993350645,0.0,7954336.0,0.22,0.022724912475,0.3188009715,0.035568645499999996,0.036716137999999995,29.738476011446107,2.188219874982407
QPLIB,QPLIB_5725,1024,200,gemm-fp32,50,343,,,33611981.0,1.07,,15.247120275,0.003049424055,0.0149059825,0.0031481451149999997,0.003654447,33611981,33577946.5,33572729.25,33604543.0,11.0,0.10125704878864475,0.0,10304544.0,0.22,0.057939057045,0.2832136675,0.035568645499999996,0.036716137999999995,11.66405355846778,2.4631813434639414
QPLIB,QPLIB_5725,1024,200,gemm-tf32,50,343,,,33611981.0,1.07,,8.713279974999999,0.001742655995,0.013026662500000001,0.0018414405249999998,0.0033688299999999997,33611981,33577946.5,33571645.5,33604543.0,11.0,0.10125704878864475,0.0,10304544.0,0.22,0.033110463905,0.2475065875,0.035568645499999996,0.036716137999999995,20.41059486327363,2.818537595489251
QPLIB,QPLIB_5725,1024,200,public-matched,50,343,,,33611981.0,1.07,,177.8432275,0.035568645499999996,0.036716137999999995,0.0356218455,0.00016883249199999998,33580560,33431395.0,33373066.0,33473117.0,0.0,0.5372667561605489,0.09348154754698927,,0.0,inf,inf,0.035568645499999996,0.036716137999999995,1.0,1.0
QPLIB,QPLIB_5725,1024,400,auto,50,343,,,33611981.0,1.07,gemm,8.753359925,0.00350134397,0.0158604985,0.003600128915,0.003365534,33611981,33611981.0,33586997.0,33611981.0,37.0,0.0,0.0,10305344.0,0.74,0.01400537588,0.063441994,0.073488885,0.074479257,20.988764779942485,4.695896349033418
QPLIB,QPLIB_5725,1024,400,block,50,343,,,33611981.0,1.07,,55.79364062500001,0.02231745625,0.0263031345,0.02241089675,0.0033417745000000002,33611981,33611981.0,33578669.0,33611981.0,29.0,0.0,0.0,3292992.0,0.58,0.13390473749999998,0.157818807,0.073488885,0.074479257,3.292888050357442,2.831573438519276
QPLIB,QPLIB_5725,1024,400,csr-block,50,343,,,33611981.0,1.07,,2.3696399474999996,0.000947855979,0.0029582525,0.0009911679965,0.0016785670000000002,33611981,33611981.0,33578669.0,33611981.0,33.0,0.0,0.0,3197940.0,0.66,0.004739279895,0.0147912625,0.073488885,0.074479257,77.53169957057368,25.176774802015714
QPLIB,QPLIB_5725,1024,400,csr-row,50,343,,,33611981.0,1.07,,6.5702399625000005,0.0026280959850000004,0.004640211,0.002674799975,0.001683383,33611981,33611981.0,33578669.0,33611981.0,33.0,0.0,0.0,3550196.0,0.66,0.013140479925000002,0.023201054999999998,0.073488885,0.074479257,27.96278576560437,16.050834110776428
QPLIB,QPLIB_5725,1024,400,gemm-fp16,50,343,,,33611981.0,1.07,,5.8532798375,0.0023413119349999997,0.019313665,0.0024746719750000003,0.007198446000000001,33611981,33611981.0,33578669.0,33611981.0,34.0,0.0,0.0,7955136.0,0.68,0.011706559674999999,0.09656832500000001,0.073488885,0.074479257,31.38790859151368,3.8562984808942264
QPLIB,QPLIB_5725,1024,400,gemm-fp32,50,343,,,33611981.0,1.07,,15.1646798875,0.006065871955,0.019372721,0.00616606438,0.0036379035000000002,33611981,33611981.0,33578669.0,33611981.0,29.0,0.0,0.0,10305344.0,0.58,0.03639523173,0.116236326,0.073488885,0.074479257,12.11513951253526,3.844542901330174
QPLIB,QPLIB_5725,1024,400,gemm-tf32,50,343,,,33611981.0,1.07,,8.7199598625,0.003487983945,0.015942146999999997,0.00358651308,0.0033648460000000003,33611981,33611981.0,33586997.0,33611981.0,37.0,0.0,0.0,10305344.0,0.74,0.01395193578,0.06376858799999999,0.073488885,0.074479257,21.069158046253566,4.671846081961232
QPLIB,QPLIB_5725,1024,400,public-matched,50,343,,,33611981.0,1.07,,183.7222125,0.073488885,0.074479257,0.073546165,0.0001681450015,33611980,33551331.0,33526507.0,33577224.0,0.0,0.1804416109838929,2.9751296122653406e-06,,0.0,inf,inf,0.073488885,0.074479257,1.0,1.0
QPLIB,QPLIB_5725,1024,800,auto,50,343,,,33611981.0,1.07,gemm,8.740980024999999,0.00699278402,0.021778748,0.0070930884449999995,0.0033486059999999996,33611981,33611981.0,33578669.0,33611981.0,32.0,0.0,0.0,10306944.0,0.64,0.034963920100000004,0.10889374,0.1392548885,0.140305389,19.914084018856915,6.442307381489514
QPLIB,QPLIB_5725,1024,800,block,50,343,,,33611981.0,1.07,,55.77150106249999,0.04461720085,0.048660475999999994,0.044717009550000006,0.003355902,33611981,33611981.0,33578669.0,33611981.0,31.0,0.0,0.0,3294592.0,0.62,0.22308600424999997,0.24330237999999998,0.1392548885,0.140305389,3.1211032034072574,2.883354223661931
QPLIB,QPLIB_5725,1024,800,csr-block,50,343,,,33611981.0,1.07,,2.34701998125,0.001877615985,0.0038778245,0.00192292798,0.001674871,33611981,33611981.0,33578669.0,33611981.0,35.0,0.0,0.0,3199540.0,0.7,0.00751046394,0.015511298,0.1392548885,0.140305389,74.16579833815167,36.181469532723824
QPLIB,QPLIB_5725,1024,800,csr-row,50,343,,,33611981.0,1.07,,6.58405989375,0.005267247915,0.007280847,0.005312511995,0.001672823,33611981,33611981.0,33578669.0,33611981.0,35.0,0.0,0.0,3551796.0,0.7,0.02106899166,0.029123388,0.1392548885,0.140305389,26.43788383368699,19.27047622343939
QPLIB,QPLIB_5725,1024,800,gemm-fp16,50,343,,,33611981.0,1.07,,5.45770019375,0.004366160155,0.024253637,0.00450062416,0.007140446,33611981,33611981.0,33578669.0,33611981.0,31.0,0.0,0.0,7956736.0,0.62,0.021830800775,0.121268185,0.1392548885,0.140305389,31.894132041979574,5.784921618147414
QPLIB,QPLIB_5725,1024,800,gemm-fp32,50,343,,,33611981.0,1.07,,15.04242,0.012033935999999999,0.028334342999999998,0.012135057000000001,0.003617055,33611981,33611981.0,33578669.0,33611981.0,32.0,0.0,0.0,10306944.0,0.64,0.06016967999999999,0.14167171499999998,0.1392548885,0.140305389,11.571848853110072,4.951778447800961
QPLIB,QPLIB_5725,1024,800,gemm-tf32,50,343,,,33611981.0,1.07,,8.740400075,0.0069923200599999995,0.021770698999999998,0.007090784535,0.003341918,33611981,33611981.0,33578669.0,33611981.0,32.0,0.0,0.0,10306944.0,0.64,0.0349616003,0.108853495,0.1392548885,0.140305389,19.915405374049772,6.444689212780904
QPLIB,QPLIB_5725,1024,800,public-matched,50,343,,,33611981.0,1.07,,174.06861062500002,0.1392548885,0.140305389,0.13930802450000002,0.000162159995,33611980,33611980.0,33578668.0,33611980.0,0.0,2.9751296122653406e-06,2.9751296122653406e-06,,0.0,inf,inf,0.1392548885,0.140305389,1.0,1.0
QPLIB,QPLIB_5725,1024,1600,auto,50,343,,,33611981.0,1.07,gemm,8.72983009375,0.01396772815,0.033834446000000004,0.01406848065,0.003398911,33611981,33578669.0,33578669.0,33578669.0,11.0,0.09910751764378303,0.0,10310144.0,0.22,0.26538683485000003,0.6428544740000001,0.28110677900000003,0.28201607900000003,20.12544745868354,8.335176494392726
QPLIB,QPLIB_5725,1024,1600,block,50,343,,,33611981.0,1.07,,55.7651305,0.08922420880000001,0.09320883899999999,0.0893226216,0.0033320935,33611981,33578669.0,33578669.0,33611981.0,16.0,0.09910751764378303,0.0,3297792.0,0.32,1.0706905056,1.1185060679999999,0.28110677900000003,0.28201607900000003,3.1505662283889033,3.025636645897929
QPLIB,QPLIB_5725,1024,1600,csr-block,50,343,,,33611981.0,1.07,,2.337509990625,0.003740015985,0.005747752,0.00378862447,0.001677255,33611981,33578669.0,33578669.0,33611981.0,14.0,0.09910751764378303,0.0,3202740.0,0.28,0.056100239775000005,0.08621628,0.28110677900000003,0.28201607900000003,75.16191912746598,49.065457069128946
QPLIB,QPLIB_5725,1024,1600,csr-row,50,343,,,33611981.0,1.07,,6.58959003125,0.01054334405,0.012582565,0.01059160015,0.001693991,33611981,33578669.0,33578669.0,33611981.0,14.0,0.09910751764378303,0.0,3554996.0,0.28,0.15815016075,0.18873847500000002,0.28110677900000003,0.28201607900000003,26.66201327272442,22.41324237148785
QPLIB,QPLIB_5725,1024,1600,gemm-fp16,50,343,,,33611981.0,1.07,,5.452629925,0.008724207880000001,0.0347377935,0.00885971288,0.00722667,33611981,33578669.0,33578669.0,33578669.0,11.0,0.09910751764378303,0.0,7959936.0,0.22,0.16575994972000002,0.6600180765000001,0.28110677900000003,0.28201607900000003,32.22146730873176,8.11842234596737
QPLIB,QPLIB_5725,1024,1600,gemm-fp32,50,343,,,33611981.0,1.07,,15.00476003125,0.02400761605,0.046208002,0.024109456549999998,0.0033463505,33611981,33578669.0,33578669.0,33611981.0,16.0,0.09910751764378303,0.0,10310144.0,0.32,0.2880913926,0.554496024,0.28110677900000003,0.28201607900000003,11.709066756755302,6.103187041067044
QPLIB,QPLIB_5725,1024,1600,gemm-tf32,50,343,,,33611981.0,1.07,,8.700570156249999,0.01392091225,0.0337263015,0.01402193665,0.003343486,33611981,33578669.0,33578669.0,33578669.0,11.0,0.09910751764378303,0.0,10310144.0,0.22,0.26449733275,0.6407997285,0.28110677900000003,0.28201607900000003,20.193129153586902,8.36190351319726
QPLIB,QPLIB_5725,1024,1600,public-matched,50,343,,,33611981.0,1.07,,175.691736875,0.28110677900000003,0.28201607900000003,0.2811661875,0.00016436850300000002,33611980,33611980.0,33578668.0,33611980.0,0.0,2.9751296122653406e-06,2.9751296122653406e-06,,0.0,inf,inf,0.28110677900000003,0.28201607900000003,1.0,1.0
QPLIB,QPLIB_5725,1024,3200,auto,50,343,,,33611981.0,1.07,gemm,8.370170000000002,0.026784544,0.0571934235,0.02688955245,0.0035508149999999997,33611981,33578669.0,33578669.0,33578669.0,6.0,0.09910751764378303,0.0,10316544.0,0.12,0.9910281280000001,2.1161566695,0.5566436625,0.5576015704999999,20.782271391291932,9.749400129894303
QPLIB,QPLIB_5725,1024,3200,block,50,343,,,33611981.0,1.07,,55.77996484375001,0.1784958875,0.18241215,0.1785902715,0.003268716,33611981,33578669.0,33578669.0,33578669.0,6.0,0.09910751764378303,0.0,3304192.0,0.12,6.604347837500001,6.74924955,0.5566436625,0.5576015704999999,3.11852373909735,3.0568225334770736
QPLIB,QPLIB_5725,1024,3200,csr-block,50,343,,,33611981.0,1.07,,2.3280050609375005,0.007449616195,0.0094063075,0.00750062449,0.001636711,33611981,33578669.0,33578669.0,33578669.0,3.0,0.09910751764378303,0.0,3209140.0,0.06,0.558721214625,0.7054730625000001,0.5566436625,0.5576015704999999,74.7211195757448,59.279538809463745
QPLIB,QPLIB_5725,1024,3200,csr-row,50,343,,,33611981.0,1.07,,6.5404599843749995,0.02092947195,0.022885815,0.02097998395,0.0016389185,33611981,33578669.0,33578669.0,33578669.0,3.0,0.09910751764378303,0.0,3561396.0,0.06,1.56971039625,1.716436125,0.5566436625,0.5576015704999999,26.596163717355513,24.364505721120263
QPLIB,QPLIB_5725,1024,3200,gemm-fp16,50,343,,,33611981.0,1.07,,5.402260125000001,0.0172872324,0.056739479999999995,0.0174256329,0.0070579785,33611981,33578669.0,33578669.0,33578669.0,4.0,0.09910751764378303,0.0,7966336.0,0.08,0.9680850144,3.1774108799999996,0.5566436625,0.5576015704999999,32.199697997928226,9.82740008368071
QPLIB,QPLIB_5725,1024,3200,gemm-fp32,50,343,,,33611981.0,1.07,,14.7735905625,0.0472754898,0.08296682799999999,0.0473835698,0.003588623,33611981,33578669.0,33578669.0,33578669.0,6.0,0.09910751764378303,0.0,10316544.0,0.12,1.7491931226,3.0697726359999997,0.5566436625,0.5576015704999999,11.774466321869815,6.720777254495013
QPLIB,QPLIB_5725,1024,3200,gemm-tf32,50,343,,,33611981.0,1.07,,8.35069,0.026722207999999997,0.057346794000000006,0.02682481665,0.0034742055,33611981,33578669.0,33578669.0,33578669.0,6.0,0.09910751764378303,0.0,10316544.0,0.12,0.9887216959999999,2.1218313780000004,0.5566436625,0.5576015704999999,20.830751055451707,9.723325954368082
QPLIB,QPLIB_5725,1024,3200,public-matched,50,343,,,33611981.0,1.07,,173.95114453124998,0.5566436625,0.5576015704999999,0.5567037109999999,0.00016958500049999998,33611980,33611980.0,33578668.0,33611980.0,0.0,2.9751296122653406e-06,2.9751296122653406e-06,,0.0,inf,inf,0.5566436625,0.5576015704999999,1.0,1.0
QPLIB,QPLIB_5755,1024,200,auto,50,400,,,24838942.0,1.05,gemm,15.807999975000001,0.003161599995,0.015344400000000001,0.0033323210049999996,0.004136097,24728392,24644649.5,24600965.0,24671190.75,0.0,0.782209242245503,0.44506726574747024,11419520.0,0.0,inf,inf,0.037922767499999996,0.0389153155,11.994802492400686,2.5361249380881623
QPLIB,QPLIB_5755,1024,200,block,50,400,,,24838942.0,1.05,,122.3519995,0.0244703999,0.029616957,0.024639952950000002,0.0041789775,24731036,24639329.5,24599447.75,24674076.5,0.0,0.803627223736019,0.4344226899841386,3940224.0,0.0,inf,inf,0.037922767499999996,0.0389153155,1.549740406980435,1.313953877840995
QPLIB,QPLIB_5755,1024,200,csr-block,50,400,,,24838942.0,1.05,,2.984080015,0.000596816003,0.00285662,0.000648223995,0.0018730959999999999,24768662,24635407.5,24603038.75,24665013.25,0.0,0.819416946180719,0.28294280811155326,3719016.0,0.0,inf,inf,0.037922767499999996,0.0389153155,63.54180737341923,13.622853407173514
QPLIB,QPLIB_5755,1024,200,csr-row,50,400,,,24838942.0,1.05,,6.396560075,0.001279312015,0.0035245750000000003,0.00133070398,0.0018625355,24768662,24635407.5,24603038.75,24665013.25,0.0,0.819416946180719,0.28294280811155326,4129640.0,0.0,inf,inf,0.037922767499999996,0.0389153155,29.643094925517442,11.041137016519722
QPLIB,QPLIB_5755,1024,200,gemm-fp16,50,400,,,24838942.0,1.05,,16.686800125,0.003337360025,0.0196584985,0.003495936475,0.0080661135,24792038,24633188.5,24606789.0,24659738.5,0.0,0.8283504989866317,0.18883251951713562,8628560.0,0.0,inf,inf,0.037922767499999996,0.0389153155,11.363103535705589,1.979567030513546
QPLIB,QPLIB_5755,1024,200,gemm-fp32,50,400,,,24838942.0,1.05,,17.287039749999998,0.00345740795,0.016002275,0.003630688565,0.0041525455,24731036,24639329.5,24599447.75,24674076.5,0.0,0.803627223736019,0.4344226899841386,11419520.0,0.0,inf,inf,0.037922767499999996,0.0389153155,10.968554491812283,2.43186143845172
QPLIB,QPLIB_5755,1024,200,gemm-tf32,50,400,,,24838942.0,1.05,,15.825039749999998,0.0031650079499999997,0.0153719205,0.00333598498,0.004135233,24728392,24644649.5,24600965.0,24671190.75,0.0,0.782209242245503,0.44506726574747024,11419520.0,0.0,inf,inf,0.037922767499999996,0.0389153155,11.981886964928476,2.531584488743615
QPLIB,QPLIB_5755,1024,200,public-matched,50,400,,,24838942.0,1.05,,189.6138375,0.037922767499999996,0.0389153155,0.0379776795,0.000170064501,24628496,24441448.0,24407401.5,24491293.5,0.0,1.6002855516148795,0.8472422054047228,,0.0,inf,inf,0.037922767499999996,0.0389153155,1.0,1.0
QPLIB,QPLIB_5755,1024,400,auto,50,400,,,24838942.0,1.05,gemm,15.783280137499998,0.006313312055,0.019780339,0.006486224625,0.0041656655,24825797,24673428.5,24662012.25,24706976.0,0.0,0.6663468194418265,0.052920933588878304,11420320.0,0.0,inf,inf,0.07101300099999999,0.07193569350000001,11.24813732971734,3.6367270298046965
QPLIB,QPLIB_5755,1024,400,block,50,400,,,24838942.0,1.05,,122.461443,0.0489845772,0.054037891000000005,0.0491521457,0.004136001,24759525,24676114.5,24658908.25,24711556.5,0.0,0.6555331543509382,0.3197277887278774,3941024.0,0.0,inf,inf,0.07101300099999999,0.07193569350000001,1.4497012133035212,1.3312083830214618
QPLIB,QPLIB_5755,1024,400,csr-block,50,400,,,24838942.0,1.05,,2.93515995,0.00117406398,0.003415758,0.00122143996,0.0018686475,24759264,24684117.5,24663050.75,24704155.25,0.0,0.623313585578645,0.3207785581205512,3719816.0,0.0,inf,inf,0.07101300099999999,0.07193569350000001,60.484779543274975,21.05995023652144
QPLIB,QPLIB_5755,1024,400,csr-row,50,400,,,24838942.0,1.05,,6.365360024999999,0.00254614401,0.004800389,0.00259422443,0.001868504,24759264,24684117.5,24663050.75,24704155.25,0.0,0.623313585578645,0.3207785581205512,4130440.0,0.0,inf,inf,0.07101300099999999,0.07193569350000001,27.89041025216794,14.985388371650714
QPLIB,QPLIB_5755,1024,400,gemm-fp16,50,400,,,24838942.0,1.05,,16.689519875000002,0.006675807949999999,0.024042725,0.00683396855,0.008009793000000001,24770192,24677067.0,24657686.25,24714542.0,0.0,0.6516984499581343,0.2767831254648447,8629360.0,0.0,inf,inf,0.07101300099999999,0.07193569350000001,10.637364275885139,2.9919941895105486
QPLIB,QPLIB_5755,1024,400,gemm-fp32,50,400,,,24838942.0,1.05,,17.2331595375,0.006893263815,0.0208937995,0.007066832279999999,0.004148257000000001,24759525,24676114.5,24658908.25,24711556.5,0.0,0.6555331543509382,0.3197277887278774,11420320.0,0.0,inf,inf,0.07101300099999999,0.07193569350000001,10.3017964937702,3.442920637771029
QPLIB,QPLIB_5755,1024,400,gemm-tf32,50,400,,,24838942.0,1.05,,15.771920075,0.00630876803,0.0196685625,0.006478848925000001,0.004129089,24825797,24673428.5,24662012.25,24706976.0,0.0,0.6663468194418265,0.052920933588878304,11420320.0,0.0,inf,inf,0.07101300099999999,0.07193569350000001,11.256239041016062,3.657394560481988
QPLIB,QPLIB_5755,1024,400,public-matched,50,400,,,24838942.0,1.05,,177.53250250000002,0.07101300099999999,0.07193569350000001,0.07106394599999999,0.000162448501,24633348,24550930.0,24511140.0,24581062.5,0.0,1.159517985910994,0.8277083621355531,,0.0,inf,inf,0.07101300099999999,0.07193569350000001,1.0,1.0
QPLIB,QPLIB_5755,1024,800,auto,50,400,,,24838942.0,1.05,gemm,15.809699937500001,0.01264775995,0.0285289675,0.01282044895,0.004205074,24801349,24713932.5,24701127.5,24747692.5,0.0,0.5032802926952363,0.15134702597236227,11421920.0,0.0,inf,inf,0.14180336300000002,0.142745079,11.211737379629822,5.003513674303145
QPLIB,QPLIB_5755,1024,800,block,50,400,,,24838942.0,1.05,,122.44406225,0.0979552498,0.1030947995,0.09813076579999999,0.004194305000000001,24785876,24721130.5,24687928.0,24735805.0,0.0,0.47430160270111343,0.21364033943152652,3942624.0,0.0,inf,inf,0.14180336300000002,0.142745079,1.4476341318053585,1.3846001902355898
QPLIB,QPLIB_5755,1024,800,csr-block,50,400,,,24838942.0,1.05,,2.90932,0.002327456,0.004563363500000001,0.00237313604,0.00186388,24828767,24717121.5,24695389.0,24740038.25,0.0,0.49044158161003804,0.04096390256879701,3721416.0,0.0,inf,inf,0.14180336300000002,0.142745079,60.92633459021353,31.280672468892732
QPLIB,QPLIB_5755,1024,800,csr-row,50,400,,,24838942.0,1.05,,6.362419718750001,0.005089935775,0.007352622,0.005134319950000001,0.0018753995,24828767,24717121.5,24695389.0,24740038.25,0.0,0.49044158161003804,0.04096390256879701,4132040.0,0.0,inf,inf,0.14180336300000002,0.142745079,27.859558404742348,19.41417347444218
QPLIB,QPLIB_5755,1024,800,gemm-fp16,50,400,,,24838942.0,1.05,,16.696659875,0.0133573279,0.0333979635,0.01352038535,0.0082286745,24783925,24707894.5,24687366.5,24733261.0,0.0,0.527588896499698,0.2214949412901725,8630960.0,0.0,inf,inf,0.14180336300000002,0.142745079,10.61614748560601,4.274065363296777
QPLIB,QPLIB_5755,1024,800,gemm-fp32,50,400,,,24838942.0,1.05,,17.06794025,0.0136543522,0.031055666500000002,0.01383176075,0.004514003,24785876,24723677.5,24691440.0,24735805.0,0.0,0.46404754276571036,0.21364033943152652,11421920.0,0.0,inf,inf,0.14180336300000002,0.142745079,10.38521351455985,4.596426194878155
QPLIB,QPLIB_5755,1024,800,gemm-tf32,50,400,,,24838942.0,1.05,,15.749280437499998,0.01259942435,0.0285330795,0.01277380885,0.004176256999999999,24801349,24713932.5,24701127.5,24747692.5,0.0,0.5032802926952363,0.15134702597236227,11421920.0,0.0,inf,inf,0.14180336300000002,0.142745079,11.254749348925614,5.002792600777634
QPLIB,QPLIB_5755,1024,800,public-matched,50,400,,,24838942.0,1.05,,177.25420375000002,0.14180336300000002,0.142745079,0.14186379500000001,0.0001648809995,24735184,24596503.0,24573306.5,24629340.0,0.0,0.9760439877028578,0.4177231059197288,,0.0,inf,inf,0.14180336300000002,0.142745079,1.0,1.0
QPLIB,QPLIB_5755,1024,1600,auto,50,400,,,24838942.0,1.05,gemm,15.7873499375,0.025259759899999998,0.0464524665,0.02543529685,0.0043417465,24821597,24727424.0,24709222.5,24753997.0,0.0,0.4489643721540153,0.06982986634454881,11425120.0,0.0,inf,inf,0.29001489599999997,0.290940116,11.481300580374874,6.263179071449307
QPLIB,QPLIB_5755,1024,1600,block,50,400,,,24838942.0,1.05,,122.4242590625,0.1958788145,0.2009746645,0.196049568,0.004130977,24802338,24727453.0,24709142.0,24746478.0,0.0,0.4488476199992738,0.1473653749020389,3945824.0,0.0,inf,inf,0.29001489599999997,0.290940116,1.4805832715512988,1.4476457354653278
QPLIB,QPLIB_5755,1024,1600,csr-block,50,400,,,24838942.0,1.05,,2.895620015625,0.004632992025,0.0068873565000000005,0.004682960025,0.001873704,24784468,24724743.0,24702779.75,24740569.75,0.0,0.45975790756305157,0.21930885784104656,3724616.0,0.0,inf,inf,0.29001489599999997,0.290940116,62.597754201832444,42.24263924772879
QPLIB,QPLIB_5755,1024,1600,csr-row,50,400,,,24838942.0,1.05,,6.351119875,0.0101617918,0.012407828,0.010209312299999999,0.001877976,24784468,24724743.0,24702779.75,24740569.75,0.0,0.45975790756305157,0.21930885784104656,4135240.0,0.0,inf,inf,0.29001489599999997,0.290940116,28.539740009237345,23.448110015709442
QPLIB,QPLIB_5755,1024,1600,gemm-fp16,50,400,,,24838942.0,1.05,,16.6957998125,0.026713279700000002,0.051532935,0.02687628875,0.008086386,24838942,24729567.0,24717620.0,24744019.75,1.0,0.44033679051225294,0.0,8634160.0,0.02,6.0906277716,11.74950918,0.29001489599999997,0.290940116,10.856581417818193,5.645712125653236
QPLIB,QPLIB_5755,1024,1600,gemm-fp32,50,400,,,24838942.0,1.05,,17.04287946875,0.02726860715,0.0508688055,0.02744715165,0.004478451,24802338,24727453.0,24709142.0,24746478.0,0.0,0.4488476199992738,0.1473653749020389,11425120.0,0.0,inf,inf,0.29001489599999997,0.290940116,10.635486235313635,5.719421031028535
QPLIB,QPLIB_5755,1024,1600,gemm-tf32,50,400,,,24838942.0,1.05,,15.712950218749999,0.02514072035,0.046326177499999996,0.025315744350000002,0.004303826,24821597,24727424.0,24709222.5,24753997.0,0.0,0.4489643721540153,0.06982986634454881,11425120.0,0.0,inf,inf,0.29001489599999997,0.290940116,11.53566373447211,6.280253016774372
QPLIB,QPLIB_5755,1024,1600,public-matched,50,400,,,24838942.0,1.05,,181.25931,0.29001489599999997,0.290940116,0.2900760325,0.00017385699899999998,24718218,24655505.0,24631969.0,24675856.0,0.0,0.7385056899766504,0.48602714237989686,,0.0,inf,inf,0.29001489599999997,0.290940116,1.0,1.0
QPLIB,QPLIB_5755,1024,3200,auto,50,400,,,24838942.0,1.05,gemm,15.415260187500001,0.0493288326,0.0811701165,0.049504881099999995,0.0044717625,24838942,24730153.5,24718423.0,24755027.0,1.0,0.4379755788310146,0.0,11431520.0,0.02,11.2469738328,18.506786562,0.5598764285,0.561116962,11.349881985652342,6.912851504900822
QPLIB,QPLIB_5755,1024,3200,block,50,400,,,24838942.0,1.05,,122.4028490625,0.391689117,0.396712277,0.391865262,0.004074464,24789193,24727284.5,24717540.0,24753458.5,0.0,0.4495259902776857,0.20028630849091722,3952224.0,0.0,inf,inf,0.5598764285,0.561116962,1.4293897997171057,1.414417940990518
QPLIB,QPLIB_5755,1024,3200,csr-block,50,400,,,24838942.0,1.05,,2.887440025,0.00923980808,0.011447164,0.00928568037,0.001850375,24838942,24733331.0,24718588.0,24755027.0,2.0,0.4251831660140758,0.0,3731016.0,0.04,1.0440983130400001,1.293529532,0.5598764285,0.561116962,60.59394563745094,49.017989259173724
QPLIB,QPLIB_5755,1024,3200,csr-row,50,400,,,24838942.0,1.05,,6.38818978125,0.0204422073,0.0226634785,0.020487664500000002,0.001859559,24838942,24733331.0,24718588.0,24755027.0,2.0,0.4251831660140758,0.0,4141640.0,0.04,2.3099694249000002,2.5609730705000002,0.5598764285,0.561116962,27.388257064588124,24.7586425005323
QPLIB,QPLIB_5755,1024,3200,gemm-fp16,50,400,,,24838942.0,1.05,,16.242315171875,0.051975408550000005,0.0874222045,0.05214040155,0.008156863,24802338,24734967.0,24717760.75,24755027.0,0.0,0.41859673411210513,0.1473653749020389,8640560.0,0.0,inf,inf,0.5598764285,0.561116962,10.771948583365198,6.41847188834045
QPLIB,QPLIB_5755,1024,3200,gemm-fp32,50,400,,,24838942.0,1.05,,16.778,0.053689600000000004,0.09062748400000001,0.053869984999999995,0.004412611,24789193,24728563.0,24717540.0,24753458.5,0.0,0.4443788306281322,0.20028630849091722,11431520.0,0.0,inf,inf,0.5598764285,0.561116962,10.428023835156155,6.191465736817762
QPLIB,QPLIB_5755,1024,3200,gemm-tf32,50,400,,,24838942.0,1.05,,15.332840078125,0.04906508825,0.08084496399999999,0.049241648750000006,0.004354001,24838942,24730153.5,24718423.0,24755027.0,1.0,0.4379755788310146,0.0,11431520.0,0.02,11.186840121,18.432651791999998,0.5598764285,0.561116962,11.410892112274963,6.9406544852936065
QPLIB,QPLIB_5755,1024,3200,public-matched,50,400,,,24838942.0,1.05,,174.96138390625,0.5598764285,0.561116962,0.559939293,0.000168624996,24741712,24674768.0,24658093.0,24696163.0,0.0,0.6609540776736786,0.3914417932937724,,0.0,inf,inf,0.5598764285,0.561116962,1.0,1.0
QPLIB,QPLIB_5875,1024,200,auto,50,200,,,43757.0,0.53,gemm,9.675999875,0.0019351999749999999,0.011588561,0.00201572851,0.001914456,43757,43757.0,43757.0,43757.0,50.0,0.0,0.0,7655520.0,1.0,0.0019351999749999999,0.011588561,0.0368022345,0.0380419995,19.01727727130629,3.2827198735028444
QPLIB,QPLIB_5875,1024,200,block,50,200,,,43757.0,0.53,,38.374160525,0.0076748321049999995,0.009974922,0.007750015955,0.001896888,43757,43757.0,43757.0,43757.0,50.0,0.0,0.0,1814624.0,1.0,0.0076748321049999995,0.009974922,0.0368022345,0.0380419995,4.795184311070998,3.813764107629112
QPLIB,QPLIB_5875,1024,200,csr-block,50,200,,,43757.0,0.53,,96.7052795,0.0193410559,0.0214390175,0.01940734435,0.00183212,43757,43757.0,43757.0,43757.0,50.0,0.0,0.0,2117752.0,1.0,0.0193410559,0.0214390175,0.0368022345,0.0380419995,1.9028037915965075,1.7744283057747399
QPLIB,QPLIB_5875,1024,200,csr-row,50,200,,,43757.0,0.53,,31.433600175,0.006286720035,0.008405442999999999,0.0063540960149999996,0.0018491595000000001,43757,43757.0,43757.0,43757.0,50.0,0.0,0.0,2323576.0,1.0,0.006286720035,0.008405442999999999,0.0368022345,0.0380419995,5.853964276301673,4.525876803875775
QPLIB,QPLIB_5875,1024,200,gemm-fp16,50,200,,,43757.0,0.53,,9.177839774999999,0.0018355679549999998,0.013525689,0.001911359985,0.0042748815,43757,43757.0,43757.0,43757.0,50.0,0.0,0.0,6336960.0,1.0,0.0018355679549999998,0.013525689,0.0368022345,0.0380419995,20.049508055396405,2.8125738733161763
QPLIB,QPLIB_5875,1024,200,gemm-fp32,50,200,,,43757.0,0.53,,9.194079925,0.0018388159850000001,0.011427904,0.001917296535,0.001919096,43757,43757.0,43757.0,43757.0,50.0,0.0,0.0,7655520.0,1.0,0.0018388159850000001,0.011427904,0.0368022345,0.0380419995,20.014093199216994,3.328869362220754
QPLIB,QPLIB_5875,1024,200,gemm-tf32,50,200,,,43757.0,0.53,,9.681360125000001,0.001936272025,0.0115369765,0.00201449646,0.0019190639999999998,43757,43757.0,43757.0,43757.0,50.0,0.0,0.0,7655520.0,1.0,0.001936272025,0.0115369765,0.0368022345,0.0380419995,19.006748031697665,3.2973976760722357
QPLIB,QPLIB_5875,1024,200,public-matched,50,200,,,43757.0,0.53,,184.0111725,0.0368022345,0.0380419995,0.036861306499999996,0.00016617699300000002,43757,43757.0,43757.0,43757.0,50.0,0.0,0.0,,1.0,0.0368022345,0.0380419995,0.0368022345,0.0380419995,1.0,1.0
QPLIB,QPLIB_5875,1024,400,auto,50,200,,,43757.0,0.53,gemm,9.6183601,0.0038473440399999998,0.01526576,0.003927440575,0.0020845845,43757,43757.0,43757.0,43757.0,50.0,0.0,0.0,7656320.0,1.0,0.0038473440399999998,0.01526576,0.072614032,0.0735061325,18.87380781262286,4.815098134649045
QPLIB,QPLIB_5875,1024,400,block,50,200,,,43757.0,0.53,,38.314319874999995,0.01532572795,0.0176234175,0.0153988002,0.001901016,43757,43757.0,43757.0,43757.0,50.0,0.0,0.0,1815424.0,1.0,0.01532572795,0.0176234175,0.072614032,0.0735061325,4.738047826302436,4.170935205955372
QPLIB,QPLIB_5875,1024,400,csr-block,50,200,,,43757.0,0.53,,96.647520125,0.03865900805,0.040772539,0.03872696035,0.0018451435000000002,43757,43757.0,43757.0,43757.0,50.0,0.0,0.0,2118552.0,1.0,0.03865900805,0.040772539,0.072614032,0.0735061325,1.8783211381441536,1.8028343169896779
QPLIB,QPLIB_5875,1024,400,csr-row,50,200,,,43757.0,0.53,,31.332481,0.0125329924,0.0146515495,0.012595169100000001,0.001859784,43757,43757.0,43757.0,43757.0,50.0,0.0,0.0,2324376.0,1.0,0.0125329924,0.0146515495,0.072614032,0.0735061325,5.793830370470822,5.016952814444643
QPLIB,QPLIB_5875,1024,400,gemm-fp16,50,200,,,43757.0,0.53,,9.1115197625,0.003644607905,0.016505780999999997,0.003719680465,0.004277042,43757,43757.0,43757.0,43757.0,50.0,0.0,0.0,6337760.0,1.0,0.003644607905,0.016505780999999997,0.072614032,0.0735061325,19.923688334314797,4.453356826920217
QPLIB,QPLIB_5875,1024,400,gemm-fp32,50,200,,,43757.0,0.53,,9.175840025,0.00367033601,0.014955422999999999,0.00375011207,0.002094665,43757,43757.0,43757.0,43757.0,50.0,0.0,0.0,7656320.0,1.0,0.00367033601,0.014955422999999999,0.072614032,0.0735061325,19.784028438311836,4.915015275729748
QPLIB,QPLIB_5875,1024,400,gemm-tf32,50,200,,,43757.0,0.53,,9.5968002,0.00383872008,0.015212175500000001,0.00391998408,0.0020944405,43757,43757.0,43757.0,43757.0,50.0,0.0,0.0,7656320.0,1.0,0.00383872008,0.015212175500000001,0.072614032,0.0735061325,18.91620917563752,4.8320591949520955
QPLIB,QPLIB_5875,1024,400,public-matched,50,200,,,43757.0,0.53,,181.53508,0.072614032,0.0735061325,0.07266732849999999,0.00015952050300000001,43757,43757.0,43757.0,43757.0,50.0,0.0,0.0,,1.0,0.072614032,0.0735061325,0.072614032,0.0735061325,1.0,1.0
QPLIB,QPLIB_5875,1024,800,auto,50,200,,,43757.0,0.53,gemm,9.50948,0.007607584000000001,0.022158684999999997,0.00768999992,0.0020656090000000004,43757,43757.0,43757.0,43757.0,50.0,0.0,0.0,7657920.0,1.0,0.007607584000000001,0.022158684999999997,0.1384445325,0.1398632105,18.198225941376393,6.311891274234009
QPLIB,QPLIB_5875,1024,800,block,50,200,,,43757.0,0.53,,38.298120499999996,0.0306384964,0.0329579455,0.030714128450000003,0.001913512,43757,43757.0,43757.0,43757.0,50.0,0.0,0.0,1817024.0,1.0,0.0306384964,0.0329579455,0.1384445325,0.1398632105,4.518646433967954,4.243687170973688
QPLIB,QPLIB_5875,1024,800,csr-block,50,200,,,43757.0,0.53,,96.6174173125,0.07729393385,0.07940846,0.07736112005,0.001851256,43757,43757.0,43757.0,43757.0,50.0,0.0,0.0,2120152.0,1.0,0.07729393385,0.07940846,0.1384445325,0.1398632105,1.791143568506573,1.7613137252630262
QPLIB,QPLIB_5875,1024,800,csr-row,50,200,,,43757.0,0.53,,31.267720437499996,0.02501417635,0.0271223535,0.02508163335,0.0018441199999999999,43757,43757.0,43757.0,43757.0,50.0,0.0,0.0,2325976.0,1.0,0.02501417635,0.0271223535,0.1384445325,0.1398632105,5.534642858628443,5.156750519456211
QPLIB,QPLIB_5875,1024,800,gemm-fp16,50,200,,,43757.0,0.53,,9.075840118750001,0.007260672095,0.022454558,0.007336257035,0.004273506,43757,43757.0,43757.0,43757.0,50.0,0.0,0.0,6339360.0,1.0,0.007260672095,0.022454558,0.1384445325,0.1398632105,19.06772963832627,6.228722493669214
QPLIB,QPLIB_5875,1024,800,gemm-fp32,50,200,,,43757.0,0.53,,9.031659962500001,0.00722532797,0.02144529,0.00730732847,0.002055897,43757,43757.0,43757.0,43757.0,50.0,0.0,0.0,7657920.0,1.0,0.00722532797,0.02144529,0.1384445325,0.1398632105,19.161003220176315,6.521861467016767
QPLIB,QPLIB_5875,1024,800,gemm-tf32,50,200,,,43757.0,0.53,,9.47248011875,0.007577984095,0.022009724,0.007657152095,0.0020379445,43757,43757.0,43757.0,43757.0,50.0,0.0,0.0,7657920.0,1.0,0.007577984095,0.022009724,0.1384445325,0.1398632105,18.269308930239973,6.354609921505603
QPLIB,QPLIB_5875,1024,800,public-matched,50,200,,,43757.0,0.53,,173.05566562500002,0.1384445325,0.1398632105,0.138499749,0.000171521002,43757,43757.0,43757.0,43757.0,50.0,0.0,0.0,,1.0,0.1384445325,0.1398632105,0.1384445325,0.1398632105,1.0,1.0
QPLIB,QPLIB_5875,1024,1600,auto,50,200,,,43757.0,0.53,gemm,9.4871401875,0.015179424300000001,0.041080203999999995,0.015287408799999999,0.002375146,43757,43757.0,43757.0,43757.0,50.0,0.0,0.0,7661120.0,1.0,0.015179424300000001,0.041080203999999995,0.28275190549999996,0.2838387105,18.627314179497567,6.909379283997714
QPLIB,QPLIB_5875,1024,1600,block,50,200,,,43757.0,0.53,,38.28226087499999,0.0612516174,0.06359410600000001,0.0613290893,0.0019271919999999999,43757,43757.0,43757.0,43757.0,50.0,0.0,0.0,1820224.0,1.0,0.0612516174,0.06359410600000001,0.28275190549999996,0.2838387105,4.61623574204589,4.46328643255084
QPLIB,QPLIB_5875,1024,1600,csr-block,50,200,,,43757.0,0.53,,96.61230062499999,0.154579681,0.15670004799999998,0.15464486700000002,0.001857416,43757,43757.0,43757.0,43757.0,50.0,0.0,0.0,2123352.0,1.0,0.154579681,0.15670004799999998,0.28275190549999996,0.2838387105,1.8291660564366152,1.8113505013093552
QPLIB,QPLIB_5875,1024,1600,csr-row,50,200,,,43757.0,0.53,,31.260369999999998,0.050016592,0.052130282,0.050085808600000004,0.001846264,43757,43757.0,43757.0,43757.0,50.0,0.0,0.0,2329176.0,1.0,0.050016592,0.052130282,0.28275190549999996,0.2838387105,5.653162164667276,5.444795224779332
QPLIB,QPLIB_5875,1024,1600,gemm-fp16,50,200,,,43757.0,0.53,,9.07802015625,0.014524832250000001,0.0346912495,0.014602959950000001,0.004386579,43757,43757.0,43757.0,43757.0,50.0,0.0,0.0,6342560.0,1.0,0.014524832250000001,0.0346912495,0.28275190549999996,0.2838387105,19.466793187921322,8.181853193267079
QPLIB,QPLIB_5875,1024,1600,gemm-fp32,50,200,,,43757.0,0.53,,8.999919875,0.0143998718,0.039749974,0.0145060963,0.002368138,43757,43757.0,43757.0,43757.0,50.0,0.0,0.0,7661120.0,1.0,0.0143998718,0.039749974,0.28275190549999996,0.2838387105,19.635723805541097,7.140601161147929
QPLIB,QPLIB_5875,1024,1600,gemm-tf32,50,200,,,43757.0,0.53,,9.41152990625,0.01505844785,0.03600895,0.01514238385,0.00208732,43757,43757.0,43757.0,43757.0,50.0,0.0,0.0,7661120.0,1.0,0.01505844785,0.03600895,0.28275190549999996,0.2838387105,18.776962162139437,7.882448960605627
QPLIB,QPLIB_5875,1024,1600,public-matched,50,200,,,43757.0,0.53,,176.71994093749998,0.28275190549999996,0.2838387105,0.2828125615,0.0001711365035,43757,43757.0,43757.0,43757.0,50.0,0.0,0.0,,1.0,0.28275190549999996,0.2838387105,0.28275190549999996,0.2838387105,1.0,1.0
QPLIB,QPLIB_5875,1024,3200,auto,50,200,,,43757.0,0.53,gemm,9.242635078125,0.02957643225,0.0647664795,0.029661488700000002,0.0019416725,43757,43757.0,43757.0,43757.0,50.0,0.0,0.0,7667520.0,1.0,0.02957643225,0.0647664795,0.5682388315,0.5692558919999999,19.212555006528888,8.789359810733574
QPLIB,QPLIB_5875,1024,3200,block,50,200,,,43757.0,0.53,,38.282125,0.1225028,0.124814235,0.12257918300000001,0.001903527,43757,43757.0,43757.0,43757.0,50.0,0.0,0.0,1826624.0,1.0,0.1225028,0.124814235,0.5682388315,0.5692558919999999,4.63857831412833,4.560825069352065
QPLIB,QPLIB_5875,1024,3200,csr-block,50,200,,,43757.0,0.53,,96.6020203125,0.30912646499999996,0.3112535525,0.30919827,0.0018505190000000001,43757,43757.0,43757.0,43757.0,50.0,0.0,0.0,2129752.0,1.0,0.30912646499999996,0.3112535525,0.5682388315,0.5692558919999999,1.8382082928422192,1.828913718181578
QPLIB,QPLIB_5875,1024,3200,csr-row,50,200,,,43757.0,0.53,,31.197844734374996,0.09983310314999999,0.10193601999999999,0.0998992635,0.001831015,43757,43757.0,43757.0,43757.0,50.0,0.0,0.0,2335576.0,1.0,0.09983310314999999,0.10193601999999999,0.5682388315,0.5692558919999999,5.691887896604966,5.584442986885303
QPLIB,QPLIB_5875,1024,3200,gemm-fp16,50,200,,,43757.0,0.53,,8.7367051875,0.0279574566,0.058636991,0.02803849685,0.0042036165,43757,43757.0,43757.0,43757.0,50.0,0.0,0.0,6348960.0,1.0,0.0279574566,0.058636991,0.5682388315,0.5692558919999999,20.325126123955066,9.708136149073542
QPLIB,QPLIB_5875,1024,3200,gemm-fp32,50,200,,,43757.0,0.53,,8.749490078125,0.027998368250000003,0.061402626,0.028084400000000002,0.0019288719999999999,43757,43757.0,43757.0,43757.0,50.0,0.0,0.0,7667520.0,1.0,0.027998368250000003,0.061402626,0.5682388315,0.5692558919999999,20.295426734377635,9.27087209592632
QPLIB,QPLIB_5875,1024,3200,gemm-tf32,50,200,,,43757.0,0.53,,9.202429953125,0.02944777585,0.063943635,0.02954115205,0.001920887,43757,43757.0,43757.0,43757.0,50.0,0.0,0.0,7667520.0,1.0,0.02944777585,0.063943635,0.5682388315,0.5692558919999999,19.296494050840174,8.902463740136136
QPLIB,QPLIB_5875,1024,3200,public-matched,50,200,,,43757.0,0.53,,177.57463484375,0.5682388315,0.5692558919999999,0.5682952795,0.0001753924955,43757,43757.0,43757.0,43757.0,50.0,0.0,0.0,,1.0,0.5682388315,0.5692558919999999,0.5682388315,0.5692558919999999,1.0,1.0
