family,instance,agents,steps,label,suite,run_date
G-set,G1,512,200,auto,run_Gset_result_v5,2026-09-22 23:28
G-set,G1,512,200,bit,run_Gset_result_v5,2026-09-22 23:28
G-set,G1,512,200,csr-block,run_Gset_result_v5,2026-09-22 23:28
G-set,G1,512,200,csr-row,run_Gset_result_v5,2026-09-22 23:28
G-set,G1,512,200,gemm-fp16,run_Gset_result_v5,2026-09-22 23:28
G-set,G1,512,200,gemm-fp32,run_Gset_result_v5,2026-09-22 23:28
G-set,G1,512,200,gemm-int8,run_Gset_result_v5,2026-09-22 23:28
G-set,G1,512,200,gemm-tf32,run_Gset_result_v5,2026-09-22 23:28
G-set,G1,512,200,public-matched,run_Gset_result_v5,2026-09-22 23:28
G-set,G1,512,400,auto,run_Gset_result_v5,2026-09-22 23:28
G-set,G1,512,400,bit,run_Gset_result_v5,2026-09-22 23:28
G-set,G1,512,400,csr-block,run_Gset_result_v5,2026-09-22 23:28
G-set,G1,512,400,csr-row,run_Gset_result_v5,2026-09-22 23:28
G-set,G1,512,400,gemm-fp16,run_Gset_result_v5,2026-09-22 23:28
G-set,G1,512,400,gemm-fp32,run_Gset_result_v5,2026-09-22 23:28
G-set,G1,512,400,gemm-int8,run_Gset_result_v5,2026-09-22 23:28
G-set,G1,512,400,gemm-tf32,run_Gset_result_v5,2026-09-22 23:28
G-set,G1,512,400,public-matched,run_Gset_result_v5,2026-09-22 23:28
G-set,G1,512,800,auto,run_Gset_result_v5,2026-09-22 23:28
G-set,G1,512,800,bit,run_Gset_result_v5,2026-09-22 23:28
G-set,G1,512,800,csr-block,run_Gset_result_v5,2026-09-22 23:28
G-set,G1,512,800,csr-row,run_Gset_result_v5,2026-09-22 23:28
G-set,G1,512,800,gemm-fp16,run_Gset_result_v5,2026-09-22 23:28
G-set,G1,512,800,gemm-fp32,run_Gset_result_v5,2026-09-22 23:28
G-set,G1,512,800,gemm-int8,run_Gset_result_v5,2026-09-22 23:28
G-set,G1,512,800,gemm-tf32,run_Gset_result_v5,2026-09-22 23:28
G-set,G1,512,800,public-matched,run_Gset_result_v5,2026-09-22 23:28
G-set,G1,512,1600,auto,run_Gset_result_v5,2026-09-22 23:29
G-set,G1,512,1600,bit,run_Gset_result_v5,2026-09-22 23:29
G-set,G1,512,1600,csr-block,run_Gset_result_v5,2026-09-22 23:29
G-set,G1,512,1600,csr-row,run_Gset_result_v5,2026-09-22 23:29
G-set,G1,512,1600,gemm-fp16,run_Gset_result_v5,2026-09-22 23:29
G-set,G1,512,1600,gemm-fp32,run_Gset_result_v5,2026-09-22 23:29
G-set,G1,512,1600,gemm-int8,run_Gset_result_v5,2026-09-22 23:29
G-set,G1,512,1600,gemm-tf32,run_Gset_result_v5,2026-09-22 23:29
G-set,G1,512,1600,public-matched,run_Gset_result_v5,2026-09-22 23:29
G-set,G1,512,3200,auto,run_Gset_result_v5,2026-09-23 03:41
G-set,G1,512,3200,bit,run_Gset_result_v5,2026-09-23 03:41
G-set,G1,512,3200,csr-block,run_Gset_result_v5,2026-09-23 03:41
G-set,G1,512,3200,csr-row,run_Gset_result_v5,2026-09-23 03:41
G-set,G1,512,3200,gemm-fp16,run_Gset_result_v5,2026-09-23 03:41
G-set,G1,512,3200,gemm-fp32,run_Gset_result_v5,2026-09-23 03:41
G-set,G1,512,3200,gemm-int8,run_Gset_result_v5,2026-09-23 03:41
G-set,G1,512,3200,gemm-tf32,run_Gset_result_v5,2026-09-23 03:41
G-set,G1,512,3200,public-matched,run_Gset_result_v5,2026-09-23 03:41
G-set,G11,512,200,auto,run_Gset_result_v5,2026-09-22 23:30
G-set,G11,512,200,bit,run_Gset_result_v5,2026-09-22 23:30
G-set,G11,512,200,csr-block,run_Gset_result_v5,2026-09-22 23:30
G-set,G11,512,200,csr-row,run_Gset_result_v5,2026-09-22 23:30
G-set,G11,512,200,gemm-fp16,run_Gset_result_v5,2026-09-22 23:30
G-set,G11,512,200,gemm-fp32,run_Gset_result_v5,2026-09-22 23:30
G-set,G11,512,200,gemm-int8,run_Gset_result_v5,2026-09-22 23:30
G-set,G11,512,200,gemm-tf32,run_Gset_result_v5,2026-09-22 23:30
G-set,G11,512,200,public-matched,run_Gset_result_v5,2026-09-22 23:30
G-set,G11,512,400,auto,run_Gset_result_v5,2026-09-22 23:30
G-set,G11,512,400,bit,run_Gset_result_v5,2026-09-22 23:30
G-set,G11,512,400,csr-block,run_Gset_result_v5,2026-09-22 23:30
G-set,G11,512,400,csr-row,run_Gset_result_v5,2026-09-22 23:30
G-set,G11,512,400,gemm-fp16,run_Gset_result_v5,2026-09-22 23:30
G-set,G11,512,400,gemm-fp32,run_Gset_result_v5,2026-09-22 23:30
G-set,G11,512,400,gemm-int8,run_Gset_result_v5,2026-09-22 23:30
G-set,G11,512,400,gemm-tf32,run_Gset_result_v5,2026-09-22 23:30
G-set,G11,512,400,public-matched,run_Gset_result_v5,2026-09-22 23:30
G-set,G11,512,800,auto,run_Gset_result_v5,2026-09-22 23:30
G-set,G11,512,800,bit,run_Gset_result_v5,2026-09-22 23:30
G-set,G11,512,800,csr-block,run_Gset_result_v5,2026-09-22 23:30
G-set,G11,512,800,csr-row,run_Gset_result_v5,2026-09-22 23:30
G-set,G11,512,800,gemm-fp16,run_Gset_result_v5,2026-09-22 23:30
G-set,G11,512,800,gemm-fp32,run_Gset_result_v5,2026-09-22 23:30
G-set,G11,512,800,gemm-int8,run_Gset_result_v5,2026-09-22 23:30
G-set,G11,512,800,gemm-tf32,run_Gset_result_v5,2026-09-22 23:30
G-set,G11,512,800,public-matched,run_Gset_result_v5,2026-09-22 23:30
G-set,G11,512,1600,auto,run_Gset_result_v5,2026-09-22 23:31
G-set,G11,512,1600,bit,run_Gset_result_v5,2026-09-22 23:31
G-set,G11,512,1600,csr-block,run_Gset_result_v5,2026-09-22 23:31
G-set,G11,512,1600,csr-row,run_Gset_result_v5,2026-09-22 23:31
G-set,G11,512,1600,gemm-fp16,run_Gset_result_v5,2026-09-22 23:31
G-set,G11,512,1600,gemm-fp32,run_Gset_result_v5,2026-09-22 23:31
G-set,G11,512,1600,gemm-int8,run_Gset_result_v5,2026-09-22 23:31
G-set,G11,512,1600,gemm-tf32,run_Gset_result_v5,2026-09-22 23:31
G-set,G11,512,1600,public-matched,run_Gset_result_v5,2026-09-22 23:31
G-set,G11,512,3200,auto,run_Gset_result_v5,2026-09-23 03:43
G-set,G11,512,3200,bit,run_Gset_result_v5,2026-09-23 03:43
G-set,G11,512,3200,csr-block,run_Gset_result_v5,2026-09-23 03:43
G-set,G11,512,3200,csr-row,run_Gset_result_v5,2026-09-23 03:43
G-set,G11,512,3200,gemm-fp16,run_Gset_result_v5,2026-09-23 03:43
G-set,G11,512,3200,gemm-fp32,run_Gset_result_v5,2026-09-23 03:43
G-set,G11,512,3200,gemm-int8,run_Gset_result_v5,2026-09-23 03:43
G-set,G11,512,3200,gemm-tf32,run_Gset_result_v5,2026-09-23 03:43
G-set,G11,512,3200,public-matched,run_Gset_result_v5,2026-09-23 03:43
G-set,G22,512,200,auto,run_Gset_result_v5,2026-09-22 23:31
G-set,G22,512,200,bit,run_Gset_result_v5,2026-09-22 23:31
G-set,G22,512,200,csr-block,run_Gset_result_v5,2026-09-22 23:31
G-set,G22,512,200,csr-row,run_Gset_result_v5,2026-09-22 23:31
G-set,G22,512,200,gemm-fp16,run_Gset_result_v5,2026-09-22 23:31
G-set,G22,512,200,gemm-fp32,run_Gset_result_v5,2026-09-22 23:31
G-set,G22,512,200,gemm-int8,run_Gset_result_v5,2026-09-22 23:31
G-set,G22,512,200,gemm-tf32,run_Gset_result_v5,2026-09-22 23:31
G-set,G22,512,200,public-matched,run_Gset_result_v5,2026-09-22 23:31
G-set,G22,512,400,auto,run_Gset_result_v5,2026-09-22 23:32
G-set,G22,512,400,bit,run_Gset_result_v5,2026-09-22 23:32
G-set,G22,512,400,csr-block,run_Gset_result_v5,2026-09-22 23:32
G-set,G22,512,400,csr-row,run_Gset_result_v5,2026-09-22 23:32
G-set,G22,512,400,gemm-fp16,run_Gset_result_v5,2026-09-22 23:32
G-set,G22,512,400,gemm-fp32,run_Gset_result_v5,2026-09-22 23:32
G-set,G22,512,400,gemm-int8,run_Gset_result_v5,2026-09-22 23:32
G-set,G22,512,400,gemm-tf32,run_Gset_result_v5,2026-09-22 23:32
G-set,G22,512,400,public-matched,run_Gset_result_v5,2026-09-22 23:32
G-set,G22,512,800,auto,run_Gset_result_v5,2026-09-22 23:32
G-set,G22,512,800,bit,run_Gset_result_v5,2026-09-22 23:32
G-set,G22,512,800,csr-block,run_Gset_result_v5,2026-09-22 23:32
G-set,G22,512,800,csr-row,run_Gset_result_v5,2026-09-22 23:32
G-set,G22,512,800,gemm-fp16,run_Gset_result_v5,2026-09-22 23:32
G-set,G22,512,800,gemm-fp32,run_Gset_result_v5,2026-09-22 23:32
G-set,G22,512,800,gemm-int8,run_Gset_result_v5,2026-09-22 23:32
G-set,G22,512,800,gemm-tf32,run_Gset_result_v5,2026-09-22 23:32
G-set,G22,512,800,public-matched,run_Gset_result_v5,2026-09-22 23:32
G-set,G22,512,1600,auto,run_Gset_result_v5,2026-09-22 23:33
G-set,G22,512,1600,bit,run_Gset_result_v5,2026-09-22 23:33
G-set,G22,512,1600,csr-block,run_Gset_result_v5,2026-09-22 23:33
G-set,G22,512,1600,csr-row,run_Gset_result_v5,2026-09-22 23:33
G-set,G22,512,1600,gemm-fp16,run_Gset_result_v5,2026-09-22 23:33
G-set,G22,512,1600,gemm-fp32,run_Gset_result_v5,2026-09-22 23:33
G-set,G22,512,1600,gemm-int8,run_Gset_result_v5,2026-09-22 23:33
G-set,G22,512,1600,gemm-tf32,run_Gset_result_v5,2026-09-22 23:33
G-set,G22,512,1600,public-matched,run_Gset_result_v5,2026-09-22 23:33
G-set,G22,512,3200,auto,run_Gset_result_v5,2026-09-23 03:44
G-set,G22,512,3200,bit,run_Gset_result_v5,2026-09-23 03:44
G-set,G22,512,3200,csr-block,run_Gset_result_v5,2026-09-23 03:44
G-set,G22,512,3200,csr-row,run_Gset_result_v5,2026-09-23 03:44
G-set,G22,512,3200,gemm-fp16,run_Gset_result_v5,2026-09-23 03:44
G-set,G22,512,3200,gemm-fp32,run_Gset_result_v5,2026-09-23 03:44
G-set,G22,512,3200,gemm-int8,run_Gset_result_v5,2026-09-23 03:44
G-set,G22,512,3200,gemm-tf32,run_Gset_result_v5,2026-09-23 03:44
G-set,G22,512,3200,public-matched,run_Gset_result_v5,2026-09-23 03:44
G-set,G32,512,200,auto,run_Gset_result_v5,2026-09-22 23:34
G-set,G32,512,200,bit,run_Gset_result_v5,2026-09-22 23:34
G-set,G32,512,200,csr-block,run_Gset_result_v5,2026-09-22 23:34
G-set,G32,512,200,csr-row,run_Gset_result_v5,2026-09-22 23:34
G-set,G32,512,200,gemm-fp16,run_Gset_result_v5,2026-09-22 23:34
G-set,G32,512,200,gemm-fp32,run_Gset_result_v5,2026-09-22 23:34
G-set,G32,512,200,gemm-int8,run_Gset_result_v5,2026-09-22 23:34
G-set,G32,512,200,gemm-tf32,run_Gset_result_v5,2026-09-22 23:34
G-set,G32,512,200,public-matched,run_Gset_result_v5,2026-09-22 23:34
G-set,G32,512,400,auto,run_Gset_result_v5,2026-09-22 23:34
G-set,G32,512,400,bit,run_Gset_result_v5,2026-09-22 23:34
G-set,G32,512,400,csr-block,run_Gset_result_v5,2026-09-22 23:34
G-set,G32,512,400,csr-row,run_Gset_result_v5,2026-09-22 23:34
G-set,G32,512,400,gemm-fp16,run_Gset_result_v5,2026-09-22 23:34
G-set,G32,512,400,gemm-fp32,run_Gset_result_v5,2026-09-22 23:34
G-set,G32,512,400,gemm-int8,run_Gset_result_v5,2026-09-22 23:34
G-set,G32,512,400,gemm-tf32,run_Gset_result_v5,2026-09-22 23:34
G-set,G32,512,400,public-matched,run_Gset_result_v5,2026-09-22 23:34
G-set,G32,512,800,auto,run_Gset_result_v5,2026-09-22 23:35
G-set,G32,512,800,bit,run_Gset_result_v5,2026-09-22 23:35
G-set,G32,512,800,csr-block,run_Gset_result_v5,2026-09-22 23:35
G-set,G32,512,800,csr-row,run_Gset_result_v5,2026-09-22 23:35
G-set,G32,512,800,gemm-fp16,run_Gset_result_v5,2026-09-22 23:35
G-set,G32,512,800,gemm-fp32,run_Gset_result_v5,2026-09-22 23:35
G-set,G32,512,800,gemm-int8,run_Gset_result_v5,2026-09-22 23:35
G-set,G32,512,800,gemm-tf32,run_Gset_result_v5,2026-09-22 23:35
G-set,G32,512,800,public-matched,run_Gset_result_v5,2026-09-22 23:35
G-set,G32,512,1600,auto,run_Gset_result_v5,2026-09-22 23:35
G-set,G32,512,1600,bit,run_Gset_result_v5,2026-09-22 23:35
G-set,G32,512,1600,csr-block,run_Gset_result_v5,2026-09-22 23:35
G-set,G32,512,1600,csr-row,run_Gset_result_v5,2026-09-22 23:35
G-set,G32,512,1600,gemm-fp16,run_Gset_result_v5,2026-09-22 23:35
G-set,G32,512,1600,gemm-fp32,run_Gset_result_v5,2026-09-22 23:35
G-set,G32,512,1600,gemm-int8,run_Gset_result_v5,2026-09-22 23:35
G-set,G32,512,1600,gemm-tf32,run_Gset_result_v5,2026-09-22 23:35
G-set,G32,512,1600,public-matched,run_Gset_result_v5,2026-09-22 23:35
G-set,G32,512,3200,auto,run_Gset_result_v5,2026-09-23 03:45
G-set,G32,512,3200,bit,run_Gset_result_v5,2026-09-23 03:45
G-set,G32,512,3200,csr-block,run_Gset_result_v5,2026-09-23 03:45
G-set,G32,512,3200,csr-row,run_Gset_result_v5,2026-09-23 03:45
G-set,G32,512,3200,gemm-fp16,run_Gset_result_v5,2026-09-23 03:45
G-set,G32,512,3200,gemm-fp32,run_Gset_result_v5,2026-09-23 03:45
G-set,G32,512,3200,gemm-int8,run_Gset_result_v5,2026-09-23 03:45
G-set,G32,512,3200,gemm-tf32,run_Gset_result_v5,2026-09-23 03:45
G-set,G32,512,3200,public-matched,run_Gset_result_v5,2026-09-23 03:45
G-set,G43,512,200,auto,run_Gset_result_v5,2026-09-22 23:36
G-set,G43,512,200,bit,run_Gset_result_v5,2026-09-22 23:36
G-set,G43,512,200,csr-block,run_Gset_result_v5,2026-09-22 23:36
G-set,G43,512,200,csr-row,run_Gset_result_v5,2026-09-22 23:36
G-set,G43,512,200,gemm-fp16,run_Gset_result_v5,2026-09-22 23:36
G-set,G43,512,200,gemm-fp32,run_Gset_result_v5,2026-09-22 23:36
G-set,G43,512,200,gemm-int8,run_Gset_int8_v6_supplement,2026-09-23 19:11
G-set,G43,512,200,gemm-tf32,run_Gset_result_v5,2026-09-22 23:36
G-set,G43,512,200,public-matched,run_Gset_int8_v6_supplement,2026-09-23 19:11
G-set,G43,512,400,auto,run_Gset_result_v5,2026-09-22 23:37
G-set,G43,512,400,bit,run_Gset_result_v5,2026-09-22 23:37
G-set,G43,512,400,csr-block,run_Gset_result_v5,2026-09-22 23:37
G-set,G43,512,400,csr-row,run_Gset_result_v5,2026-09-22 23:37
G-set,G43,512,400,gemm-fp16,run_Gset_result_v5,2026-09-22 23:37
G-set,G43,512,400,gemm-fp32,run_Gset_result_v5,2026-09-22 23:37
G-set,G43,512,400,gemm-int8,run_Gset_int8_v6_supplement,2026-09-23 19:11
G-set,G43,512,400,gemm-tf32,run_Gset_result_v5,2026-09-22 23:37
G-set,G43,512,400,public-matched,run_Gset_int8_v6_supplement,2026-09-23 19:11
G-set,G43,512,800,auto,run_Gset_result_v5,2026-09-22 23:37
G-set,G43,512,800,bit,run_Gset_result_v5,2026-09-22 23:37
G-set,G43,512,800,csr-block,run_Gset_result_v5,2026-09-22 23:37
G-set,G43,512,800,csr-row,run_Gset_result_v5,2026-09-22 23:37
G-set,G43,512,800,gemm-fp16,run_Gset_result_v5,2026-09-22 23:37
G-set,G43,512,800,gemm-fp32,run_Gset_result_v5,2026-09-22 23:37
G-set,G43,512,800,gemm-int8,run_Gset_int8_v6_supplement,2026-09-23 19:12
G-set,G43,512,800,gemm-tf32,run_Gset_result_v5,2026-09-22 23:37
G-set,G43,512,800,public-matched,run_Gset_int8_v6_supplement,2026-09-23 19:12
G-set,G43,512,1600,auto,run_Gset_result_v5,2026-09-22 23:38
G-set,G43,512,1600,bit,run_Gset_result_v5,2026-09-22 23:38
G-set,G43,512,1600,csr-block,run_Gset_result_v5,2026-09-22 23:38
G-set,G43,512,1600,csr-row,run_Gset_result_v5,2026-09-22 23:38
G-set,G43,512,1600,gemm-fp16,run_Gset_result_v5,2026-09-22 23:38
G-set,G43,512,1600,gemm-fp32,run_Gset_result_v5,2026-09-22 23:38
G-set,G43,512,1600,gemm-int8,run_Gset_int8_v6_supplement,2026-09-23 19:12
G-set,G43,512,1600,gemm-tf32,run_Gset_result_v5,2026-09-22 23:38
G-set,G43,512,1600,public-matched,run_Gset_int8_v6_supplement,2026-09-23 19:12
G-set,G43,512,3200,auto,run_Gset_result_v5,2026-09-23 03:47
G-set,G43,512,3200,bit,run_Gset_result_v5,2026-09-23 03:47
G-set,G43,512,3200,csr-block,run_Gset_result_v5,2026-09-23 03:47
G-set,G43,512,3200,csr-row,run_Gset_result_v5,2026-09-23 03:47
G-set,G43,512,3200,gemm-fp16,run_Gset_result_v5,2026-09-23 03:47
G-set,G43,512,3200,gemm-fp32,run_Gset_result_v5,2026-09-23 03:47
G-set,G43,512,3200,gemm-int8,run_Gset_int8_v6_supplement,2026-09-23 19:12
G-set,G43,512,3200,gemm-tf32,run_Gset_result_v5,2026-09-23 03:47
G-set,G43,512,3200,public-matched,run_Gset_int8_v6_supplement,2026-09-23 19:12
G-set,G48,512,200,auto,run_Gset_result_v5,2026-09-22 23:38
G-set,G48,512,200,csr-block,run_Gset_result_v5,2026-09-22 23:38
G-set,G48,512,200,csr-row,run_Gset_result_v5,2026-09-22 23:38
G-set,G48,512,200,gemm-fp16,run_Gset_result_v5,2026-09-22 23:38
G-set,G48,512,200,gemm-fp32,run_Gset_result_v5,2026-09-22 23:38
G-set,G48,512,200,gemm-int8,run_Gset_int8_v6_supplement,2026-09-23 19:13
G-set,G48,512,200,gemm-tf32,run_Gset_result_v5,2026-09-22 23:38
G-set,G48,512,200,public-matched,run_Gset_int8_v6_supplement,2026-09-23 19:13
G-set,G48,512,400,auto,run_Gset_result_v5,2026-09-22 23:39
G-set,G48,512,400,csr-block,run_Gset_result_v5,2026-09-22 23:39
G-set,G48,512,400,csr-row,run_Gset_result_v5,2026-09-22 23:39
G-set,G48,512,400,gemm-fp16,run_Gset_result_v5,2026-09-22 23:39
G-set,G48,512,400,gemm-fp32,run_Gset_result_v5,2026-09-22 23:39
G-set,G48,512,400,gemm-int8,run_Gset_int8_v6_supplement,2026-09-23 19:13
G-set,G48,512,400,gemm-tf32,run_Gset_result_v5,2026-09-22 23:39
G-set,G48,512,400,public-matched,run_Gset_int8_v6_supplement,2026-09-23 19:13
G-set,G48,512,800,auto,run_Gset_result_v5,2026-09-22 23:39
G-set,G48,512,800,csr-block,run_Gset_result_v5,2026-09-22 23:39
G-set,G48,512,800,csr-row,run_Gset_result_v5,2026-09-22 23:39
G-set,G48,512,800,gemm-fp16,run_Gset_result_v5,2026-09-22 23:39
G-set,G48,512,800,gemm-fp32,run_Gset_result_v5,2026-09-22 23:39
G-set,G48,512,800,gemm-int8,run_Gset_int8_v6_supplement,2026-09-23 19:13
G-set,G48,512,800,gemm-tf32,run_Gset_result_v5,2026-09-22 23:39
G-set,G48,512,800,public-matched,run_Gset_int8_v6_supplement,2026-09-23 19:13
G-set,G48,512,1600,auto,run_Gset_result_v5,2026-09-22 23:40
G-set,G48,512,1600,csr-block,run_Gset_result_v5,2026-09-22 23:40
G-set,G48,512,1600,csr-row,run_Gset_result_v5,2026-09-22 23:40
G-set,G48,512,1600,gemm-fp16,run_Gset_result_v5,2026-09-22 23:40
G-set,G48,512,1600,gemm-fp32,run_Gset_result_v5,2026-09-22 23:40
G-set,G48,512,1600,gemm-int8,run_Gset_int8_v6_supplement,2026-09-23 19:14
G-set,G48,512,1600,gemm-tf32,run_Gset_result_v5,2026-09-22 23:40
G-set,G48,512,1600,public-matched,run_Gset_int8_v6_supplement,2026-09-23 19:14
G-set,G48,512,3200,auto,run_Gset_result_v5,2026-09-23 03:48
G-set,G48,512,3200,csr-block,run_Gset_result_v5,2026-09-23 03:48
G-set,G48,512,3200,csr-row,run_Gset_result_v5,2026-09-23 03:48
G-set,G48,512,3200,gemm-fp16,run_Gset_result_v5,2026-09-23 03:48
G-set,G48,512,3200,gemm-fp32,run_Gset_result_v5,2026-09-23 03:48
G-set,G48,512,3200,gemm-int8,run_Gset_int8_v6_supplement,2026-09-23 19:15
G-set,G48,512,3200,gemm-tf32,run_Gset_result_v5,2026-09-23 03:48
G-set,G48,512,3200,public-matched,run_Gset_int8_v6_supplement,2026-09-23 19:15
G-set,G55,512,200,auto,run_Gset_result_v5,2026-09-22 23:42
G-set,G55,512,200,csr-block,run_Gset_result_v5,2026-09-22 23:42
G-set,G55,512,200,csr-row,run_Gset_result_v5,2026-09-22 23:42
G-set,G55,512,200,gemm-fp16,run_Gset_result_v5,2026-09-22 23:42
G-set,G55,512,200,gemm-fp32,run_Gset_result_v5,2026-09-22 23:42
G-set,G55,512,200,gemm-int8,run_Gset_int8_v6_supplement,2026-09-23 19:16
G-set,G55,512,200,gemm-tf32,run_Gset_result_v5,2026-09-22 23:42
G-set,G55,512,200,public-matched,run_Gset_int8_v6_supplement,2026-09-23 19:16
G-set,G55,512,400,auto,run_Gset_result_v5,2026-09-22 23:43
G-set,G55,512,400,csr-block,run_Gset_result_v5,2026-09-22 23:43
G-set,G55,512,400,csr-row,run_Gset_result_v5,2026-09-22 23:43
G-set,G55,512,400,gemm-fp16,run_Gset_result_v5,2026-09-22 23:43
G-set,G55,512,400,gemm-fp32,run_Gset_result_v5,2026-09-22 23:43
G-set,G55,512,400,gemm-int8,run_Gset_int8_v6_supplement,2026-09-23 19:16
G-set,G55,512,400,gemm-tf32,run_Gset_result_v5,2026-09-22 23:43
G-set,G55,512,400,public-matched,run_Gset_int8_v6_supplement,2026-09-23 19:16
G-set,G55,512,800,auto,run_Gset_result_v5,2026-09-22 23:44
G-set,G55,512,800,csr-block,run_Gset_result_v5,2026-09-22 23:44
G-set,G55,512,800,csr-row,run_Gset_result_v5,2026-09-22 23:44
G-set,G55,512,800,gemm-fp16,run_Gset_result_v5,2026-09-22 23:44
G-set,G55,512,800,gemm-fp32,run_Gset_result_v5,2026-09-22 23:44
G-set,G55,512,800,gemm-int8,run_Gset_int8_v6_supplement,2026-09-23 19:17
G-set,G55,512,800,gemm-tf32,run_Gset_result_v5,2026-09-22 23:44
G-set,G55,512,800,public-matched,run_Gset_int8_v6_supplement,2026-09-23 19:17
G-set,G55,512,1600,auto,run_Gset_result_v5,2026-09-22 23:46
G-set,G55,512,1600,csr-block,run_Gset_result_v5,2026-09-22 23:46
G-set,G55,512,1600,csr-row,run_Gset_result_v5,2026-09-22 23:46
G-set,G55,512,1600,gemm-fp16,run_Gset_result_v5,2026-09-22 23:46
G-set,G55,512,1600,gemm-fp32,run_Gset_result_v5,2026-09-22 23:46
G-set,G55,512,1600,gemm-int8,run_Gset_int8_v6_supplement,2026-09-23 19:18
G-set,G55,512,1600,gemm-tf32,run_Gset_result_v5,2026-09-22 23:46
G-set,G55,512,1600,public-matched,run_Gset_int8_v6_supplement,2026-09-23 19:18
G-set,G55,512,3200,auto,run_Gset_result_v5,2026-09-23 03:51
G-set,G55,512,3200,csr-block,run_Gset_result_v5,2026-09-23 03:51
G-set,G55,512,3200,csr-row,run_Gset_result_v5,2026-09-23 03:51
G-set,G55,512,3200,gemm-fp16,run_Gset_result_v5,2026-09-23 03:51
G-set,G55,512,3200,gemm-fp32,run_Gset_result_v5,2026-09-23 03:51
G-set,G55,512,3200,gemm-int8,run_Gset_int8_v6_supplement,2026-09-23 19:19
G-set,G55,512,3200,gemm-tf32,run_Gset_result_v5,2026-09-23 03:51
G-set,G55,512,3200,public-matched,run_Gset_int8_v6_supplement,2026-09-23 19:19
G-set,G58,512,200,auto,run_Gset_result_v5_supp,2026-09-23 12:29
G-set,G58,512,200,csr-block,run_Gset_result_v5_supp,2026-09-23 12:29
G-set,G58,512,200,csr-row,run_Gset_result_v5_supp,2026-09-23 12:29
G-set,G58,512,200,gemm-fp16,run_Gset_result_v5_supp,2026-09-23 12:29
G-set,G58,512,200,gemm-fp32,run_Gset_result_v5_supp,2026-09-23 12:29
G-set,G58,512,200,gemm-int8,run_Gset_int8_v6_supplement,2026-09-23 19:21
G-set,G58,512,200,gemm-tf32,run_Gset_result_v5_supp,2026-09-23 12:29
G-set,G58,512,200,public-matched,run_Gset_int8_v6_supplement,2026-09-23 19:21
G-set,G58,512,400,auto,run_Gset_result_v5_supp,2026-09-23 12:30
G-set,G58,512,400,csr-block,run_Gset_result_v5_supp,2026-09-23 12:30
G-set,G58,512,400,csr-row,run_Gset_result_v5_supp,2026-09-23 12:30
G-set,G58,512,400,gemm-fp16,run_Gset_result_v5_supp,2026-09-23 12:30
G-set,G58,512,400,gemm-fp32,run_Gset_result_v5_supp,2026-09-23 12:30
G-set,G58,512,400,gemm-int8,run_Gset_int8_v6_supplement,2026-09-23 19:22
G-set,G58,512,400,gemm-tf32,run_Gset_result_v5_supp,2026-09-23 12:30
G-set,G58,512,400,public-matched,run_Gset_int8_v6_supplement,2026-09-23 19:22
G-set,G58,512,800,auto,run_Gset_result_v5_supp,2026-09-23 12:32
G-set,G58,512,800,csr-block,run_Gset_result_v5_supp,2026-09-23 12:32
G-set,G58,512,800,csr-row,run_Gset_result_v5_supp,2026-09-23 12:32
G-set,G58,512,800,gemm-fp16,run_Gset_result_v5_supp,2026-09-23 12:32
G-set,G58,512,800,gemm-fp32,run_Gset_result_v5_supp,2026-09-23 12:32
G-set,G58,512,800,gemm-int8,run_Gset_int8_v6_supplement,2026-09-23 19:22
G-set,G58,512,800,gemm-tf32,run_Gset_result_v5_supp,2026-09-23 12:32
G-set,G58,512,800,public-matched,run_Gset_int8_v6_supplement,2026-09-23 19:22
G-set,G58,512,1600,auto,run_Gset_result_v5_supp,2026-09-23 12:34
G-set,G58,512,1600,csr-block,run_Gset_result_v5_supp,2026-09-23 12:34
G-set,G58,512,1600,csr-row,run_Gset_result_v5_supp,2026-09-23 12:34
G-set,G58,512,1600,gemm-fp16,run_Gset_result_v5_supp,2026-09-23 12:34
G-set,G58,512,1600,gemm-fp32,run_Gset_result_v5_supp,2026-09-23 12:34
G-set,G58,512,1600,gemm-int8,run_Gset_int8_v6_supplement,2026-09-23 19:23
G-set,G58,512,1600,gemm-tf32,run_Gset_result_v5_supp,2026-09-23 12:34
G-set,G58,512,1600,public-matched,run_Gset_int8_v6_supplement,2026-09-23 19:23
G-set,G58,512,3200,auto,run_Gset_result_v5_supp,2026-09-23 12:37
G-set,G58,512,3200,csr-block,run_Gset_result_v5_supp,2026-09-23 12:37
G-set,G58,512,3200,csr-row,run_Gset_result_v5_supp,2026-09-23 12:37
G-set,G58,512,3200,gemm-fp16,run_Gset_result_v5_supp,2026-09-23 12:37
G-set,G58,512,3200,gemm-fp32,run_Gset_result_v5_supp,2026-09-23 12:37
G-set,G58,512,3200,gemm-int8,run_Gset_int8_v6_supplement,2026-09-23 19:24
G-set,G58,512,3200,gemm-tf32,run_Gset_result_v5_supp,2026-09-23 12:37
G-set,G58,512,3200,public-matched,run_Gset_int8_v6_supplement,2026-09-23 19:24
G-set,G60,512,200,auto,run_Gset_result_v5,2026-09-22 23:50
G-set,G60,512,200,csr-block,run_Gset_result_v5,2026-09-22 23:50
G-set,G60,512,200,csr-row,run_Gset_result_v5,2026-09-22 23:50
G-set,G60,512,200,gemm-fp16,run_Gset_result_v5,2026-09-22 23:50
G-set,G60,512,200,gemm-fp32,run_Gset_result_v5,2026-09-22 23:50
G-set,G60,512,200,gemm-int8,run_Gset_int8_v6_supplement,2026-09-23 19:27
G-set,G60,512,200,gemm-tf32,run_Gset_result_v5,2026-09-22 23:50
G-set,G60,512,200,public-matched,run_Gset_int8_v6_supplement,2026-09-23 19:27
G-set,G60,512,400,auto,run_Gset_result_v5,2026-09-22 23:52
G-set,G60,512,400,csr-block,run_Gset_result_v5,2026-09-22 23:52
G-set,G60,512,400,csr-row,run_Gset_result_v5,2026-09-22 23:52
G-set,G60,512,400,gemm-fp16,run_Gset_result_v5,2026-09-22 23:52
G-set,G60,512,400,gemm-fp32,run_Gset_result_v5,2026-09-22 23:52
G-set,G60,512,400,gemm-int8,run_Gset_int8_v6_supplement,2026-09-23 19:28
G-set,G60,512,400,gemm-tf32,run_Gset_result_v5,2026-09-22 23:52
G-set,G60,512,400,public-matched,run_Gset_int8_v6_supplement,2026-09-23 19:28
G-set,G60,512,800,auto,run_Gset_result_v5,2026-09-22 23:54
G-set,G60,512,800,csr-block,run_Gset_result_v5,2026-09-22 23:54
G-set,G60,512,800,csr-row,run_Gset_result_v5,2026-09-22 23:54
G-set,G60,512,800,gemm-fp16,run_Gset_result_v5,2026-09-22 23:54
G-set,G60,512,800,gemm-fp32,run_Gset_result_v5,2026-09-22 23:54
G-set,G60,512,800,gemm-int8,run_Gset_int8_v6_supplement,2026-09-23 19:29
G-set,G60,512,800,gemm-tf32,run_Gset_result_v5,2026-09-22 23:54
G-set,G60,512,800,public-matched,run_Gset_int8_v6_supplement,2026-09-23 19:29
G-set,G60,512,1600,auto,run_Gset_result_v5,2026-09-22 23:58
G-set,G60,512,1600,csr-block,run_Gset_result_v5,2026-09-22 23:58
G-set,G60,512,1600,csr-row,run_Gset_result_v5,2026-09-22 23:58
G-set,G60,512,1600,gemm-fp16,run_Gset_result_v5,2026-09-22 23:58
G-set,G60,512,1600,gemm-fp32,run_Gset_result_v5,2026-09-22 23:58
G-set,G60,512,1600,gemm-int8,run_Gset_int8_v6_supplement,2026-09-23 19:30
G-set,G60,512,1600,gemm-tf32,run_Gset_result_v5,2026-09-22 23:58
G-set,G60,512,1600,public-matched,run_Gset_int8_v6_supplement,2026-09-23 19:30
G-set,G60,512,3200,auto,run_Gset_result_v5,2026-09-23 03:56
G-set,G60,512,3200,csr-block,run_Gset_result_v5,2026-09-23 03:56
G-set,G60,512,3200,csr-row,run_Gset_result_v5,2026-09-23 03:56
G-set,G60,512,3200,gemm-fp16,run_Gset_result_v5,2026-09-23 03:56
G-set,G60,512,3200,gemm-fp32,run_Gset_result_v5,2026-09-23 03:56
G-set,G60,512,3200,gemm-int8,run_Gset_int8_v6_supplement,2026-09-23 19:32
G-set,G60,512,3200,gemm-tf32,run_Gset_result_v5,2026-09-23 03:56
G-set,G60,512,3200,public-matched,run_Gset_int8_v6_supplement,2026-09-23 19:32
G-set,G63,512,200,auto,run_Gset_result_v5,2026-09-23 00:03
G-set,G63,512,200,csr-block,run_Gset_result_v5,2026-09-23 00:03
G-set,G63,512,200,csr-row,run_Gset_result_v5,2026-09-23 00:03
G-set,G63,512,200,gemm-fp16,run_Gset_result_v5,2026-09-23 00:03
G-set,G63,512,200,gemm-fp32,run_Gset_result_v5,2026-09-23 00:03
G-set,G63,512,200,gemm-int8,run_Gset_int8_v6_supplement,2026-09-23 19:36
G-set,G63,512,200,gemm-tf32,run_Gset_result_v5,2026-09-23 00:03
G-set,G63,512,200,public-matched,run_Gset_int8_v6_supplement,2026-09-23 19:36
G-set,G63,512,400,auto,run_Gset_result_v5,2026-09-23 00:05
G-set,G63,512,400,csr-block,run_Gset_result_v5,2026-09-23 00:05
G-set,G63,512,400,csr-row,run_Gset_result_v5,2026-09-23 00:05
G-set,G63,512,400,gemm-fp16,run_Gset_result_v5,2026-09-23 00:05
G-set,G63,512,400,gemm-fp32,run_Gset_result_v5,2026-09-23 00:05
G-set,G63,512,400,gemm-int8,run_Gset_int8_v6_supplement,2026-09-23 19:37
G-set,G63,512,400,gemm-tf32,run_Gset_result_v5,2026-09-23 00:05
G-set,G63,512,400,public-matched,run_Gset_int8_v6_supplement,2026-09-23 19:37
G-set,G63,512,800,auto,run_Gset_result_v5,2026-09-23 00:08
G-set,G63,512,800,csr-block,run_Gset_result_v5,2026-09-23 00:08
G-set,G63,512,800,csr-row,run_Gset_result_v5,2026-09-23 00:08
G-set,G63,512,800,gemm-fp16,run_Gset_result_v5,2026-09-23 00:08
G-set,G63,512,800,gemm-fp32,run_Gset_result_v5,2026-09-23 00:08
G-set,G63,512,800,gemm-int8,run_Gset_int8_v6_supplement,2026-09-23 19:38
G-set,G63,512,800,gemm-tf32,run_Gset_result_v5,2026-09-23 00:08
G-set,G63,512,800,public-matched,run_Gset_int8_v6_supplement,2026-09-23 19:38
G-set,G63,512,1600,auto,run_Gset_result_v5,2026-09-23 00:12
G-set,G63,512,1600,csr-block,run_Gset_result_v5,2026-09-23 00:12
G-set,G63,512,1600,csr-row,run_Gset_result_v5,2026-09-23 00:12
G-set,G63,512,1600,gemm-fp16,run_Gset_result_v5,2026-09-23 00:12
G-set,G63,512,1600,gemm-fp32,run_Gset_result_v5,2026-09-23 00:12
G-set,G63,512,1600,gemm-int8,run_Gset_int8_v6_supplement,2026-09-23 19:40
G-set,G63,512,1600,gemm-tf32,run_Gset_result_v5,2026-09-23 00:12
G-set,G63,512,1600,public-matched,run_Gset_int8_v6_supplement,2026-09-23 19:40
G-set,G63,512,3200,auto,run_Gset_result_v5,2026-09-23 04:05
G-set,G63,512,3200,csr-block,run_Gset_result_v5,2026-09-23 04:05
G-set,G63,512,3200,csr-row,run_Gset_result_v5,2026-09-23 04:05
G-set,G63,512,3200,gemm-fp16,run_Gset_result_v5,2026-09-23 04:05
G-set,G63,512,3200,gemm-fp32,run_Gset_result_v5,2026-09-23 04:05
G-set,G63,512,3200,gemm-int8,run_Gset_int8_v6_supplement,2026-09-23 19:42
G-set,G63,512,3200,gemm-tf32,run_Gset_result_v5,2026-09-23 04:05
G-set,G63,512,3200,public-matched,run_Gset_int8_v6_supplement,2026-09-23 19:42
G-set,G64,512,200,auto,run_Gset_result_v5_supp,2026-09-23 12:43
G-set,G64,512,200,csr-block,run_Gset_result_v5_supp,2026-09-23 12:43
G-set,G64,512,200,csr-row,run_Gset_result_v5_supp,2026-09-23 12:43
G-set,G64,512,200,gemm-fp16,run_Gset_result_v5_supp,2026-09-23 12:43
G-set,G64,512,200,gemm-fp32,run_Gset_result_v5_supp,2026-09-23 12:43
G-set,G64,512,200,gemm-int8,run_Gset_int8_v6_supplement,2026-09-23 19:46
G-set,G64,512,200,gemm-tf32,run_Gset_result_v5_supp,2026-09-23 12:43
G-set,G64,512,200,public-matched,run_Gset_int8_v6_supplement,2026-09-23 19:46
G-set,G64,512,400,auto,run_Gset_result_v5_supp,2026-09-23 12:45
G-set,G64,512,400,csr-block,run_Gset_result_v5_supp,2026-09-23 12:45
G-set,G64,512,400,csr-row,run_Gset_result_v5_supp,2026-09-23 12:45
G-set,G64,512,400,gemm-fp16,run_Gset_result_v5_supp,2026-09-23 12:45
G-set,G64,512,400,gemm-fp32,run_Gset_result_v5_supp,2026-09-23 12:45
G-set,G64,512,400,gemm-int8,run_Gset_int8_v6_supplement,2026-09-23 19:47
G-set,G64,512,400,gemm-tf32,run_Gset_result_v5_supp,2026-09-23 12:45
G-set,G64,512,400,public-matched,run_Gset_int8_v6_supplement,2026-09-23 19:47
G-set,G64,512,800,auto,run_Gset_result_v5_supp,2026-09-23 12:48
G-set,G64,512,800,csr-block,run_Gset_result_v5_supp,2026-09-23 12:48
G-set,G64,512,800,csr-row,run_Gset_result_v5_supp,2026-09-23 12:48
G-set,G64,512,800,gemm-fp16,run_Gset_result_v5_supp,2026-09-23 12:48
G-set,G64,512,800,gemm-fp32,run_Gset_result_v5_supp,2026-09-23 12:48
G-set,G64,512,800,gemm-int8,run_Gset_int8_v6_supplement,2026-09-23 19:48
G-set,G64,512,800,gemm-tf32,run_Gset_result_v5_supp,2026-09-23 12:48
G-set,G64,512,800,public-matched,run_Gset_int8_v6_supplement,2026-09-23 19:48
G-set,G64,512,1600,auto,run_Gset_result_v5_supp,2026-09-23 12:52
G-set,G64,512,1600,csr-block,run_Gset_result_v5_supp,2026-09-23 12:52
G-set,G64,512,1600,csr-row,run_Gset_result_v5_supp,2026-09-23 12:52
G-set,G64,512,1600,gemm-fp16,run_Gset_result_v5_supp,2026-09-23 12:52
G-set,G64,512,1600,gemm-fp32,run_Gset_result_v5_supp,2026-09-23 12:52
G-set,G64,512,1600,gemm-int8,run_Gset_int8_v6_supplement,2026-09-23 19:49
G-set,G64,512,1600,gemm-tf32,run_Gset_result_v5_supp,2026-09-23 12:52
G-set,G64,512,1600,public-matched,run_Gset_int8_v6_supplement,2026-09-23 19:49
G-set,G64,512,3200,auto,run_Gset_result_v5_supp,2026-09-23 12:57
G-set,G64,512,3200,csr-block,run_Gset_result_v5_supp,2026-09-23 12:57
G-set,G64,512,3200,csr-row,run_Gset_result_v5_supp,2026-09-23 12:57
G-set,G64,512,3200,gemm-fp16,run_Gset_result_v5_supp,2026-09-23 12:57
G-set,G64,512,3200,gemm-fp32,run_Gset_result_v5_supp,2026-09-23 12:57
G-set,G64,512,3200,gemm-int8,run_Gset_int8_v6_supplement,2026-09-23 19:51
G-set,G64,512,3200,gemm-tf32,run_Gset_result_v5_supp,2026-09-23 12:57
G-set,G64,512,3200,public-matched,run_Gset_int8_v6_supplement,2026-09-23 19:51
G-set,G66,512,200,auto,run_Gset_result_v5_supp,2026-09-23 13:07
G-set,G66,512,200,csr-block,run_Gset_result_v5_supp,2026-09-23 13:07
G-set,G66,512,200,csr-row,run_Gset_result_v5_supp,2026-09-23 13:07
G-set,G66,512,200,gemm-fp16,run_Gset_result_v5_supp,2026-09-23 13:07
G-set,G66,512,200,gemm-fp32,run_Gset_result_v5_supp,2026-09-23 13:07
G-set,G66,512,200,gemm-int8,run_Gset_int8_v7,2026-09-23 20:25
G-set,G66,512,200,gemm-tf32,run_Gset_result_v5_supp,2026-09-23 13:07
G-set,G66,512,200,public-matched,run_Gset_int8_v7,2026-09-23 20:25
G-set,G66,512,400,auto,run_Gset_result_v5_supp,2026-09-23 13:11
G-set,G66,512,400,csr-block,run_Gset_result_v5_supp,2026-09-23 13:11
G-set,G66,512,400,csr-row,run_Gset_result_v5_supp,2026-09-23 13:11
G-set,G66,512,400,gemm-fp16,run_Gset_result_v5_supp,2026-09-23 13:11
G-set,G66,512,400,gemm-fp32,run_Gset_result_v5_supp,2026-09-23 13:11
G-set,G66,512,400,gemm-int8,run_Gset_int8_v7,2026-09-23 20:27
G-set,G66,512,400,gemm-tf32,run_Gset_result_v5_supp,2026-09-23 13:11
G-set,G66,512,400,public-matched,run_Gset_int8_v7,2026-09-23 20:27
G-set,G66,512,800,auto,run_Gset_result_v5_supp,2026-09-23 13:16
G-set,G66,512,800,csr-block,run_Gset_result_v5_supp,2026-09-23 13:16
G-set,G66,512,800,csr-row,run_Gset_result_v5_supp,2026-09-23 13:16
G-set,G66,512,800,gemm-fp16,run_Gset_result_v5_supp,2026-09-23 13:16
G-set,G66,512,800,gemm-fp32,run_Gset_result_v5_supp,2026-09-23 13:16
G-set,G66,512,800,gemm-int8,run_Gset_int8_v7,2026-09-23 20:29
G-set,G66,512,800,gemm-tf32,run_Gset_result_v5_supp,2026-09-23 13:16
G-set,G66,512,800,public-matched,run_Gset_int8_v7,2026-09-23 20:29
G-set,G66,512,1600,auto,run_Gset_result_v5_supp,2026-09-23 13:22
G-set,G66,512,1600,csr-block,run_Gset_result_v5_supp,2026-09-23 13:22
G-set,G66,512,1600,csr-row,run_Gset_result_v5_supp,2026-09-23 13:22
G-set,G66,512,1600,gemm-fp16,run_Gset_result_v5_supp,2026-09-23 13:22
G-set,G66,512,1600,gemm-fp32,run_Gset_result_v5_supp,2026-09-23 13:22
G-set,G66,512,1600,gemm-int8,run_Gset_int8_v7,2026-09-23 21:46
G-set,G66,512,1600,gemm-tf32,run_Gset_result_v5_supp,2026-09-23 13:22
G-set,G66,512,1600,public-matched,run_Gset_int8_v7,2026-09-23 21:46
G-set,G66,512,3200,auto,run_Gset_result_v5_supp,2026-09-23 13:31
G-set,G66,512,3200,csr-block,run_Gset_result_v5_supp,2026-09-23 13:31
G-set,G66,512,3200,csr-row,run_Gset_result_v5_supp,2026-09-23 13:31
G-set,G66,512,3200,gemm-fp16,run_Gset_result_v5_supp,2026-09-23 13:31
G-set,G66,512,3200,gemm-fp32,run_Gset_result_v5_supp,2026-09-23 13:31
G-set,G66,512,3200,gemm-int8,run_Gset_int8_v7,2026-09-23 21:50
G-set,G66,512,3200,gemm-tf32,run_Gset_result_v5_supp,2026-09-23 13:31
G-set,G66,512,3200,public-matched,run_Gset_int8_v7,2026-09-23 21:50
G-set,G70,512,200,auto,run_Gset_result_v5,2026-09-23 00:20
G-set,G70,512,200,csr-block,run_Gset_result_v5,2026-09-23 00:20
G-set,G70,512,200,csr-row,run_Gset_result_v5,2026-09-23 00:20
G-set,G70,512,200,gemm-fp16,run_Gset_result_v5,2026-09-23 00:20
G-set,G70,512,200,gemm-fp32,run_Gset_result_v5,2026-09-23 00:20
G-set,G70,512,200,gemm-int8,run_Gset_result_v5,2026-09-23 00:20
G-set,G70,512,200,gemm-tf32,run_Gset_result_v5,2026-09-23 00:20
G-set,G70,512,200,public-matched,run_Gset_result_v5,2026-09-23 00:20
G-set,G70,512,400,auto,run_Gset_result_v5,2026-09-23 00:25
G-set,G70,512,400,csr-block,run_Gset_result_v5,2026-09-23 00:25
G-set,G70,512,400,csr-row,run_Gset_result_v5,2026-09-23 00:25
G-set,G70,512,400,gemm-fp16,run_Gset_result_v5,2026-09-23 00:25
G-set,G70,512,400,gemm-fp32,run_Gset_result_v5,2026-09-23 00:25
G-set,G70,512,400,gemm-int8,run_Gset_result_v5,2026-09-23 00:25
G-set,G70,512,400,gemm-tf32,run_Gset_result_v5,2026-09-23 00:25
G-set,G70,512,400,public-matched,run_Gset_result_v5,2026-09-23 00:25
G-set,G70,512,800,auto,run_Gset_result_v5,2026-09-23 00:30
G-set,G70,512,800,csr-block,run_Gset_result_v5,2026-09-23 00:30
G-set,G70,512,800,csr-row,run_Gset_result_v5,2026-09-23 00:30
G-set,G70,512,800,gemm-fp16,run_Gset_result_v5,2026-09-23 00:30
G-set,G70,512,800,gemm-fp32,run_Gset_result_v5,2026-09-23 00:30
G-set,G70,512,800,gemm-int8,run_Gset_result_v5,2026-09-23 00:30
G-set,G70,512,800,gemm-tf32,run_Gset_result_v5,2026-09-23 00:30
G-set,G70,512,800,public-matched,run_Gset_result_v5,2026-09-23 00:30
G-set,G70,512,1600,auto,run_Gset_result_v5,2026-09-23 00:37
G-set,G70,512,1600,csr-block,run_Gset_result_v5,2026-09-23 00:37
G-set,G70,512,1600,csr-row,run_Gset_result_v5,2026-09-23 00:37
G-set,G70,512,1600,gemm-fp16,run_Gset_result_v5,2026-09-23 00:37
G-set,G70,512,1600,gemm-fp32,run_Gset_result_v5,2026-09-23 00:37
G-set,G70,512,1600,gemm-int8,run_Gset_result_v5,2026-09-23 00:37
G-set,G70,512,1600,gemm-tf32,run_Gset_result_v5,2026-09-23 00:37
G-set,G70,512,1600,public-matched,run_Gset_result_v5,2026-09-23 00:37
G-set,G70,512,3200,auto,run_Gset_result_v5,2026-09-23 04:15
G-set,G70,512,3200,csr-block,run_Gset_result_v5,2026-09-23 04:15
G-set,G70,512,3200,csr-row,run_Gset_result_v5,2026-09-23 04:15
G-set,G70,512,3200,gemm-fp16,run_Gset_result_v5,2026-09-23 04:15
G-set,G70,512,3200,gemm-fp32,run_Gset_result_v5,2026-09-23 04:15
G-set,G70,512,3200,gemm-int8,run_Gset_result_v5,2026-09-23 04:15
G-set,G70,512,3200,gemm-tf32,run_Gset_result_v5,2026-09-23 04:15
G-set,G70,512,3200,public-matched,run_Gset_result_v5,2026-09-23 04:15
G-set,G72,512,200,auto,run_Gset_result_v5,2026-09-23 00:48
G-set,G72,512,200,csr-block,run_Gset_result_v5,2026-09-23 00:48
G-set,G72,512,200,csr-row,run_Gset_result_v5,2026-09-23 00:48
G-set,G72,512,200,gemm-fp16,run_Gset_result_v5,2026-09-23 00:48
G-set,G72,512,200,gemm-fp32,run_Gset_result_v5,2026-09-23 00:48
G-set,G72,512,200,gemm-int8,run_Gset_result_v5,2026-09-23 00:48
G-set,G72,512,200,gemm-tf32,run_Gset_result_v5,2026-09-23 00:48
G-set,G72,512,200,public-matched,run_Gset_result_v5,2026-09-23 00:48
G-set,G72,512,400,auto,run_Gset_result_v5,2026-09-23 00:53
G-set,G72,512,400,csr-block,run_Gset_result_v5,2026-09-23 00:53
G-set,G72,512,400,csr-row,run_Gset_result_v5,2026-09-23 00:53
G-set,G72,512,400,gemm-fp16,run_Gset_result_v5,2026-09-23 00:53
G-set,G72,512,400,gemm-fp32,run_Gset_result_v5,2026-09-23 00:53
G-set,G72,512,400,gemm-int8,run_Gset_result_v5,2026-09-23 00:53
G-set,G72,512,400,gemm-tf32,run_Gset_result_v5,2026-09-23 00:53
G-set,G72,512,400,public-matched,run_Gset_result_v5,2026-09-23 00:53
G-set,G72,512,800,auto,run_Gset_result_v5,2026-09-23 00:58
G-set,G72,512,800,csr-block,run_Gset_result_v5,2026-09-23 00:58
G-set,G72,512,800,csr-row,run_Gset_result_v5,2026-09-23 00:58
G-set,G72,512,800,gemm-fp16,run_Gset_result_v5,2026-09-23 00:58
G-set,G72,512,800,gemm-fp32,run_Gset_result_v5,2026-09-23 00:58
G-set,G72,512,800,gemm-int8,run_Gset_result_v5,2026-09-23 00:58
G-set,G72,512,800,gemm-tf32,run_Gset_result_v5,2026-09-23 00:58
G-set,G72,512,800,public-matched,run_Gset_result_v5,2026-09-23 00:58
G-set,G72,512,1600,auto,run_Gset_result_v5,2026-09-23 01:05
G-set,G72,512,1600,csr-block,run_Gset_result_v5,2026-09-23 01:05
G-set,G72,512,1600,csr-row,run_Gset_result_v5,2026-09-23 01:05
G-set,G72,512,1600,gemm-fp16,run_Gset_result_v5,2026-09-23 01:05
G-set,G72,512,1600,gemm-fp32,run_Gset_result_v5,2026-09-23 01:05
G-set,G72,512,1600,gemm-int8,run_Gset_result_v5,2026-09-23 01:05
G-set,G72,512,1600,gemm-tf32,run_Gset_result_v5,2026-09-23 01:05
G-set,G72,512,1600,public-matched,run_Gset_result_v5,2026-09-23 01:05
G-set,G72,512,3200,auto,run_Gset_result_v5,2026-09-23 04:33
G-set,G72,512,3200,csr-block,run_Gset_result_v5,2026-09-23 04:33
G-set,G72,512,3200,csr-row,run_Gset_result_v5,2026-09-23 04:33
G-set,G72,512,3200,gemm-fp16,run_Gset_result_v5,2026-09-23 04:33
G-set,G72,512,3200,gemm-fp32,run_Gset_result_v5,2026-09-23 04:33
G-set,G72,512,3200,gemm-int8,run_Gset_result_v5,2026-09-23 04:33
G-set,G72,512,3200,gemm-tf32,run_Gset_result_v5,2026-09-23 04:33
G-set,G72,512,3200,public-matched,run_Gset_result_v5,2026-09-23 04:33
G-set,G77,512,200,auto,run_Gset_result_v5_supp,2026-09-23 13:47
G-set,G77,512,200,csr-block,run_Gset_result_v5_supp,2026-09-23 13:47
G-set,G77,512,200,csr-row,run_Gset_result_v5_supp,2026-09-23 13:47
G-set,G77,512,200,gemm-fp16,run_Gset_result_v5_supp,2026-09-23 13:47
G-set,G77,512,200,gemm-fp32,run_Gset_result_v5_supp,2026-09-23 13:47
G-set,G77,512,200,gemm-int8,run_Gset_result_v5_supp,2026-09-23 13:47
G-set,G77,512,200,gemm-tf32,run_Gset_result_v5_supp,2026-09-23 13:47
G-set,G77,512,200,public-matched,run_Gset_result_v5_supp,2026-09-23 13:47
G-set,G77,512,400,auto,run_Gset_result_v5_supp,2026-09-23 13:56
G-set,G77,512,400,csr-block,run_Gset_result_v5_supp,2026-09-23 13:56
G-set,G77,512,400,csr-row,run_Gset_result_v5_supp,2026-09-23 13:56
G-set,G77,512,400,gemm-fp16,run_Gset_result_v5_supp,2026-09-23 13:56
G-set,G77,512,400,gemm-fp32,run_Gset_result_v5_supp,2026-09-23 13:56
G-set,G77,512,400,gemm-int8,run_Gset_result_v5_supp,2026-09-23 13:56
G-set,G77,512,400,gemm-tf32,run_Gset_result_v5_supp,2026-09-23 13:56
G-set,G77,512,400,public-matched,run_Gset_result_v5_supp,2026-09-23 13:56
G-set,G77,512,800,auto,run_Gset_result_v5_supp,2026-09-23 14:06
G-set,G77,512,800,csr-block,run_Gset_result_v5_supp,2026-09-23 14:06
G-set,G77,512,800,csr-row,run_Gset_result_v5_supp,2026-09-23 14:06
G-set,G77,512,800,gemm-fp16,run_Gset_result_v5_supp,2026-09-23 14:06
G-set,G77,512,800,gemm-fp32,run_Gset_result_v5_supp,2026-09-23 14:06
G-set,G77,512,800,gemm-int8,run_Gset_result_v5_supp,2026-09-23 14:06
G-set,G77,512,800,gemm-tf32,run_Gset_result_v5_supp,2026-09-23 14:06
G-set,G77,512,800,public-matched,run_Gset_result_v5_supp,2026-09-23 14:06
G-set,G77,512,1600,auto,run_Gset_result_v5_supp,2026-09-23 14:20
G-set,G77,512,1600,csr-block,run_Gset_result_v5_supp,2026-09-23 14:20
G-set,G77,512,1600,csr-row,run_Gset_result_v5_supp,2026-09-23 14:20
G-set,G77,512,1600,gemm-fp16,run_Gset_result_v5_supp,2026-09-23 14:20
G-set,G77,512,1600,gemm-fp32,run_Gset_result_v5_supp,2026-09-23 14:20
G-set,G77,512,1600,gemm-int8,run_Gset_result_v5_supp,2026-09-23 14:20
G-set,G77,512,1600,gemm-tf32,run_Gset_result_v5_supp,2026-09-23 14:20
G-set,G77,512,1600,public-matched,run_Gset_result_v5_supp,2026-09-23 14:20
G-set,G77,512,3200,auto,run_Gset_result_v5_supp,2026-09-23 14:40
G-set,G77,512,3200,csr-block,run_Gset_result_v5_supp,2026-09-23 14:40
G-set,G77,512,3200,csr-row,run_Gset_result_v5_supp,2026-09-23 14:40
G-set,G77,512,3200,gemm-fp16,run_Gset_result_v5_supp,2026-09-23 14:40
G-set,G77,512,3200,gemm-fp32,run_Gset_result_v5_supp,2026-09-23 14:40
G-set,G77,512,3200,gemm-int8,run_Gset_result_v5_supp,2026-09-23 14:40
G-set,G77,512,3200,gemm-tf32,run_Gset_result_v5_supp,2026-09-23 14:40
G-set,G77,512,3200,public-matched,run_Gset_result_v5_supp,2026-09-23 14:40
G-set,G81,512,200,auto,run_Gset_result_v5,2026-09-23 01:16
G-set,G81,512,200,csr-block,run_Gset_result_v5,2026-09-23 01:16
G-set,G81,512,200,csr-row,run_Gset_result_v5,2026-09-23 01:16
G-set,G81,512,200,gemm-fp16,run_Gset_result_v5,2026-09-23 01:16
G-set,G81,512,200,gemm-fp32,run_Gset_result_v5,2026-09-23 01:16
G-set,G81,512,200,gemm-int8,run_Gset_result_v5,2026-09-23 01:16
G-set,G81,512,200,gemm-tf32,run_Gset_result_v5,2026-09-23 01:16
G-set,G81,512,200,public-matched,run_Gset_result_v5,2026-09-23 01:16
G-set,G81,512,400,auto,run_Gset_result_v5,2026-09-23 01:35
G-set,G81,512,400,csr-block,run_Gset_result_v5,2026-09-23 01:35
G-set,G81,512,400,csr-row,run_Gset_result_v5,2026-09-23 01:35
G-set,G81,512,400,gemm-fp16,run_Gset_result_v5,2026-09-23 01:35
G-set,G81,512,400,gemm-fp32,run_Gset_result_v5,2026-09-23 01:35
G-set,G81,512,400,gemm-int8,run_Gset_result_v5,2026-09-23 01:35
G-set,G81,512,400,gemm-tf32,run_Gset_result_v5,2026-09-23 01:35
G-set,G81,512,400,public-matched,run_Gset_result_v5,2026-09-23 01:35
G-set,G81,512,800,auto,run_Gset_result_v5,2026-09-23 01:57
G-set,G81,512,800,csr-block,run_Gset_result_v5,2026-09-23 01:57
G-set,G81,512,800,csr-row,run_Gset_result_v5,2026-09-23 01:57
G-set,G81,512,800,gemm-fp16,run_Gset_result_v5,2026-09-23 01:57
G-set,G81,512,800,gemm-fp32,run_Gset_result_v5,2026-09-23 01:57
G-set,G81,512,800,gemm-int8,run_Gset_result_v5,2026-09-23 01:57
G-set,G81,512,800,gemm-tf32,run_Gset_result_v5,2026-09-23 01:57
G-set,G81,512,800,public-matched,run_Gset_result_v5,2026-09-23 01:57
G-set,G81,512,1600,auto,run_Gset_result_v5,2026-09-23 02:26
G-set,G81,512,1600,csr-block,run_Gset_result_v5,2026-09-23 02:26
G-set,G81,512,1600,csr-row,run_Gset_result_v5,2026-09-23 02:26
G-set,G81,512,1600,gemm-fp16,run_Gset_result_v5,2026-09-23 02:26
G-set,G81,512,1600,gemm-fp32,run_Gset_result_v5,2026-09-23 02:26
G-set,G81,512,1600,gemm-int8,run_Gset_result_v5,2026-09-23 02:26
G-set,G81,512,1600,gemm-tf32,run_Gset_result_v5,2026-09-23 02:26
G-set,G81,512,1600,public-matched,run_Gset_result_v5,2026-09-23 02:26
G-set,G81,512,3200,auto,run_Gset_result_v5,2026-09-23 04:51
G-set,G81,512,3200,csr-block,run_Gset_result_v5,2026-09-23 04:51
G-set,G81,512,3200,csr-row,run_Gset_result_v5,2026-09-23 04:51
G-set,G81,512,3200,gemm-fp16,run_Gset_result_v5,2026-09-23 04:51
G-set,G81,512,3200,gemm-fp32,run_Gset_result_v5,2026-09-23 04:51
G-set,G81,512,3200,gemm-int8,run_Gset_result_v5,2026-09-23 04:51
G-set,G81,512,3200,gemm-tf32,run_Gset_result_v5,2026-09-23 04:51
G-set,G81,512,3200,public-matched,run_Gset_result_v5,2026-09-23 04:51
K2000,WK2000_1,512,200,auto,run_K2000_result_v5,2026-09-22 20:05
K2000,WK2000_1,512,200,bit,run_K2000_result_v5,2026-09-22 20:05
K2000,WK2000_1,512,200,block,run_K2000_result_v5,2026-09-22 20:05
K2000,WK2000_1,512,200,block-fp16,run_K2000_result_v5,2026-09-22 20:05
K2000,WK2000_1,512,200,cluster,run_K2000_result_v5,2026-09-22 20:05
K2000,WK2000_1,512,200,cluster-fp16,run_K2000_result_v5,2026-09-22 20:05
K2000,WK2000_1,512,200,csr-block,run_K2000_result_v5,2026-09-22 20:05
K2000,WK2000_1,512,200,csr-cluster,run_K2000_result_v5,2026-09-22 20:05
K2000,WK2000_1,512,200,csr-row,run_K2000_result_v5,2026-09-22 20:05
K2000,WK2000_1,512,200,gemm-fp16,run_K2000_result_v5,2026-09-22 20:05
K2000,WK2000_1,512,200,gemm-fp32,run_K2000_result_v5,2026-09-22 20:05
K2000,WK2000_1,512,200,gemm-int8,run_K2000_result_v5,2026-09-22 20:05
K2000,WK2000_1,512,200,gemm-tf32,run_K2000_result_v5,2026-09-22 20:05
K2000,WK2000_1,512,200,global-sync,run_K2000_result_v5,2026-09-22 20:05
K2000,WK2000_1,512,200,global-sync-fp16,run_K2000_result_v5,2026-09-22 20:05
K2000,WK2000_1,512,200,public-matched,run_K2000_result_v5,2026-09-22 20:05
K2000,WK2000_1,512,400,auto,run_K2000_result_v5,2026-09-22 20:15
K2000,WK2000_1,512,400,bit,run_K2000_result_v5,2026-09-22 20:15
K2000,WK2000_1,512,400,block,run_K2000_result_v5,2026-09-22 20:15
K2000,WK2000_1,512,400,block-fp16,run_K2000_result_v5,2026-09-22 20:15
K2000,WK2000_1,512,400,cluster,run_K2000_result_v5,2026-09-22 20:15
K2000,WK2000_1,512,400,cluster-fp16,run_K2000_result_v5,2026-09-22 20:15
K2000,WK2000_1,512,400,csr-block,run_K2000_result_v5,2026-09-22 20:15
K2000,WK2000_1,512,400,csr-cluster,run_K2000_result_v5,2026-09-22 20:15
K2000,WK2000_1,512,400,csr-row,run_K2000_result_v5,2026-09-22 20:15
K2000,WK2000_1,512,400,gemm-fp16,run_K2000_result_v5,2026-09-22 20:15
K2000,WK2000_1,512,400,gemm-fp32,run_K2000_result_v5,2026-09-22 20:15
K2000,WK2000_1,512,400,gemm-int8,run_K2000_result_v5,2026-09-22 20:15
K2000,WK2000_1,512,400,gemm-tf32,run_K2000_result_v5,2026-09-22 20:15
K2000,WK2000_1,512,400,global-sync,run_K2000_result_v5,2026-09-22 20:15
K2000,WK2000_1,512,400,global-sync-fp16,run_K2000_result_v5,2026-09-22 20:15
K2000,WK2000_1,512,400,public-matched,run_K2000_result_v5,2026-09-22 20:15
K2000,WK2000_1,512,800,auto,run_K2000_result_v5,2026-09-22 20:32
K2000,WK2000_1,512,800,bit,run_K2000_result_v5,2026-09-22 20:32
K2000,WK2000_1,512,800,block,run_K2000_result_v5,2026-09-22 20:32
K2000,WK2000_1,512,800,block-fp16,run_K2000_result_v5,2026-09-22 20:32
K2000,WK2000_1,512,800,cluster,run_K2000_result_v5,2026-09-22 20:32
K2000,WK2000_1,512,800,cluster-fp16,run_K2000_result_v5,2026-09-22 20:32
K2000,WK2000_1,512,800,csr-block,run_K2000_result_v5,2026-09-22 20:32
K2000,WK2000_1,512,800,csr-cluster,run_K2000_result_v5,2026-09-22 20:32
K2000,WK2000_1,512,800,csr-row,run_K2000_result_v5,2026-09-22 20:32
K2000,WK2000_1,512,800,gemm-fp16,run_K2000_result_v5,2026-09-22 20:32
K2000,WK2000_1,512,800,gemm-fp32,run_K2000_result_v5,2026-09-22 20:32
K2000,WK2000_1,512,800,gemm-int8,run_K2000_result_v5,2026-09-22 20:32
K2000,WK2000_1,512,800,gemm-tf32,run_K2000_result_v5,2026-09-22 20:32
K2000,WK2000_1,512,800,global-sync,run_K2000_result_v5,2026-09-22 20:32
K2000,WK2000_1,512,800,global-sync-fp16,run_K2000_result_v5,2026-09-22 20:32
K2000,WK2000_1,512,800,public-matched,run_K2000_result_v5,2026-09-22 20:32
K2000,WK2000_1,512,1600,auto,run_K2000_result_v5,2026-09-22 21:07
K2000,WK2000_1,512,1600,bit,run_K2000_result_v5,2026-09-22 21:07
K2000,WK2000_1,512,1600,block,run_K2000_result_v5,2026-09-22 21:07
K2000,WK2000_1,512,1600,block-fp16,run_K2000_result_v5,2026-09-22 21:07
K2000,WK2000_1,512,1600,cluster,run_K2000_result_v5,2026-09-22 21:07
K2000,WK2000_1,512,1600,cluster-fp16,run_K2000_result_v5,2026-09-22 21:07
K2000,WK2000_1,512,1600,csr-block,run_K2000_result_v5,2026-09-22 21:07
K2000,WK2000_1,512,1600,csr-cluster,run_K2000_result_v5,2026-09-22 21:07
K2000,WK2000_1,512,1600,csr-row,run_K2000_result_v5,2026-09-22 21:07
K2000,WK2000_1,512,1600,gemm-fp16,run_K2000_result_v5,2026-09-22 21:07
K2000,WK2000_1,512,1600,gemm-fp32,run_K2000_result_v5,2026-09-22 21:07
K2000,WK2000_1,512,1600,gemm-int8,run_K2000_result_v5,2026-09-22 21:07
K2000,WK2000_1,512,1600,gemm-tf32,run_K2000_result_v5,2026-09-22 21:07
K2000,WK2000_1,512,1600,global-sync,run_K2000_result_v5,2026-09-22 21:07
K2000,WK2000_1,512,1600,global-sync-fp16,run_K2000_result_v5,2026-09-22 21:07
K2000,WK2000_1,512,1600,public-matched,run_K2000_result_v5,2026-09-22 21:07
K2000,WK2000_1,512,3200,auto,run_K2000_result_v5,2026-09-23 06:24
K2000,WK2000_1,512,3200,bit,run_K2000_result_v5,2026-09-23 06:24
K2000,WK2000_1,512,3200,block,run_K2000_result_v5,2026-09-23 06:24
K2000,WK2000_1,512,3200,csr-row,run_K2000_result_v5,2026-09-23 06:24
K2000,WK2000_1,512,3200,gemm-fp16,run_K2000_result_v5,2026-09-23 06:24
K2000,WK2000_1,512,3200,gemm-fp32,run_K2000_result_v5,2026-09-23 06:24
K2000,WK2000_1,512,3200,gemm-int8,run_K2000_result_v5,2026-09-23 06:24
K2000,WK2000_1,512,3200,gemm-tf32,run_K2000_result_v5,2026-09-23 06:24
K2000,WK2000_1,512,3200,public-matched,run_K2000_result_v5,2026-09-23 06:24
QPLIB,QPLIB_3506,1024,200,auto,run_qplib_result_v5_supp,2026-09-23 10:33
QPLIB,QPLIB_3506,1024,200,bit,run_qplib_result_v5_supp,2026-09-23 10:33
QPLIB,QPLIB_3506,1024,200,block,run_qplib_result_v5,2026-09-23 03:09
QPLIB,QPLIB_3506,1024,200,csr-block,run_qplib_result_v5,2026-09-23 03:09
QPLIB,QPLIB_3506,1024,200,csr-row,run_qplib_result_v5,2026-09-23 03:09
QPLIB,QPLIB_3506,1024,200,gemm-fp16,run_qplib_result_v5,2026-09-23 03:09
QPLIB,QPLIB_3506,1024,200,gemm-fp32,run_qplib_result_v5_supp,2026-09-23 10:33
QPLIB,QPLIB_3506,1024,200,gemm-int8,run_qplib_result_v5,2026-09-23 03:09
QPLIB,QPLIB_3506,1024,200,gemm-tf32,run_qplib_result_v5,2026-09-23 03:09
QPLIB,QPLIB_3506,1024,200,public-matched,run_qplib_result_v5_supp,2026-09-23 10:33
QPLIB,QPLIB_3506,1024,400,auto,run_qplib_result_v5_supp,2026-09-23 10:33
QPLIB,QPLIB_3506,1024,400,bit,run_qplib_result_v5_supp,2026-09-23 10:33
QPLIB,QPLIB_3506,1024,400,block,run_qplib_result_v5,2026-09-23 03:09
QPLIB,QPLIB_3506,1024,400,csr-block,run_qplib_result_v5,2026-09-23 03:09
QPLIB,QPLIB_3506,1024,400,csr-row,run_qplib_result_v5,2026-09-23 03:09
QPLIB,QPLIB_3506,1024,400,gemm-fp16,run_qplib_result_v5,2026-09-23 03:09
QPLIB,QPLIB_3506,1024,400,gemm-fp32,run_qplib_result_v5_supp,2026-09-23 10:33
QPLIB,QPLIB_3506,1024,400,gemm-int8,run_qplib_result_v5,2026-09-23 03:09
QPLIB,QPLIB_3506,1024,400,gemm-tf32,run_qplib_result_v5,2026-09-23 03:09
QPLIB,QPLIB_3506,1024,400,public-matched,run_qplib_result_v5_supp,2026-09-23 10:33
QPLIB,QPLIB_3506,1024,800,auto,run_qplib_result_v5_supp,2026-09-23 10:33
QPLIB,QPLIB_3506,1024,800,bit,run_qplib_result_v5_supp,2026-09-23 10:33
QPLIB,QPLIB_3506,1024,800,block,run_qplib_result_v5,2026-09-23 03:10
QPLIB,QPLIB_3506,1024,800,csr-block,run_qplib_result_v5,2026-09-23 03:10
QPLIB,QPLIB_3506,1024,800,csr-row,run_qplib_result_v5,2026-09-23 03:10
QPLIB,QPLIB_3506,1024,800,gemm-fp16,run_qplib_result_v5,2026-09-23 03:10
QPLIB,QPLIB_3506,1024,800,gemm-fp32,run_qplib_result_v5_supp,2026-09-23 10:33
QPLIB,QPLIB_3506,1024,800,gemm-int8,run_qplib_result_v5,2026-09-23 03:10
QPLIB,QPLIB_3506,1024,800,gemm-tf32,run_qplib_result_v5,2026-09-23 03:10
QPLIB,QPLIB_3506,1024,800,public-matched,run_qplib_result_v5_supp,2026-09-23 10:33
QPLIB,QPLIB_3506,1024,1600,auto,run_qplib_result_v5_supp,2026-09-23 10:33
QPLIB,QPLIB_3506,1024,1600,bit,run_qplib_result_v5_supp,2026-09-23 10:33
QPLIB,QPLIB_3506,1024,1600,block,run_qplib_result_v5,2026-09-23 03:10
QPLIB,QPLIB_3506,1024,1600,csr-block,run_qplib_result_v5,2026-09-23 03:10
QPLIB,QPLIB_3506,1024,1600,csr-row,run_qplib_result_v5,2026-09-23 03:10
QPLIB,QPLIB_3506,1024,1600,gemm-fp16,run_qplib_result_v5,2026-09-23 03:10
QPLIB,QPLIB_3506,1024,1600,gemm-fp32,run_qplib_result_v5_supp,2026-09-23 10:33
QPLIB,QPLIB_3506,1024,1600,gemm-int8,run_qplib_result_v5,2026-09-23 03:10
QPLIB,QPLIB_3506,1024,1600,gemm-tf32,run_qplib_result_v5,2026-09-23 03:10
QPLIB,QPLIB_3506,1024,1600,public-matched,run_qplib_result_v5_supp,2026-09-23 10:33
QPLIB,QPLIB_3506,1024,3200,auto,run_qplib_result_v5_supp,2026-09-23 10:34
QPLIB,QPLIB_3506,1024,3200,bit,run_qplib_result_v5_supp,2026-09-23 10:34
QPLIB,QPLIB_3506,1024,3200,block,run_qplib_result_v5,2026-09-23 06:01
QPLIB,QPLIB_3506,1024,3200,csr-block,run_qplib_result_v5,2026-09-23 06:01
QPLIB,QPLIB_3506,1024,3200,csr-row,run_qplib_result_v5,2026-09-23 06:01
QPLIB,QPLIB_3506,1024,3200,gemm-fp16,run_qplib_result_v5,2026-09-23 06:01
QPLIB,QPLIB_3506,1024,3200,gemm-fp32,run_qplib_result_v5_supp,2026-09-23 10:34
QPLIB,QPLIB_3506,1024,3200,gemm-int8,run_qplib_result_v5,2026-09-23 06:01
QPLIB,QPLIB_3506,1024,3200,gemm-tf32,run_qplib_result_v5,2026-09-23 06:01
QPLIB,QPLIB_3506,1024,3200,public-matched,run_qplib_result_v5_supp,2026-09-23 10:34
QPLIB,QPLIB_3565,2048,200,auto,run_qplib_result_v5_supp,2026-09-23 10:35
QPLIB,QPLIB_3565,2048,200,block,run_qplib_result_v5,2026-09-23 03:11
QPLIB,QPLIB_3565,2048,200,csr-block,run_qplib_result_v5,2026-09-23 03:11
QPLIB,QPLIB_3565,2048,200,csr-row,run_qplib_result_v5,2026-09-23 03:11
QPLIB,QPLIB_3565,2048,200,gemm-fp16,run_qplib_result_v5,2026-09-23 03:11
QPLIB,QPLIB_3565,2048,200,gemm-fp32,run_qplib_result_v5_supp,2026-09-23 10:35
QPLIB,QPLIB_3565,2048,200,gemm-int8,run_qplib_result_v5,2026-09-23 03:11
QPLIB,QPLIB_3565,2048,200,gemm-tf32,run_qplib_result_v5,2026-09-23 03:11
QPLIB,QPLIB_3565,2048,200,public-matched,run_qplib_result_v5_supp,2026-09-23 10:35
QPLIB,QPLIB_3565,2048,400,auto,run_qplib_result_v5_supp,2026-09-23 10:35
QPLIB,QPLIB_3565,2048,400,block,run_qplib_result_v5,2026-09-23 03:11
QPLIB,QPLIB_3565,2048,400,csr-block,run_qplib_result_v5,2026-09-23 03:11
QPLIB,QPLIB_3565,2048,400,csr-row,run_qplib_result_v5,2026-09-23 03:11
QPLIB,QPLIB_3565,2048,400,gemm-fp16,run_qplib_result_v5,2026-09-23 03:11
QPLIB,QPLIB_3565,2048,400,gemm-fp32,run_qplib_result_v5_supp,2026-09-23 10:35
QPLIB,QPLIB_3565,2048,400,gemm-int8,run_qplib_result_v5,2026-09-23 03:11
QPLIB,QPLIB_3565,2048,400,gemm-tf32,run_qplib_result_v5,2026-09-23 03:11
QPLIB,QPLIB_3565,2048,400,public-matched,run_qplib_result_v5_supp,2026-09-23 10:35
QPLIB,QPLIB_3565,2048,800,auto,run_qplib_result_v5_supp,2026-09-23 10:35
QPLIB,QPLIB_3565,2048,800,block,run_qplib_result_v5,2026-09-23 03:12
QPLIB,QPLIB_3565,2048,800,csr-block,run_qplib_result_v5,2026-09-23 03:12
QPLIB,QPLIB_3565,2048,800,csr-row,run_qplib_result_v5,2026-09-23 03:12
QPLIB,QPLIB_3565,2048,800,gemm-fp16,run_qplib_result_v5,2026-09-23 03:12
QPLIB,QPLIB_3565,2048,800,gemm-fp32,run_qplib_result_v5_supp,2026-09-23 10:35
QPLIB,QPLIB_3565,2048,800,gemm-int8,run_qplib_result_v5,2026-09-23 03:12
QPLIB,QPLIB_3565,2048,800,gemm-tf32,run_qplib_result_v5,2026-09-23 03:12
QPLIB,QPLIB_3565,2048,800,public-matched,run_qplib_result_v5_supp,2026-09-23 10:35
QPLIB,QPLIB_3565,2048,1600,auto,run_qplib_result_v5_supp,2026-09-23 10:35
QPLIB,QPLIB_3565,2048,1600,block,run_qplib_result_v5,2026-09-23 03:12
QPLIB,QPLIB_3565,2048,1600,csr-block,run_qplib_result_v5,2026-09-23 03:12
QPLIB,QPLIB_3565,2048,1600,csr-row,run_qplib_result_v5,2026-09-23 03:12
QPLIB,QPLIB_3565,2048,1600,gemm-fp16,run_qplib_result_v5,2026-09-23 03:12
QPLIB,QPLIB_3565,2048,1600,gemm-fp32,run_qplib_result_v5_supp,2026-09-23 10:35
QPLIB,QPLIB_3565,2048,1600,gemm-int8,run_qplib_result_v5,2026-09-23 03:12
QPLIB,QPLIB_3565,2048,1600,gemm-tf32,run_qplib_result_v5,2026-09-23 03:12
QPLIB,QPLIB_3565,2048,1600,public-matched,run_qplib_result_v5_supp,2026-09-23 10:35
QPLIB,QPLIB_3565,2048,3200,auto,run_qplib_result_v5_supp,2026-09-23 10:36
QPLIB,QPLIB_3565,2048,3200,block,run_qplib_result_v5,2026-09-23 06:03
QPLIB,QPLIB_3565,2048,3200,csr-block,run_qplib_result_v5,2026-09-23 06:03
QPLIB,QPLIB_3565,2048,3200,csr-row,run_qplib_result_v5,2026-09-23 06:03
QPLIB,QPLIB_3565,2048,3200,gemm-fp16,run_qplib_result_v5,2026-09-23 06:03
QPLIB,QPLIB_3565,2048,3200,gemm-fp32,run_qplib_result_v5_supp,2026-09-23 10:36
QPLIB,QPLIB_3565,2048,3200,gemm-int8,run_qplib_result_v5,2026-09-23 06:03
QPLIB,QPLIB_3565,2048,3200,gemm-tf32,run_qplib_result_v5,2026-09-23 06:03
QPLIB,QPLIB_3565,2048,3200,public-matched,run_qplib_result_v5_supp,2026-09-23 10:36
QPLIB,QPLIB_3642,256,200,auto,run_qplib_result_v5_supp,2026-09-23 10:37
QPLIB,QPLIB_3642,256,200,bit,run_qplib_result_v5_supp,2026-09-23 10:37
QPLIB,QPLIB_3642,256,200,block,run_qplib_result_v5,2026-09-23 03:13
QPLIB,QPLIB_3642,256,200,csr-block,run_qplib_result_v5,2026-09-23 03:13
QPLIB,QPLIB_3642,256,200,csr-row,run_qplib_result_v5,2026-09-23 03:13
QPLIB,QPLIB_3642,256,200,gemm-fp16,run_qplib_result_v5,2026-09-23 03:13
QPLIB,QPLIB_3642,256,200,gemm-fp32,run_qplib_result_v5_supp,2026-09-23 10:37
QPLIB,QPLIB_3642,256,200,gemm-int8,run_qplib_result_v5,2026-09-23 03:13
QPLIB,QPLIB_3642,256,200,gemm-tf32,run_qplib_result_v5,2026-09-23 03:13
QPLIB,QPLIB_3642,256,200,public-matched,run_qplib_result_v5_supp,2026-09-23 10:37
QPLIB,QPLIB_3642,256,400,auto,run_qplib_result_v5_supp,2026-09-23 10:37
QPLIB,QPLIB_3642,256,400,bit,run_qplib_result_v5_supp,2026-09-23 10:37
QPLIB,QPLIB_3642,256,400,block,run_qplib_result_v5,2026-09-23 03:13
QPLIB,QPLIB_3642,256,400,csr-block,run_qplib_result_v5,2026-09-23 03:13
QPLIB,QPLIB_3642,256,400,csr-row,run_qplib_result_v5,2026-09-23 03:13
QPLIB,QPLIB_3642,256,400,gemm-fp16,run_qplib_result_v5,2026-09-23 03:13
QPLIB,QPLIB_3642,256,400,gemm-fp32,run_qplib_result_v5_supp,2026-09-23 10:37
QPLIB,QPLIB_3642,256,400,gemm-int8,run_qplib_result_v5,2026-09-23 03:13
QPLIB,QPLIB_3642,256,400,gemm-tf32,run_qplib_result_v5,2026-09-23 03:13
QPLIB,QPLIB_3642,256,400,public-matched,run_qplib_result_v5_supp,2026-09-23 10:37
QPLIB,QPLIB_3642,256,800,auto,run_qplib_result_v5_supp,2026-09-23 10:37
QPLIB,QPLIB_3642,256,800,bit,run_qplib_result_v5_supp,2026-09-23 10:37
QPLIB,QPLIB_3642,256,800,block,run_qplib_result_v5,2026-09-23 03:13
QPLIB,QPLIB_3642,256,800,csr-block,run_qplib_result_v5,2026-09-23 03:13
QPLIB,QPLIB_3642,256,800,csr-row,run_qplib_result_v5,2026-09-23 03:13
QPLIB,QPLIB_3642,256,800,gemm-fp16,run_qplib_result_v5,2026-09-23 03:13
QPLIB,QPLIB_3642,256,800,gemm-fp32,run_qplib_result_v5_supp,2026-09-23 10:37
QPLIB,QPLIB_3642,256,800,gemm-int8,run_qplib_result_v5,2026-09-23 03:13
QPLIB,QPLIB_3642,256,800,gemm-tf32,run_qplib_result_v5,2026-09-23 03:13
QPLIB,QPLIB_3642,256,800,public-matched,run_qplib_result_v5_supp,2026-09-23 10:37
QPLIB,QPLIB_3642,256,1600,auto,run_qplib_result_v5_supp,2026-09-23 10:37
QPLIB,QPLIB_3642,256,1600,bit,run_qplib_result_v5_supp,2026-09-23 10:37
QPLIB,QPLIB_3642,256,1600,block,run_qplib_result_v5,2026-09-23 03:14
QPLIB,QPLIB_3642,256,1600,csr-block,run_qplib_result_v5,2026-09-23 03:14
QPLIB,QPLIB_3642,256,1600,csr-row,run_qplib_result_v5,2026-09-23 03:14
QPLIB,QPLIB_3642,256,1600,gemm-fp16,run_qplib_result_v5,2026-09-23 03:14
QPLIB,QPLIB_3642,256,1600,gemm-fp32,run_qplib_result_v5_supp,2026-09-23 10:37
QPLIB,QPLIB_3642,256,1600,gemm-int8,run_qplib_result_v5,2026-09-23 03:14
QPLIB,QPLIB_3642,256,1600,gemm-tf32,run_qplib_result_v5,2026-09-23 03:14
QPLIB,QPLIB_3642,256,1600,public-matched,run_qplib_result_v5_supp,2026-09-23 10:37
QPLIB,QPLIB_3642,256,3200,auto,run_qplib_result_v5_supp,2026-09-23 10:38
QPLIB,QPLIB_3642,256,3200,bit,run_qplib_result_v5_supp,2026-09-23 10:38
QPLIB,QPLIB_3642,256,3200,block,run_qplib_result_v5,2026-09-23 06:04
QPLIB,QPLIB_3642,256,3200,csr-block,run_qplib_result_v5,2026-09-23 06:04
QPLIB,QPLIB_3642,256,3200,csr-row,run_qplib_result_v5,2026-09-23 06:04
QPLIB,QPLIB_3642,256,3200,gemm-fp16,run_qplib_result_v5,2026-09-23 06:04
QPLIB,QPLIB_3642,256,3200,gemm-fp32,run_qplib_result_v5_supp,2026-09-23 10:38
QPLIB,QPLIB_3642,256,3200,gemm-int8,run_qplib_result_v5,2026-09-23 06:04
QPLIB,QPLIB_3642,256,3200,gemm-tf32,run_qplib_result_v5,2026-09-23 06:04
QPLIB,QPLIB_3642,256,3200,public-matched,run_qplib_result_v5_supp,2026-09-23 10:38
QPLIB,QPLIB_3650,256,200,auto,run_qplib_result_v5_supp,2026-09-23 10:39
QPLIB,QPLIB_3650,256,200,bit,run_qplib_result_v5_supp,2026-09-23 10:39
QPLIB,QPLIB_3650,256,200,block,run_qplib_result_v5,2026-09-23 03:14
QPLIB,QPLIB_3650,256,200,csr-block,run_qplib_result_v5,2026-09-23 03:14
QPLIB,QPLIB_3650,256,200,csr-row,run_qplib_result_v5,2026-09-23 03:14
QPLIB,QPLIB_3650,256,200,gemm-fp16,run_qplib_result_v5,2026-09-23 03:14
QPLIB,QPLIB_3650,256,200,gemm-fp32,run_qplib_result_v5_supp,2026-09-23 10:39
QPLIB,QPLIB_3650,256,200,gemm-int8,run_qplib_result_v5,2026-09-23 03:14
QPLIB,QPLIB_3650,256,200,gemm-tf32,run_qplib_result_v5,2026-09-23 03:14
QPLIB,QPLIB_3650,256,200,public-matched,run_qplib_result_v5_supp,2026-09-23 10:39
QPLIB,QPLIB_3650,256,400,auto,run_qplib_result_v5_supp,2026-09-23 10:39
QPLIB,QPLIB_3650,256,400,bit,run_qplib_result_v5_supp,2026-09-23 10:39
QPLIB,QPLIB_3650,256,400,block,run_qplib_result_v5,2026-09-23 03:15
QPLIB,QPLIB_3650,256,400,csr-block,run_qplib_result_v5,2026-09-23 03:15
QPLIB,QPLIB_3650,256,400,csr-row,run_qplib_result_v5,2026-09-23 03:15
QPLIB,QPLIB_3650,256,400,gemm-fp16,run_qplib_result_v5,2026-09-23 03:15
QPLIB,QPLIB_3650,256,400,gemm-fp32,run_qplib_result_v5_supp,2026-09-23 10:39
QPLIB,QPLIB_3650,256,400,gemm-int8,run_qplib_result_v5,2026-09-23 03:15
QPLIB,QPLIB_3650,256,400,gemm-tf32,run_qplib_result_v5,2026-09-23 03:15
QPLIB,QPLIB_3650,256,400,public-matched,run_qplib_result_v5_supp,2026-09-23 10:39
QPLIB,QPLIB_3650,256,800,auto,run_qplib_result_v5_supp,2026-09-23 10:39
QPLIB,QPLIB_3650,256,800,bit,run_qplib_result_v5_supp,2026-09-23 10:39
QPLIB,QPLIB_3650,256,800,block,run_qplib_result_v5,2026-09-23 03:15
QPLIB,QPLIB_3650,256,800,csr-block,run_qplib_result_v5,2026-09-23 03:15
QPLIB,QPLIB_3650,256,800,csr-row,run_qplib_result_v5,2026-09-23 03:15
QPLIB,QPLIB_3650,256,800,gemm-fp16,run_qplib_result_v5,2026-09-23 03:15
QPLIB,QPLIB_3650,256,800,gemm-fp32,run_qplib_result_v5_supp,2026-09-23 10:39
QPLIB,QPLIB_3650,256,800,gemm-int8,run_qplib_result_v5,2026-09-23 03:15
QPLIB,QPLIB_3650,256,800,gemm-tf32,run_qplib_result_v5,2026-09-23 03:15
QPLIB,QPLIB_3650,256,800,public-matched,run_qplib_result_v5_supp,2026-09-23 10:39
QPLIB,QPLIB_3650,256,1600,auto,run_qplib_result_v5_supp,2026-09-23 10:39
QPLIB,QPLIB_3650,256,1600,bit,run_qplib_result_v5_supp,2026-09-23 10:39
QPLIB,QPLIB_3650,256,1600,block,run_qplib_result_v5,2026-09-23 03:15
QPLIB,QPLIB_3650,256,1600,csr-block,run_qplib_result_v5,2026-09-23 03:15
QPLIB,QPLIB_3650,256,1600,csr-row,run_qplib_result_v5,2026-09-23 03:15
QPLIB,QPLIB_3650,256,1600,gemm-fp16,run_qplib_result_v5,2026-09-23 03:15
QPLIB,QPLIB_3650,256,1600,gemm-fp32,run_qplib_result_v5_supp,2026-09-23 10:39
QPLIB,QPLIB_3650,256,1600,gemm-int8,run_qplib_result_v5,2026-09-23 03:15
QPLIB,QPLIB_3650,256,1600,gemm-tf32,run_qplib_result_v5,2026-09-23 03:15
QPLIB,QPLIB_3650,256,1600,public-matched,run_qplib_result_v5_supp,2026-09-23 10:39
QPLIB,QPLIB_3650,256,3200,auto,run_qplib_result_v5_supp,2026-09-23 10:40
QPLIB,QPLIB_3650,256,3200,bit,run_qplib_result_v5_supp,2026-09-23 10:40
QPLIB,QPLIB_3650,256,3200,block,run_qplib_result_v5,2026-09-23 06:05
QPLIB,QPLIB_3650,256,3200,csr-block,run_qplib_result_v5,2026-09-23 06:05
QPLIB,QPLIB_3650,256,3200,csr-row,run_qplib_result_v5,2026-09-23 06:05
QPLIB,QPLIB_3650,256,3200,gemm-fp16,run_qplib_result_v5,2026-09-23 06:05
QPLIB,QPLIB_3650,256,3200,gemm-fp32,run_qplib_result_v5_supp,2026-09-23 10:40
QPLIB,QPLIB_3650,256,3200,gemm-int8,run_qplib_result_v5,2026-09-23 06:05
QPLIB,QPLIB_3650,256,3200,gemm-tf32,run_qplib_result_v5,2026-09-23 06:05
QPLIB,QPLIB_3650,256,3200,public-matched,run_qplib_result_v5_supp,2026-09-23 10:40
QPLIB,QPLIB_3693,256,200,auto,run_qplib_result_v5_supp,2026-09-23 10:41
QPLIB,QPLIB_3693,256,200,bit,run_qplib_result_v5_supp,2026-09-23 10:41
QPLIB,QPLIB_3693,256,200,block,run_qplib_result_v5,2026-09-23 03:16
QPLIB,QPLIB_3693,256,200,csr-block,run_qplib_result_v5,2026-09-23 03:16
QPLIB,QPLIB_3693,256,200,csr-row,run_qplib_result_v5,2026-09-23 03:16
QPLIB,QPLIB_3693,256,200,gemm-fp16,run_qplib_result_v5,2026-09-23 03:16
QPLIB,QPLIB_3693,256,200,gemm-fp32,run_qplib_result_v5_supp,2026-09-23 10:41
QPLIB,QPLIB_3693,256,200,gemm-int8,run_qplib_result_v5,2026-09-23 03:16
QPLIB,QPLIB_3693,256,200,gemm-tf32,run_qplib_result_v5,2026-09-23 03:16
QPLIB,QPLIB_3693,256,200,public-matched,run_qplib_result_v5_supp,2026-09-23 10:41
QPLIB,QPLIB_3693,256,400,auto,run_qplib_result_v5_supp,2026-09-23 10:41
QPLIB,QPLIB_3693,256,400,bit,run_qplib_result_v5_supp,2026-09-23 10:41
QPLIB,QPLIB_3693,256,400,block,run_qplib_result_v5,2026-09-23 03:16
QPLIB,QPLIB_3693,256,400,csr-block,run_qplib_result_v5,2026-09-23 03:16
QPLIB,QPLIB_3693,256,400,csr-row,run_qplib_result_v5,2026-09-23 03:16
QPLIB,QPLIB_3693,256,400,gemm-fp16,run_qplib_result_v5,2026-09-23 03:16
QPLIB,QPLIB_3693,256,400,gemm-fp32,run_qplib_result_v5_supp,2026-09-23 10:41
QPLIB,QPLIB_3693,256,400,gemm-int8,run_qplib_result_v5,2026-09-23 03:16
QPLIB,QPLIB_3693,256,400,gemm-tf32,run_qplib_result_v5,2026-09-23 03:16
QPLIB,QPLIB_3693,256,400,public-matched,run_qplib_result_v5_supp,2026-09-23 10:41
QPLIB,QPLIB_3693,256,800,auto,run_qplib_result_v5_supp,2026-09-23 10:41
QPLIB,QPLIB_3693,256,800,bit,run_qplib_result_v5_supp,2026-09-23 10:41
QPLIB,QPLIB_3693,256,800,block,run_qplib_result_v5,2026-09-23 03:17
QPLIB,QPLIB_3693,256,800,csr-block,run_qplib_result_v5,2026-09-23 03:17
QPLIB,QPLIB_3693,256,800,csr-row,run_qplib_result_v5,2026-09-23 03:17
QPLIB,QPLIB_3693,256,800,gemm-fp16,run_qplib_result_v5,2026-09-23 03:17
QPLIB,QPLIB_3693,256,800,gemm-fp32,run_qplib_result_v5_supp,2026-09-23 10:41
QPLIB,QPLIB_3693,256,800,gemm-int8,run_qplib_result_v5,2026-09-23 03:17
QPLIB,QPLIB_3693,256,800,gemm-tf32,run_qplib_result_v5,2026-09-23 03:17
QPLIB,QPLIB_3693,256,800,public-matched,run_qplib_result_v5_supp,2026-09-23 10:41
QPLIB,QPLIB_3693,256,1600,auto,run_qplib_result_v5_supp,2026-09-23 10:41
QPLIB,QPLIB_3693,256,1600,bit,run_qplib_result_v5_supp,2026-09-23 10:41
QPLIB,QPLIB_3693,256,1600,block,run_qplib_result_v5,2026-09-23 03:17
QPLIB,QPLIB_3693,256,1600,csr-block,run_qplib_result_v5,2026-09-23 03:17
QPLIB,QPLIB_3693,256,1600,csr-row,run_qplib_result_v5,2026-09-23 03:17
QPLIB,QPLIB_3693,256,1600,gemm-fp16,run_qplib_result_v5,2026-09-23 03:17
QPLIB,QPLIB_3693,256,1600,gemm-fp32,run_qplib_result_v5_supp,2026-09-23 10:41
QPLIB,QPLIB_3693,256,1600,gemm-int8,run_qplib_result_v5,2026-09-23 03:17
QPLIB,QPLIB_3693,256,1600,gemm-tf32,run_qplib_result_v5,2026-09-23 03:17
QPLIB,QPLIB_3693,256,1600,public-matched,run_qplib_result_v5_supp,2026-09-23 10:41
QPLIB,QPLIB_3693,256,3200,auto,run_qplib_result_v5_supp,2026-09-23 10:42
QPLIB,QPLIB_3693,256,3200,bit,run_qplib_result_v5_supp,2026-09-23 10:42
QPLIB,QPLIB_3693,256,3200,block,run_qplib_result_v5,2026-09-23 06:06
QPLIB,QPLIB_3693,256,3200,csr-block,run_qplib_result_v5,2026-09-23 06:06
QPLIB,QPLIB_3693,256,3200,csr-row,run_qplib_result_v5,2026-09-23 06:06
QPLIB,QPLIB_3693,256,3200,gemm-fp16,run_qplib_result_v5,2026-09-23 06:06
QPLIB,QPLIB_3693,256,3200,gemm-fp32,run_qplib_result_v5_supp,2026-09-23 10:42
QPLIB,QPLIB_3693,256,3200,gemm-int8,run_qplib_result_v5,2026-09-23 06:06
QPLIB,QPLIB_3693,256,3200,gemm-tf32,run_qplib_result_v5,2026-09-23 06:06
QPLIB,QPLIB_3693,256,3200,public-matched,run_qplib_result_v5_supp,2026-09-23 10:42
QPLIB,QPLIB_3705,1024,200,auto,run_qplib_result_v5_supp,2026-09-23 10:43
QPLIB,QPLIB_3705,1024,200,bit,run_qplib_result_v5_supp,2026-09-23 10:43
QPLIB,QPLIB_3705,1024,200,block,run_qplib_result_v5,2026-09-23 03:18
QPLIB,QPLIB_3705,1024,200,csr-block,run_qplib_result_v5,2026-09-23 03:18
QPLIB,QPLIB_3705,1024,200,csr-row,run_qplib_result_v5,2026-09-23 03:18
QPLIB,QPLIB_3705,1024,200,gemm-fp16,run_qplib_result_v5,2026-09-23 03:18
QPLIB,QPLIB_3705,1024,200,gemm-fp32,run_qplib_result_v5_supp,2026-09-23 10:43
QPLIB,QPLIB_3705,1024,200,gemm-int8,run_qplib_result_v5,2026-09-23 03:18
QPLIB,QPLIB_3705,1024,200,gemm-tf32,run_qplib_result_v5,2026-09-23 03:18
QPLIB,QPLIB_3705,1024,200,public-matched,run_qplib_result_v5_supp,2026-09-23 10:43
QPLIB,QPLIB_3705,1024,400,auto,run_qplib_result_v5_supp,2026-09-23 10:43
QPLIB,QPLIB_3705,1024,400,bit,run_qplib_result_v5_supp,2026-09-23 10:43
QPLIB,QPLIB_3705,1024,400,block,run_qplib_result_v5,2026-09-23 03:18
QPLIB,QPLIB_3705,1024,400,csr-block,run_qplib_result_v5,2026-09-23 03:18
QPLIB,QPLIB_3705,1024,400,csr-row,run_qplib_result_v5,2026-09-23 03:18
QPLIB,QPLIB_3705,1024,400,gemm-fp16,run_qplib_result_v5,2026-09-23 03:18
QPLIB,QPLIB_3705,1024,400,gemm-fp32,run_qplib_result_v5_supp,2026-09-23 10:43
QPLIB,QPLIB_3705,1024,400,gemm-int8,run_qplib_result_v5,2026-09-23 03:18
QPLIB,QPLIB_3705,1024,400,gemm-tf32,run_qplib_result_v5,2026-09-23 03:18
QPLIB,QPLIB_3705,1024,400,public-matched,run_qplib_result_v5_supp,2026-09-23 10:43
QPLIB,QPLIB_3705,1024,800,auto,run_qplib_result_v5_supp,2026-09-23 10:43
QPLIB,QPLIB_3705,1024,800,bit,run_qplib_result_v5_supp,2026-09-23 10:43
QPLIB,QPLIB_3705,1024,800,block,run_qplib_result_v5,2026-09-23 03:18
QPLIB,QPLIB_3705,1024,800,csr-block,run_qplib_result_v5,2026-09-23 03:18
QPLIB,QPLIB_3705,1024,800,csr-row,run_qplib_result_v5,2026-09-23 03:18
QPLIB,QPLIB_3705,1024,800,gemm-fp16,run_qplib_result_v5,2026-09-23 03:18
QPLIB,QPLIB_3705,1024,800,gemm-fp32,run_qplib_result_v5_supp,2026-09-23 10:43
QPLIB,QPLIB_3705,1024,800,gemm-int8,run_qplib_result_v5,2026-09-23 03:18
QPLIB,QPLIB_3705,1024,800,gemm-tf32,run_qplib_result_v5,2026-09-23 03:18
QPLIB,QPLIB_3705,1024,800,public-matched,run_qplib_result_v5_supp,2026-09-23 10:43
QPLIB,QPLIB_3705,1024,1600,auto,run_qplib_result_v5_supp,2026-09-23 10:43
QPLIB,QPLIB_3705,1024,1600,bit,run_qplib_result_v5_supp,2026-09-23 10:43
QPLIB,QPLIB_3705,1024,1600,block,run_qplib_result_v5,2026-09-23 03:19
QPLIB,QPLIB_3705,1024,1600,csr-block,run_qplib_result_v5,2026-09-23 03:19
QPLIB,QPLIB_3705,1024,1600,csr-row,run_qplib_result_v5,2026-09-23 03:19
QPLIB,QPLIB_3705,1024,1600,gemm-fp16,run_qplib_result_v5,2026-09-23 03:19
QPLIB,QPLIB_3705,1024,1600,gemm-fp32,run_qplib_result_v5_supp,2026-09-23 10:43
QPLIB,QPLIB_3705,1024,1600,gemm-int8,run_qplib_result_v5,2026-09-23 03:19
QPLIB,QPLIB_3705,1024,1600,gemm-tf32,run_qplib_result_v5,2026-09-23 03:19
QPLIB,QPLIB_3705,1024,1600,public-matched,run_qplib_result_v5_supp,2026-09-23 10:43
QPLIB,QPLIB_3705,1024,3200,auto,run_qplib_result_v5_supp,2026-09-23 10:44
QPLIB,QPLIB_3705,1024,3200,bit,run_qplib_result_v5_supp,2026-09-23 10:44
QPLIB,QPLIB_3705,1024,3200,block,run_qplib_result_v5,2026-09-23 06:08
QPLIB,QPLIB_3705,1024,3200,csr-block,run_qplib_result_v5,2026-09-23 06:08
QPLIB,QPLIB_3705,1024,3200,csr-row,run_qplib_result_v5,2026-09-23 06:08
QPLIB,QPLIB_3705,1024,3200,gemm-fp16,run_qplib_result_v5,2026-09-23 06:08
QPLIB,QPLIB_3705,1024,3200,gemm-fp32,run_qplib_result_v5_supp,2026-09-23 10:44
QPLIB,QPLIB_3705,1024,3200,gemm-int8,run_qplib_result_v5,2026-09-23 06:08
QPLIB,QPLIB_3705,1024,3200,gemm-tf32,run_qplib_result_v5,2026-09-23 06:08
QPLIB,QPLIB_3705,1024,3200,public-matched,run_qplib_result_v5_supp,2026-09-23 10:44
QPLIB,QPLIB_3706,512,200,auto,run_qplib_result_v5_supp,2026-09-23 10:44
QPLIB,QPLIB_3706,512,200,bit,run_qplib_result_v5_supp,2026-09-23 10:44
QPLIB,QPLIB_3706,512,200,block,run_qplib_result_v5,2026-09-23 03:19
QPLIB,QPLIB_3706,512,200,csr-block,run_qplib_result_v5,2026-09-23 03:19
QPLIB,QPLIB_3706,512,200,csr-row,run_qplib_result_v5,2026-09-23 03:19
QPLIB,QPLIB_3706,512,200,gemm-fp16,run_qplib_result_v5,2026-09-23 03:19
QPLIB,QPLIB_3706,512,200,gemm-fp32,run_qplib_result_v5_supp,2026-09-23 10:44
QPLIB,QPLIB_3706,512,200,gemm-int8,run_qplib_result_v5,2026-09-23 03:19
QPLIB,QPLIB_3706,512,200,gemm-tf32,run_qplib_result_v5,2026-09-23 03:19
QPLIB,QPLIB_3706,512,200,public-matched,run_qplib_result_v5_supp,2026-09-23 10:44
QPLIB,QPLIB_3706,512,400,auto,run_qplib_result_v5_supp,2026-09-23 10:45
QPLIB,QPLIB_3706,512,400,bit,run_qplib_result_v5_supp,2026-09-23 10:45
QPLIB,QPLIB_3706,512,400,block,run_qplib_result_v5,2026-09-23 03:20
QPLIB,QPLIB_3706,512,400,csr-block,run_qplib_result_v5,2026-09-23 03:20
QPLIB,QPLIB_3706,512,400,csr-row,run_qplib_result_v5,2026-09-23 03:20
QPLIB,QPLIB_3706,512,400,gemm-fp16,run_qplib_result_v5,2026-09-23 03:20
QPLIB,QPLIB_3706,512,400,gemm-fp32,run_qplib_result_v5_supp,2026-09-23 10:45
QPLIB,QPLIB_3706,512,400,gemm-int8,run_qplib_result_v5,2026-09-23 03:20
QPLIB,QPLIB_3706,512,400,gemm-tf32,run_qplib_result_v5,2026-09-23 03:20
QPLIB,QPLIB_3706,512,400,public-matched,run_qplib_result_v5_supp,2026-09-23 10:45
QPLIB,QPLIB_3706,512,800,auto,run_qplib_result_v5_supp,2026-09-23 10:45
QPLIB,QPLIB_3706,512,800,bit,run_qplib_result_v5_supp,2026-09-23 10:45
QPLIB,QPLIB_3706,512,800,block,run_qplib_result_v5,2026-09-23 03:20
QPLIB,QPLIB_3706,512,800,csr-block,run_qplib_result_v5,2026-09-23 03:20
QPLIB,QPLIB_3706,512,800,csr-row,run_qplib_result_v5,2026-09-23 03:20
QPLIB,QPLIB_3706,512,800,gemm-fp16,run_qplib_result_v5,2026-09-23 03:20
QPLIB,QPLIB_3706,512,800,gemm-fp32,run_qplib_result_v5_supp,2026-09-23 10:45
QPLIB,QPLIB_3706,512,800,gemm-int8,run_qplib_result_v5,2026-09-23 03:20
QPLIB,QPLIB_3706,512,800,gemm-tf32,run_qplib_result_v5,2026-09-23 03:20
QPLIB,QPLIB_3706,512,800,public-matched,run_qplib_result_v5_supp,2026-09-23 10:45
QPLIB,QPLIB_3706,512,1600,auto,run_qplib_result_v5_supp,2026-09-23 10:45
QPLIB,QPLIB_3706,512,1600,bit,run_qplib_result_v5_supp,2026-09-23 10:45
QPLIB,QPLIB_3706,512,1600,block,run_qplib_result_v5,2026-09-23 03:20
QPLIB,QPLIB_3706,512,1600,csr-block,run_qplib_result_v5,2026-09-23 03:20
QPLIB,QPLIB_3706,512,1600,csr-row,run_qplib_result_v5,2026-09-23 03:20
QPLIB,QPLIB_3706,512,1600,gemm-fp16,run_qplib_result_v5,2026-09-23 03:20
QPLIB,QPLIB_3706,512,1600,gemm-fp32,run_qplib_result_v5_supp,2026-09-23 10:45
QPLIB,QPLIB_3706,512,1600,gemm-int8,run_qplib_result_v5,2026-09-23 03:20
QPLIB,QPLIB_3706,512,1600,gemm-tf32,run_qplib_result_v5,2026-09-23 03:20
QPLIB,QPLIB_3706,512,1600,public-matched,run_qplib_result_v5_supp,2026-09-23 10:45
QPLIB,QPLIB_3706,512,3200,auto,run_qplib_result_v5_supp,2026-09-23 10:45
QPLIB,QPLIB_3706,512,3200,bit,run_qplib_result_v5_supp,2026-09-23 10:45
QPLIB,QPLIB_3706,512,3200,block,run_qplib_result_v5,2026-09-23 06:09
QPLIB,QPLIB_3706,512,3200,csr-block,run_qplib_result_v5,2026-09-23 06:09
QPLIB,QPLIB_3706,512,3200,csr-row,run_qplib_result_v5,2026-09-23 06:09
QPLIB,QPLIB_3706,512,3200,gemm-fp16,run_qplib_result_v5,2026-09-23 06:09
QPLIB,QPLIB_3706,512,3200,gemm-fp32,run_qplib_result_v5_supp,2026-09-23 10:45
QPLIB,QPLIB_3706,512,3200,gemm-int8,run_qplib_result_v5,2026-09-23 06:09
QPLIB,QPLIB_3706,512,3200,gemm-tf32,run_qplib_result_v5,2026-09-23 06:09
QPLIB,QPLIB_3706,512,3200,public-matched,run_qplib_result_v5_supp,2026-09-23 10:45
QPLIB,QPLIB_3738,1024,200,auto,run_qplib_result_v5_supp,2026-09-23 10:46
QPLIB,QPLIB_3738,1024,200,bit,run_qplib_result_v5_supp,2026-09-23 10:46
QPLIB,QPLIB_3738,1024,200,block,run_qplib_result_v5,2026-09-23 03:21
QPLIB,QPLIB_3738,1024,200,csr-block,run_qplib_result_v5,2026-09-23 03:21
QPLIB,QPLIB_3738,1024,200,csr-row,run_qplib_result_v5,2026-09-23 03:21
QPLIB,QPLIB_3738,1024,200,gemm-fp16,run_qplib_result_v5,2026-09-23 03:21
QPLIB,QPLIB_3738,1024,200,gemm-fp32,run_qplib_result_v5_supp,2026-09-23 10:46
QPLIB,QPLIB_3738,1024,200,gemm-int8,run_qplib_result_v5,2026-09-23 03:21
QPLIB,QPLIB_3738,1024,200,gemm-tf32,run_qplib_result_v5,2026-09-23 03:21
QPLIB,QPLIB_3738,1024,200,public-matched,run_qplib_result_v5_supp,2026-09-23 10:46
QPLIB,QPLIB_3738,1024,400,auto,run_qplib_result_v5_supp,2026-09-23 10:46
QPLIB,QPLIB_3738,1024,400,bit,run_qplib_result_v5_supp,2026-09-23 10:46
QPLIB,QPLIB_3738,1024,400,block,run_qplib_result_v5,2026-09-23 03:21
QPLIB,QPLIB_3738,1024,400,csr-block,run_qplib_result_v5,2026-09-23 03:21
QPLIB,QPLIB_3738,1024,400,csr-row,run_qplib_result_v5,2026-09-23 03:21
QPLIB,QPLIB_3738,1024,400,gemm-fp16,run_qplib_result_v5,2026-09-23 03:21
QPLIB,QPLIB_3738,1024,400,gemm-fp32,run_qplib_result_v5_supp,2026-09-23 10:46
QPLIB,QPLIB_3738,1024,400,gemm-int8,run_qplib_result_v5,2026-09-23 03:21
QPLIB,QPLIB_3738,1024,400,gemm-tf32,run_qplib_result_v5,2026-09-23 03:21
QPLIB,QPLIB_3738,1024,400,public-matched,run_qplib_result_v5_supp,2026-09-23 10:46
QPLIB,QPLIB_3738,1024,800,auto,run_qplib_result_v5_supp,2026-09-23 10:47
QPLIB,QPLIB_3738,1024,800,bit,run_qplib_result_v5_supp,2026-09-23 10:47
QPLIB,QPLIB_3738,1024,800,block,run_qplib_result_v5,2026-09-23 03:22
QPLIB,QPLIB_3738,1024,800,csr-block,run_qplib_result_v5,2026-09-23 03:22
QPLIB,QPLIB_3738,1024,800,csr-row,run_qplib_result_v5,2026-09-23 03:22
QPLIB,QPLIB_3738,1024,800,gemm-fp16,run_qplib_result_v5,2026-09-23 03:22
QPLIB,QPLIB_3738,1024,800,gemm-fp32,run_qplib_result_v5_supp,2026-09-23 10:47
QPLIB,QPLIB_3738,1024,800,gemm-int8,run_qplib_result_v5,2026-09-23 03:22
QPLIB,QPLIB_3738,1024,800,gemm-tf32,run_qplib_result_v5,2026-09-23 03:22
QPLIB,QPLIB_3738,1024,800,public-matched,run_qplib_result_v5_supp,2026-09-23 10:47
QPLIB,QPLIB_3738,1024,1600,auto,run_qplib_result_v5_supp,2026-09-23 10:47
QPLIB,QPLIB_3738,1024,1600,bit,run_qplib_result_v5_supp,2026-09-23 10:47
QPLIB,QPLIB_3738,1024,1600,block,run_qplib_result_v5,2026-09-23 03:22
QPLIB,QPLIB_3738,1024,1600,csr-block,run_qplib_result_v5,2026-09-23 03:22
QPLIB,QPLIB_3738,1024,1600,csr-row,run_qplib_result_v5,2026-09-23 03:22
QPLIB,QPLIB_3738,1024,1600,gemm-fp16,run_qplib_result_v5,2026-09-23 03:22
QPLIB,QPLIB_3738,1024,1600,gemm-fp32,run_qplib_result_v5_supp,2026-09-23 10:47
QPLIB,QPLIB_3738,1024,1600,gemm-int8,run_qplib_result_v5,2026-09-23 03:22
QPLIB,QPLIB_3738,1024,1600,gemm-tf32,run_qplib_result_v5,2026-09-23 03:22
QPLIB,QPLIB_3738,1024,1600,public-matched,run_qplib_result_v5_supp,2026-09-23 10:47
QPLIB,QPLIB_3738,1024,3200,auto,run_qplib_result_v5_supp,2026-09-23 10:47
QPLIB,QPLIB_3738,1024,3200,bit,run_qplib_result_v5_supp,2026-09-23 10:47
QPLIB,QPLIB_3738,1024,3200,block,run_qplib_result_v5,2026-09-23 06:10
QPLIB,QPLIB_3738,1024,3200,csr-block,run_qplib_result_v5,2026-09-23 06:10
QPLIB,QPLIB_3738,1024,3200,csr-row,run_qplib_result_v5,2026-09-23 06:10
QPLIB,QPLIB_3738,1024,3200,gemm-fp16,run_qplib_result_v5,2026-09-23 06:10
QPLIB,QPLIB_3738,1024,3200,gemm-fp32,run_qplib_result_v5_supp,2026-09-23 10:47
QPLIB,QPLIB_3738,1024,3200,gemm-int8,run_qplib_result_v5,2026-09-23 06:10
QPLIB,QPLIB_3738,1024,3200,gemm-tf32,run_qplib_result_v5,2026-09-23 06:10
QPLIB,QPLIB_3738,1024,3200,public-matched,run_qplib_result_v5_supp,2026-09-23 10:47
QPLIB,QPLIB_3745,2048,200,auto,run_qplib_result_v5_supp,2026-09-23 10:48
QPLIB,QPLIB_3745,2048,200,block,run_qplib_result_v5,2026-09-23 03:23
QPLIB,QPLIB_3745,2048,200,csr-block,run_qplib_result_v5,2026-09-23 03:23
QPLIB,QPLIB_3745,2048,200,csr-row,run_qplib_result_v5,2026-09-23 03:23
QPLIB,QPLIB_3745,2048,200,gemm-fp16,run_qplib_result_v5,2026-09-23 03:23
QPLIB,QPLIB_3745,2048,200,gemm-fp32,run_qplib_result_v5_supp,2026-09-23 10:48
QPLIB,QPLIB_3745,2048,200,gemm-int8,run_qplib_result_v5,2026-09-23 03:23
QPLIB,QPLIB_3745,2048,200,gemm-tf32,run_qplib_result_v5,2026-09-23 03:23
QPLIB,QPLIB_3745,2048,200,public-matched,run_qplib_result_v5_supp,2026-09-23 10:48
QPLIB,QPLIB_3745,2048,400,auto,run_qplib_result_v5_supp,2026-09-23 10:48
QPLIB,QPLIB_3745,2048,400,block,run_qplib_result_v5,2026-09-23 03:23
QPLIB,QPLIB_3745,2048,400,csr-block,run_qplib_result_v5,2026-09-23 03:23
QPLIB,QPLIB_3745,2048,400,csr-row,run_qplib_result_v5,2026-09-23 03:23
QPLIB,QPLIB_3745,2048,400,gemm-fp16,run_qplib_result_v5,2026-09-23 03:23
QPLIB,QPLIB_3745,2048,400,gemm-fp32,run_qplib_result_v5_supp,2026-09-23 10:48
QPLIB,QPLIB_3745,2048,400,gemm-int8,run_qplib_result_v5,2026-09-23 03:23
QPLIB,QPLIB_3745,2048,400,gemm-tf32,run_qplib_result_v5,2026-09-23 03:23
QPLIB,QPLIB_3745,2048,400,public-matched,run_qplib_result_v5_supp,2026-09-23 10:48
QPLIB,QPLIB_3745,2048,800,auto,run_qplib_result_v5_supp,2026-09-23 10:49
QPLIB,QPLIB_3745,2048,800,block,run_qplib_result_v5,2026-09-23 03:23
QPLIB,QPLIB_3745,2048,800,csr-block,run_qplib_result_v5,2026-09-23 03:23
QPLIB,QPLIB_3745,2048,800,csr-row,run_qplib_result_v5,2026-09-23 03:23
QPLIB,QPLIB_3745,2048,800,gemm-fp16,run_qplib_result_v5,2026-09-23 03:23
QPLIB,QPLIB_3745,2048,800,gemm-fp32,run_qplib_result_v5_supp,2026-09-23 10:49
QPLIB,QPLIB_3745,2048,800,gemm-int8,run_qplib_result_v5,2026-09-23 03:23
QPLIB,QPLIB_3745,2048,800,gemm-tf32,run_qplib_result_v5,2026-09-23 03:23
QPLIB,QPLIB_3745,2048,800,public-matched,run_qplib_result_v5_supp,2026-09-23 10:49
QPLIB,QPLIB_3745,2048,1600,auto,run_qplib_result_v5_supp,2026-09-23 10:49
QPLIB,QPLIB_3745,2048,1600,block,run_qplib_result_v5,2026-09-23 03:24
QPLIB,QPLIB_3745,2048,1600,csr-block,run_qplib_result_v5,2026-09-23 03:24
QPLIB,QPLIB_3745,2048,1600,csr-row,run_qplib_result_v5,2026-09-23 03:24
QPLIB,QPLIB_3745,2048,1600,gemm-fp16,run_qplib_result_v5,2026-09-23 03:24
QPLIB,QPLIB_3745,2048,1600,gemm-fp32,run_qplib_result_v5_supp,2026-09-23 10:49
QPLIB,QPLIB_3745,2048,1600,gemm-int8,run_qplib_result_v5,2026-09-23 03:24
QPLIB,QPLIB_3745,2048,1600,gemm-tf32,run_qplib_result_v5,2026-09-23 03:24
QPLIB,QPLIB_3745,2048,1600,public-matched,run_qplib_result_v5_supp,2026-09-23 10:49
QPLIB,QPLIB_3745,2048,3200,auto,run_qplib_result_v5_supp,2026-09-23 10:49
QPLIB,QPLIB_3745,2048,3200,block,run_qplib_result_v5,2026-09-23 06:11
QPLIB,QPLIB_3745,2048,3200,csr-block,run_qplib_result_v5,2026-09-23 06:11
QPLIB,QPLIB_3745,2048,3200,csr-row,run_qplib_result_v5,2026-09-23 06:11
QPLIB,QPLIB_3745,2048,3200,gemm-fp16,run_qplib_result_v5,2026-09-23 06:11
QPLIB,QPLIB_3745,2048,3200,gemm-fp32,run_qplib_result_v5_supp,2026-09-23 10:49
QPLIB,QPLIB_3745,2048,3200,gemm-int8,run_qplib_result_v5,2026-09-23 06:11
QPLIB,QPLIB_3745,2048,3200,gemm-tf32,run_qplib_result_v5,2026-09-23 06:11
QPLIB,QPLIB_3745,2048,3200,public-matched,run_qplib_result_v5_supp,2026-09-23 10:49
QPLIB,QPLIB_3822,512,200,auto,run_qplib_result_v5_supp,2026-09-23 10:50
QPLIB,QPLIB_3822,512,200,bit,run_qplib_result_v5_supp,2026-09-23 10:50
QPLIB,QPLIB_3822,512,200,block,run_qplib_result_v5,2026-09-23 03:25
QPLIB,QPLIB_3822,512,200,csr-block,run_qplib_result_v5,2026-09-23 03:25
QPLIB,QPLIB_3822,512,200,csr-row,run_qplib_result_v5,2026-09-23 03:25
QPLIB,QPLIB_3822,512,200,gemm-fp16,run_qplib_result_v5,2026-09-23 03:25
QPLIB,QPLIB_3822,512,200,gemm-fp32,run_qplib_result_v5_supp,2026-09-23 10:50
QPLIB,QPLIB_3822,512,200,gemm-int8,run_qplib_result_v5,2026-09-23 03:25
QPLIB,QPLIB_3822,512,200,gemm-tf32,run_qplib_result_v5,2026-09-23 03:25
QPLIB,QPLIB_3822,512,200,public-matched,run_qplib_result_v5_supp,2026-09-23 10:50
QPLIB,QPLIB_3822,512,400,auto,run_qplib_result_v5_supp,2026-09-23 10:50
QPLIB,QPLIB_3822,512,400,bit,run_qplib_result_v5_supp,2026-09-23 10:50
QPLIB,QPLIB_3822,512,400,block,run_qplib_result_v5,2026-09-23 03:25
QPLIB,QPLIB_3822,512,400,csr-block,run_qplib_result_v5,2026-09-23 03:25
QPLIB,QPLIB_3822,512,400,csr-row,run_qplib_result_v5,2026-09-23 03:25
QPLIB,QPLIB_3822,512,400,gemm-fp16,run_qplib_result_v5,2026-09-23 03:25
QPLIB,QPLIB_3822,512,400,gemm-fp32,run_qplib_result_v5_supp,2026-09-23 10:50
QPLIB,QPLIB_3822,512,400,gemm-int8,run_qplib_result_v5,2026-09-23 03:25
QPLIB,QPLIB_3822,512,400,gemm-tf32,run_qplib_result_v5,2026-09-23 03:25
QPLIB,QPLIB_3822,512,400,public-matched,run_qplib_result_v5_supp,2026-09-23 10:50
QPLIB,QPLIB_3822,512,800,auto,run_qplib_result_v5_supp,2026-09-23 10:50
QPLIB,QPLIB_3822,512,800,bit,run_qplib_result_v5_supp,2026-09-23 10:50
QPLIB,QPLIB_3822,512,800,block,run_qplib_result_v5,2026-09-23 03:25
QPLIB,QPLIB_3822,512,800,csr-block,run_qplib_result_v5,2026-09-23 03:25
QPLIB,QPLIB_3822,512,800,csr-row,run_qplib_result_v5,2026-09-23 03:25
QPLIB,QPLIB_3822,512,800,gemm-fp16,run_qplib_result_v5,2026-09-23 03:25
QPLIB,QPLIB_3822,512,800,gemm-fp32,run_qplib_result_v5_supp,2026-09-23 10:50
QPLIB,QPLIB_3822,512,800,gemm-int8,run_qplib_result_v5,2026-09-23 03:25
QPLIB,QPLIB_3822,512,800,gemm-tf32,run_qplib_result_v5,2026-09-23 03:25
QPLIB,QPLIB_3822,512,800,public-matched,run_qplib_result_v5_supp,2026-09-23 10:50
QPLIB,QPLIB_3822,512,1600,auto,run_qplib_result_v5_supp,2026-09-23 10:51
QPLIB,QPLIB_3822,512,1600,bit,run_qplib_result_v5_supp,2026-09-23 10:51
QPLIB,QPLIB_3822,512,1600,block,run_qplib_result_v5,2026-09-23 03:26
QPLIB,QPLIB_3822,512,1600,csr-block,run_qplib_result_v5,2026-09-23 03:26
QPLIB,QPLIB_3822,512,1600,csr-row,run_qplib_result_v5,2026-09-23 03:26
QPLIB,QPLIB_3822,512,1600,gemm-fp16,run_qplib_result_v5,2026-09-23 03:26
QPLIB,QPLIB_3822,512,1600,gemm-fp32,run_qplib_result_v5_supp,2026-09-23 10:51
QPLIB,QPLIB_3822,512,1600,gemm-int8,run_qplib_result_v5,2026-09-23 03:26
QPLIB,QPLIB_3822,512,1600,gemm-tf32,run_qplib_result_v5,2026-09-23 03:26
QPLIB,QPLIB_3822,512,1600,public-matched,run_qplib_result_v5_supp,2026-09-23 10:51
QPLIB,QPLIB_3822,512,3200,auto,run_qplib_result_v5_supp,2026-09-23 10:51
QPLIB,QPLIB_3822,512,3200,bit,run_qplib_result_v5_supp,2026-09-23 10:51
QPLIB,QPLIB_3822,512,3200,block,run_qplib_result_v5,2026-09-23 06:12
QPLIB,QPLIB_3822,512,3200,csr-block,run_qplib_result_v5,2026-09-23 06:12
QPLIB,QPLIB_3822,512,3200,csr-row,run_qplib_result_v5,2026-09-23 06:12
QPLIB,QPLIB_3822,512,3200,gemm-fp16,run_qplib_result_v5,2026-09-23 06:12
QPLIB,QPLIB_3822,512,3200,gemm-fp32,run_qplib_result_v5_supp,2026-09-23 10:51
QPLIB,QPLIB_3822,512,3200,gemm-int8,run_qplib_result_v5,2026-09-23 06:12
QPLIB,QPLIB_3822,512,3200,gemm-tf32,run_qplib_result_v5,2026-09-23 06:12
QPLIB,QPLIB_3822,512,3200,public-matched,run_qplib_result_v5_supp,2026-09-23 10:51
QPLIB,QPLIB_3832,512,200,auto,run_qplib_result_v5_supp,2026-09-23 10:52
QPLIB,QPLIB_3832,512,200,bit,run_qplib_result_v5_supp,2026-09-23 10:52
QPLIB,QPLIB_3832,512,200,block,run_qplib_result_v5,2026-09-23 03:26
QPLIB,QPLIB_3832,512,200,csr-block,run_qplib_result_v5,2026-09-23 03:26
QPLIB,QPLIB_3832,512,200,csr-row,run_qplib_result_v5,2026-09-23 03:26
QPLIB,QPLIB_3832,512,200,gemm-fp16,run_qplib_result_v5,2026-09-23 03:26
QPLIB,QPLIB_3832,512,200,gemm-fp32,run_qplib_result_v5_supp,2026-09-23 10:52
QPLIB,QPLIB_3832,512,200,gemm-int8,run_qplib_result_v5,2026-09-23 03:26
QPLIB,QPLIB_3832,512,200,gemm-tf32,run_qplib_result_v5,2026-09-23 03:26
QPLIB,QPLIB_3832,512,200,public-matched,run_qplib_result_v5_supp,2026-09-23 10:52
QPLIB,QPLIB_3832,512,400,auto,run_qplib_result_v5_supp,2026-09-23 10:52
QPLIB,QPLIB_3832,512,400,bit,run_qplib_result_v5_supp,2026-09-23 10:52
QPLIB,QPLIB_3832,512,400,block,run_qplib_result_v5,2026-09-23 03:27
QPLIB,QPLIB_3832,512,400,csr-block,run_qplib_result_v5,2026-09-23 03:27
QPLIB,QPLIB_3832,512,400,csr-row,run_qplib_result_v5,2026-09-23 03:27
QPLIB,QPLIB_3832,512,400,gemm-fp16,run_qplib_result_v5,2026-09-23 03:27
QPLIB,QPLIB_3832,512,400,gemm-fp32,run_qplib_result_v5_supp,2026-09-23 10:52
QPLIB,QPLIB_3832,512,400,gemm-int8,run_qplib_result_v5,2026-09-23 03:27
QPLIB,QPLIB_3832,512,400,gemm-tf32,run_qplib_result_v5,2026-09-23 03:27
QPLIB,QPLIB_3832,512,400,public-matched,run_qplib_result_v5_supp,2026-09-23 10:52
QPLIB,QPLIB_3832,512,800,auto,run_qplib_result_v5_supp,2026-09-23 10:52
QPLIB,QPLIB_3832,512,800,bit,run_qplib_result_v5_supp,2026-09-23 10:52
QPLIB,QPLIB_3832,512,800,block,run_qplib_result_v5,2026-09-23 03:27
QPLIB,QPLIB_3832,512,800,csr-block,run_qplib_result_v5,2026-09-23 03:27
QPLIB,QPLIB_3832,512,800,csr-row,run_qplib_result_v5,2026-09-23 03:27
QPLIB,QPLIB_3832,512,800,gemm-fp16,run_qplib_result_v5,2026-09-23 03:27
QPLIB,QPLIB_3832,512,800,gemm-fp32,run_qplib_result_v5_supp,2026-09-23 10:52
QPLIB,QPLIB_3832,512,800,gemm-int8,run_qplib_result_v5,2026-09-23 03:27
QPLIB,QPLIB_3832,512,800,gemm-tf32,run_qplib_result_v5,2026-09-23 03:27
QPLIB,QPLIB_3832,512,800,public-matched,run_qplib_result_v5_supp,2026-09-23 10:52
QPLIB,QPLIB_3832,512,1600,auto,run_qplib_result_v5_supp,2026-09-23 10:53
QPLIB,QPLIB_3832,512,1600,bit,run_qplib_result_v5_supp,2026-09-23 10:53
QPLIB,QPLIB_3832,512,1600,block,run_qplib_result_v5,2026-09-23 03:27
QPLIB,QPLIB_3832,512,1600,csr-block,run_qplib_result_v5,2026-09-23 03:27
QPLIB,QPLIB_3832,512,1600,csr-row,run_qplib_result_v5,2026-09-23 03:27
QPLIB,QPLIB_3832,512,1600,gemm-fp16,run_qplib_result_v5,2026-09-23 03:27
QPLIB,QPLIB_3832,512,1600,gemm-fp32,run_qplib_result_v5_supp,2026-09-23 10:53
QPLIB,QPLIB_3832,512,1600,gemm-int8,run_qplib_result_v5,2026-09-23 03:27
QPLIB,QPLIB_3832,512,1600,gemm-tf32,run_qplib_result_v5,2026-09-23 03:27
QPLIB,QPLIB_3832,512,1600,public-matched,run_qplib_result_v5_supp,2026-09-23 10:53
QPLIB,QPLIB_3832,512,3200,auto,run_qplib_result_v5_supp,2026-09-23 10:53
QPLIB,QPLIB_3832,512,3200,bit,run_qplib_result_v5_supp,2026-09-23 10:53
QPLIB,QPLIB_3832,512,3200,block,run_qplib_result_v5,2026-09-23 06:14
QPLIB,QPLIB_3832,512,3200,csr-block,run_qplib_result_v5,2026-09-23 06:14
QPLIB,QPLIB_3832,512,3200,csr-row,run_qplib_result_v5,2026-09-23 06:14
QPLIB,QPLIB_3832,512,3200,gemm-fp16,run_qplib_result_v5,2026-09-23 06:14
QPLIB,QPLIB_3832,512,3200,gemm-fp32,run_qplib_result_v5_supp,2026-09-23 10:53
QPLIB,QPLIB_3832,512,3200,gemm-int8,run_qplib_result_v5,2026-09-23 06:14
QPLIB,QPLIB_3832,512,3200,gemm-tf32,run_qplib_result_v5,2026-09-23 06:14
QPLIB,QPLIB_3832,512,3200,public-matched,run_qplib_result_v5_supp,2026-09-23 10:53
QPLIB,QPLIB_3838,512,200,auto,run_qplib_result_v5_supp,2026-09-23 10:54
QPLIB,QPLIB_3838,512,200,bit,run_qplib_result_v5_supp,2026-09-23 10:54
QPLIB,QPLIB_3838,512,200,block,run_qplib_result_v5,2026-09-23 03:28
QPLIB,QPLIB_3838,512,200,csr-block,run_qplib_result_v5,2026-09-23 03:28
QPLIB,QPLIB_3838,512,200,csr-row,run_qplib_result_v5,2026-09-23 03:28
QPLIB,QPLIB_3838,512,200,gemm-fp16,run_qplib_result_v5,2026-09-23 03:28
QPLIB,QPLIB_3838,512,200,gemm-fp32,run_qplib_result_v5_supp,2026-09-23 10:54
QPLIB,QPLIB_3838,512,200,gemm-int8,run_qplib_result_v5,2026-09-23 03:28
QPLIB,QPLIB_3838,512,200,gemm-tf32,run_qplib_result_v5,2026-09-23 03:28
QPLIB,QPLIB_3838,512,200,public-matched,run_qplib_result_v5_supp,2026-09-23 10:54
QPLIB,QPLIB_3838,512,400,auto,run_qplib_result_v5_supp,2026-09-23 10:54
QPLIB,QPLIB_3838,512,400,bit,run_qplib_result_v5_supp,2026-09-23 10:54
QPLIB,QPLIB_3838,512,400,block,run_qplib_result_v5,2026-09-23 03:28
QPLIB,QPLIB_3838,512,400,csr-block,run_qplib_result_v5,2026-09-23 03:28
QPLIB,QPLIB_3838,512,400,csr-row,run_qplib_result_v5,2026-09-23 03:28
QPLIB,QPLIB_3838,512,400,gemm-fp16,run_qplib_result_v5,2026-09-23 03:28
QPLIB,QPLIB_3838,512,400,gemm-fp32,run_qplib_result_v5_supp,2026-09-23 10:54
QPLIB,QPLIB_3838,512,400,gemm-int8,run_qplib_result_v5,2026-09-23 03:28
QPLIB,QPLIB_3838,512,400,gemm-tf32,run_qplib_result_v5,2026-09-23 03:28
QPLIB,QPLIB_3838,512,400,public-matched,run_qplib_result_v5_supp,2026-09-23 10:54
QPLIB,QPLIB_3838,512,800,auto,run_qplib_result_v5_supp,2026-09-23 10:54
QPLIB,QPLIB_3838,512,800,bit,run_qplib_result_v5_supp,2026-09-23 10:54
QPLIB,QPLIB_3838,512,800,block,run_qplib_result_v5,2026-09-23 03:29
QPLIB,QPLIB_3838,512,800,csr-block,run_qplib_result_v5,2026-09-23 03:29
QPLIB,QPLIB_3838,512,800,csr-row,run_qplib_result_v5,2026-09-23 03:29
QPLIB,QPLIB_3838,512,800,gemm-fp16,run_qplib_result_v5,2026-09-23 03:29
QPLIB,QPLIB_3838,512,800,gemm-fp32,run_qplib_result_v5_supp,2026-09-23 10:54
QPLIB,QPLIB_3838,512,800,gemm-int8,run_qplib_result_v5,2026-09-23 03:29
QPLIB,QPLIB_3838,512,800,gemm-tf32,run_qplib_result_v5,2026-09-23 03:29
QPLIB,QPLIB_3838,512,800,public-matched,run_qplib_result_v5_supp,2026-09-23 10:54
QPLIB,QPLIB_3838,512,1600,auto,run_qplib_result_v5_supp,2026-09-23 10:54
QPLIB,QPLIB_3838,512,1600,bit,run_qplib_result_v5_supp,2026-09-23 10:54
QPLIB,QPLIB_3838,512,1600,block,run_qplib_result_v5,2026-09-23 03:29
QPLIB,QPLIB_3838,512,1600,csr-block,run_qplib_result_v5,2026-09-23 03:29
QPLIB,QPLIB_3838,512,1600,csr-row,run_qplib_result_v5,2026-09-23 03:29
QPLIB,QPLIB_3838,512,1600,gemm-fp16,run_qplib_result_v5,2026-09-23 03:29
QPLIB,QPLIB_3838,512,1600,gemm-fp32,run_qplib_result_v5_supp,2026-09-23 10:54
QPLIB,QPLIB_3838,512,1600,gemm-int8,run_qplib_result_v5,2026-09-23 03:29
QPLIB,QPLIB_3838,512,1600,gemm-tf32,run_qplib_result_v5,2026-09-23 03:29
QPLIB,QPLIB_3838,512,1600,public-matched,run_qplib_result_v5_supp,2026-09-23 10:54
QPLIB,QPLIB_3838,512,3200,auto,run_qplib_result_v5_supp,2026-09-23 10:55
QPLIB,QPLIB_3838,512,3200,bit,run_qplib_result_v5_supp,2026-09-23 10:55
QPLIB,QPLIB_3838,512,3200,block,run_qplib_result_v5,2026-09-23 06:15
QPLIB,QPLIB_3838,512,3200,csr-block,run_qplib_result_v5,2026-09-23 06:15
QPLIB,QPLIB_3838,512,3200,csr-row,run_qplib_result_v5,2026-09-23 06:15
QPLIB,QPLIB_3838,512,3200,gemm-fp16,run_qplib_result_v5,2026-09-23 06:15
QPLIB,QPLIB_3838,512,3200,gemm-fp32,run_qplib_result_v5_supp,2026-09-23 10:55
QPLIB,QPLIB_3838,512,3200,gemm-int8,run_qplib_result_v5,2026-09-23 06:15
QPLIB,QPLIB_3838,512,3200,gemm-tf32,run_qplib_result_v5,2026-09-23 06:15
QPLIB,QPLIB_3838,512,3200,public-matched,run_qplib_result_v5_supp,2026-09-23 10:55
QPLIB,QPLIB_3850,256,200,auto,run_qplib_result_v5_supp,2026-09-23 10:56
QPLIB,QPLIB_3850,256,200,bit,run_qplib_result_v5_supp,2026-09-23 10:56
QPLIB,QPLIB_3850,256,200,block,run_qplib_result_v5,2026-09-23 03:30
QPLIB,QPLIB_3850,256,200,csr-block,run_qplib_result_v5,2026-09-23 03:30
QPLIB,QPLIB_3850,256,200,csr-row,run_qplib_result_v5,2026-09-23 03:30
QPLIB,QPLIB_3850,256,200,gemm-fp16,run_qplib_result_v5,2026-09-23 03:30
QPLIB,QPLIB_3850,256,200,gemm-fp32,run_qplib_result_v5_supp,2026-09-23 10:56
QPLIB,QPLIB_3850,256,200,gemm-int8,run_qplib_result_v5,2026-09-23 03:30
QPLIB,QPLIB_3850,256,200,gemm-tf32,run_qplib_result_v5,2026-09-23 03:30
QPLIB,QPLIB_3850,256,200,public-matched,run_qplib_result_v5_supp,2026-09-23 10:56
QPLIB,QPLIB_3850,256,400,auto,run_qplib_result_v5_supp,2026-09-23 10:56
QPLIB,QPLIB_3850,256,400,bit,run_qplib_result_v5_supp,2026-09-23 10:56
QPLIB,QPLIB_3850,256,400,block,run_qplib_result_v5,2026-09-23 03:30
QPLIB,QPLIB_3850,256,400,csr-block,run_qplib_result_v5,2026-09-23 03:30
QPLIB,QPLIB_3850,256,400,csr-row,run_qplib_result_v5,2026-09-23 03:30
QPLIB,QPLIB_3850,256,400,gemm-fp16,run_qplib_result_v5,2026-09-23 03:30
QPLIB,QPLIB_3850,256,400,gemm-fp32,run_qplib_result_v5_supp,2026-09-23 10:56
QPLIB,QPLIB_3850,256,400,gemm-int8,run_qplib_result_v5,2026-09-23 03:30
QPLIB,QPLIB_3850,256,400,gemm-tf32,run_qplib_result_v5,2026-09-23 03:30
QPLIB,QPLIB_3850,256,400,public-matched,run_qplib_result_v5_supp,2026-09-23 10:56
QPLIB,QPLIB_3850,256,800,auto,run_qplib_result_v5_supp,2026-09-23 10:56
QPLIB,QPLIB_3850,256,800,bit,run_qplib_result_v5_supp,2026-09-23 10:56
QPLIB,QPLIB_3850,256,800,block,run_qplib_result_v5,2026-09-23 03:30
QPLIB,QPLIB_3850,256,800,csr-block,run_qplib_result_v5,2026-09-23 03:30
QPLIB,QPLIB_3850,256,800,csr-row,run_qplib_result_v5,2026-09-23 03:30
QPLIB,QPLIB_3850,256,800,gemm-fp16,run_qplib_result_v5,2026-09-23 03:30
QPLIB,QPLIB_3850,256,800,gemm-fp32,run_qplib_result_v5_supp,2026-09-23 10:56
QPLIB,QPLIB_3850,256,800,gemm-int8,run_qplib_result_v5,2026-09-23 03:30
QPLIB,QPLIB_3850,256,800,gemm-tf32,run_qplib_result_v5,2026-09-23 03:30
QPLIB,QPLIB_3850,256,800,public-matched,run_qplib_result_v5_supp,2026-09-23 10:56
QPLIB,QPLIB_3850,256,1600,auto,run_qplib_result_v5_supp,2026-09-23 10:56
QPLIB,QPLIB_3850,256,1600,bit,run_qplib_result_v5_supp,2026-09-23 10:56
QPLIB,QPLIB_3850,256,1600,block,run_qplib_result_v5,2026-09-23 03:31
QPLIB,QPLIB_3850,256,1600,csr-block,run_qplib_result_v5,2026-09-23 03:31
QPLIB,QPLIB_3850,256,1600,csr-row,run_qplib_result_v5,2026-09-23 03:31
QPLIB,QPLIB_3850,256,1600,gemm-fp16,run_qplib_result_v5,2026-09-23 03:31
QPLIB,QPLIB_3850,256,1600,gemm-fp32,run_qplib_result_v5_supp,2026-09-23 10:56
QPLIB,QPLIB_3850,256,1600,gemm-int8,run_qplib_result_v5,2026-09-23 03:31
QPLIB,QPLIB_3850,256,1600,gemm-tf32,run_qplib_result_v5,2026-09-23 03:31
QPLIB,QPLIB_3850,256,1600,public-matched,run_qplib_result_v5_supp,2026-09-23 10:56
QPLIB,QPLIB_3850,256,3200,auto,run_qplib_result_v5_supp,2026-09-23 10:57
QPLIB,QPLIB_3850,256,3200,bit,run_qplib_result_v5_supp,2026-09-23 10:57
QPLIB,QPLIB_3850,256,3200,block,run_qplib_result_v5,2026-09-23 06:16
QPLIB,QPLIB_3850,256,3200,csr-block,run_qplib_result_v5,2026-09-23 06:16
QPLIB,QPLIB_3850,256,3200,csr-row,run_qplib_result_v5,2026-09-23 06:16
QPLIB,QPLIB_3850,256,3200,gemm-fp16,run_qplib_result_v5,2026-09-23 06:16
QPLIB,QPLIB_3850,256,3200,gemm-fp32,run_qplib_result_v5_supp,2026-09-23 10:57
QPLIB,QPLIB_3850,256,3200,gemm-int8,run_qplib_result_v5,2026-09-23 06:16
QPLIB,QPLIB_3850,256,3200,gemm-tf32,run_qplib_result_v5,2026-09-23 06:16
QPLIB,QPLIB_3850,256,3200,public-matched,run_qplib_result_v5_supp,2026-09-23 10:57
QPLIB,QPLIB_3852,2048,200,auto,run_qplib_result_v5_supp,2026-09-23 10:58
QPLIB,QPLIB_3852,2048,200,block,run_qplib_result_v5,2026-09-23 03:32
QPLIB,QPLIB_3852,2048,200,csr-block,run_qplib_result_v5,2026-09-23 03:32
QPLIB,QPLIB_3852,2048,200,csr-row,run_qplib_result_v5,2026-09-23 03:32
QPLIB,QPLIB_3852,2048,200,gemm-fp16,run_qplib_result_v5,2026-09-23 03:32
QPLIB,QPLIB_3852,2048,200,gemm-fp32,run_qplib_result_v5_supp,2026-09-23 10:58
QPLIB,QPLIB_3852,2048,200,gemm-int8,run_qplib_result_v5,2026-09-23 03:32
QPLIB,QPLIB_3852,2048,200,gemm-tf32,run_qplib_result_v5,2026-09-23 03:32
QPLIB,QPLIB_3852,2048,200,public-matched,run_qplib_result_v5_supp,2026-09-23 10:58
QPLIB,QPLIB_3852,2048,400,auto,run_qplib_result_v5_supp,2026-09-23 10:58
QPLIB,QPLIB_3852,2048,400,block,run_qplib_result_v5,2026-09-23 03:32
QPLIB,QPLIB_3852,2048,400,csr-block,run_qplib_result_v5,2026-09-23 03:32
QPLIB,QPLIB_3852,2048,400,csr-row,run_qplib_result_v5,2026-09-23 03:32
QPLIB,QPLIB_3852,2048,400,gemm-fp16,run_qplib_result_v5,2026-09-23 03:32
QPLIB,QPLIB_3852,2048,400,gemm-fp32,run_qplib_result_v5_supp,2026-09-23 10:58
QPLIB,QPLIB_3852,2048,400,gemm-int8,run_qplib_result_v5,2026-09-23 03:32
QPLIB,QPLIB_3852,2048,400,gemm-tf32,run_qplib_result_v5,2026-09-23 03:32
QPLIB,QPLIB_3852,2048,400,public-matched,run_qplib_result_v5_supp,2026-09-23 10:58
QPLIB,QPLIB_3852,2048,800,auto,run_qplib_result_v5_supp,2026-09-23 10:58
QPLIB,QPLIB_3852,2048,800,block,run_qplib_result_v5,2026-09-23 03:32
QPLIB,QPLIB_3852,2048,800,csr-block,run_qplib_result_v5,2026-09-23 03:32
QPLIB,QPLIB_3852,2048,800,csr-row,run_qplib_result_v5,2026-09-23 03:32
QPLIB,QPLIB_3852,2048,800,gemm-fp16,run_qplib_result_v5,2026-09-23 03:32
QPLIB,QPLIB_3852,2048,800,gemm-fp32,run_qplib_result_v5_supp,2026-09-23 10:58
QPLIB,QPLIB_3852,2048,800,gemm-int8,run_qplib_result_v5,2026-09-23 03:32
QPLIB,QPLIB_3852,2048,800,gemm-tf32,run_qplib_result_v5,2026-09-23 03:32
QPLIB,QPLIB_3852,2048,800,public-matched,run_qplib_result_v5_supp,2026-09-23 10:58
QPLIB,QPLIB_3852,2048,1600,auto,run_qplib_result_v5_supp,2026-09-23 10:59
QPLIB,QPLIB_3852,2048,1600,block,run_qplib_result_v5,2026-09-23 03:33
QPLIB,QPLIB_3852,2048,1600,csr-block,run_qplib_result_v5,2026-09-23 03:33
QPLIB,QPLIB_3852,2048,1600,csr-row,run_qplib_result_v5,2026-09-23 03:33
QPLIB,QPLIB_3852,2048,1600,gemm-fp16,run_qplib_result_v5,2026-09-23 03:33
QPLIB,QPLIB_3852,2048,1600,gemm-fp32,run_qplib_result_v5_supp,2026-09-23 10:59
QPLIB,QPLIB_3852,2048,1600,gemm-int8,run_qplib_result_v5,2026-09-23 03:33
QPLIB,QPLIB_3852,2048,1600,gemm-tf32,run_qplib_result_v5,2026-09-23 03:33
QPLIB,QPLIB_3852,2048,1600,public-matched,run_qplib_result_v5_supp,2026-09-23 10:59
QPLIB,QPLIB_3852,2048,3200,auto,run_qplib_result_v5_supp,2026-09-23 10:59
QPLIB,QPLIB_3852,2048,3200,block,run_qplib_result_v5,2026-09-23 06:17
QPLIB,QPLIB_3852,2048,3200,csr-block,run_qplib_result_v5,2026-09-23 06:17
QPLIB,QPLIB_3852,2048,3200,csr-row,run_qplib_result_v5,2026-09-23 06:17
QPLIB,QPLIB_3852,2048,3200,gemm-fp16,run_qplib_result_v5,2026-09-23 06:17
QPLIB,QPLIB_3852,2048,3200,gemm-fp32,run_qplib_result_v5_supp,2026-09-23 10:59
QPLIB,QPLIB_3852,2048,3200,gemm-int8,run_qplib_result_v5,2026-09-23 06:17
QPLIB,QPLIB_3852,2048,3200,gemm-tf32,run_qplib_result_v5,2026-09-23 06:17
QPLIB,QPLIB_3852,2048,3200,public-matched,run_qplib_result_v5_supp,2026-09-23 10:59
QPLIB,QPLIB_3877,512,200,auto,run_qplib_result_v5_supp,2026-09-23 11:01
QPLIB,QPLIB_3877,512,200,bit,run_qplib_result_v5_supp,2026-09-23 11:01
QPLIB,QPLIB_3877,512,200,block,run_qplib_result_v5,2026-09-23 03:33
QPLIB,QPLIB_3877,512,200,csr-block,run_qplib_result_v5,2026-09-23 03:33
QPLIB,QPLIB_3877,512,200,csr-row,run_qplib_result_v5,2026-09-23 03:33
QPLIB,QPLIB_3877,512,200,gemm-fp16,run_qplib_result_v5,2026-09-23 03:33
QPLIB,QPLIB_3877,512,200,gemm-fp32,run_qplib_result_v5_supp,2026-09-23 11:01
QPLIB,QPLIB_3877,512,200,gemm-int8,run_qplib_result_v5,2026-09-23 03:33
QPLIB,QPLIB_3877,512,200,gemm-tf32,run_qplib_result_v5,2026-09-23 03:33
QPLIB,QPLIB_3877,512,200,public-matched,run_qplib_result_v5_supp,2026-09-23 11:01
QPLIB,QPLIB_3877,512,400,auto,run_qplib_result_v5_supp,2026-09-23 11:01
QPLIB,QPLIB_3877,512,400,bit,run_qplib_result_v5_supp,2026-09-23 11:01
QPLIB,QPLIB_3877,512,400,block,run_qplib_result_v5,2026-09-23 03:33
QPLIB,QPLIB_3877,512,400,csr-block,run_qplib_result_v5,2026-09-23 03:33
QPLIB,QPLIB_3877,512,400,csr-row,run_qplib_result_v5,2026-09-23 03:33
QPLIB,QPLIB_3877,512,400,gemm-fp16,run_qplib_result_v5,2026-09-23 03:33
QPLIB,QPLIB_3877,512,400,gemm-fp32,run_qplib_result_v5_supp,2026-09-23 11:01
QPLIB,QPLIB_3877,512,400,gemm-int8,run_qplib_result_v5,2026-09-23 03:33
QPLIB,QPLIB_3877,512,400,gemm-tf32,run_qplib_result_v5,2026-09-23 03:33
QPLIB,QPLIB_3877,512,400,public-matched,run_qplib_result_v5_supp,2026-09-23 11:01
QPLIB,QPLIB_3877,512,800,auto,run_qplib_result_v5_supp,2026-09-23 11:02
QPLIB,QPLIB_3877,512,800,bit,run_qplib_result_v5_supp,2026-09-23 11:02
QPLIB,QPLIB_3877,512,800,block,run_qplib_result_v5,2026-09-23 03:34
QPLIB,QPLIB_3877,512,800,csr-block,run_qplib_result_v5,2026-09-23 03:34
QPLIB,QPLIB_3877,512,800,csr-row,run_qplib_result_v5,2026-09-23 03:34
QPLIB,QPLIB_3877,512,800,gemm-fp16,run_qplib_result_v5,2026-09-23 03:34
QPLIB,QPLIB_3877,512,800,gemm-fp32,run_qplib_result_v5_supp,2026-09-23 11:02
QPLIB,QPLIB_3877,512,800,gemm-int8,run_qplib_result_v5,2026-09-23 03:34
QPLIB,QPLIB_3877,512,800,gemm-tf32,run_qplib_result_v5,2026-09-23 03:34
QPLIB,QPLIB_3877,512,800,public-matched,run_qplib_result_v5_supp,2026-09-23 11:02
QPLIB,QPLIB_3877,512,1600,auto,run_qplib_result_v5_supp,2026-09-23 11:02
QPLIB,QPLIB_3877,512,1600,bit,run_qplib_result_v5_supp,2026-09-23 11:02
QPLIB,QPLIB_3877,512,1600,block,run_qplib_result_v5,2026-09-23 03:34
QPLIB,QPLIB_3877,512,1600,csr-block,run_qplib_result_v5,2026-09-23 03:34
QPLIB,QPLIB_3877,512,1600,csr-row,run_qplib_result_v5,2026-09-23 03:34
QPLIB,QPLIB_3877,512,1600,gemm-fp16,run_qplib_result_v5,2026-09-23 03:34
QPLIB,QPLIB_3877,512,1600,gemm-fp32,run_qplib_result_v5_supp,2026-09-23 11:02
QPLIB,QPLIB_3877,512,1600,gemm-int8,run_qplib_result_v5,2026-09-23 03:34
QPLIB,QPLIB_3877,512,1600,gemm-tf32,run_qplib_result_v5,2026-09-23 03:34
QPLIB,QPLIB_3877,512,1600,public-matched,run_qplib_result_v5_supp,2026-09-23 11:02
QPLIB,QPLIB_3877,512,3200,auto,run_qplib_result_v5_supp,2026-09-23 11:02
QPLIB,QPLIB_3877,512,3200,bit,run_qplib_result_v5_supp,2026-09-23 11:02
QPLIB,QPLIB_3877,512,3200,block,run_qplib_result_v5,2026-09-23 06:18
QPLIB,QPLIB_3877,512,3200,csr-block,run_qplib_result_v5,2026-09-23 06:18
QPLIB,QPLIB_3877,512,3200,csr-row,run_qplib_result_v5,2026-09-23 06:18
QPLIB,QPLIB_3877,512,3200,gemm-fp16,run_qplib_result_v5,2026-09-23 06:18
QPLIB,QPLIB_3877,512,3200,gemm-fp32,run_qplib_result_v5_supp,2026-09-23 11:02
QPLIB,QPLIB_3877,512,3200,gemm-int8,run_qplib_result_v5,2026-09-23 06:18
QPLIB,QPLIB_3877,512,3200,gemm-tf32,run_qplib_result_v5,2026-09-23 06:18
QPLIB,QPLIB_3877,512,3200,public-matched,run_qplib_result_v5_supp,2026-09-23 11:02
QPLIB,QPLIB_5721,512,200,auto,run_qplib_result_v5_supp,2026-09-23 11:03
QPLIB,QPLIB_5721,512,200,block,run_qplib_result_v5,2026-09-23 03:35
QPLIB,QPLIB_5721,512,200,csr-block,run_qplib_result_v5,2026-09-23 03:35
QPLIB,QPLIB_5721,512,200,csr-row,run_qplib_result_v5,2026-09-23 03:35
QPLIB,QPLIB_5721,512,200,gemm-fp16,run_qplib_result_v5,2026-09-23 03:35
QPLIB,QPLIB_5721,512,200,gemm-fp32,run_qplib_result_v5_supp,2026-09-23 11:03
QPLIB,QPLIB_5721,512,200,gemm-tf32,run_qplib_result_v5,2026-09-23 03:35
QPLIB,QPLIB_5721,512,200,public-matched,run_qplib_result_v5_supp,2026-09-23 11:03
QPLIB,QPLIB_5721,512,400,auto,run_qplib_result_v5_supp,2026-09-23 11:04
QPLIB,QPLIB_5721,512,400,block,run_qplib_result_v5,2026-09-23 03:35
QPLIB,QPLIB_5721,512,400,csr-block,run_qplib_result_v5,2026-09-23 03:35
QPLIB,QPLIB_5721,512,400,csr-row,run_qplib_result_v5,2026-09-23 03:35
QPLIB,QPLIB_5721,512,400,gemm-fp16,run_qplib_result_v5,2026-09-23 03:35
QPLIB,QPLIB_5721,512,400,gemm-fp32,run_qplib_result_v5_supp,2026-09-23 11:04
QPLIB,QPLIB_5721,512,400,gemm-tf32,run_qplib_result_v5,2026-09-23 03:35
QPLIB,QPLIB_5721,512,400,public-matched,run_qplib_result_v5_supp,2026-09-23 11:04
QPLIB,QPLIB_5721,512,800,auto,run_qplib_result_v5_supp,2026-09-23 11:04
QPLIB,QPLIB_5721,512,800,block,run_qplib_result_v5,2026-09-23 03:35
QPLIB,QPLIB_5721,512,800,csr-block,run_qplib_result_v5,2026-09-23 03:35
QPLIB,QPLIB_5721,512,800,csr-row,run_qplib_result_v5,2026-09-23 03:35
QPLIB,QPLIB_5721,512,800,gemm-fp16,run_qplib_result_v5,2026-09-23 03:35
QPLIB,QPLIB_5721,512,800,gemm-fp32,run_qplib_result_v5_supp,2026-09-23 11:04
QPLIB,QPLIB_5721,512,800,gemm-tf32,run_qplib_result_v5,2026-09-23 03:35
QPLIB,QPLIB_5721,512,800,public-matched,run_qplib_result_v5_supp,2026-09-23 11:04
QPLIB,QPLIB_5721,512,1600,auto,run_qplib_result_v5_supp,2026-09-23 11:04
QPLIB,QPLIB_5721,512,1600,block,run_qplib_result_v5,2026-09-23 03:36
QPLIB,QPLIB_5721,512,1600,csr-block,run_qplib_result_v5,2026-09-23 03:36
QPLIB,QPLIB_5721,512,1600,csr-row,run_qplib_result_v5,2026-09-23 03:36
QPLIB,QPLIB_5721,512,1600,gemm-fp16,run_qplib_result_v5,2026-09-23 03:36
QPLIB,QPLIB_5721,512,1600,gemm-fp32,run_qplib_result_v5_supp,2026-09-23 11:04
QPLIB,QPLIB_5721,512,1600,gemm-tf32,run_qplib_result_v5,2026-09-23 03:36
QPLIB,QPLIB_5721,512,1600,public-matched,run_qplib_result_v5_supp,2026-09-23 11:04
QPLIB,QPLIB_5721,512,3200,auto,run_qplib_result_v5_supp,2026-09-23 11:04
QPLIB,QPLIB_5721,512,3200,block,run_qplib_result_v5,2026-09-23 06:20
QPLIB,QPLIB_5721,512,3200,csr-block,run_qplib_result_v5,2026-09-23 06:20
QPLIB,QPLIB_5721,512,3200,csr-row,run_qplib_result_v5,2026-09-23 06:20
QPLIB,QPLIB_5721,512,3200,gemm-fp16,run_qplib_result_v5,2026-09-23 06:20
QPLIB,QPLIB_5721,512,3200,gemm-fp32,run_qplib_result_v5_supp,2026-09-23 11:04
QPLIB,QPLIB_5721,512,3200,gemm-tf32,run_qplib_result_v5,2026-09-23 06:20
QPLIB,QPLIB_5721,512,3200,public-matched,run_qplib_result_v5_supp,2026-09-23 11:04
QPLIB,QPLIB_5725,1024,200,auto,run_qplib_result_v5_supp,2026-09-23 11:05
QPLIB,QPLIB_5725,1024,200,block,run_qplib_result_v5,2026-09-23 03:37
QPLIB,QPLIB_5725,1024,200,csr-block,run_qplib_result_v5,2026-09-23 03:37
QPLIB,QPLIB_5725,1024,200,csr-row,run_qplib_result_v5,2026-09-23 03:37
QPLIB,QPLIB_5725,1024,200,gemm-fp16,run_qplib_result_v5,2026-09-23 03:37
QPLIB,QPLIB_5725,1024,200,gemm-fp32,run_qplib_result_v5_supp,2026-09-23 11:05
QPLIB,QPLIB_5725,1024,200,gemm-tf32,run_qplib_result_v5,2026-09-23 03:37
QPLIB,QPLIB_5725,1024,200,public-matched,run_qplib_result_v5_supp,2026-09-23 11:05
QPLIB,QPLIB_5725,1024,400,auto,run_qplib_result_v5_supp,2026-09-23 11:05
QPLIB,QPLIB_5725,1024,400,block,run_qplib_result_v5,2026-09-23 03:37
QPLIB,QPLIB_5725,1024,400,csr-block,run_qplib_result_v5,2026-09-23 03:37
QPLIB,QPLIB_5725,1024,400,csr-row,run_qplib_result_v5,2026-09-23 03:37
QPLIB,QPLIB_5725,1024,400,gemm-fp16,run_qplib_result_v5,2026-09-23 03:37
QPLIB,QPLIB_5725,1024,400,gemm-fp32,run_qplib_result_v5_supp,2026-09-23 11:05
QPLIB,QPLIB_5725,1024,400,gemm-tf32,run_qplib_result_v5,2026-09-23 03:37
QPLIB,QPLIB_5725,1024,400,public-matched,run_qplib_result_v5_supp,2026-09-23 11:05
QPLIB,QPLIB_5725,1024,800,auto,run_qplib_result_v5_supp,2026-09-23 11:05
QPLIB,QPLIB_5725,1024,800,block,run_qplib_result_v5,2026-09-23 03:37
QPLIB,QPLIB_5725,1024,800,csr-block,run_qplib_result_v5,2026-09-23 03:37
QPLIB,QPLIB_5725,1024,800,csr-row,run_qplib_result_v5,2026-09-23 03:37
QPLIB,QPLIB_5725,1024,800,gemm-fp16,run_qplib_result_v5,2026-09-23 03:37
QPLIB,QPLIB_5725,1024,800,gemm-fp32,run_qplib_result_v5_supp,2026-09-23 11:05
QPLIB,QPLIB_5725,1024,800,gemm-tf32,run_qplib_result_v5,2026-09-23 03:37
QPLIB,QPLIB_5725,1024,800,public-matched,run_qplib_result_v5_supp,2026-09-23 11:05
QPLIB,QPLIB_5725,1024,1600,auto,run_qplib_result_v5_supp,2026-09-23 11:06
QPLIB,QPLIB_5725,1024,1600,block,run_qplib_result_v5,2026-09-23 03:37
QPLIB,QPLIB_5725,1024,1600,csr-block,run_qplib_result_v5,2026-09-23 03:37
QPLIB,QPLIB_5725,1024,1600,csr-row,run_qplib_result_v5,2026-09-23 03:37
QPLIB,QPLIB_5725,1024,1600,gemm-fp16,run_qplib_result_v5,2026-09-23 03:37
QPLIB,QPLIB_5725,1024,1600,gemm-fp32,run_qplib_result_v5_supp,2026-09-23 11:06
QPLIB,QPLIB_5725,1024,1600,gemm-tf32,run_qplib_result_v5,2026-09-23 03:37
QPLIB,QPLIB_5725,1024,1600,public-matched,run_qplib_result_v5_supp,2026-09-23 11:06
QPLIB,QPLIB_5725,1024,3200,auto,run_qplib_result_v5_supp,2026-09-23 11:06
QPLIB,QPLIB_5725,1024,3200,block,run_qplib_result_v5,2026-09-23 06:21
QPLIB,QPLIB_5725,1024,3200,csr-block,run_qplib_result_v5,2026-09-23 06:21
QPLIB,QPLIB_5725,1024,3200,csr-row,run_qplib_result_v5,2026-09-23 06:21
QPLIB,QPLIB_5725,1024,3200,gemm-fp16,run_qplib_result_v5,2026-09-23 06:21
QPLIB,QPLIB_5725,1024,3200,gemm-fp32,run_qplib_result_v5_supp,2026-09-23 11:06
QPLIB,QPLIB_5725,1024,3200,gemm-tf32,run_qplib_result_v5,2026-09-23 06:21
QPLIB,QPLIB_5725,1024,3200,public-matched,run_qplib_result_v5_supp,2026-09-23 11:06
QPLIB,QPLIB_5755,1024,200,auto,run_qplib_result_v5_supp,2026-09-23 11:07
QPLIB,QPLIB_5755,1024,200,block,run_qplib_result_v5,2026-09-23 03:38
QPLIB,QPLIB_5755,1024,200,csr-block,run_qplib_result_v5,2026-09-23 03:38
QPLIB,QPLIB_5755,1024,200,csr-row,run_qplib_result_v5,2026-09-23 03:38
QPLIB,QPLIB_5755,1024,200,gemm-fp16,run_qplib_result_v5,2026-09-23 03:38
QPLIB,QPLIB_5755,1024,200,gemm-fp32,run_qplib_result_v5_supp,2026-09-23 11:07
QPLIB,QPLIB_5755,1024,200,gemm-tf32,run_qplib_result_v5,2026-09-23 03:38
QPLIB,QPLIB_5755,1024,200,public-matched,run_qplib_result_v5_supp,2026-09-23 11:07
QPLIB,QPLIB_5755,1024,400,auto,run_qplib_result_v5_supp,2026-09-23 11:07
QPLIB,QPLIB_5755,1024,400,block,run_qplib_result_v5,2026-09-23 03:38
QPLIB,QPLIB_5755,1024,400,csr-block,run_qplib_result_v5,2026-09-23 03:38
QPLIB,QPLIB_5755,1024,400,csr-row,run_qplib_result_v5,2026-09-23 03:38
QPLIB,QPLIB_5755,1024,400,gemm-fp16,run_qplib_result_v5,2026-09-23 03:38
QPLIB,QPLIB_5755,1024,400,gemm-fp32,run_qplib_result_v5_supp,2026-09-23 11:07
QPLIB,QPLIB_5755,1024,400,gemm-tf32,run_qplib_result_v5,2026-09-23 03:38
QPLIB,QPLIB_5755,1024,400,public-matched,run_qplib_result_v5_supp,2026-09-23 11:07
QPLIB,QPLIB_5755,1024,800,auto,run_qplib_result_v5_supp,2026-09-23 11:07
QPLIB,QPLIB_5755,1024,800,block,run_qplib_result_v5,2026-09-23 03:38
QPLIB,QPLIB_5755,1024,800,csr-block,run_qplib_result_v5,2026-09-23 03:38
QPLIB,QPLIB_5755,1024,800,csr-row,run_qplib_result_v5,2026-09-23 03:38
QPLIB,QPLIB_5755,1024,800,gemm-fp16,run_qplib_result_v5,2026-09-23 03:38
QPLIB,QPLIB_5755,1024,800,gemm-fp32,run_qplib_result_v5_supp,2026-09-23 11:07
QPLIB,QPLIB_5755,1024,800,gemm-tf32,run_qplib_result_v5,2026-09-23 03:38
QPLIB,QPLIB_5755,1024,800,public-matched,run_qplib_result_v5_supp,2026-09-23 11:07
QPLIB,QPLIB_5755,1024,1600,auto,run_qplib_result_v5_supp,2026-09-23 11:07
QPLIB,QPLIB_5755,1024,1600,block,run_qplib_result_v5,2026-09-23 03:39
QPLIB,QPLIB_5755,1024,1600,csr-block,run_qplib_result_v5,2026-09-23 03:39
QPLIB,QPLIB_5755,1024,1600,csr-row,run_qplib_result_v5,2026-09-23 03:39
QPLIB,QPLIB_5755,1024,1600,gemm-fp16,run_qplib_result_v5,2026-09-23 03:39
QPLIB,QPLIB_5755,1024,1600,gemm-fp32,run_qplib_result_v5_supp,2026-09-23 11:07
QPLIB,QPLIB_5755,1024,1600,gemm-tf32,run_qplib_result_v5,2026-09-23 03:39
QPLIB,QPLIB_5755,1024,1600,public-matched,run_qplib_result_v5_supp,2026-09-23 11:07
QPLIB,QPLIB_5755,1024,3200,auto,run_qplib_result_v5_supp,2026-09-23 11:08
QPLIB,QPLIB_5755,1024,3200,block,run_qplib_result_v5,2026-09-23 06:22
QPLIB,QPLIB_5755,1024,3200,csr-block,run_qplib_result_v5,2026-09-23 06:22
QPLIB,QPLIB_5755,1024,3200,csr-row,run_qplib_result_v5,2026-09-23 06:22
QPLIB,QPLIB_5755,1024,3200,gemm-fp16,run_qplib_result_v5,2026-09-23 06:22
QPLIB,QPLIB_5755,1024,3200,gemm-fp32,run_qplib_result_v5_supp,2026-09-23 11:08
QPLIB,QPLIB_5755,1024,3200,gemm-tf32,run_qplib_result_v5,2026-09-23 06:22
QPLIB,QPLIB_5755,1024,3200,public-matched,run_qplib_result_v5_supp,2026-09-23 11:08
QPLIB,QPLIB_5875,1024,200,auto,run_qplib_result_v5_supp,2026-09-23 11:09
QPLIB,QPLIB_5875,1024,200,block,run_qplib_result_v5,2026-09-23 03:40
QPLIB,QPLIB_5875,1024,200,csr-block,run_qplib_result_v5,2026-09-23 03:40
QPLIB,QPLIB_5875,1024,200,csr-row,run_qplib_result_v5,2026-09-23 03:40
QPLIB,QPLIB_5875,1024,200,gemm-fp16,run_qplib_result_v5,2026-09-23 03:40
QPLIB,QPLIB_5875,1024,200,gemm-fp32,run_qplib_result_v5_supp,2026-09-23 11:09
QPLIB,QPLIB_5875,1024,200,gemm-tf32,run_qplib_result_v5,2026-09-23 03:40
QPLIB,QPLIB_5875,1024,200,public-matched,run_qplib_result_v5_supp,2026-09-23 11:09
QPLIB,QPLIB_5875,1024,400,auto,run_qplib_result_v5_supp,2026-09-23 11:09
QPLIB,QPLIB_5875,1024,400,block,run_qplib_result_v5,2026-09-23 03:40
QPLIB,QPLIB_5875,1024,400,csr-block,run_qplib_result_v5,2026-09-23 03:40
QPLIB,QPLIB_5875,1024,400,csr-row,run_qplib_result_v5,2026-09-23 03:40
QPLIB,QPLIB_5875,1024,400,gemm-fp16,run_qplib_result_v5,2026-09-23 03:40
QPLIB,QPLIB_5875,1024,400,gemm-fp32,run_qplib_result_v5_supp,2026-09-23 11:09
QPLIB,QPLIB_5875,1024,400,gemm-tf32,run_qplib_result_v5,2026-09-23 03:40
QPLIB,QPLIB_5875,1024,400,public-matched,run_qplib_result_v5_supp,2026-09-23 11:09
QPLIB,QPLIB_5875,1024,800,auto,run_qplib_result_v5_supp,2026-09-23 11:09
QPLIB,QPLIB_5875,1024,800,block,run_qplib_result_v5,2026-09-23 03:40
QPLIB,QPLIB_5875,1024,800,csr-block,run_qplib_result_v5,2026-09-23 03:40
QPLIB,QPLIB_5875,1024,800,csr-row,run_qplib_result_v5,2026-09-23 03:40
QPLIB,QPLIB_5875,1024,800,gemm-fp16,run_qplib_result_v5,2026-09-23 03:40
QPLIB,QPLIB_5875,1024,800,gemm-fp32,run_qplib_result_v5_supp,2026-09-23 11:09
QPLIB,QPLIB_5875,1024,800,gemm-tf32,run_qplib_result_v5,2026-09-23 03:40
QPLIB,QPLIB_5875,1024,800,public-matched,run_qplib_result_v5_supp,2026-09-23 11:09
QPLIB,QPLIB_5875,1024,1600,auto,run_qplib_result_v5_supp,2026-09-23 11:09
QPLIB,QPLIB_5875,1024,1600,block,run_qplib_result_v5,2026-09-23 03:40
QPLIB,QPLIB_5875,1024,1600,csr-block,run_qplib_result_v5,2026-09-23 03:40
QPLIB,QPLIB_5875,1024,1600,csr-row,run_qplib_result_v5,2026-09-23 03:40
QPLIB,QPLIB_5875,1024,1600,gemm-fp16,run_qplib_result_v5,2026-09-23 03:40
QPLIB,QPLIB_5875,1024,1600,gemm-fp32,run_qplib_result_v5_supp,2026-09-23 11:09
QPLIB,QPLIB_5875,1024,1600,gemm-tf32,run_qplib_result_v5,2026-09-23 03:40
QPLIB,QPLIB_5875,1024,1600,public-matched,run_qplib_result_v5_supp,2026-09-23 11:09
QPLIB,QPLIB_5875,1024,3200,auto,run_qplib_result_v5_supp,2026-09-23 11:10
QPLIB,QPLIB_5875,1024,3200,block,run_qplib_result_v5,2026-09-23 06:23
QPLIB,QPLIB_5875,1024,3200,csr-block,run_qplib_result_v5,2026-09-23 06:23
QPLIB,QPLIB_5875,1024,3200,csr-row,run_qplib_result_v5,2026-09-23 06:23
QPLIB,QPLIB_5875,1024,3200,gemm-fp16,run_qplib_result_v5,2026-09-23 06:23
QPLIB,QPLIB_5875,1024,3200,gemm-fp32,run_qplib_result_v5_supp,2026-09-23 11:10
QPLIB,QPLIB_5875,1024,3200,gemm-tf32,run_qplib_result_v5,2026-09-23 06:23
QPLIB,QPLIB_5875,1024,3200,public-matched,run_qplib_result_v5_supp,2026-09-23 11:10
